timestamp,open,high,low,close,volume
2026-03-20T04:00:00,4726.2998046875,4727.2998046875,4724.7998046875,4724.7998046875,0
2026-03-20T04:01:00,4724.7998046875,4727.7998046875,4724.2998046875,4727.60009765625,55
2026-03-20T04:02:00,4727.2998046875,4728.0,4726.60009765625,4727.2001953125,31
2026-03-20T04:03:00,4727.5,4727.5,4723.60009765625,4724.2998046875,47
2026-03-20T04:04:00,4724.2001953125,4724.39990234375,4723.5,4723.5,26
2026-03-20T04:05:00,4724.39990234375,4725.0,4723.60009765625,4723.7998046875,26
2026-03-20T04:06:00,4723.89990234375,4724.7001953125,4721.2001953125,4721.2001953125,50
2026-03-20T04:07:00,4721.0,4721.10009765625,4718.10009765625,4720.0,212
2026-03-20T04:08:00,4721.2001953125,4721.7001953125,4720.2001953125,4720.7998046875,30
2026-03-20T04:09:00,4720.7998046875,4721.0,4718.0,4718.60009765625,103
2026-03-20T04:10:00,4719.39990234375,4720.0,4718.5,4720.0,65
2026-03-20T04:11:00,4720.39990234375,4721.10009765625,4719.0,4720.10009765625,61
2026-03-20T04:12:00,4721.0,4721.2001953125,4718.2998046875,4718.7998046875,55
2026-03-20T04:13:00,4719.5,4719.5,4718.7001953125,4719.10009765625,15
2026-03-20T04:14:00,4718.2998046875,4719.39990234375,4717.60009765625,4719.39990234375,23
2026-03-20T04:15:00,4719.7998046875,4722.0,4719.7001953125,4722.0,35
2026-03-20T04:16:00,4722.39990234375,4722.7001953125,4721.2001953125,4721.39990234375,26
2026-03-20T04:17:00,4721.39990234375,4721.7001953125,4719.10009765625,4719.5,28
2026-03-20T04:18:00,4719.89990234375,4721.2001953125,4719.89990234375,4720.89990234375,7
2026-03-20T04:19:00,4720.7998046875,4721.39990234375,4719.89990234375,4719.89990234375,24
2026-03-20T04:20:00,4719.2001953125,4721.7001953125,4719.0,4720.39990234375,45
2026-03-20T04:21:00,4720.39990234375,4721.10009765625,4720.0,4720.10009765625,39
2026-03-20T04:22:00,4720.2998046875,4722.7001953125,4720.10009765625,4721.2001953125,71
2026-03-20T04:23:00,4721.2001953125,4721.7998046875,4720.5,4721.10009765625,31
2026-03-20T04:24:00,4720.89990234375,4721.39990234375,4720.39990234375,4721.10009765625,13
2026-03-20T04:25:00,4721.10009765625,4723.39990234375,4721.10009765625,4723.0,35
2026-03-20T04:26:00,4723.2001953125,4724.10009765625,4722.0,4723.5,95
2026-03-20T04:27:00,4723.39990234375,4724.60009765625,4723.39990234375,4723.7998046875,57
2026-03-20T04:28:00,4723.7998046875,4723.7998046875,4720.7001953125,4722.5,48
2026-03-20T04:29:00,4722.2001953125,4723.60009765625,4721.10009765625,4723.60009765625,42
2026-03-20T04:30:00,4723.7998046875,4725.2001953125,4723.7998046875,4724.5,33
2026-03-20T04:31:00,4724.89990234375,4726.5,4724.39990234375,4725.39990234375,39
2026-03-20T04:32:00,4725.10009765625,4725.2001953125,4722.7998046875,4724.10009765625,45
2026-03-20T04:33:00,4723.7001953125,4725.89990234375,4723.7001953125,4723.7998046875,67
2026-03-20T04:34:00,4724.2998046875,4725.0,4724.0,4724.89990234375,18
2026-03-20T04:35:00,4725.2001953125,4725.2001953125,4724.2998046875,4724.2998046875,6
2026-03-20T04:36:00,4724.89990234375,4726.60009765625,4724.89990234375,4726.0,37
2026-03-20T04:37:00,4725.60009765625,4726.10009765625,4724.60009765625,4724.60009765625,27
2026-03-20T04:38:00,4725.7998046875,4725.89990234375,4725.5,4725.60009765625,9
2026-03-20T04:39:00,4726.0,4726.7998046875,4726.0,4726.60009765625,33
2026-03-20T04:40:00,4726.0,4727.10009765625,4725.2001953125,4726.10009765625,77
2026-03-20T04:41:00,4725.2998046875,4725.89990234375,4724.2998046875,4725.39990234375,76
2026-03-20T04:42:00,4725.5,4725.5,4720.0,4720.0,119
2026-03-20T04:43:00,4719.89990234375,4720.7001953125,4718.39990234375,4719.10009765625,73
2026-03-20T04:44:00,4719.89990234375,4722.7001953125,4719.89990234375,4720.5,83
2026-03-20T04:45:00,4719.89990234375,4719.89990234375,4718.0,4719.0,37
2026-03-20T04:46:00,4719.39990234375,4719.89990234375,4719.0,4719.0,26
2026-03-20T04:47:00,4719.5,4719.7001953125,4715.60009765625,4715.7998046875,71
2026-03-20T04:48:00,4715.89990234375,4719.39990234375,4715.5,4718.7998046875,48
2026-03-20T04:49:00,4718.60009765625,4719.2001953125,4717.7001953125,4718.2001953125,38
2026-03-20T04:50:00,4718.7001953125,4720.0,4718.7001953125,4720.0,31
2026-03-20T04:51:00,4719.39990234375,4719.60009765625,4718.2001953125,4718.5,13
2026-03-20T04:52:00,4718.7998046875,4719.2001953125,4718.2001953125,4719.0,50
2026-03-20T04:53:00,4719.7998046875,4722.7998046875,4719.7998046875,4722.2998046875,42
2026-03-20T04:54:00,4722.5,4723.0,4722.2001953125,4722.7998046875,18
2026-03-20T04:55:00,4722.89990234375,4722.89990234375,4721.89990234375,4722.10009765625,11
2026-03-20T04:56:00,4722.2998046875,4722.2998046875,4721.39990234375,4721.5,12
2026-03-20T04:57:00,4721.39990234375,4721.89990234375,4720.89990234375,4721.7998046875,9
2026-03-20T04:58:00,4721.0,4721.60009765625,4721.0,4721.60009765625,20
2026-03-20T04:59:00,4720.5,4722.2001953125,4720.2001953125,4722.0,65
2026-03-20T05:00:00,4722.0,4722.2998046875,4719.89990234375,4721.2001953125,76
2026-03-20T05:01:00,4720.89990234375,4720.89990234375,4715.89990234375,4716.39990234375,129
2026-03-20T05:02:00,4716.7001953125,4718.2001953125,4713.0,4714.0,137
2026-03-20T05:03:00,4714.2001953125,4716.39990234375,4711.89990234375,4712.10009765625,88
2026-03-20T05:04:00,4712.5,4714.0,4711.0,4713.2001953125,93
2026-03-20T05:05:00,4712.60009765625,4714.0,4711.2001953125,4712.60009765625,62
2026-03-20T05:06:00,4712.60009765625,4712.60009765625,4711.0,4712.39990234375,47
2026-03-20T05:07:00,4712.7998046875,4713.0,4711.0,4712.7001953125,46
2026-03-20T05:08:00,4712.7001953125,4713.5,4711.89990234375,4713.2001953125,52
2026-03-20T05:09:00,4713.2998046875,4714.7001953125,4713.2001953125,4714.10009765625,35
2026-03-20T05:10:00,4713.10009765625,4714.7001953125,4712.7001953125,4712.89990234375,25
2026-03-20T05:11:00,4713.39990234375,4714.2001953125,4713.0,4714.2001953125,17
2026-03-20T05:12:00,4714.2998046875,4715.10009765625,4714.2998046875,4714.89990234375,44
2026-03-20T05:13:00,4714.10009765625,4717.5,4713.89990234375,4717.0,69
2026-03-20T05:14:00,4717.0,4718.60009765625,4716.89990234375,4718.2001953125,15
2026-03-20T05:15:00,4719.0,4721.89990234375,4718.2998046875,4721.89990234375,48
2026-03-20T05:16:00,4722.2001953125,4723.5,4720.39990234375,4721.0,49
2026-03-20T05:17:00,4720.89990234375,4720.89990234375,4719.0,4719.39990234375,47
2026-03-20T05:18:00,4719.7001953125,4719.7001953125,4717.7001953125,4718.2001953125,35
2026-03-20T05:19:00,4717.7998046875,4721.2001953125,4717.7998046875,4721.2001953125,39
2026-03-20T05:20:00,4721.10009765625,4721.7001953125,4720.89990234375,4720.89990234375,24
2026-03-20T05:21:00,4721.0,4722.2998046875,4719.7998046875,4719.7998046875,37
2026-03-20T05:22:00,4720.2001953125,4721.0,4720.10009765625,4721.0,53
2026-03-20T05:23:00,4720.60009765625,4724.10009765625,4720.2998046875,4723.60009765625,73
2026-03-20T05:24:00,4722.7001953125,4724.0,4722.5,4722.5,15
2026-03-20T05:25:00,4722.2998046875,4722.2998046875,4720.2998046875,4721.0,51
2026-03-20T05:26:00,4721.2001953125,4721.5,4721.0,4721.2998046875,16
2026-03-20T05:27:00,4720.89990234375,4722.7998046875,4720.89990234375,4721.39990234375,49
2026-03-20T05:28:00,4720.89990234375,4720.89990234375,4719.5,4719.7998046875,59
2026-03-20T05:29:00,4720.2998046875,4720.39990234375,4719.7998046875,4720.39990234375,13
2026-03-20T05:30:00,4719.89990234375,4720.39990234375,4711.39990234375,4713.0,203
2026-03-20T05:31:00,4713.10009765625,4713.10009765625,4706.5,4708.60009765625,162
2026-03-20T05:32:00,4708.89990234375,4709.39990234375,4705.2998046875,4707.60009765625,126
2026-03-20T05:33:00,4707.60009765625,4707.60009765625,4703.2998046875,4705.7001953125,136
2026-03-20T05:34:00,4705.5,4705.89990234375,4702.5,4703.2001953125,149
2026-03-20T05:35:00,4703.2998046875,4708.60009765625,4702.39990234375,4706.89990234375,142
2026-03-20T05:36:00,4706.7001953125,4706.7001953125,4704.39990234375,4705.39990234375,44
2026-03-20T05:37:00,4705.39990234375,4708.39990234375,4704.60009765625,4707.7001953125,44
2026-03-20T05:38:00,4708.39990234375,4713.7001953125,4708.39990234375,4713.60009765625,146
2026-03-20T05:39:00,4713.89990234375,4715.2001953125,4713.5,4713.89990234375,55
2026-03-20T05:40:00,4714.10009765625,4718.7998046875,4713.39990234375,4715.89990234375,79
2026-03-20T05:41:00,4715.7998046875,4716.10009765625,4711.5,4712.7998046875,104
2026-03-20T05:42:00,4712.10009765625,4713.5,4709.2001953125,4710.39990234375,108
2026-03-20T05:43:00,4711.10009765625,4711.2001953125,4707.10009765625,4707.60009765625,117
2026-03-20T05:44:00,4707.89990234375,4710.5,4706.2998046875,4710.39990234375,193
2026-03-20T05:45:00,4711.5,4711.7998046875,4708.7998046875,4708.89990234375,106
2026-03-20T05:46:00,4708.89990234375,4710.0,4706.2001953125,4707.60009765625,82
2026-03-20T05:47:00,4707.60009765625,4708.0,4701.0,4702.2998046875,223
2026-03-20T05:48:00,4702.39990234375,4703.2998046875,4699.89990234375,4700.5,93
2026-03-20T05:49:00,4700.10009765625,4702.10009765625,4698.7001953125,4702.0,89
2026-03-20T05:50:00,4702.0,4707.2998046875,4700.39990234375,4705.5,211
2026-03-20T05:51:00,4705.10009765625,4705.2001953125,4701.2001953125,4703.2998046875,156
2026-03-20T05:52:00,4703.2001953125,4703.7998046875,4699.0,4699.0,40
2026-03-20T05:53:00,4698.2998046875,4700.7001953125,4697.2001953125,4697.5,110
2026-03-20T05:54:00,4698.0,4698.60009765625,4694.89990234375,4695.39990234375,168
2026-03-20T05:55:00,4694.7001953125,4696.5,4692.60009765625,4695.7998046875,194
2026-03-20T05:56:00,4695.89990234375,4699.7001953125,4695.89990234375,4696.89990234375,76
2026-03-20T05:57:00,4696.39990234375,4696.39990234375,4688.7998046875,4690.7001953125,225
2026-03-20T05:58:00,4690.7998046875,4691.2001953125,4687.89990234375,4688.7001953125,123
2026-03-20T05:59:00,4688.89990234375,4690.39990234375,4686.7998046875,4689.89990234375,248
2026-03-20T06:00:00,4690.0,4693.2998046875,4688.10009765625,4692.5,229
2026-03-20T06:01:00,4691.7998046875,4694.60009765625,4690.7001953125,4693.7998046875,99
2026-03-20T06:02:00,4693.39990234375,4697.7001953125,4693.10009765625,4696.7998046875,110
2026-03-20T06:03:00,4698.0,4701.7998046875,4698.0,4701.7998046875,76
2026-03-20T06:04:00,4701.7998046875,4702.60009765625,4695.60009765625,4696.2001953125,53
2026-03-20T06:05:00,4696.10009765625,4698.39990234375,4695.60009765625,4697.0,54
2026-03-20T06:06:00,4696.39990234375,4697.7001953125,4695.39990234375,4695.39990234375,47
2026-03-20T06:07:00,4696.2001953125,4697.89990234375,4694.5,4697.89990234375,47
2026-03-20T06:08:00,4697.5,4697.5,4693.2001953125,4694.2001953125,45
2026-03-20T06:09:00,4695.39990234375,4696.2001953125,4690.5,4690.5,76
2026-03-20T06:10:00,4690.2001953125,4691.10009765625,4687.10009765625,4687.7998046875,160
2026-03-20T06:11:00,4687.89990234375,4689.5,4686.0,4687.89990234375,78
2026-03-20T06:12:00,4687.89990234375,4694.2001953125,4686.7998046875,4694.2001953125,243
2026-03-20T06:13:00,4694.39990234375,4695.7001953125,4691.2001953125,4691.5,84
2026-03-20T06:14:00,4691.89990234375,4693.10009765625,4690.2998046875,4692.60009765625,67
2026-03-20T06:15:00,4692.0,4696.2998046875,4692.0,4696.2998046875,45
2026-03-20T06:16:00,4696.10009765625,4697.10009765625,4692.2001953125,4693.2998046875,89
2026-03-20T06:17:00,4693.89990234375,4693.89990234375,4687.89990234375,4687.89990234375,89
2026-03-20T06:18:00,4688.0,4692.39990234375,4687.89990234375,4689.7001953125,121
2026-03-20T06:19:00,4690.10009765625,4690.7998046875,4688.10009765625,4690.10009765625,123
2026-03-20T06:20:00,4690.0,4690.10009765625,4688.5,4690.0,112
2026-03-20T06:21:00,4689.10009765625,4689.7998046875,4685.10009765625,4688.7001953125,168
2026-03-20T06:22:00,4690.0,4694.39990234375,4689.0,4692.5,169
2026-03-20T06:23:00,4692.5,4693.60009765625,4688.89990234375,4689.0,39
2026-03-20T06:24:00,4688.60009765625,4692.60009765625,4687.89990234375,4691.7001953125,50
2026-03-20T06:25:00,4691.0,4692.5,4688.5,4690.0,94
2026-03-20T06:26:00,4691.0,4691.5,4688.5,4688.89990234375,52
2026-03-20T06:27:00,4689.0,4689.5,4681.89990234375,4684.7998046875,179
2026-03-20T06:28:00,4683.60009765625,4683.60009765625,4681.2001953125,4682.7998046875,130
2026-03-20T06:29:00,4682.7998046875,4689.5,4682.7001953125,4689.2001953125,184
2026-03-20T06:30:00,4689.39990234375,4690.7001953125,4685.0,4685.60009765625,108
2026-03-20T06:31:00,4685.7001953125,4685.7001953125,4681.10009765625,4681.7001953125,68
2026-03-20T06:32:00,4681.2998046875,4684.2998046875,4679.7001953125,4682.0,79
2026-03-20T06:33:00,4681.5,4684.2001953125,4678.2998046875,4683.7998046875,124
2026-03-20T06:34:00,4683.7998046875,4687.60009765625,4682.89990234375,4686.60009765625,204
2026-03-20T06:35:00,4686.39990234375,4686.7001953125,4681.89990234375,4683.10009765625,84
2026-03-20T06:36:00,4681.5,4681.60009765625,4677.60009765625,4678.7001953125,114
2026-03-20T06:37:00,4679.10009765625,4681.2001953125,4677.2998046875,4678.5,113
2026-03-20T06:38:00,4678.2998046875,4678.2998046875,4670.2998046875,4672.7998046875,316
2026-03-20T06:39:00,4671.89990234375,4672.7998046875,4668.10009765625,4669.0,220
2026-03-20T06:40:00,4668.7998046875,4669.7001953125,4666.10009765625,4667.5,195
2026-03-20T06:41:00,4666.89990234375,4669.0,4665.2001953125,4666.2001953125,126
2026-03-20T06:42:00,4665.89990234375,4665.89990234375,4661.60009765625,4665.0,242
2026-03-20T06:43:00,4665.39990234375,4671.0,4664.39990234375,4667.60009765625,171
2026-03-20T06:44:00,4667.7001953125,4668.2998046875,4666.10009765625,4666.39990234375,69
2026-03-20T06:45:00,4666.2998046875,4671.7998046875,4665.89990234375,4671.7998046875,98
2026-03-20T06:46:00,4672.2998046875,4676.5,4672.10009765625,4675.7998046875,292
2026-03-20T06:47:00,4675.2001953125,4675.5,4670.7998046875,4671.10009765625,186
2026-03-20T06:48:00,4671.0,4671.2001953125,4663.10009765625,4665.7998046875,192
2026-03-20T06:49:00,4665.5,4668.60009765625,4663.2998046875,4668.60009765625,93
2026-03-20T06:50:00,4669.10009765625,4672.2998046875,4669.10009765625,4672.2998046875,53
2026-03-20T06:51:00,4673.0,4673.0,4668.7001953125,4669.0,52
2026-03-20T06:52:00,4669.2001953125,4671.60009765625,4668.2998046875,4670.2998046875,65
2026-03-20T06:53:00,4670.2001953125,4673.0,4667.2998046875,4669.2001953125,204
2026-03-20T06:54:00,4668.7998046875,4670.0,4668.2001953125,4668.5,80
2026-03-20T06:55:00,4668.39990234375,4670.10009765625,4666.2998046875,4669.89990234375,123
2026-03-20T06:56:00,4670.2001953125,4670.2998046875,4668.2001953125,4668.7998046875,79
2026-03-20T06:57:00,4669.0,4670.2001953125,4666.5,4667.5,128
2026-03-20T06:58:00,4667.39990234375,4670.2998046875,4667.39990234375,4669.5,66
2026-03-20T06:59:00,4669.10009765625,4670.7998046875,4669.10009765625,4670.2998046875,75
2026-03-20T07:00:00,4669.89990234375,4676.2001953125,4668.7998046875,4675.7001953125,429
2026-03-20T07:01:00,4675.39990234375,4677.60009765625,4675.0,4676.0,152
2026-03-20T07:02:00,4676.2001953125,4677.5,4673.39990234375,4677.5,165
2026-03-20T07:03:00,4677.10009765625,4679.0,4674.60009765625,4676.2001953125,170
2026-03-20T07:04:00,4676.0,4678.2001953125,4674.39990234375,4676.2001953125,88
2026-03-20T07:05:00,4674.7998046875,4675.5,4671.60009765625,4674.0,176
2026-03-20T07:06:00,4674.0,4674.89990234375,4672.60009765625,4673.2998046875,171
2026-03-20T07:07:00,4673.10009765625,4679.7001953125,4672.0,4679.39990234375,118
2026-03-20T07:08:00,4679.39990234375,4685.2998046875,4679.2998046875,4684.7001953125,137
2026-03-20T07:09:00,4684.2998046875,4685.0,4682.0,4682.89990234375,222
2026-03-20T07:10:00,4682.7998046875,4682.7998046875,4678.5,4678.5,144
2026-03-20T07:11:00,4678.5,4682.2001953125,4678.0,4682.10009765625,63
2026-03-20T07:12:00,4682.2001953125,4682.39990234375,4676.2998046875,4677.2998046875,121
2026-03-20T07:13:00,4676.7998046875,4678.5,4676.7001953125,4677.89990234375,77
2026-03-20T07:14:00,4677.60009765625,4680.2998046875,4677.60009765625,4680.2998046875,43
2026-03-20T07:15:00,4679.89990234375,4682.7001953125,4679.10009765625,4679.5,111
2026-03-20T07:16:00,4680.39990234375,4680.39990234375,4678.7001953125,4679.39990234375,23
2026-03-20T07:17:00,4679.0,4682.89990234375,4677.10009765625,4682.89990234375,81
2026-03-20T07:18:00,4682.2001953125,4683.10009765625,4680.0,4681.0,81
2026-03-20T07:19:00,4681.2998046875,4681.7001953125,4680.5,4681.0,52
2026-03-20T07:20:00,4681.2998046875,4682.60009765625,4680.7001953125,4682.60009765625,34
2026-03-20T07:21:00,4682.7998046875,4685.7998046875,4682.7998046875,4685.7001953125,95
2026-03-20T07:22:00,4685.5,4687.89990234375,4684.0,4684.0,129
2026-03-20T07:23:00,4683.7998046875,4686.7998046875,4681.89990234375,4685.2001953125,125
2026-03-20T07:24:00,4685.2001953125,4687.5,4684.7998046875,4685.60009765625,99
2026-03-20T07:25:00,4685.60009765625,4687.89990234375,4685.0,4687.89990234375,78
2026-03-20T07:26:00,4688.0,4688.39990234375,4685.5,4686.39990234375,98
2026-03-20T07:27:00,4686.5,4688.2001953125,4686.39990234375,4686.89990234375,49
2026-03-20T07:28:00,4687.39990234375,4689.7998046875,4687.2001953125,4688.2998046875,63
2026-03-20T07:29:00,4688.2001953125,4689.2998046875,4687.2001953125,4689.0,77
2026-03-20T07:30:00,4689.0,4690.2998046875,4687.89990234375,4687.89990234375,54
2026-03-20T07:31:00,4687.7998046875,4689.7001953125,4687.39990234375,4688.2998046875,96
2026-03-20T07:32:00,4688.10009765625,4688.2001953125,4686.2001953125,4687.2998046875,159
2026-03-20T07:33:00,4686.89990234375,4689.10009765625,4686.89990234375,4688.7001953125,36
2026-03-20T07:34:00,4688.89990234375,4689.0,4686.5,4687.2001953125,58
2026-03-20T07:35:00,4687.7998046875,4690.39990234375,4687.0,4690.39990234375,78
2026-03-20T07:36:00,4690.5,4691.2998046875,4689.39990234375,4691.2998046875,110
2026-03-20T07:37:00,4691.60009765625,4693.2998046875,4690.5,4693.2001953125,143
2026-03-20T07:38:00,4692.89990234375,4694.39990234375,4692.7998046875,4694.0,102
2026-03-20T07:39:00,4694.0,4696.2001953125,4693.60009765625,4694.0,154
2026-03-20T07:40:00,4694.39990234375,4696.0,4694.2001953125,4695.10009765625,74
2026-03-20T07:41:00,4695.10009765625,4698.10009765625,4694.0,4697.60009765625,98
2026-03-20T07:42:00,4697.2998046875,4699.10009765625,4697.10009765625,4698.0,87
2026-03-20T07:43:00,4698.2998046875,4699.10009765625,4696.10009765625,4697.0,87
2026-03-20T07:44:00,4696.60009765625,4697.2998046875,4694.7001953125,4695.2001953125,79
2026-03-20T07:45:00,4695.39990234375,4699.0,4695.39990234375,4699.0,143
2026-03-20T07:46:00,4699.2001953125,4701.0,4696.7998046875,4697.7001953125,181
2026-03-20T07:47:00,4697.39990234375,4699.2998046875,4697.0,4698.89990234375,64
2026-03-20T07:48:00,4698.60009765625,4699.10009765625,4697.7001953125,4698.7998046875,78
2026-03-20T07:49:00,4699.0,4699.2001953125,4697.39990234375,4699.0,63
2026-03-20T07:50:00,4698.60009765625,4699.5,4697.2001953125,4699.5,88
2026-03-20T07:51:00,4699.7001953125,4699.89990234375,4697.89990234375,4698.7001953125,61
2026-03-20T07:52:00,4698.2001953125,4699.2998046875,4697.39990234375,4698.89990234375,30
2026-03-20T07:53:00,4698.2998046875,4700.7998046875,4697.39990234375,4700.7998046875,73
2026-03-20T07:54:00,4700.5,4701.7998046875,4698.10009765625,4698.5,140
2026-03-20T07:55:00,4698.7001953125,4702.5,4698.7001953125,4702.10009765625,88
2026-03-20T07:56:00,4702.39990234375,4704.89990234375,4702.2001953125,4704.7998046875,124
2026-03-20T07:57:00,4704.89990234375,4707.60009765625,4704.2001953125,4706.89990234375,277
2026-03-20T07:58:00,4706.60009765625,4709.0,4706.60009765625,4708.0,325
2026-03-20T07:59:00,4708.2001953125,4708.60009765625,4705.89990234375,4707.2001953125,147
2026-03-20T08:00:00,4707.7001953125,4707.7998046875,4704.2001953125,4705.7001953125,252
2026-03-20T08:01:00,4705.7998046875,4706.5,4702.89990234375,4704.2001953125,106
2026-03-20T08:02:00,4704.39990234375,4706.2998046875,4703.89990234375,4705.5,104
2026-03-20T08:03:00,4705.60009765625,4707.10009765625,4703.7998046875,4706.7001953125,219
2026-03-20T08:04:00,4706.5,4707.7001953125,4705.7998046875,4705.89990234375,78
2026-03-20T08:05:00,4705.5,4708.39990234375,4705.0,4707.7001953125,192
2026-03-20T08:06:00,4708.0,4709.2001953125,4706.5,4707.60009765625,159
2026-03-20T08:07:00,4707.2001953125,4711.89990234375,4707.2001953125,4709.10009765625,324
2026-03-20T08:08:00,4708.89990234375,4709.89990234375,4707.89990234375,4708.2001953125,99
2026-03-20T08:09:00,4708.2001953125,4709.2998046875,4707.5,4709.2001953125,254
2026-03-20T08:10:00,4709.10009765625,4712.5,4709.10009765625,4712.10009765625,119
2026-03-20T08:11:00,4712.5,4717.89990234375,4712.0,4717.5,146
2026-03-20T08:12:00,4717.2001953125,4717.2998046875,4715.2001953125,4715.89990234375,132
2026-03-20T08:13:00,4716.10009765625,4717.10009765625,4715.2998046875,4717.10009765625,99
2026-03-20T08:14:00,4716.7001953125,4718.5,4716.60009765625,4717.0,151
2026-03-20T08:15:00,4716.7998046875,4719.39990234375,4716.7998046875,4719.0,97
2026-03-20T08:16:00,4719.39990234375,4720.89990234375,4718.7001953125,4720.5,130
2026-03-20T08:17:00,4720.39990234375,4721.89990234375,4719.2998046875,4721.10009765625,122
2026-03-20T08:18:00,4721.0,4723.7998046875,4721.0,4723.7998046875,151
2026-03-20T08:19:00,4723.7001953125,4727.89990234375,4723.5,4725.7998046875,313
2026-03-20T08:20:00,4725.89990234375,4732.0,4724.10009765625,4729.7001953125,444
2026-03-20T08:21:00,4729.7998046875,4734.0,4729.0,4730.2998046875,333
2026-03-20T08:22:00,4730.2001953125,4730.7001953125,4725.7998046875,4727.7001953125,220
2026-03-20T08:23:00,4727.2998046875,4728.7998046875,4726.0,4727.7001953125,121
2026-03-20T08:24:00,4727.60009765625,4732.2001953125,4727.2998046875,4731.5,261
2026-03-20T08:25:00,4731.2998046875,4732.39990234375,4729.2001953125,4732.39990234375,285
2026-03-20T08:26:00,4731.7998046875,4736.2998046875,4731.39990234375,4735.60009765625,282
2026-03-20T08:27:00,4735.7998046875,4735.89990234375,4733.2998046875,4735.2998046875,217
2026-03-20T08:28:00,4735.2998046875,4735.2998046875,4725.60009765625,4726.5,249
2026-03-20T08:29:00,4726.5,4726.5,4720.5,4724.10009765625,548
2026-03-20T08:30:00,4724.2998046875,4724.39990234375,4716.89990234375,4717.10009765625,430
2026-03-20T08:31:00,4716.7998046875,4717.60009765625,4713.0,4713.2998046875,193
2026-03-20T08:32:00,4713.2001953125,4713.5,4708.2998046875,4709.7001953125,264
2026-03-20T08:33:00,4709.60009765625,4711.89990234375,4702.2998046875,4707.60009765625,776
2026-03-20T08:34:00,4707.5,4709.89990234375,4706.39990234375,4709.7001953125,84
2026-03-20T08:35:00,4710.0,4710.7001953125,4706.5,4707.89990234375,107
2026-03-20T08:36:00,4708.0,4708.89990234375,4705.7001953125,4706.89990234375,183
2026-03-20T08:37:00,4705.89990234375,4707.5,4704.60009765625,4707.39990234375,97
2026-03-20T08:38:00,4708.0,4708.0,4700.7001953125,4702.10009765625,103
2026-03-20T08:39:00,4703.2998046875,4706.2998046875,4701.2001953125,4705.89990234375,95
2026-03-20T08:40:00,4705.89990234375,4710.0,4705.89990234375,4708.60009765625,80
2026-03-20T08:41:00,4708.10009765625,4710.2998046875,4706.7001953125,4706.7998046875,117
2026-03-20T08:42:00,4707.2001953125,4708.2001953125,4705.2001953125,4705.7998046875,64
2026-03-20T08:43:00,4705.5,4708.7998046875,4704.2998046875,4708.7001953125,184
2026-03-20T08:44:00,4708.89990234375,4711.39990234375,4708.60009765625,4709.2001953125,258
2026-03-20T08:45:00,4709.2001953125,4710.0,4694.0,4694.7001953125,593
2026-03-20T08:46:00,4694.7001953125,4699.60009765625,4694.7001953125,4696.39990234375,99
2026-03-20T08:47:00,4697.10009765625,4698.5,4693.7998046875,4696.89990234375,94
2026-03-20T08:48:00,4697.2998046875,4698.2998046875,4696.10009765625,4697.10009765625,49
2026-03-20T08:49:00,4697.10009765625,4698.39990234375,4695.89990234375,4696.89990234375,52
2026-03-20T08:50:00,4697.89990234375,4699.89990234375,4696.60009765625,4699.89990234375,75
2026-03-20T08:51:00,4699.2001953125,4701.2001953125,4692.2998046875,4693.10009765625,209
2026-03-20T08:52:00,4693.7001953125,4697.60009765625,4693.0,4695.7001953125,171
2026-03-20T08:53:00,4696.2998046875,4697.2001953125,4693.7998046875,4695.2001953125,56
2026-03-20T08:54:00,4695.10009765625,4695.7998046875,4689.0,4693.89990234375,105
2026-03-20T08:55:00,4693.2998046875,4693.89990234375,4688.60009765625,4690.89990234375,87
2026-03-20T08:56:00,4690.7998046875,4692.0,4685.2001953125,4691.7001953125,309
2026-03-20T08:57:00,4692.2998046875,4696.7998046875,4692.2998046875,4696.60009765625,191
2026-03-20T08:58:00,4696.0,4696.10009765625,4691.60009765625,4691.60009765625,111
2026-03-20T08:59:00,4693.10009765625,4695.2001953125,4691.2998046875,4695.10009765625,100
2026-03-20T09:00:00,4694.5,4697.7998046875,4693.0,4694.39990234375,146
2026-03-20T09:01:00,4695.60009765625,4696.10009765625,4691.5,4694.39990234375,74
2026-03-20T09:02:00,4694.39990234375,4694.39990234375,4691.10009765625,4691.39990234375,36
2026-03-20T09:03:00,4691.7998046875,4692.39990234375,4687.10009765625,4687.2998046875,135
2026-03-20T09:04:00,4687.5,4690.7998046875,4687.2001953125,4688.7001953125,91
2026-03-20T09:05:00,4688.39990234375,4691.2001953125,4685.5,4689.60009765625,204
2026-03-20T09:06:00,4689.89990234375,4691.2001953125,4687.60009765625,4688.89990234375,196
2026-03-20T09:07:00,4688.7001953125,4694.10009765625,4688.7001953125,4694.10009765625,59
2026-03-20T09:08:00,4693.7998046875,4695.60009765625,4692.7998046875,4692.7998046875,69
2026-03-20T09:09:00,4693.60009765625,4696.60009765625,4693.60009765625,4695.0,76
2026-03-20T09:10:00,4695.2001953125,4699.0,4695.2001953125,4698.2998046875,88
2026-03-20T09:11:00,4698.0,4699.7001953125,4697.39990234375,4699.0,68
2026-03-20T09:12:00,4698.7998046875,4701.7998046875,4698.7998046875,4699.2998046875,106
2026-03-20T09:13:00,4699.5,4701.2998046875,4698.2998046875,4698.2998046875,87
2026-03-20T09:14:00,4698.0,4698.0,4695.10009765625,4695.10009765625,79
2026-03-20T09:15:00,4695.10009765625,4696.5,4695.10009765625,4696.2998046875,55
2026-03-20T09:16:00,4696.7001953125,4698.39990234375,4692.7998046875,4693.10009765625,184
2026-03-20T09:17:00,4694.10009765625,4695.89990234375,4694.10009765625,4695.39990234375,70
2026-03-20T09:18:00,4694.89990234375,4694.89990234375,4691.7998046875,4692.39990234375,82
2026-03-20T09:19:00,4692.10009765625,4693.2001953125,4689.0,4689.2001953125,101
2026-03-20T09:20:00,4689.2998046875,4690.0,4688.2001953125,4690.0,72
2026-03-20T09:21:00,4689.39990234375,4690.0,4686.10009765625,4686.10009765625,79
2026-03-20T09:22:00,4686.60009765625,4688.7001953125,4685.10009765625,4686.89990234375,163
2026-03-20T09:23:00,4687.2998046875,4691.10009765625,4686.2001953125,4690.10009765625,100
2026-03-20T09:24:00,4689.7001953125,4689.7001953125,4687.0,4688.0,51
2026-03-20T09:25:00,4688.7001953125,4693.0,4688.7001953125,4692.7001953125,50
2026-03-20T09:26:00,4693.39990234375,4694.0,4693.0,4693.60009765625,46
2026-03-20T09:27:00,4692.60009765625,4692.7001953125,4688.7998046875,4691.60009765625,122
2026-03-20T09:28:00,4692.10009765625,4692.60009765625,4691.10009765625,4691.89990234375,10
2026-03-20T09:29:00,4692.0,4694.5,4691.39990234375,4693.0,55
2026-03-20T09:30:00,4693.39990234375,4693.39990234375,4688.89990234375,4691.2001953125,249
2026-03-20T09:31:00,4691.2998046875,4692.2001953125,4687.5,4688.10009765625,105
2026-03-20T09:32:00,4688.2001953125,4689.2001953125,4686.39990234375,4687.89990234375,151
2026-03-20T09:33:00,4687.7998046875,4688.89990234375,4682.39990234375,4682.7001953125,86
2026-03-20T09:34:00,4682.0,4682.7001953125,4679.0,4679.5,211
2026-03-20T09:35:00,4679.5,4681.10009765625,4678.10009765625,4680.89990234375,86
2026-03-20T09:36:00,4681.10009765625,4681.2998046875,4678.5,4679.60009765625,62
2026-03-20T09:37:00,4680.0,4684.5,4680.0,4684.2001953125,96
2026-03-20T09:38:00,4683.89990234375,4684.60009765625,4683.5,4683.89990234375,44
2026-03-20T09:39:00,4684.2001953125,4684.5,4681.5,4682.10009765625,65
2026-03-20T09:40:00,4681.7998046875,4681.7998046875,4674.7998046875,4676.0,193
2026-03-20T09:41:00,4676.2001953125,4677.2998046875,4674.60009765625,4675.2001953125,86
2026-03-20T09:42:00,4675.0,4677.0,4674.7001953125,4677.0,75
2026-03-20T09:43:00,4676.7998046875,4677.0,4674.60009765625,4676.5,88
2026-03-20T09:44:00,4676.39990234375,4677.0,4671.7998046875,4674.2001953125,166
2026-03-20T09:45:00,4674.2998046875,4675.7998046875,4672.7998046875,4674.89990234375,170
2026-03-20T09:46:00,4674.39990234375,4674.39990234375,4669.2001953125,4671.7001953125,234
2026-03-20T09:47:00,4672.2001953125,4673.5,4666.7001953125,4667.7001953125,323
2026-03-20T09:48:00,4668.10009765625,4672.2998046875,4667.2001953125,4670.10009765625,185
2026-03-20T09:49:00,4670.2001953125,4675.2001953125,4670.2001953125,4673.60009765625,184
2026-03-20T09:50:00,4673.7998046875,4678.7001953125,4673.5,4674.2001953125,99
2026-03-20T09:51:00,4674.0,4674.5,4671.10009765625,4673.2001953125,108
2026-03-20T09:52:00,4672.39990234375,4673.7001953125,4668.5,4672.39990234375,241
2026-03-20T09:53:00,4672.0,4673.10009765625,4664.5,4667.60009765625,252
2026-03-20T09:54:00,4666.7001953125,4666.7001953125,4663.5,4663.89990234375,232
2026-03-20T09:55:00,4663.89990234375,4669.7001953125,4663.60009765625,4669.7001953125,144
2026-03-20T09:56:00,4669.60009765625,4670.0,4666.2001953125,4667.7998046875,101
2026-03-20T09:57:00,4667.7998046875,4669.10009765625,4665.39990234375,4665.89990234375,77
2026-03-20T09:58:00,4665.7001953125,4665.89990234375,4660.5,4664.2001953125,199
2026-03-20T09:59:00,4664.7998046875,4669.10009765625,4663.89990234375,4668.39990234375,117
2026-03-20T10:00:00,4668.2998046875,4670.10009765625,4665.0,4665.7001953125,89
2026-03-20T10:01:00,4665.60009765625,4665.60009765625,4653.60009765625,4656.10009765625,327
2026-03-20T10:02:00,4656.39990234375,4660.5,4655.2001953125,4659.89990234375,196
2026-03-20T10:03:00,4660.2001953125,4662.39990234375,4656.39990234375,4656.5,105
2026-03-20T10:04:00,4656.0,4657.89990234375,4652.7998046875,4654.0,224
2026-03-20T10:05:00,4654.0,4664.5,4653.89990234375,4664.0,525
2026-03-20T10:06:00,4662.60009765625,4669.39990234375,4662.2998046875,4668.2998046875,453
2026-03-20T10:07:00,4668.10009765625,4668.10009765625,4661.2001953125,4661.7998046875,127
2026-03-20T10:08:00,4661.7001953125,4663.7001953125,4659.89990234375,4661.2001953125,109
2026-03-20T10:09:00,4661.2998046875,4661.2998046875,4655.89990234375,4656.0,265
2026-03-20T10:10:00,4655.2001953125,4656.60009765625,4650.89990234375,4651.39990234375,226
2026-03-20T10:11:00,4650.7998046875,4658.10009765625,4650.39990234375,4657.39990234375,122
2026-03-20T10:12:00,4657.39990234375,4664.7998046875,4657.39990234375,4663.7998046875,194
2026-03-20T10:13:00,4663.7001953125,4664.89990234375,4661.60009765625,4662.39990234375,141
2026-03-20T10:14:00,4662.0,4664.89990234375,4661.89990234375,4663.60009765625,66
2026-03-20T10:15:00,4663.2998046875,4667.39990234375,4662.2001953125,4664.7001953125,145
2026-03-20T10:16:00,4664.5,4666.60009765625,4661.89990234375,4663.7998046875,233
2026-03-20T10:17:00,4663.7998046875,4664.0,4661.0,4661.2998046875,224
2026-03-20T10:18:00,4661.39990234375,4663.2001953125,4657.10009765625,4658.10009765625,155
2026-03-20T10:19:00,4658.60009765625,4658.60009765625,4656.2998046875,4657.2998046875,41
2026-03-20T10:20:00,4656.5,4656.5,4648.0,4649.89990234375,226
2026-03-20T10:21:00,4649.7001953125,4653.2001953125,4646.39990234375,4648.10009765625,113
2026-03-20T10:22:00,4648.10009765625,4650.39990234375,4647.2998046875,4648.60009765625,122
2026-03-20T10:23:00,4649.10009765625,4653.39990234375,4648.2001953125,4652.89990234375,296
2026-03-20T10:24:00,4653.2998046875,4655.2998046875,4652.89990234375,4654.60009765625,116
2026-03-20T10:25:00,4654.7001953125,4661.2001953125,4654.7001953125,4659.2001953125,149
2026-03-20T10:26:00,4659.5,4661.2001953125,4657.5,4660.5,91
2026-03-20T10:27:00,4660.60009765625,4660.60009765625,4657.39990234375,4659.7998046875,84
2026-03-20T10:28:00,4659.2001953125,4659.2001953125,4656.5,4657.0,38
2026-03-20T10:29:00,4657.7001953125,4659.7998046875,4657.10009765625,4658.2998046875,53
2026-03-20T10:30:00,4658.2998046875,4662.7998046875,4653.2998046875,4656.2001953125,211
2026-03-20T10:31:00,4655.89990234375,4658.7001953125,4655.89990234375,4656.7001953125,166
2026-03-20T10:32:00,4656.5,4656.5,4649.89990234375,4652.2998046875,199
2026-03-20T10:33:00,4652.7998046875,4655.60009765625,4650.0,4654.39990234375,176
2026-03-20T10:34:00,4654.2998046875,4655.60009765625,4650.2001953125,4651.2998046875,402
2026-03-20T10:35:00,4651.5,4658.10009765625,4650.7998046875,4658.10009765625,264
2026-03-20T10:36:00,4658.2001953125,4659.89990234375,4657.5,4659.5,83
2026-03-20T10:37:00,4659.7998046875,4664.0,4659.7998046875,4663.10009765625,167
2026-03-20T10:38:00,4662.89990234375,4665.89990234375,4662.89990234375,4664.60009765625,87
2026-03-20T10:39:00,4665.60009765625,4670.39990234375,4665.5,4669.39990234375,148
2026-03-20T10:40:00,4669.5,4670.5,4667.2998046875,4669.10009765625,131
2026-03-20T10:41:00,4668.7998046875,4668.7998046875,4661.7998046875,4662.0,268
2026-03-20T10:42:00,4662.39990234375,4665.2998046875,4661.89990234375,4662.7998046875,76
2026-03-20T10:43:00,4662.7998046875,4662.89990234375,4657.10009765625,4658.10009765625,193
2026-03-20T10:44:00,4658.2998046875,4664.5,4658.2998046875,4660.60009765625,184
2026-03-20T10:45:00,4660.10009765625,4661.2001953125,4656.7001953125,4657.7001953125,89
2026-03-20T10:46:00,4657.7001953125,4660.2001953125,4657.7001953125,4660.2001953125,64
2026-03-20T10:47:00,4659.60009765625,4659.60009765625,4656.0,4656.39990234375,50
2026-03-20T10:48:00,4656.39990234375,4656.7998046875,4653.2998046875,4654.89990234375,108
2026-03-20T10:49:00,4655.10009765625,4656.2001953125,4653.7998046875,4655.39990234375,83
2026-03-20T10:50:00,4654.7998046875,4655.2998046875,4652.39990234375,4653.0,119
2026-03-20T10:51:00,4652.7998046875,4653.39990234375,4645.60009765625,4647.60009765625,197
2026-03-20T10:52:00,4648.10009765625,4652.89990234375,4647.5,4651.89990234375,244
2026-03-20T10:53:00,4651.89990234375,4656.7998046875,4651.60009765625,4653.39990234375,104
2026-03-20T10:54:00,4653.7001953125,4654.10009765625,4648.0,4650.5,62
2026-03-20T10:55:00,4650.10009765625,4651.60009765625,4644.7001953125,4644.7001953125,214
2026-03-20T10:56:00,4644.60009765625,4645.2001953125,4639.10009765625,4640.7998046875,369
2026-03-20T10:57:00,4641.0,4645.89990234375,4639.89990234375,4644.2998046875,151
2026-03-20T10:58:00,4645.7998046875,4647.2001953125,4645.7001953125,4646.2001953125,65
2026-03-20T10:59:00,4645.7998046875,4646.60009765625,4643.2001953125,4646.39990234375,157
2026-03-20T11:00:00,4645.7998046875,4648.5,4642.2998046875,4642.89990234375,121
2026-03-20T11:01:00,4643.0,4643.39990234375,4638.2001953125,4641.5,189
2026-03-20T11:02:00,4641.89990234375,4655.89990234375,4641.89990234375,4654.10009765625,227
2026-03-20T11:03:00,4655.89990234375,4660.89990234375,4655.7001953125,4658.7001953125,238
2026-03-20T11:04:00,4658.89990234375,4660.60009765625,4653.7998046875,4656.0,193
2026-03-20T11:05:00,4655.7998046875,4660.5,4654.7998046875,4660.2998046875,118
2026-03-20T11:06:00,4659.7001953125,4663.7998046875,4658.10009765625,4658.10009765625,210
2026-03-20T11:07:00,4658.60009765625,4660.60009765625,4657.0,4659.7998046875,102
2026-03-20T11:08:00,4659.2001953125,4663.89990234375,4658.89990234375,4663.89990234375,132
2026-03-20T11:09:00,4664.5,4666.89990234375,4663.0,4665.39990234375,159
2026-03-20T11:10:00,4665.89990234375,4666.0,4658.7998046875,4660.10009765625,179
2026-03-20T11:11:00,4660.2001953125,4663.10009765625,4657.0,4663.0,129
2026-03-20T11:12:00,4662.10009765625,4662.10009765625,4660.10009765625,4660.60009765625,55
2026-03-20T11:13:00,4661.5,4665.89990234375,4661.39990234375,4665.7001953125,168
2026-03-20T11:14:00,4665.89990234375,4668.5,4664.2998046875,4664.2998046875,149
2026-03-20T11:15:00,4664.2001953125,4665.5,4662.39990234375,4664.10009765625,79
2026-03-20T11:16:00,4664.0,4664.0,4660.7001953125,4662.5,120
2026-03-20T11:17:00,4661.7001953125,4664.0,4661.7001953125,4662.89990234375,56
2026-03-20T11:18:00,4662.89990234375,4667.2998046875,4661.7998046875,4665.39990234375,107
2026-03-20T11:19:00,4665.89990234375,4668.39990234375,4665.89990234375,4667.2001953125,134
2026-03-20T11:20:00,4667.2001953125,4670.2998046875,4667.2001953125,4669.60009765625,101
2026-03-20T11:21:00,4669.5,4670.10009765625,4662.5,4666.0,126
2026-03-20T11:22:00,4666.2001953125,4666.39990234375,4661.7998046875,4661.7998046875,89
2026-03-20T11:23:00,4661.7001953125,4665.5,4661.7001953125,4661.89990234375,73
2026-03-20T11:24:00,4662.2001953125,4665.2998046875,4662.0,4663.7001953125,72
2026-03-20T11:25:00,4663.7998046875,4664.2001953125,4660.39990234375,4663.0,97
2026-03-20T11:26:00,4663.89990234375,4664.0,4661.39990234375,4662.39990234375,134
2026-03-20T11:27:00,4662.89990234375,4664.2998046875,4662.60009765625,4662.7998046875,52
2026-03-20T11:28:00,4661.89990234375,4662.39990234375,4661.0,4661.89990234375,37
2026-03-20T11:29:00,4661.2001953125,4667.0,4661.10009765625,4666.7001953125,113
2026-03-20T11:30:00,4667.2001953125,4667.7001953125,4665.2998046875,4665.60009765625,82
2026-03-20T11:31:00,4667.10009765625,4672.7998046875,4667.10009765625,4670.10009765625,449
2026-03-20T11:32:00,4671.10009765625,4672.10009765625,4670.0,4671.0,77
2026-03-20T11:33:00,4670.5,4671.7001953125,4667.2001953125,4667.2001953125,68
2026-03-20T11:34:00,4667.89990234375,4670.2998046875,4667.60009765625,4668.60009765625,131
2026-03-20T11:35:00,4668.89990234375,4669.60009765625,4667.2998046875,4668.7001953125,45
2026-03-20T11:36:00,4669.2998046875,4669.2998046875,4667.2998046875,4667.89990234375,46
2026-03-20T11:37:00,4668.0,4668.0,4665.89990234375,4666.10009765625,99
2026-03-20T11:38:00,4666.2998046875,4666.7001953125,4663.0,4663.2998046875,82
2026-03-20T11:39:00,4663.60009765625,4669.2998046875,4663.60009765625,4668.60009765625,87
2026-03-20T11:40:00,4669.10009765625,4674.7998046875,4668.39990234375,4674.10009765625,121
2026-03-20T11:41:00,4673.7998046875,4675.7998046875,4672.2001953125,4672.89990234375,298
2026-03-20T11:42:00,4673.2998046875,4676.0,4672.7998046875,4674.0,124
2026-03-20T11:43:00,4674.2998046875,4675.89990234375,4673.5,4673.5,59
2026-03-20T11:44:00,4673.10009765625,4673.10009765625,4670.7998046875,4671.10009765625,124
2026-03-20T11:45:00,4671.2001953125,4672.0,4669.10009765625,4671.7001953125,96
2026-03-20T11:46:00,4671.2001953125,4674.0,4670.89990234375,4673.0,114
2026-03-20T11:47:00,4673.2001953125,4673.2001953125,4668.5,4669.7001953125,58
2026-03-20T11:48:00,4669.10009765625,4671.60009765625,4668.39990234375,4669.2998046875,43
2026-03-20T11:49:00,4669.2998046875,4669.39990234375,4666.2998046875,4666.39990234375,75
2026-03-20T11:50:00,4667.0,4667.5,4664.7001953125,4665.2998046875,105
2026-03-20T11:51:00,4665.10009765625,4666.7001953125,4660.7001953125,4661.0,152
2026-03-20T11:52:00,4661.10009765625,4665.0,4658.7998046875,4664.10009765625,120
2026-03-20T11:53:00,4664.2001953125,4666.89990234375,4663.7998046875,4666.60009765625,92
2026-03-20T11:54:00,4666.2998046875,4666.5,4664.0,4664.2001953125,33
2026-03-20T11:55:00,4663.7998046875,4666.2001953125,4663.5,4665.60009765625,77
2026-03-20T11:56:00,4666.10009765625,4669.5,4666.10009765625,4669.5,100
2026-03-20T11:57:00,4669.2001953125,4671.89990234375,4668.2998046875,4671.2998046875,118
2026-03-20T11:58:00,4671.7001953125,4673.39990234375,4670.5,4673.0,138
2026-03-20T11:59:00,4673.0,4673.7001953125,4671.7001953125,4673.39990234375,74
2026-03-20T12:00:00,4673.39990234375,4679.89990234375,4673.39990234375,4679.5,437
2026-03-20T12:01:00,4679.39990234375,4684.39990234375,4678.89990234375,4684.2001953125,538
2026-03-20T12:02:00,4683.0,4683.7001953125,4678.2998046875,4679.5,307
2026-03-20T12:03:00,4680.10009765625,4683.60009765625,4680.0,4682.60009765625,93
2026-03-20T12:04:00,4681.5,4683.7998046875,4679.10009765625,4680.10009765625,226
2026-03-20T12:05:00,4680.2001953125,4684.7001953125,4680.2001953125,4683.10009765625,103
2026-03-20T12:06:00,4683.5,4684.5,4681.60009765625,4682.5,59
2026-03-20T12:07:00,4683.0,4687.5,4683.0,4684.2998046875,181
2026-03-20T12:08:00,4684.10009765625,4687.10009765625,4680.89990234375,4685.39990234375,123
2026-03-20T12:09:00,4684.89990234375,4689.2998046875,4684.89990234375,4689.2998046875,126
2026-03-20T12:10:00,4688.89990234375,4694.2998046875,4687.7001953125,4693.89990234375,235
2026-03-20T12:11:00,4694.5,4696.89990234375,4692.7998046875,4694.7998046875,481
2026-03-20T12:12:00,4695.39990234375,4695.39990234375,4687.60009765625,4687.60009765625,149
2026-03-20T12:13:00,4687.5,4689.5,4685.89990234375,4685.89990234375,151
2026-03-20T12:14:00,4686.0,4687.10009765625,4684.39990234375,4686.7001953125,179
2026-03-20T12:15:00,4686.89990234375,4689.10009765625,4686.60009765625,4687.5,205
2026-03-20T12:16:00,4687.5,4689.7998046875,4686.0,4687.89990234375,196
2026-03-20T12:17:00,4687.60009765625,4690.7998046875,4679.2998046875,4681.5,315
2026-03-20T12:18:00,4681.2001953125,4689.2001953125,4681.10009765625,4688.7998046875,83
2026-03-20T12:19:00,4688.7998046875,4692.7001953125,4688.10009765625,4692.5,91
2026-03-20T12:20:00,4692.2998046875,4693.5,4685.2001953125,4687.0,169
2026-03-20T12:21:00,4686.7001953125,4688.39990234375,4683.7001953125,4685.2001953125,114
2026-03-20T12:22:00,4684.7998046875,4687.89990234375,4683.0,4684.60009765625,263
2026-03-20T12:23:00,4685.2998046875,4686.0,4682.10009765625,4682.10009765625,117
2026-03-20T12:24:00,4682.10009765625,4682.7998046875,4681.0,4682.39990234375,76
2026-03-20T12:25:00,4682.7998046875,4683.89990234375,4680.7001953125,4683.5,191
2026-03-20T12:26:00,4683.2998046875,4684.0,4680.10009765625,4681.10009765625,72
2026-03-20T12:27:00,4681.89990234375,4682.39990234375,4679.10009765625,4679.7001953125,97
2026-03-20T12:28:00,4680.0,4684.10009765625,4679.2998046875,4682.7998046875,615
2026-03-20T12:29:00,4683.5,4684.10009765625,4678.89990234375,4679.5,203
2026-03-20T12:30:00,4679.7998046875,4683.2001953125,4676.5,4678.2998046875,377
2026-03-20T12:31:00,4677.89990234375,4677.89990234375,4674.0,4677.2001953125,353
2026-03-20T12:32:00,4677.60009765625,4677.7001953125,4672.7001953125,4672.7001953125,140
2026-03-20T12:33:00,4673.60009765625,4674.0,4670.7998046875,4671.60009765625,299
2026-03-20T12:34:00,4672.10009765625,4675.0,4672.10009765625,4674.39990234375,171
2026-03-20T12:35:00,4674.10009765625,4674.5,4671.2998046875,4673.0,121
2026-03-20T12:36:00,4672.2001953125,4673.60009765625,4670.7998046875,4672.89990234375,72
2026-03-20T12:37:00,4672.0,4675.7998046875,4669.7998046875,4671.0,158
2026-03-20T12:38:00,4671.39990234375,4678.7001953125,4671.0,4672.10009765625,203
2026-03-20T12:39:00,4672.0,4672.10009765625,4664.2998046875,4666.7001953125,566
2026-03-20T12:40:00,4666.39990234375,4667.7001953125,4663.10009765625,4664.0,279
2026-03-20T12:41:00,4663.5,4668.89990234375,4663.2001953125,4668.39990234375,92
2026-03-20T12:42:00,4669.39990234375,4669.60009765625,4663.39990234375,4663.7998046875,129
2026-03-20T12:43:00,4663.7001953125,4666.7998046875,4662.7998046875,4666.39990234375,126
2026-03-20T12:44:00,4666.2001953125,4671.2001953125,4665.5,4671.0,297
2026-03-20T12:45:00,4670.7001953125,4671.2998046875,4668.5,4668.5,68
2026-03-20T12:46:00,4668.5,4676.2998046875,4668.39990234375,4675.5,445
2026-03-20T12:47:00,4674.7998046875,4675.60009765625,4671.89990234375,4672.39990234375,85
2026-03-20T12:48:00,4671.7998046875,4672.2001953125,4667.39990234375,4668.39990234375,131
2026-03-20T12:49:00,4668.2998046875,4671.89990234375,4666.5,4671.89990234375,121
2026-03-20T12:50:00,4672.2998046875,4676.60009765625,4671.7998046875,4676.0,122
2026-03-20T12:51:00,4676.60009765625,4679.7001953125,4674.2998046875,4679.39990234375,139
2026-03-20T12:52:00,4679.2001953125,4682.2001953125,4679.2001953125,4680.89990234375,143
2026-03-20T12:53:00,4680.60009765625,4681.89990234375,4679.2001953125,4680.2001953125,133
2026-03-20T12:54:00,4680.89990234375,4681.0,4678.0,4678.2998046875,119
2026-03-20T12:55:00,4677.7998046875,4680.2998046875,4677.5,4679.39990234375,74
2026-03-20T12:56:00,4679.10009765625,4681.2001953125,4678.89990234375,4678.89990234375,87
2026-03-20T12:57:00,4678.5,4680.60009765625,4678.39990234375,4680.39990234375,52
2026-03-20T12:58:00,4679.89990234375,4680.2001953125,4678.7001953125,4679.89990234375,67
2026-03-20T12:59:00,4679.5,4681.7001953125,4678.7001953125,4679.0,91
2026-03-20T13:00:00,4679.39990234375,4680.5,4672.0,4673.39990234375,392
2026-03-20T13:01:00,4672.89990234375,4678.0,4672.7998046875,4676.39990234375,149
2026-03-20T13:02:00,4676.2001953125,4678.7998046875,4671.5,4671.5,243
2026-03-20T13:03:00,4672.2998046875,4677.60009765625,4670.39990234375,4676.39990234375,192
2026-03-20T13:04:00,4676.2998046875,4676.7998046875,4667.7998046875,4671.2001953125,602
2026-03-20T13:05:00,4671.2001953125,4673.10009765625,4667.10009765625,4668.39990234375,267
2026-03-20T13:06:00,4668.60009765625,4669.7998046875,4660.89990234375,4661.2001953125,515
2026-03-20T13:07:00,4660.7998046875,4668.10009765625,4660.7001953125,4663.2998046875,145
2026-03-20T13:08:00,4663.2998046875,4665.89990234375,4659.10009765625,4665.10009765625,246
2026-03-20T13:09:00,4664.5,4666.7998046875,4663.2998046875,4665.39990234375,212
2026-03-20T13:10:00,4665.39990234375,4666.39990234375,4655.5,4657.2998046875,308
2026-03-20T13:11:00,4657.5,4666.89990234375,4654.10009765625,4664.7001953125,446
2026-03-20T13:12:00,4664.60009765625,4664.60009765625,4656.5,4657.7001953125,151
2026-03-20T13:13:00,4657.7001953125,4662.5,4657.60009765625,4661.2998046875,439
2026-03-20T13:14:00,4661.39990234375,4663.0,4660.60009765625,4662.39990234375,54
2026-03-20T13:15:00,4662.7998046875,4663.10009765625,4659.2001953125,4661.39990234375,140
2026-03-20T13:16:00,4661.2001953125,4662.2001953125,4658.7001953125,4659.2998046875,97
2026-03-20T13:17:00,4658.60009765625,4660.5,4655.89990234375,4656.7001953125,116
2026-03-20T13:18:00,4656.7001953125,4664.2998046875,4656.7001953125,4663.2998046875,142
2026-03-20T13:19:00,4663.2998046875,4665.7001953125,4661.89990234375,4665.0,192
2026-03-20T13:20:00,4665.60009765625,4670.2998046875,4665.60009765625,4669.89990234375,269
2026-03-20T13:21:00,4669.89990234375,4670.5,4667.7998046875,4668.60009765625,140
2026-03-20T13:22:00,4668.7001953125,4668.7998046875,4663.89990234375,4664.60009765625,103
2026-03-20T13:23:00,4664.60009765625,4667.0,4663.2001953125,4663.2998046875,76
2026-03-20T13:24:00,4663.2001953125,4664.0,4661.89990234375,4662.7998046875,271
2026-03-20T13:25:00,4663.0,4665.39990234375,4660.39990234375,4663.2001953125,114
2026-03-20T13:26:00,4664.0,4664.89990234375,4661.5,4661.7998046875,84
2026-03-20T13:27:00,4662.2001953125,4664.7001953125,4660.0,4660.10009765625,87
2026-03-20T13:28:00,4660.7001953125,4662.5,4659.7001953125,4661.7998046875,115
2026-03-20T13:29:00,4661.7001953125,4664.7998046875,4661.10009765625,4661.10009765625,85
2026-03-20T13:30:00,4660.89990234375,4666.60009765625,4653.2001953125,4656.10009765625,640
2026-03-20T13:31:00,4656.2001953125,4657.7998046875,4644.89990234375,4651.60009765625,1057
2026-03-20T13:32:00,4652.2001953125,4663.7001953125,4650.5,4650.89990234375,557
2026-03-20T13:33:00,4650.7998046875,4654.10009765625,4643.7001953125,4643.7001953125,325
2026-03-20T13:34:00,4644.5,4646.39990234375,4642.2001953125,4645.89990234375,604
2026-03-20T13:35:00,4645.0,4649.7001953125,4637.2001953125,4648.7998046875,845
2026-03-20T13:36:00,4648.7998046875,4660.10009765625,4648.2998046875,4657.10009765625,360
2026-03-20T13:37:00,4657.60009765625,4660.5,4653.39990234375,4655.39990234375,293
2026-03-20T13:38:00,4655.7001953125,4659.60009765625,4650.0,4653.10009765625,272
2026-03-20T13:39:00,4652.10009765625,4655.60009765625,4650.7001953125,4655.0,128
2026-03-20T13:40:00,4654.7001953125,4658.39990234375,4650.0,4656.0,284
2026-03-20T13:41:00,4656.60009765625,4658.0,4647.2001953125,4657.39990234375,273
2026-03-20T13:42:00,4657.7998046875,4664.60009765625,4653.39990234375,4659.7001953125,335
2026-03-20T13:43:00,4660.2998046875,4665.89990234375,4657.5,4663.7998046875,372
2026-03-20T13:44:00,4663.5,4663.60009765625,4658.89990234375,4662.89990234375,104
2026-03-20T13:45:00,4663.60009765625,4665.89990234375,4660.10009765625,4660.89990234375,289
2026-03-20T13:46:00,4660.60009765625,4663.0,4652.2998046875,4654.10009765625,187
2026-03-20T13:47:00,4654.2001953125,4656.2998046875,4651.2998046875,4654.7001953125,152
2026-03-20T13:48:00,4654.10009765625,4657.5,4651.60009765625,4655.89990234375,217
2026-03-20T13:49:00,4655.39990234375,4655.7001953125,4651.89990234375,4652.2001953125,140
2026-03-20T13:50:00,4651.10009765625,4653.2998046875,4643.89990234375,4644.7998046875,725
2026-03-20T13:51:00,4644.10009765625,4645.2001953125,4630.0,4631.2001953125,795
2026-03-20T13:52:00,4631.2001953125,4637.60009765625,4626.7001953125,4628.0,478
2026-03-20T13:53:00,4627.89990234375,4628.2998046875,4620.5,4624.60009765625,849
2026-03-20T13:54:00,4624.2998046875,4627.7001953125,4620.2001953125,4621.60009765625,577
2026-03-20T13:55:00,4622.7001953125,4627.89990234375,4614.2001953125,4621.60009765625,863
2026-03-20T13:56:00,4621.7001953125,4626.2998046875,4620.89990234375,4624.7998046875,346
2026-03-20T13:57:00,4624.7998046875,4627.7001953125,4622.7998046875,4622.89990234375,459
2026-03-20T13:58:00,4622.7001953125,4623.7001953125,4613.10009765625,4614.2001953125,657
2026-03-20T13:59:00,4615.0,4618.10009765625,4613.39990234375,4617.0,290
2026-03-20T14:00:00,4617.10009765625,4620.0,4607.2001953125,4620.0,604
2026-03-20T14:01:00,4620.10009765625,4622.2998046875,4610.39990234375,4611.2998046875,475
2026-03-20T14:02:00,4610.7998046875,4619.7998046875,4609.0,4619.7998046875,371
2026-03-20T14:03:00,4619.5,4622.39990234375,4614.0,4616.2001953125,307
2026-03-20T14:04:00,4616.2998046875,4620.10009765625,4614.39990234375,4616.0,199
2026-03-20T14:05:00,4615.89990234375,4623.2001953125,4615.5,4619.60009765625,540
2026-03-20T14:06:00,4619.7998046875,4622.7001953125,4617.39990234375,4618.7998046875,238
2026-03-20T14:07:00,4618.2001953125,4623.2001953125,4612.60009765625,4612.7001953125,350
2026-03-20T14:08:00,4613.60009765625,4616.7001953125,4600.2001953125,4602.10009765625,696
2026-03-20T14:09:00,4601.60009765625,4610.2998046875,4601.10009765625,4609.5,538
2026-03-20T14:10:00,4609.7001953125,4618.89990234375,4608.2001953125,4614.5,405
2026-03-20T14:11:00,4613.5,4613.5,4598.5,4600.0,673
2026-03-20T14:12:00,4600.2001953125,4603.60009765625,4593.39990234375,4594.7001953125,554
2026-03-20T14:13:00,4594.7998046875,4595.39990234375,4589.2998046875,4592.89990234375,694
2026-03-20T14:14:00,4593.10009765625,4593.5,4585.7001953125,4587.7001953125,486
2026-03-20T14:15:00,4587.0,4588.89990234375,4573.7998046875,4579.2001953125,1095
2026-03-20T14:16:00,4578.5,4581.7998046875,4574.0,4579.5,557
2026-03-20T14:17:00,4579.89990234375,4586.7001953125,4571.39990234375,4572.0,650
2026-03-20T14:18:00,4571.7998046875,4575.5,4562.7998046875,4562.89990234375,662
2026-03-20T14:19:00,4563.5,4576.89990234375,4562.5,4575.5,535
2026-03-20T14:20:00,4575.2998046875,4577.7998046875,4569.5,4570.89990234375,656
2026-03-20T14:21:00,4570.0,4580.39990234375,4567.60009765625,4573.10009765625,634
2026-03-20T14:22:00,4572.89990234375,4575.5,4568.5,4568.5,353
2026-03-20T14:23:00,4568.39990234375,4577.2001953125,4565.2998046875,4573.7001953125,479
2026-03-20T14:24:00,4573.60009765625,4575.2001953125,4560.7998046875,4569.39990234375,786
2026-03-20T14:25:00,4568.7001953125,4569.89990234375,4554.60009765625,4559.39990234375,514
2026-03-20T14:26:00,4559.2001953125,4562.39990234375,4555.2001953125,4560.2998046875,434
2026-03-20T14:27:00,4559.89990234375,4566.0,4553.2001953125,4556.0,489
2026-03-20T14:28:00,4556.10009765625,4561.60009765625,4551.10009765625,4554.39990234375,358
2026-03-20T14:29:00,4554.0,4561.5,4554.0,4560.60009765625,275
2026-03-20T14:30:00,4558.2001953125,4573.7001953125,4557.5,4572.39990234375,906
2026-03-20T14:31:00,4571.39990234375,4572.0,4567.60009765625,4569.7001953125,248
2026-03-20T14:32:00,4569.7001953125,4576.0,4567.39990234375,4571.10009765625,575
2026-03-20T14:33:00,4570.0,4577.89990234375,4569.7001953125,4577.89990234375,372
2026-03-20T14:34:00,4577.5,4581.39990234375,4572.10009765625,4580.5,601
2026-03-20T14:35:00,4580.0,4583.89990234375,4577.7001953125,4580.0,347
2026-03-20T14:36:00,4579.2001953125,4585.89990234375,4577.2998046875,4581.7001953125,752
2026-03-20T14:37:00,4582.5,4583.60009765625,4573.39990234375,4577.89990234375,410
2026-03-20T14:38:00,4578.0,4579.2998046875,4574.60009765625,4577.60009765625,252
2026-03-20T14:39:00,4577.2998046875,4579.39990234375,4575.60009765625,4576.10009765625,161
2026-03-20T14:40:00,4575.2001953125,4580.2998046875,4572.89990234375,4576.5,398
2026-03-20T14:41:00,4576.5,4579.7001953125,4572.7001953125,4573.89990234375,152
2026-03-20T14:42:00,4573.10009765625,4579.2998046875,4572.60009765625,4574.2998046875,177
2026-03-20T14:43:00,4573.5,4577.0,4571.2001953125,4572.2998046875,402
2026-03-20T14:44:00,4572.7998046875,4579.7998046875,4572.7998046875,4577.10009765625,163
2026-03-20T14:45:00,4576.5,4579.10009765625,4571.7001953125,4578.7001953125,427
2026-03-20T14:46:00,4579.2001953125,4583.89990234375,4573.2998046875,4573.39990234375,361
2026-03-20T14:47:00,4573.0,4575.60009765625,4564.0,4564.2001953125,363
2026-03-20T14:48:00,4564.2001953125,4576.89990234375,4563.7998046875,4573.0,248
2026-03-20T14:49:00,4574.7001953125,4575.2998046875,4566.39990234375,4566.39990234375,137
2026-03-20T14:50:00,4565.5,4572.10009765625,4565.5,4569.60009765625,204
2026-03-20T14:51:00,4570.0,4572.2001953125,4568.60009765625,4571.5,163
2026-03-20T14:52:00,4570.7998046875,4571.2998046875,4568.5,4569.39990234375,139
2026-03-20T14:53:00,4570.0,4573.0,4568.60009765625,4572.2998046875,155
2026-03-20T14:54:00,4572.10009765625,4572.10009765625,4553.5,4555.7001953125,807
2026-03-20T14:55:00,4555.39990234375,4562.2998046875,4547.60009765625,4561.39990234375,734
2026-03-20T14:56:00,4561.2998046875,4564.89990234375,4558.2001953125,4559.7998046875,325
2026-03-20T14:57:00,4559.2998046875,4570.7001953125,4559.2998046875,4569.7998046875,234
2026-03-20T14:58:00,4570.2001953125,4571.0,4563.7001953125,4565.0,212
2026-03-20T14:59:00,4565.5,4565.5,4561.60009765625,4564.89990234375,175
2026-03-20T15:00:00,4564.5,4574.2001953125,4564.2998046875,4570.0,1036
2026-03-20T15:01:00,4569.2998046875,4577.10009765625,4567.39990234375,4576.7001953125,376
2026-03-20T15:02:00,4576.5,4582.39990234375,4572.7001953125,4573.2998046875,612
2026-03-20T15:03:00,4573.39990234375,4574.7998046875,4569.60009765625,4570.39990234375,258
2026-03-20T15:04:00,4570.7998046875,4574.7001953125,4566.5,4573.10009765625,290
2026-03-20T15:05:00,4573.2001953125,4577.39990234375,4571.0,4571.5,216
2026-03-20T15:06:00,4571.10009765625,4573.89990234375,4567.7998046875,4571.0,189
2026-03-20T15:07:00,4570.10009765625,4571.89990234375,4568.0,4570.2998046875,196
2026-03-20T15:08:00,4569.5,4569.5,4561.60009765625,4563.39990234375,392
2026-03-20T15:09:00,4564.60009765625,4567.7001953125,4562.2998046875,4565.39990234375,140
2026-03-20T15:10:00,4566.0,4568.0,4564.60009765625,4567.10009765625,168
2026-03-20T15:11:00,4567.2998046875,4574.10009765625,4564.60009765625,4571.39990234375,274
2026-03-20T15:12:00,4570.7001953125,4579.7998046875,4569.10009765625,4579.60009765625,318
2026-03-20T15:13:00,4579.7998046875,4580.2998046875,4575.0,4578.2001953125,182
2026-03-20T15:14:00,4577.89990234375,4579.2998046875,4576.10009765625,4578.39990234375,169
2026-03-20T15:15:00,4578.60009765625,4578.60009765625,4574.7001953125,4575.10009765625,170
2026-03-20T15:16:00,4574.60009765625,4575.2998046875,4560.0,4564.7998046875,471
2026-03-20T15:17:00,4563.60009765625,4572.2001953125,4562.7998046875,4570.7998046875,241
2026-03-20T15:18:00,4571.10009765625,4571.89990234375,4567.7001953125,4568.7998046875,131
2026-03-20T15:19:00,4569.0,4569.10009765625,4563.7998046875,4563.7998046875,151
2026-03-20T15:20:00,4563.60009765625,4565.7001953125,4559.10009765625,4560.10009765625,1006
2026-03-20T15:21:00,4561.0,4567.2001953125,4561.0,4565.89990234375,154
2026-03-20T15:22:00,4566.2998046875,4566.7001953125,4564.7001953125,4566.7001953125,44
2026-03-20T15:23:00,4565.89990234375,4577.0,4563.39990234375,4575.60009765625,720
2026-03-20T15:24:00,4576.39990234375,4577.0,4563.0,4563.10009765625,454
2026-03-20T15:25:00,4562.89990234375,4565.7998046875,4545.39990234375,4545.39990234375,730
2026-03-20T15:26:00,4545.39990234375,4552.10009765625,4542.10009765625,4542.89990234375,490
2026-03-20T15:27:00,4542.89990234375,4552.10009765625,4542.60009765625,4551.39990234375,325
2026-03-20T15:28:00,4550.60009765625,4558.0,4550.0,4556.5,400
2026-03-20T15:29:00,4556.89990234375,4565.10009765625,4556.7001953125,4564.7001953125,240
2026-03-20T15:30:00,4564.39990234375,4567.7998046875,4559.39990234375,4564.10009765625,283
2026-03-20T15:31:00,4564.2998046875,4570.7998046875,4563.2998046875,4570.7001953125,575
2026-03-20T15:32:00,4570.10009765625,4571.5,4568.2998046875,4569.7998046875,193
2026-03-20T15:33:00,4569.2998046875,4577.7998046875,4567.0,4575.7998046875,221
2026-03-20T15:34:00,4575.7998046875,4577.10009765625,4569.2001953125,4569.2001953125,179
2026-03-20T15:35:00,4570.10009765625,4570.2001953125,4563.2001953125,4565.2998046875,285
2026-03-20T15:36:00,4565.89990234375,4568.7998046875,4561.60009765625,4566.2998046875,116
2026-03-20T15:37:00,4565.2998046875,4567.7998046875,4564.5,4564.7998046875,64
2026-03-20T15:38:00,4565.5,4567.39990234375,4562.2001953125,4566.2001953125,117
2026-03-20T15:39:00,4566.2001953125,4569.2001953125,4562.7998046875,4562.89990234375,187
2026-03-20T15:40:00,4563.2998046875,4565.0,4559.89990234375,4560.89990234375,397
2026-03-20T15:41:00,4561.5,4563.2998046875,4558.39990234375,4559.5,180
2026-03-20T15:42:00,4560.10009765625,4565.10009765625,4560.10009765625,4563.89990234375,123
2026-03-20T15:43:00,4563.89990234375,4568.10009765625,4563.7998046875,4567.2998046875,220
2026-03-20T15:44:00,4567.10009765625,4567.89990234375,4563.5,4564.7001953125,132
2026-03-20T15:45:00,4564.2998046875,4564.7998046875,4557.89990234375,4560.39990234375,154
2026-03-20T15:46:00,4560.0,4561.2001953125,4553.7998046875,4554.89990234375,203
2026-03-20T15:47:00,4554.0,4557.39990234375,4553.7998046875,4556.5,167
2026-03-20T15:48:00,4556.2998046875,4557.7001953125,4550.0,4550.89990234375,567
2026-03-20T15:49:00,4551.0,4554.10009765625,4545.7001953125,4550.7998046875,278
2026-03-20T15:50:00,4550.7998046875,4552.39990234375,4547.0,4548.2001953125,218
2026-03-20T15:51:00,4548.5,4558.5,4547.7998046875,4557.7998046875,227
2026-03-20T15:52:00,4557.2001953125,4561.89990234375,4557.2001953125,4559.89990234375,184
2026-03-20T15:53:00,4559.89990234375,4561.2998046875,4558.2001953125,4560.2998046875,103
2026-03-20T15:54:00,4560.0,4561.7998046875,4557.7001953125,4559.2001953125,212
2026-03-20T15:55:00,4559.2998046875,4559.60009765625,4556.39990234375,4557.2001953125,118
2026-03-20T15:56:00,4557.39990234375,4557.39990234375,4553.60009765625,4554.5,80
2026-03-20T15:57:00,4554.2998046875,4557.7001953125,4554.2998046875,4556.5,103
2026-03-20T15:58:00,4556.7998046875,4557.0,4553.2998046875,4554.39990234375,102
2026-03-20T15:59:00,4554.5,4559.0,4554.39990234375,4555.2998046875,132
2026-03-20T16:00:00,4554.89990234375,4564.2998046875,4554.0,4563.7001953125,301
2026-03-20T16:01:00,4563.39990234375,4565.10009765625,4560.2998046875,4564.2001953125,275
2026-03-20T16:02:00,4563.5,4563.7001953125,4560.5,4562.0,149
2026-03-20T16:03:00,4561.7998046875,4573.2998046875,4561.39990234375,4573.2998046875,536
2026-03-20T16:04:00,4573.2998046875,4578.7998046875,4573.0,4576.5,365
2026-03-20T16:05:00,4576.0,4583.2998046875,4571.89990234375,4582.2998046875,556
2026-03-20T16:06:00,4581.7998046875,4583.60009765625,4578.0,4578.2998046875,285
2026-03-20T16:07:00,4578.0,4581.0,4574.0,4576.10009765625,369
2026-03-20T16:08:00,4576.7001953125,4577.0,4573.5,4574.7001953125,112
2026-03-20T16:09:00,4574.10009765625,4575.39990234375,4572.2998046875,4574.2001953125,74
2026-03-20T16:10:00,4574.10009765625,4575.89990234375,4571.10009765625,4575.7001953125,160
2026-03-20T16:11:00,4575.60009765625,4582.7001953125,4575.2998046875,4582.2001953125,503
2026-03-20T16:12:00,4582.10009765625,4587.2998046875,4581.39990234375,4585.7001953125,386
2026-03-20T16:13:00,4585.5,4588.0,4582.60009765625,4586.60009765625,238
2026-03-20T16:14:00,4586.7998046875,4590.7998046875,4584.89990234375,4590.39990234375,196
2026-03-20T16:15:00,4590.7001953125,4593.7001953125,4587.89990234375,4589.89990234375,411
2026-03-20T16:16:00,4590.2001953125,4590.2001953125,4585.60009765625,4588.39990234375,187
2026-03-20T16:17:00,4588.39990234375,4595.2001953125,4587.39990234375,4595.2001953125,350
2026-03-20T16:18:00,4595.0,4598.89990234375,4594.60009765625,4598.7001953125,531
2026-03-20T16:19:00,4598.39990234375,4604.2998046875,4598.0,4603.89990234375,715
2026-03-20T16:20:00,4604.2001953125,4613.39990234375,4603.10009765625,4612.2998046875,766
2026-03-20T16:21:00,4612.5,4616.2998046875,4606.39990234375,4609.7001953125,620
2026-03-20T16:22:00,4609.7001953125,4609.7001953125,4601.60009765625,4604.89990234375,390
2026-03-20T16:23:00,4604.7001953125,4606.0,4600.2998046875,4602.7001953125,193
2026-03-20T16:24:00,4602.5,4602.60009765625,4597.0,4598.10009765625,251
2026-03-20T16:25:00,4598.2998046875,4598.2998046875,4592.10009765625,4593.2998046875,286
2026-03-20T16:26:00,4593.60009765625,4594.10009765625,4588.2001953125,4589.10009765625,448
2026-03-20T16:27:00,4589.0,4591.2998046875,4588.10009765625,4590.0,172
2026-03-20T16:28:00,4589.7001953125,4591.2998046875,4585.7001953125,4589.60009765625,300
2026-03-20T16:29:00,4589.7998046875,4590.0,4585.5,4586.89990234375,121
2026-03-20T16:30:00,4586.60009765625,4587.60009765625,4581.0,4581.7001953125,376
2026-03-20T16:31:00,4582.0,4582.0,4572.2001953125,4577.10009765625,716
2026-03-20T16:32:00,4576.39990234375,4578.2998046875,4575.0,4578.2998046875,191
2026-03-20T16:33:00,4578.5,4584.7998046875,4578.39990234375,4584.2001953125,351
2026-03-20T16:34:00,4584.2998046875,4584.60009765625,4580.7998046875,4583.0,156
2026-03-20T16:35:00,4583.7998046875,4589.5,4583.2998046875,4586.60009765625,264
2026-03-20T16:36:00,4586.5,4592.10009765625,4585.89990234375,4591.10009765625,179
2026-03-20T16:37:00,4591.2001953125,4594.0,4589.39990234375,4589.39990234375,139
2026-03-20T16:38:00,4589.60009765625,4590.89990234375,4585.7001953125,4590.2998046875,165
2026-03-20T16:39:00,4590.39990234375,4594.89990234375,4590.2998046875,4591.7998046875,120
2026-03-20T16:40:00,4591.7998046875,4594.2998046875,4589.7998046875,4590.5,149
2026-03-20T16:41:00,4590.39990234375,4592.7998046875,4588.89990234375,4590.60009765625,197
2026-03-20T16:42:00,4590.60009765625,4590.60009765625,4586.2998046875,4587.5,116
2026-03-20T16:43:00,4587.2998046875,4589.2001953125,4584.2001953125,4585.7998046875,146
2026-03-20T16:44:00,4585.89990234375,4585.89990234375,4581.0,4583.5,249
2026-03-20T16:45:00,4583.10009765625,4583.89990234375,4579.10009765625,4580.60009765625,425
2026-03-20T16:46:00,4579.89990234375,4582.60009765625,4578.60009765625,4582.2998046875,100
2026-03-20T16:47:00,4582.39990234375,4582.7998046875,4572.0,4574.2001953125,367
2026-03-20T16:48:00,4574.5,4576.2001953125,4568.7998046875,4571.5,230
2026-03-20T16:49:00,4571.7001953125,4579.2001953125,4571.60009765625,4578.89990234375,289
2026-03-20T16:50:00,4579.0,4580.89990234375,4577.2998046875,4577.2998046875,148
2026-03-20T16:51:00,4577.2998046875,4577.7998046875,4573.7998046875,4575.2001953125,188
2026-03-20T16:52:00,4574.89990234375,4578.60009765625,4574.2001953125,4577.89990234375,128
2026-03-20T16:53:00,4579.0,4583.10009765625,4578.5,4581.39990234375,184
2026-03-20T16:54:00,4580.7998046875,4583.89990234375,4580.2001953125,4583.60009765625,106
2026-03-20T16:55:00,4583.39990234375,4588.39990234375,4583.10009765625,4587.2998046875,303
2026-03-20T16:56:00,4586.89990234375,4590.2998046875,4586.39990234375,4587.5,184
2026-03-20T16:57:00,4587.5,4587.7998046875,4583.2998046875,4585.0,127
2026-03-20T16:58:00,4584.39990234375,4588.60009765625,4584.39990234375,4586.60009765625,88
2026-03-20T16:59:00,4587.0,4587.0,4584.39990234375,4585.2998046875,145
2026-03-20T17:00:00,4585.60009765625,4590.0,4584.89990234375,4587.89990234375,134
2026-03-20T17:01:00,4587.2998046875,4588.0,4582.7001953125,4588.0,121
2026-03-20T17:02:00,4588.7998046875,4593.10009765625,4588.0,4592.60009765625,172
2026-03-20T17:03:00,4592.89990234375,4594.2998046875,4586.7001953125,4587.7001953125,212
2026-03-20T17:04:00,4588.0,4592.39990234375,4587.60009765625,4591.60009765625,168
2026-03-20T17:05:00,4591.89990234375,4591.89990234375,4575.2001953125,4577.2001953125,904
2026-03-20T17:06:00,4576.7998046875,4591.7998046875,4576.7998046875,4591.7998046875,317
2026-03-20T17:07:00,4591.2998046875,4600.0,4589.39990234375,4597.2998046875,387
2026-03-20T17:08:00,4598.2998046875,4602.5,4595.0,4599.10009765625,551
2026-03-20T17:09:00,4599.10009765625,4599.5,4592.5,4593.2998046875,297
2026-03-20T17:10:00,4593.39990234375,4595.2998046875,4591.2998046875,4591.7001953125,160
2026-03-20T17:11:00,4592.10009765625,4592.10009765625,4586.2001953125,4590.89990234375,238
2026-03-20T17:12:00,4590.39990234375,4590.39990234375,4584.7001953125,4588.0,116
2026-03-20T17:13:00,4587.5,4589.0,4584.0,4585.39990234375,126
2026-03-20T17:14:00,4585.2998046875,4587.0,4583.60009765625,4584.0,142
2026-03-20T17:15:00,4584.39990234375,4584.7998046875,4577.7998046875,4578.2998046875,159
2026-03-20T17:16:00,4578.10009765625,4580.39990234375,4576.7998046875,4577.7998046875,200
2026-03-20T17:17:00,4578.2001953125,4578.7001953125,4575.2998046875,4576.2001953125,380
2026-03-20T17:18:00,4576.7001953125,4580.7001953125,4575.7001953125,4578.0,177
2026-03-20T17:19:00,4578.39990234375,4580.0,4576.60009765625,4576.60009765625,93
2026-03-20T17:20:00,4577.2998046875,4579.89990234375,4576.60009765625,4578.60009765625,86
2026-03-20T17:21:00,4579.0,4580.7001953125,4576.10009765625,4577.39990234375,146
2026-03-20T17:22:00,4578.2001953125,4580.7001953125,4577.89990234375,4580.2998046875,150
2026-03-20T17:23:00,4580.2998046875,4581.89990234375,4575.7998046875,4575.7998046875,203
2026-03-20T17:24:00,4576.0,4578.7998046875,4570.7001953125,4572.89990234375,239
2026-03-20T17:25:00,4572.7001953125,4578.89990234375,4571.5,4578.60009765625,193
2026-03-20T17:26:00,4578.2998046875,4578.2998046875,4573.10009765625,4575.2001953125,292
2026-03-20T17:27:00,4575.10009765625,4575.7998046875,4572.10009765625,4572.10009765625,236
2026-03-20T17:28:00,4572.39990234375,4578.0,4571.89990234375,4577.10009765625,252
2026-03-20T17:29:00,4577.39990234375,4577.39990234375,4573.89990234375,4574.2001953125,636
2026-03-20T17:30:00,4574.60009765625,4576.7998046875,4572.2001953125,4575.39990234375,226
2026-03-20T17:31:00,4575.5,4576.2001953125,4565.39990234375,4569.60009765625,735
2026-03-20T17:32:00,4569.39990234375,4569.39990234375,4563.89990234375,4564.0,233
2026-03-20T17:33:00,4564.10009765625,4566.2001953125,4562.5,4563.10009765625,479
2026-03-20T17:34:00,4563.39990234375,4565.10009765625,4561.2998046875,4564.10009765625,208
2026-03-20T17:35:00,4564.10009765625,4568.0,4560.7001953125,4561.5,128
2026-03-20T17:36:00,4560.60009765625,4561.7998046875,4556.7001953125,4559.7001953125,404
2026-03-20T17:37:00,4559.39990234375,4563.7001953125,4558.5,4563.39990234375,375
2026-03-20T17:38:00,4562.7001953125,4567.2998046875,4562.2001953125,4565.0,171
2026-03-20T17:39:00,4565.0,4567.7001953125,4564.2998046875,4564.2998046875,315
2026-03-20T17:40:00,4564.10009765625,4565.39990234375,4561.39990234375,4564.7998046875,128
2026-03-20T17:41:00,4565.2001953125,4565.5,4561.2998046875,4565.0,87
2026-03-20T17:42:00,4565.39990234375,4568.39990234375,4565.0,4565.2001953125,90
2026-03-20T17:43:00,4564.39990234375,4567.0,4563.5,4566.2001953125,84
2026-03-20T17:44:00,4566.89990234375,4568.60009765625,4565.60009765625,4568.2001953125,86
2026-03-20T17:45:00,4568.0,4571.39990234375,4566.0,4566.39990234375,426
2026-03-20T17:46:00,4565.7998046875,4569.2998046875,4564.7998046875,4569.2998046875,338
2026-03-20T17:47:00,4569.5,4570.0,4567.39990234375,4567.7001953125,78
2026-03-20T17:48:00,4568.2998046875,4568.7998046875,4566.2001953125,4568.5,54
2026-03-20T17:49:00,4568.0,4568.7001953125,4565.10009765625,4566.0,66
2026-03-20T17:50:00,4565.7001953125,4571.2998046875,4565.39990234375,4571.0,170
2026-03-20T17:51:00,4571.0,4574.5,4570.7998046875,4573.7001953125,169
2026-03-20T17:52:00,4573.2998046875,4573.7001953125,4571.89990234375,4573.60009765625,100
2026-03-20T17:53:00,4573.7998046875,4578.10009765625,4572.7998046875,4577.7001953125,199
2026-03-20T17:54:00,4577.7998046875,4579.0,4576.7001953125,4578.7998046875,181
2026-03-20T17:55:00,4579.0,4579.2998046875,4575.7001953125,4576.60009765625,135
2026-03-20T17:56:00,4576.0,4577.89990234375,4575.2998046875,4576.10009765625,113
2026-03-20T17:57:00,4575.5,4577.7001953125,4575.5,4577.10009765625,67
2026-03-20T17:58:00,4577.7001953125,4579.5,4574.89990234375,4574.89990234375,136
2026-03-20T17:59:00,4575.39990234375,4575.89990234375,4573.7001953125,4575.89990234375,88
2026-03-20T18:00:00,4576.10009765625,4580.5,4576.10009765625,4576.39990234375,158
2026-03-20T18:01:00,4576.60009765625,4576.7998046875,4574.89990234375,4575.60009765625,91
2026-03-20T18:02:00,4576.2998046875,4579.39990234375,4576.0,4579.0,64
2026-03-20T18:03:00,4579.2998046875,4579.2998046875,4573.2998046875,4574.5,130
2026-03-20T18:04:00,4573.10009765625,4574.2001953125,4572.5,4572.7001953125,110
2026-03-20T18:05:00,4573.60009765625,4574.5,4572.60009765625,4573.39990234375,76
2026-03-20T18:06:00,4573.10009765625,4578.7998046875,4573.10009765625,4576.2001953125,79
2026-03-20T18:07:00,4576.7001953125,4578.2001953125,4575.0,4577.89990234375,69
2026-03-20T18:08:00,4577.2998046875,4578.2998046875,4573.89990234375,4573.89990234375,51
2026-03-20T18:09:00,4574.2001953125,4574.2001953125,4569.60009765625,4569.7998046875,145
2026-03-20T18:10:00,4569.7001953125,4570.60009765625,4563.7998046875,4563.89990234375,162
2026-03-20T18:11:00,4563.89990234375,4568.39990234375,4563.89990234375,4567.2001953125,90
2026-03-20T18:12:00,4567.7001953125,4574.39990234375,4567.2001953125,4573.7998046875,113
2026-03-20T18:13:00,4574.0,4578.0,4570.7998046875,4571.2001953125,208
2026-03-20T18:14:00,4571.0,4571.10009765625,4565.39990234375,4565.89990234375,149
2026-03-20T18:15:00,4566.89990234375,4568.39990234375,4562.7998046875,4564.0,95
2026-03-20T18:16:00,4563.10009765625,4565.7001953125,4562.39990234375,4563.60009765625,136
2026-03-20T18:17:00,4563.39990234375,4565.2001953125,4561.7998046875,4562.2998046875,111
2026-03-20T18:18:00,4562.7998046875,4564.7998046875,4562.7998046875,4564.39990234375,44
2026-03-20T18:19:00,4564.5,4568.39990234375,4564.5,4568.2998046875,163
2026-03-20T18:20:00,4568.0,4570.39990234375,4562.2001953125,4563.89990234375,116
2026-03-20T18:21:00,4562.89990234375,4565.5,4560.2998046875,4560.5,86
2026-03-20T18:22:00,4560.7998046875,4561.0,4538.7001953125,4541.39990234375,754
2026-03-20T18:23:00,4542.7001953125,4547.10009765625,4538.7998046875,4546.5,681
2026-03-20T18:24:00,4547.7001953125,4549.39990234375,4545.39990234375,4549.39990234375,150
2026-03-20T18:25:00,4549.2998046875,4555.0,4549.2998046875,4554.60009765625,183
2026-03-20T18:26:00,4554.2001953125,4558.5,4554.2001953125,4557.89990234375,102
2026-03-20T18:27:00,4558.39990234375,4560.7001953125,4556.2001953125,4559.39990234375,278
2026-03-20T18:28:00,4560.7001953125,4560.7001953125,4555.39990234375,4556.60009765625,156
2026-03-20T18:29:00,4555.89990234375,4557.7998046875,4554.10009765625,4557.0,85
2026-03-20T18:30:00,4556.39990234375,4559.2998046875,4553.60009765625,4554.2001953125,58
2026-03-20T18:31:00,4553.60009765625,4555.5,4550.60009765625,4550.7001953125,123
2026-03-20T18:32:00,4550.2998046875,4550.7001953125,4546.7001953125,4550.39990234375,98
2026-03-20T18:33:00,4549.39990234375,4551.7998046875,4549.0,4551.5,44
2026-03-20T18:34:00,4551.7001953125,4551.89990234375,4548.2998046875,4548.2998046875,73
2026-03-20T18:35:00,4548.2001953125,4550.2001953125,4547.0,4549.10009765625,48
2026-03-20T18:36:00,4548.5,4549.5,4545.0,4545.89990234375,193
2026-03-20T18:37:00,4546.2001953125,4547.89990234375,4543.60009765625,4543.60009765625,120
2026-03-20T18:38:00,4544.60009765625,4546.2001953125,4540.2998046875,4542.2001953125,165
2026-03-20T18:39:00,4542.10009765625,4547.2998046875,4542.0,4545.89990234375,134
2026-03-20T18:40:00,4545.89990234375,4548.2001953125,4544.2998046875,4546.0,67
2026-03-20T18:41:00,4546.60009765625,4547.60009765625,4541.7001953125,4542.2001953125,91
2026-03-20T18:42:00,4542.7998046875,4544.2001953125,4534.2001953125,4535.2998046875,436
2026-03-20T18:43:00,4535.2998046875,4536.2998046875,4528.7998046875,4529.60009765625,475
2026-03-20T18:44:00,4529.7998046875,4530.5,4526.0,4528.39990234375,249
2026-03-20T18:45:00,4528.60009765625,4531.39990234375,4526.10009765625,4529.39990234375,412
2026-03-20T18:46:00,4528.39990234375,4530.7001953125,4524.60009765625,4525.5,258
2026-03-20T18:47:00,4525.10009765625,4525.10009765625,4515.60009765625,4519.2998046875,720
2026-03-20T18:48:00,4519.2998046875,4522.0,4512.39990234375,4514.7001953125,420
2026-03-20T18:49:00,4514.10009765625,4516.0,4512.0,4512.89990234375,416
2026-03-20T18:50:00,4512.5,4513.10009765625,4502.60009765625,4512.10009765625,1310
2026-03-20T18:51:00,4512.5,4520.5,4512.5,4516.7998046875,452
2026-03-20T18:52:00,4516.7001953125,4517.2998046875,4513.5,4514.7998046875,161
2026-03-20T18:53:00,4514.0,4516.5,4505.5,4505.7001953125,384
2026-03-20T18:54:00,4505.89990234375,4508.2998046875,4503.0,4504.60009765625,613
2026-03-20T18:55:00,4504.0,4505.0,4481.39990234375,4487.2998046875,2080
2026-03-20T18:56:00,4487.7001953125,4491.7001953125,4482.10009765625,4486.89990234375,564
2026-03-20T18:57:00,4486.7998046875,4492.89990234375,4478.39990234375,4491.89990234375,395
2026-03-20T18:58:00,4492.39990234375,4497.60009765625,4490.7998046875,4495.10009765625,402
2026-03-20T18:59:00,4495.0,4502.0,4494.10009765625,4500.7001953125,453
2026-03-20T19:00:00,4501.2998046875,4512.5,4500.7998046875,4508.2001953125,661
2026-03-20T19:01:00,4509.0,4514.7998046875,4506.39990234375,4513.5,332
2026-03-20T19:02:00,4513.5,4517.60009765625,4510.2998046875,4513.7998046875,277
2026-03-20T19:03:00,4514.0,4514.2998046875,4507.39990234375,4510.60009765625,230
2026-03-20T19:04:00,4509.89990234375,4512.5,4500.2001953125,4501.60009765625,240
2026-03-20T19:05:00,4501.0,4504.0,4498.2001953125,4500.10009765625,201
2026-03-20T19:06:00,4499.0,4499.0,4487.5,4490.2001953125,361
2026-03-20T19:07:00,4489.39990234375,4502.0,4488.89990234375,4498.5,349
2026-03-20T19:08:00,4500.2998046875,4504.7998046875,4498.5,4503.2998046875,147
2026-03-20T19:09:00,4502.10009765625,4505.60009765625,4498.7998046875,4504.89990234375,104
2026-03-20T19:10:00,4503.7001953125,4505.5,4500.5,4501.39990234375,98
2026-03-20T19:11:00,4501.5,4502.2998046875,4492.7001953125,4495.60009765625,135
2026-03-20T19:12:00,4495.60009765625,4499.2998046875,4489.10009765625,4498.7998046875,154
2026-03-20T19:13:00,4499.2998046875,4503.0,4497.7001953125,4502.7998046875,168
2026-03-20T19:14:00,4503.2001953125,4506.89990234375,4500.0,4501.5,240
2026-03-20T19:15:00,4501.60009765625,4509.60009765625,4501.39990234375,4508.2001953125,99
2026-03-20T19:16:00,4508.10009765625,4508.7001953125,4502.0,4503.5,103
2026-03-20T19:17:00,4503.0,4504.89990234375,4495.0,4501.39990234375,242
2026-03-20T19:18:00,4501.0,4503.7001953125,4498.2001953125,4501.2001953125,64
2026-03-20T19:19:00,4498.7998046875,4503.7998046875,4498.10009765625,4503.60009765625,60
2026-03-20T19:20:00,4501.7998046875,4501.7998046875,4495.60009765625,4496.2001953125,135
2026-03-20T19:21:00,4496.5,4499.39990234375,4491.60009765625,4492.39990234375,109
2026-03-20T19:22:00,4491.7001953125,4498.60009765625,4490.7998046875,4494.2001953125,114
2026-03-20T19:23:00,4495.0,4497.10009765625,4493.39990234375,4494.2998046875,77
2026-03-20T19:24:00,4493.2998046875,4495.60009765625,4487.5,4489.2001953125,189
2026-03-20T19:25:00,4489.7001953125,4493.39990234375,4487.39990234375,4489.10009765625,110
2026-03-20T19:26:00,4489.10009765625,4494.7998046875,4488.0,4493.7001953125,126
2026-03-20T19:27:00,4494.5,4500.2001953125,4494.5,4498.2998046875,241
2026-03-20T19:28:00,4498.2001953125,4500.0,4496.5,4497.7998046875,94
2026-03-20T19:29:00,4499.5,4500.7001953125,4496.5,4500.0,112
2026-03-20T19:30:00,4500.7998046875,4508.5,4500.2998046875,4508.5,237
2026-03-20T19:31:00,4508.7998046875,4509.2998046875,4503.2998046875,4503.60009765625,128
2026-03-20T19:32:00,4503.5,4504.60009765625,4499.2998046875,4504.60009765625,108
2026-03-20T19:33:00,4505.10009765625,4511.5,4503.7998046875,4507.5,122
2026-03-20T19:34:00,4506.89990234375,4506.89990234375,4498.0,4499.2001953125,139
2026-03-20T19:35:00,4499.2998046875,4501.60009765625,4494.10009765625,4496.2998046875,114
2026-03-20T19:36:00,4496.2998046875,4499.0,4496.2998046875,4497.7998046875,58
2026-03-20T19:37:00,4497.7001953125,4504.7001953125,4495.2001953125,4504.60009765625,132
2026-03-20T19:38:00,4504.5,4507.7001953125,4501.89990234375,4506.2998046875,159
2026-03-20T19:39:00,4506.60009765625,4511.60009765625,4506.60009765625,4510.7001953125,141
2026-03-20T19:40:00,4510.5,4512.39990234375,4508.0,4510.10009765625,162
2026-03-20T19:41:00,4510.2001953125,4511.5,4505.5,4507.7001953125,141
2026-03-20T19:42:00,4507.60009765625,4509.60009765625,4506.2001953125,4506.2001953125,79
2026-03-20T19:43:00,4506.10009765625,4512.39990234375,4506.0,4509.7001953125,129
2026-03-20T19:44:00,4509.89990234375,4518.7001953125,4509.2998046875,4515.7998046875,234
2026-03-20T19:45:00,4515.7001953125,4516.0,4510.5,4511.60009765625,166
2026-03-20T19:46:00,4510.60009765625,4513.60009765625,4509.60009765625,4512.2998046875,88
2026-03-20T19:47:00,4511.89990234375,4516.7998046875,4510.39990234375,4516.39990234375,71
2026-03-20T19:48:00,4516.0,4516.0,4511.5,4512.2998046875,205
2026-03-20T19:49:00,4511.10009765625,4512.7998046875,4509.2998046875,4509.39990234375,87
2026-03-20T19:50:00,4510.60009765625,4512.89990234375,4507.89990234375,4511.39990234375,161
2026-03-20T19:51:00,4512.0,4514.60009765625,4510.10009765625,4511.2001953125,104
2026-03-20T19:52:00,4511.60009765625,4514.5,4510.39990234375,4514.0,96
2026-03-20T19:53:00,4513.5,4516.7998046875,4510.5,4514.10009765625,114
2026-03-20T19:54:00,4514.7001953125,4518.5,4510.7001953125,4517.7998046875,193
2026-03-20T19:55:00,4517.60009765625,4517.60009765625,4511.2001953125,4513.39990234375,193
2026-03-20T19:56:00,4514.2001953125,4515.0,4503.7001953125,4503.7001953125,259
2026-03-20T19:57:00,4503.0,4509.0,4500.10009765625,4507.0,215
2026-03-20T19:58:00,4507.60009765625,4509.10009765625,4503.0,4505.89990234375,151
2026-03-20T19:59:00,4505.89990234375,4505.89990234375,4498.89990234375,4503.7998046875,304
2026-03-20T20:00:00,4503.5,4504.60009765625,4499.60009765625,4502.5,219
2026-03-20T20:01:00,4502.2001953125,4506.10009765625,4500.0,4504.60009765625,92
2026-03-20T20:02:00,4505.10009765625,4506.89990234375,4502.89990234375,4506.0,65
2026-03-20T20:03:00,4505.89990234375,4509.2001953125,4502.2998046875,4507.2998046875,69
2026-03-20T20:04:00,4507.10009765625,4507.10009765625,4505.39990234375,4505.39990234375,104
2026-03-20T20:05:00,4505.0,4505.2001953125,4498.5,4499.0,88
2026-03-20T20:06:00,4498.7001953125,4500.0,4495.60009765625,4499.60009765625,144
2026-03-20T20:07:00,4499.89990234375,4500.7001953125,4498.2001953125,4498.7998046875,50
2026-03-20T20:08:00,4498.2998046875,4499.89990234375,4496.7001953125,4498.10009765625,71
2026-03-20T20:09:00,4498.89990234375,4504.2998046875,4498.2998046875,4504.0,111
2026-03-20T20:10:00,4503.2998046875,4506.10009765625,4502.7001953125,4505.0,62
2026-03-20T20:11:00,4505.39990234375,4507.60009765625,4504.10009765625,4506.7001953125,143
2026-03-20T20:12:00,4506.60009765625,4507.89990234375,4506.5,4507.0,75
2026-03-20T20:13:00,4506.60009765625,4507.7998046875,4504.7998046875,4505.2001953125,69
2026-03-20T20:14:00,4504.89990234375,4509.5,4504.89990234375,4507.2001953125,59
2026-03-20T20:15:00,4507.5,4508.0,4506.2001953125,4506.2001953125,19
2026-03-20T20:16:00,4505.89990234375,4507.2001953125,4503.10009765625,4507.2001953125,48
2026-03-20T20:17:00,4506.89990234375,4512.39990234375,4506.7001953125,4512.2998046875,96
2026-03-20T20:18:00,4511.60009765625,4515.7001953125,4510.0,4514.2998046875,89
2026-03-20T20:19:00,4514.10009765625,4514.10009765625,4510.2001953125,4512.2998046875,58
2026-03-20T20:20:00,4512.2001953125,4514.0,4511.7001953125,4513.89990234375,33
2026-03-20T20:21:00,4514.0,4516.60009765625,4513.2001953125,4514.60009765625,47
2026-03-20T20:22:00,4514.2998046875,4515.7998046875,4511.0,4511.0,66
2026-03-20T20:23:00,4510.0,4513.2001953125,4510.0,4513.2001953125,31
2026-03-20T20:24:00,4513.89990234375,4514.60009765625,4512.7001953125,4512.7001953125,31
2026-03-20T20:25:00,4512.2998046875,4512.2998046875,4510.2998046875,4511.7001953125,14
2026-03-20T20:26:00,4512.2998046875,4513.0,4510.7998046875,4512.0,38
2026-03-20T20:27:00,4512.0,4512.10009765625,4509.89990234375,4510.7001953125,106
2026-03-20T20:28:00,4510.39990234375,4512.2998046875,4506.89990234375,4506.89990234375,90
2026-03-20T20:29:00,4507.0,4507.0,4503.0,4503.0,84
2026-03-20T20:30:00,4503.2001953125,4506.5,4503.0,4503.89990234375,45
2026-03-20T20:31:00,4504.60009765625,4505.2001953125,4502.5,4504.10009765625,39
2026-03-20T20:32:00,4504.0,4506.60009765625,4502.7001953125,4506.5,31
2026-03-20T20:33:00,4506.2998046875,4506.7001953125,4504.2998046875,4505.0,31
2026-03-20T20:34:00,4504.60009765625,4505.7001953125,4502.2998046875,4502.7998046875,28
2026-03-20T20:35:00,4501.7998046875,4504.5,4501.7998046875,4503.7998046875,26
2026-03-20T20:36:00,4503.39990234375,4503.39990234375,4500.0,4502.10009765625,77
2026-03-20T20:37:00,4501.7998046875,4505.2998046875,4501.0,4503.89990234375,41
2026-03-20T20:38:00,4503.5,4505.0,4502.60009765625,4503.39990234375,34
2026-03-20T20:39:00,4503.5,4507.0,4503.10009765625,4505.10009765625,52
2026-03-20T20:40:00,4505.2001953125,4506.10009765625,4501.5,4501.5,49
2026-03-20T20:41:00,4503.10009765625,4504.10009765625,4499.39990234375,4501.2998046875,87
2026-03-20T20:42:00,4500.89990234375,4502.39990234375,4498.89990234375,4502.10009765625,30
2026-03-20T20:43:00,4501.60009765625,4503.2001953125,4500.2998046875,4500.89990234375,45
2026-03-20T20:44:00,4502.2001953125,4505.2998046875,4502.2001953125,4505.2998046875,63
2026-03-20T20:45:00,4505.7001953125,4506.10009765625,4500.2998046875,4501.10009765625,60
2026-03-20T20:46:00,4500.7998046875,4501.60009765625,4499.0,4499.89990234375,30
2026-03-20T20:47:00,4500.2998046875,4500.7998046875,4498.7998046875,4499.2998046875,46
2026-03-20T20:48:00,4498.7998046875,4502.0,4498.2001953125,4500.10009765625,82
2026-03-20T20:49:00,4499.0,4500.10009765625,4495.2001953125,4499.89990234375,92
2026-03-20T20:50:00,4500.0,4501.7001953125,4499.5,4501.2001953125,48
2026-03-20T20:51:00,4501.5,4505.39990234375,4501.2001953125,4504.5,73
2026-03-20T20:52:00,4504.60009765625,4506.5,4503.2998046875,4503.89990234375,60
2026-03-20T20:53:00,4503.7998046875,4504.60009765625,4501.7001953125,4503.89990234375,31
2026-03-20T20:54:00,4502.5,4503.39990234375,4498.2001953125,4499.0,69
2026-03-20T20:55:00,4499.0,4502.0,4499.0,4500.2998046875,62
2026-03-20T20:56:00,4500.7998046875,4500.7998046875,4499.2998046875,4499.2998046875,35
2026-03-20T20:57:00,4499.5,4500.7998046875,4499.0,4500.0,32
2026-03-20T20:58:00,4499.5,4500.7998046875,4492.0,4496.2998046875,179
2026-03-20T20:59:00,4574.89990234375,4574.89990234375,4574.89990234375,4574.89990234375,155
2026-03-22T22:10:00,4511.7001953125,4515.89990234375,4505.2001953125,4506.89990234375,0
2026-03-22T22:11:00,4507.60009765625,4507.60009765625,4501.0,4501.0,140
2026-03-22T22:12:00,4500.89990234375,4503.2001953125,4490.0,4501.39990234375,228
2026-03-22T22:13:00,4501.60009765625,4505.0,4501.2001953125,4502.39990234375,138
2026-03-22T22:14:00,4502.60009765625,4510.0,4501.60009765625,4508.2998046875,137
2026-03-22T22:15:00,4508.10009765625,4510.0,4505.7001953125,4508.2001953125,137
2026-03-22T22:16:00,4508.10009765625,4510.0,4504.0,4507.89990234375,75
2026-03-22T22:17:00,4507.89990234375,4510.0,4507.60009765625,4508.89990234375,86
2026-03-22T22:18:00,4509.0,4517.2001953125,4507.89990234375,4517.0,239
2026-03-22T22:19:00,4517.0,4521.5,4512.0,4515.2998046875,191
2026-03-22T22:20:00,4515.60009765625,4519.0,4513.89990234375,4518.60009765625,134
2026-03-22T22:21:00,4517.5,4525.5,4516.10009765625,4525.5,219
2026-03-22T22:22:00,4525.5,4528.7998046875,4519.0,4524.2001953125,331
2026-03-22T22:23:00,4523.39990234375,4523.60009765625,4517.2998046875,4521.7001953125,180
2026-03-22T22:24:00,4521.7998046875,4532.5,4521.7001953125,4528.10009765625,283
2026-03-22T22:25:00,4528.5,4529.0,4522.7998046875,4525.2001953125,115
2026-03-22T22:26:00,4525.39990234375,4531.2998046875,4521.39990234375,4530.39990234375,129
2026-03-22T22:27:00,4530.89990234375,4532.39990234375,4528.2001953125,4528.7001953125,78
2026-03-22T22:28:00,4528.10009765625,4537.10009765625,4526.60009765625,4532.39990234375,295
2026-03-22T22:29:00,4532.7998046875,4532.7998046875,4524.2998046875,4525.0,127
2026-03-22T22:30:00,4525.7001953125,4527.10009765625,4521.10009765625,4525.10009765625,130
2026-03-22T22:31:00,4525.2998046875,4526.5,4521.39990234375,4523.39990234375,65
2026-03-22T22:32:00,4523.10009765625,4525.7998046875,4515.2001953125,4516.0,157
2026-03-22T22:33:00,4515.60009765625,4518.0,4513.2001953125,4513.2001953125,106
2026-03-22T22:34:00,4513.2998046875,4516.0,4508.5,4512.89990234375,121
2026-03-22T22:35:00,4514.7001953125,4517.60009765625,4514.10009765625,4514.2998046875,72
2026-03-22T22:36:00,4514.2998046875,4514.7001953125,4505.0,4507.5,140
2026-03-22T22:37:00,4507.5,4509.7998046875,4506.2998046875,4509.10009765625,72
2026-03-22T22:38:00,4509.5,4515.89990234375,4508.89990234375,4515.2998046875,100
2026-03-22T22:39:00,4515.2001953125,4517.0,4514.39990234375,4515.7001953125,47
2026-03-22T22:40:00,4516.2001953125,4516.5,4511.89990234375,4516.5,80
2026-03-22T22:41:00,4516.5,4516.60009765625,4511.2001953125,4512.2998046875,67
2026-03-22T22:42:00,4511.2998046875,4511.2998046875,4508.5,4510.0,36
2026-03-22T22:43:00,4510.10009765625,4510.89990234375,4507.0,4510.0,85
2026-03-22T22:44:00,4509.7001953125,4509.7001953125,4505.89990234375,4507.60009765625,47
2026-03-22T22:45:00,4508.2998046875,4515.60009765625,4506.2001953125,4515.60009765625,130
2026-03-22T22:46:00,4515.2001953125,4515.2001953125,4505.7998046875,4506.7001953125,96
2026-03-22T22:47:00,4508.0,4508.60009765625,4505.2001953125,4506.10009765625,32
2026-03-22T22:48:00,4507.2001953125,4509.7001953125,4506.0,4506.0,51
2026-03-22T22:49:00,4505.7998046875,4507.5,4505.7998046875,4507.5,16
2026-03-22T22:50:00,4507.60009765625,4511.0,4507.2001953125,4508.7001953125,48
2026-03-22T22:51:00,4509.5,4511.5,4508.2998046875,4511.39990234375,49
2026-03-22T22:52:00,4512.0,4512.0,4508.7998046875,4510.10009765625,33
2026-03-22T22:53:00,4510.10009765625,4510.10009765625,4506.89990234375,4507.5,36
2026-03-22T22:54:00,4508.2998046875,4510.60009765625,4506.10009765625,4506.10009765625,43
2026-03-22T22:55:00,4505.89990234375,4505.89990234375,4501.60009765625,4503.7998046875,59
2026-03-22T22:56:00,4503.89990234375,4504.0,4502.39990234375,4502.39990234375,24
2026-03-22T22:57:00,4502.2998046875,4502.5,4491.60009765625,4493.2998046875,303
2026-03-22T22:58:00,4493.2998046875,4494.10009765625,4490.2001953125,4491.39990234375,143
2026-03-22T22:59:00,4492.7998046875,4499.10009765625,4492.5,4498.10009765625,100
2026-03-22T23:00:00,4499.2998046875,4500.0,4494.5,4499.39990234375,126
2026-03-22T23:01:00,4498.60009765625,4509.2998046875,4497.2998046875,4507.2001953125,250
2026-03-22T23:02:00,4507.60009765625,4511.2001953125,4505.7001953125,4508.0,216
2026-03-22T23:03:00,4507.7998046875,4508.2001953125,4500.2998046875,4501.0,127
2026-03-22T23:04:00,4501.5,4501.60009765625,4497.89990234375,4499.39990234375,99
2026-03-22T23:05:00,4500.0,4505.60009765625,4499.89990234375,4504.0,74
2026-03-22T23:06:00,4504.2001953125,4506.10009765625,4496.7998046875,4497.2998046875,127
2026-03-22T23:07:00,4496.7998046875,4497.0,4488.2001953125,4493.2998046875,262
2026-03-22T23:08:00,4493.2998046875,4495.10009765625,4491.60009765625,4491.7998046875,95
2026-03-22T23:09:00,4492.7998046875,4496.0,4491.7001953125,4495.7998046875,85
2026-03-22T23:10:00,4496.10009765625,4499.89990234375,4494.89990234375,4498.10009765625,115
2026-03-22T23:11:00,4497.39990234375,4497.89990234375,4491.10009765625,4492.10009765625,119
2026-03-22T23:12:00,4491.60009765625,4491.7998046875,4486.0,4490.39990234375,221
2026-03-22T23:13:00,4490.39990234375,4495.60009765625,4488.7998046875,4493.7001953125,147
2026-03-22T23:14:00,4493.5,4497.10009765625,4491.2998046875,4491.60009765625,83
2026-03-22T23:15:00,4490.7998046875,4496.0,4490.7998046875,4495.7001953125,56
2026-03-22T23:16:00,4495.5,4500.2998046875,4494.0,4498.7001953125,152
2026-03-22T23:17:00,4497.7998046875,4499.7001953125,4495.7998046875,4498.7998046875,68
2026-03-22T23:18:00,4498.89990234375,4499.0,4497.2998046875,4498.60009765625,23
2026-03-22T23:19:00,4498.0,4498.0,4491.0,4491.0,96
2026-03-22T23:20:00,4491.7998046875,4493.0,4489.60009765625,4490.89990234375,58
2026-03-22T23:21:00,4490.0,4490.2001953125,4485.60009765625,4489.0,120
2026-03-22T23:22:00,4490.10009765625,4493.10009765625,4489.2001953125,4492.89990234375,58
2026-03-22T23:23:00,4492.39990234375,4492.39990234375,4490.0,4490.2998046875,68
2026-03-22T23:24:00,4490.7998046875,4492.89990234375,4488.2001953125,4490.0,80
2026-03-22T23:25:00,4489.5,4490.7998046875,4483.60009765625,4485.2001953125,116
2026-03-22T23:26:00,4484.39990234375,4487.60009765625,4482.60009765625,4484.7998046875,84
2026-03-22T23:27:00,4484.7001953125,4491.2998046875,4484.7001953125,4491.2998046875,119
2026-03-22T23:28:00,4491.60009765625,4492.2998046875,4484.89990234375,4484.89990234375,68
2026-03-22T23:29:00,4485.2998046875,4487.5,4484.60009765625,4486.2001953125,71
2026-03-22T23:30:00,4485.0,4487.10009765625,4481.39990234375,4482.7998046875,113
2026-03-22T23:31:00,4483.60009765625,4486.7001953125,4483.5,4486.39990234375,67
2026-03-22T23:32:00,4485.7001953125,4488.5,4483.10009765625,4488.5,95
2026-03-22T23:33:00,4487.7998046875,4487.7998046875,4483.2998046875,4485.2998046875,105
2026-03-22T23:34:00,4485.10009765625,4485.39990234375,4480.7001953125,4483.39990234375,170
2026-03-22T23:35:00,4482.10009765625,4486.39990234375,4481.2001953125,4481.39990234375,76
2026-03-22T23:36:00,4481.60009765625,4482.2001953125,4473.2001953125,4479.2998046875,337
2026-03-22T23:37:00,4478.89990234375,4482.10009765625,4475.2001953125,4477.7001953125,113
2026-03-22T23:38:00,4476.7998046875,4481.5,4476.7998046875,4481.5,53
2026-03-22T23:39:00,4481.89990234375,4481.89990234375,4479.0,4479.0,39
2026-03-22T23:40:00,4480.2001953125,4481.7001953125,4478.60009765625,4481.2001953125,36
2026-03-22T23:41:00,4481.0,4482.0,4479.7001953125,4481.7001953125,22
2026-03-22T23:42:00,4481.0,4485.2998046875,4480.10009765625,4485.2998046875,62
2026-03-22T23:43:00,4484.60009765625,4491.2998046875,4484.60009765625,4489.60009765625,149
2026-03-22T23:44:00,4489.2001953125,4491.5,4487.7998046875,4489.39990234375,67
2026-03-22T23:45:00,4489.0,4494.39990234375,4488.7998046875,4493.0,62
2026-03-22T23:46:00,4493.10009765625,4493.10009765625,4483.2001953125,4483.60009765625,192
2026-03-22T23:47:00,4483.2001953125,4486.10009765625,4482.0,4482.0,133
2026-03-22T23:48:00,4482.0,4483.2998046875,4461.0,4461.39990234375,488
2026-03-22T23:49:00,4461.89990234375,4467.7001953125,4461.89990234375,4463.7001953125,139
2026-03-22T23:50:00,4465.0,4468.0,4463.39990234375,4465.60009765625,127
2026-03-22T23:51:00,4466.10009765625,4471.60009765625,4466.10009765625,4469.0,148
2026-03-22T23:52:00,4469.10009765625,4471.5,4463.5,4464.7998046875,176
2026-03-22T23:53:00,4464.2001953125,4464.2001953125,4454.39990234375,4456.39990234375,329
2026-03-22T23:54:00,4456.7001953125,4459.7998046875,4453.2001953125,4459.7998046875,237
2026-03-22T23:55:00,4460.0,4466.39990234375,4459.60009765625,4463.10009765625,143
2026-03-22T23:56:00,4463.0,4464.60009765625,4461.7001953125,4464.60009765625,57
2026-03-22T23:57:00,4465.0,4465.2998046875,4462.5,4464.60009765625,40
2026-03-22T23:58:00,4465.0,4465.0,4461.2998046875,4461.39990234375,20
2026-03-22T23:59:00,4462.39990234375,4470.5,4461.89990234375,4465.89990234375,149
2026-03-23T00:00:00,4466.2001953125,4474.7998046875,4466.2001953125,4471.10009765625,178
2026-03-23T00:01:00,4469.89990234375,4470.89990234375,4457.0,4457.0,162
2026-03-23T00:02:00,4458.2001953125,4460.5,4452.2998046875,4453.7001953125,162
2026-03-23T00:03:00,4454.39990234375,4455.2001953125,4436.89990234375,4437.7001953125,557
2026-03-23T00:04:00,4437.2998046875,4445.60009765625,4436.2001953125,4443.2998046875,448
2026-03-23T00:05:00,4441.60009765625,4443.10009765625,4427.10009765625,4427.10009765625,469
2026-03-23T00:06:00,4427.7001953125,4441.60009765625,4427.5,4440.39990234375,249
2026-03-23T00:07:00,4440.2998046875,4450.5,4438.60009765625,4449.2001953125,276
2026-03-23T00:08:00,4447.89990234375,4454.89990234375,4446.7001953125,4447.39990234375,196
2026-03-23T00:09:00,4447.60009765625,4454.2001953125,4441.89990234375,4441.89990234375,229
2026-03-23T00:10:00,4440.60009765625,4441.7998046875,4438.89990234375,4440.2998046875,110
2026-03-23T00:11:00,4440.39990234375,4449.89990234375,4439.10009765625,4449.7998046875,230
2026-03-23T00:12:00,4449.10009765625,4450.7001953125,4446.2998046875,4449.89990234375,139
2026-03-23T00:13:00,4450.0,4450.2998046875,4442.10009765625,4443.0,88
2026-03-23T00:14:00,4442.7998046875,4445.7001953125,4437.2998046875,4437.39990234375,174
2026-03-23T00:15:00,4438.39990234375,4438.7001953125,4406.39990234375,4417.2001953125,1437
2026-03-23T00:16:00,4418.0,4423.10009765625,4411.5,4418.89990234375,348
2026-03-23T00:17:00,4417.89990234375,4420.10009765625,4414.10009765625,4417.7001953125,321
2026-03-23T00:18:00,4418.2998046875,4427.89990234375,4417.10009765625,4427.89990234375,187
2026-03-23T00:19:00,4427.89990234375,4435.0,4426.7001953125,4426.7001953125,263
2026-03-23T00:20:00,4427.7001953125,4431.0,4423.7001953125,4423.7001953125,218
2026-03-23T00:21:00,4423.10009765625,4435.60009765625,4422.10009765625,4434.60009765625,205
2026-03-23T00:22:00,4434.7998046875,4434.7998046875,4427.2998046875,4432.5,196
2026-03-23T00:23:00,4432.0,4441.5,4431.7001953125,4437.5,344
2026-03-23T00:24:00,4437.10009765625,4443.10009765625,4434.7998046875,4442.0,214
2026-03-23T00:25:00,4441.7001953125,4447.5,4440.89990234375,4443.7001953125,273
2026-03-23T00:26:00,4443.39990234375,4443.39990234375,4438.7998046875,4439.2998046875,147
2026-03-23T00:27:00,4440.0,4440.2998046875,4429.0,4429.7998046875,213
2026-03-23T00:28:00,4430.0,4431.60009765625,4426.60009765625,4426.7998046875,265
2026-03-23T00:29:00,4427.2001953125,4431.0,4426.2998046875,4428.7998046875,130
2026-03-23T00:30:00,4429.60009765625,4436.5,4428.2998046875,4436.39990234375,136
2026-03-23T00:31:00,4436.7998046875,4438.2001953125,4425.5,4425.7998046875,184
2026-03-23T00:32:00,4425.7001953125,4431.10009765625,4423.0,4424.60009765625,231
2026-03-23T00:33:00,4424.2998046875,4425.7998046875,4420.60009765625,4420.60009765625,138
2026-03-23T00:34:00,4421.0,4421.10009765625,4400.0,4402.89990234375,1087
2026-03-23T00:35:00,4403.5,4403.7001953125,4364.89990234375,4370.60009765625,2050
2026-03-23T00:36:00,4370.10009765625,4375.10009765625,4340.7001953125,4351.7998046875,1622
2026-03-23T00:37:00,4351.7998046875,4357.2998046875,4334.7001953125,4334.7001953125,1323
2026-03-23T00:38:00,4335.0,4358.10009765625,4332.10009765625,4340.7998046875,1008
2026-03-23T00:39:00,4341.89990234375,4364.89990234375,4338.89990234375,4353.5,984
2026-03-23T00:40:00,4352.5,4360.2001953125,4346.7998046875,4357.5,579
2026-03-23T00:41:00,4357.60009765625,4363.2998046875,4351.7998046875,4353.39990234375,238
2026-03-23T00:42:00,4352.7998046875,4360.0,4350.60009765625,4354.5,225
2026-03-23T00:43:00,4355.5,4363.0,4355.39990234375,4361.10009765625,185
2026-03-23T00:44:00,4362.89990234375,4368.39990234375,4358.7001953125,4365.5,355
2026-03-23T00:45:00,4365.2001953125,4370.10009765625,4353.39990234375,4363.2998046875,213
2026-03-23T00:46:00,4364.2001953125,4364.7998046875,4358.5,4363.10009765625,195
2026-03-23T00:47:00,4363.5,4363.5,4350.7998046875,4358.2998046875,177
2026-03-23T00:48:00,4357.60009765625,4358.7998046875,4347.7998046875,4354.2001953125,295
2026-03-23T00:49:00,4353.2998046875,4359.0,4348.5,4349.0,383
2026-03-23T00:50:00,4349.10009765625,4355.60009765625,4348.0,4354.89990234375,144
2026-03-23T00:51:00,4354.5,4363.5,4353.7001953125,4355.60009765625,419
2026-03-23T00:52:00,4354.7001953125,4355.2001953125,4322.0,4325.2001953125,783
2026-03-23T00:53:00,4325.2001953125,4337.39990234375,4323.10009765625,4335.60009765625,526
2026-03-23T00:54:00,4333.60009765625,4339.0,4327.2998046875,4339.0,157
2026-03-23T00:55:00,4338.60009765625,4344.2998046875,4332.89990234375,4339.89990234375,261
2026-03-23T00:56:00,4340.5,4346.39990234375,4340.2001953125,4346.0,227
2026-03-23T00:57:00,4346.89990234375,4359.2998046875,4343.0,4359.2998046875,371
2026-03-23T00:58:00,4359.2998046875,4375.10009765625,4355.7001953125,4370.39990234375,647
2026-03-23T00:59:00,4369.89990234375,4370.39990234375,4356.0,4356.39990234375,362
2026-03-23T01:00:00,4357.7001953125,4358.2998046875,4330.0,4348.2001953125,944
2026-03-23T01:01:00,4347.10009765625,4363.7001953125,4341.7998046875,4360.7998046875,279
2026-03-23T01:02:00,4359.5,4361.60009765625,4350.60009765625,4360.2998046875,232
2026-03-23T01:03:00,4361.39990234375,4368.2998046875,4358.39990234375,4362.7998046875,302
2026-03-23T01:04:00,4362.7998046875,4384.2998046875,4361.5,4380.60009765625,718
2026-03-23T01:05:00,4380.7998046875,4394.7001953125,4379.39990234375,4392.5,627
2026-03-23T01:06:00,4393.10009765625,4399.89990234375,4389.0,4392.10009765625,379
2026-03-23T01:07:00,4393.10009765625,4398.10009765625,4390.0,4394.2998046875,365
2026-03-23T01:08:00,4394.2998046875,4418.2001953125,4391.2998046875,4413.7001953125,971
2026-03-23T01:09:00,4413.89990234375,4414.2001953125,4396.60009765625,4404.2998046875,480
2026-03-23T01:10:00,4402.7998046875,4408.2998046875,4396.89990234375,4402.7998046875,274
2026-03-23T01:11:00,4402.5,4420.60009765625,4402.2998046875,4419.60009765625,252
2026-03-23T01:12:00,4419.39990234375,4423.39990234375,4412.5,4423.0,346
2026-03-23T01:13:00,4421.89990234375,4424.7998046875,4407.7998046875,4409.2001953125,398
2026-03-23T01:14:00,4410.2998046875,4413.5,4405.7998046875,4409.0,277
2026-03-23T01:15:00,4408.39990234375,4426.60009765625,4408.39990234375,4426.2001953125,201
2026-03-23T01:16:00,4425.2001953125,4428.0,4414.2998046875,4426.89990234375,341
2026-03-23T01:17:00,4426.10009765625,4429.7001953125,4422.0,4425.0,478
2026-03-23T01:18:00,4425.2998046875,4437.7001953125,4424.0,4431.60009765625,395
2026-03-23T01:19:00,4431.5,4435.0,4427.0,4430.0,225
2026-03-23T01:20:00,4429.39990234375,4431.2001953125,4422.0,4423.7998046875,192
2026-03-23T01:21:00,4425.2001953125,4431.89990234375,4423.89990234375,4423.89990234375,218
2026-03-23T01:22:00,4424.60009765625,4444.2998046875,4423.7998046875,4443.2001953125,366
2026-03-23T01:23:00,4444.2998046875,4444.89990234375,4435.7998046875,4439.2001953125,280
2026-03-23T01:24:00,4438.60009765625,4439.0,4433.7001953125,4433.7001953125,92
2026-03-23T01:25:00,4433.39990234375,4435.2998046875,4422.0,4423.10009765625,300
2026-03-23T01:26:00,4423.60009765625,4429.0,4421.89990234375,4425.2998046875,261
2026-03-23T01:27:00,4424.7001953125,4429.60009765625,4422.7998046875,4424.10009765625,134
2026-03-23T01:28:00,4423.5,4428.5,4422.0,4423.39990234375,119
2026-03-23T01:29:00,4424.2998046875,4427.0,4422.0,4423.5,69
2026-03-23T01:30:00,4424.0,4435.0,4417.5,4435.0,347
2026-03-23T01:31:00,4434.2998046875,4447.0,4432.2998046875,4446.2001953125,235
2026-03-23T01:32:00,4445.7998046875,4449.60009765625,4442.5,4444.2001953125,331
2026-03-23T01:33:00,4445.10009765625,4455.0,4439.10009765625,4449.89990234375,352
2026-03-23T01:34:00,4449.7001953125,4451.2001953125,4439.7998046875,4442.60009765625,226
2026-03-23T01:35:00,4441.60009765625,4444.10009765625,4435.60009765625,4436.2001953125,261
2026-03-23T01:36:00,4437.2001953125,4440.2998046875,4433.0,4435.10009765625,192
2026-03-23T01:37:00,4434.89990234375,4447.60009765625,4433.89990234375,4446.5,121
2026-03-23T01:38:00,4447.10009765625,4450.7998046875,4445.39990234375,4448.10009765625,111
2026-03-23T01:39:00,4448.7998046875,4448.7998046875,4442.7998046875,4445.7001953125,92
2026-03-23T01:40:00,4446.5,4446.5,4440.5,4440.5,137
2026-03-23T01:41:00,4440.89990234375,4441.60009765625,4436.0,4441.5,99
2026-03-23T01:42:00,4438.39990234375,4440.2998046875,4436.0,4439.89990234375,71
2026-03-23T01:43:00,4438.5,4438.5,4431.10009765625,4431.60009765625,108
2026-03-23T01:44:00,4432.0,4436.39990234375,4427.2001953125,4436.39990234375,223
2026-03-23T01:45:00,4435.89990234375,4437.60009765625,4432.60009765625,4433.60009765625,67
2026-03-23T01:46:00,4430.89990234375,4433.0,4425.5,4429.7998046875,190
2026-03-23T01:47:00,4429.2998046875,4430.2998046875,4423.10009765625,4425.0,186
2026-03-23T01:48:00,4423.39990234375,4423.5,4413.2001953125,4419.0,395
2026-03-23T01:49:00,4420.2998046875,4420.2998046875,4411.89990234375,4414.2001953125,137
2026-03-23T01:50:00,4414.2001953125,4416.5,4410.5,4412.7998046875,219
2026-03-23T01:51:00,4411.2998046875,4415.7001953125,4409.39990234375,4410.89990234375,165
2026-03-23T01:52:00,4411.0,4411.2001953125,4405.39990234375,4406.7998046875,191
2026-03-23T01:53:00,4406.39990234375,4415.7001953125,4405.2001953125,4413.5,193
2026-03-23T01:54:00,4413.10009765625,4413.10009765625,4406.2998046875,4408.89990234375,129
2026-03-23T01:55:00,4408.39990234375,4412.2998046875,4405.2001953125,4406.0,263
2026-03-23T01:56:00,4406.2998046875,4408.5,4401.0,4403.7001953125,257
2026-03-23T01:57:00,4403.89990234375,4404.7001953125,4390.5,4392.2001953125,322
2026-03-23T01:58:00,4392.10009765625,4395.7001953125,4387.2001953125,4393.39990234375,285
2026-03-23T01:59:00,4394.5,4395.2998046875,4381.7001953125,4390.0,226
2026-03-23T02:00:00,4389.39990234375,4391.0,4384.5,4390.2001953125,194
2026-03-23T02:01:00,4387.89990234375,4410.0,4387.2001953125,4409.2001953125,498
2026-03-23T02:02:00,4408.7998046875,4420.39990234375,4404.60009765625,4417.0,460
2026-03-23T02:03:00,4416.7998046875,4419.2001953125,4410.89990234375,4415.0,206
2026-03-23T02:04:00,4414.60009765625,4421.60009765625,4412.60009765625,4418.39990234375,176
2026-03-23T02:05:00,4418.60009765625,4423.7998046875,4415.0,4415.7998046875,161
2026-03-23T02:06:00,4417.7001953125,4420.7001953125,4413.39990234375,4417.60009765625,122
2026-03-23T02:07:00,4416.89990234375,4420.7998046875,4414.89990234375,4415.10009765625,111
2026-03-23T02:08:00,4415.0,4418.7001953125,4409.7001953125,4413.39990234375,144
2026-03-23T02:09:00,4414.7998046875,4416.10009765625,4408.39990234375,4408.39990234375,160
2026-03-23T02:10:00,4408.7001953125,4411.10009765625,4400.0,4411.10009765625,388
2026-03-23T02:11:00,4411.39990234375,4415.60009765625,4410.7998046875,4412.10009765625,362
2026-03-23T02:12:00,4412.39990234375,4413.2001953125,4396.7998046875,4398.60009765625,345
2026-03-23T02:13:00,4397.60009765625,4403.39990234375,4392.0,4394.7998046875,298
2026-03-23T02:14:00,4393.7998046875,4398.7998046875,4393.7001953125,4398.7001953125,103
2026-03-23T02:15:00,4398.39990234375,4410.89990234375,4396.39990234375,4410.2998046875,468
2026-03-23T02:16:00,4410.2001953125,4419.7001953125,4406.39990234375,4418.0,348
2026-03-23T02:17:00,4417.7998046875,4418.0,4409.2001953125,4409.2001953125,124
2026-03-23T02:18:00,4409.2001953125,4409.39990234375,4400.89990234375,4403.5,159
2026-03-23T02:19:00,4403.60009765625,4407.60009765625,4402.5,4405.89990234375,49
2026-03-23T02:20:00,4406.2001953125,4415.2998046875,4406.2001953125,4415.2998046875,88
2026-03-23T02:21:00,4415.10009765625,4416.60009765625,4412.39990234375,4412.39990234375,46
2026-03-23T02:22:00,4412.10009765625,4415.5,4410.0,4410.39990234375,119
2026-03-23T02:23:00,4409.7001953125,4413.2998046875,4407.2998046875,4409.2998046875,162
2026-03-23T02:24:00,4409.2998046875,4410.60009765625,4407.0,4408.0,49
2026-03-23T02:25:00,4407.7998046875,4409.0,4404.10009765625,4406.5,88
2026-03-23T02:26:00,4407.0,4417.5,4406.7001953125,4415.2001953125,135
2026-03-23T02:27:00,4415.7001953125,4416.60009765625,4407.39990234375,4409.2001953125,80
2026-03-23T02:28:00,4409.39990234375,4409.39990234375,4400.60009765625,4403.0,141
2026-03-23T02:29:00,4401.7998046875,4403.2998046875,4400.0,4402.60009765625,78
2026-03-23T02:30:00,4401.7001953125,4404.10009765625,4397.39990234375,4402.89990234375,302
2026-03-23T02:31:00,4402.89990234375,4402.89990234375,4390.39990234375,4396.2998046875,400
2026-03-23T02:32:00,4395.7001953125,4396.2998046875,4380.5,4386.60009765625,544
2026-03-23T02:33:00,4386.5,4390.89990234375,4385.10009765625,4388.2998046875,260
2026-03-23T02:34:00,4387.5,4391.10009765625,4384.0,4390.5,125
2026-03-23T02:35:00,4391.2001953125,4392.0,4385.5,4389.10009765625,169
2026-03-23T02:36:00,4388.39990234375,4393.7001953125,4388.2998046875,4390.7001953125,115
2026-03-23T02:37:00,4388.7998046875,4388.7998046875,4373.89990234375,4376.39990234375,273
2026-03-23T02:38:00,4377.2001953125,4377.7998046875,4372.5,4377.0,272
2026-03-23T02:39:00,4376.89990234375,4379.2998046875,4372.39990234375,4376.60009765625,219
2026-03-23T02:40:00,4375.89990234375,4376.60009765625,4369.2998046875,4372.10009765625,224
2026-03-23T02:41:00,4372.2998046875,4377.89990234375,4372.10009765625,4374.2001953125,310
2026-03-23T02:42:00,4373.10009765625,4377.7998046875,4372.7998046875,4377.7998046875,85
2026-03-23T02:43:00,4376.7998046875,4383.60009765625,4375.2998046875,4381.7998046875,122
2026-03-23T02:44:00,4383.7001953125,4387.89990234375,4383.5,4386.7001953125,82
2026-03-23T02:45:00,4386.39990234375,4386.39990234375,4373.2001953125,4376.2998046875,177
2026-03-23T02:46:00,4376.2001953125,4376.7001953125,4371.39990234375,4371.7001953125,138
2026-03-23T02:47:00,4371.7001953125,4375.2998046875,4370.5,4374.7998046875,164
2026-03-23T02:48:00,4373.7998046875,4378.2998046875,4373.0,4377.60009765625,171
2026-03-23T02:49:00,4376.7001953125,4380.2998046875,4374.2001953125,4375.39990234375,190
2026-03-23T02:50:00,4375.39990234375,4381.7998046875,4373.89990234375,4376.5,186
2026-03-23T02:51:00,4377.10009765625,4380.7001953125,4376.10009765625,4376.5,70
2026-03-23T02:52:00,4376.39990234375,4376.5,4371.0,4373.5,139
2026-03-23T02:53:00,4372.7998046875,4372.7998046875,4356.60009765625,4359.0,582
2026-03-23T02:54:00,4358.7998046875,4365.0,4356.0,4362.0,330
2026-03-23T02:55:00,4362.7001953125,4363.2998046875,4358.7998046875,4361.0,89
2026-03-23T02:56:00,4361.89990234375,4368.10009765625,4361.2998046875,4365.39990234375,166
2026-03-23T02:57:00,4366.0,4367.89990234375,4363.7998046875,4367.89990234375,106
2026-03-23T02:58:00,4367.89990234375,4371.89990234375,4366.2998046875,4368.7998046875,167
2026-03-23T02:59:00,4369.39990234375,4369.39990234375,4361.2998046875,4362.2998046875,90
2026-03-23T03:00:00,4362.0,4370.60009765625,4361.39990234375,4366.89990234375,151
2026-03-23T03:01:00,4366.10009765625,4376.0,4366.10009765625,4374.39990234375,158
2026-03-23T03:02:00,4374.7998046875,4379.39990234375,4373.7998046875,4379.2001953125,188
2026-03-23T03:03:00,4378.60009765625,4378.60009765625,4369.2998046875,4371.7998046875,329
2026-03-23T03:04:00,4371.5,4372.0,4368.0,4369.0,120
2026-03-23T03:05:00,4369.7001953125,4375.5,4369.7001953125,4371.89990234375,137
2026-03-23T03:06:00,4371.7001953125,4374.7001953125,4371.5,4374.5,147
2026-03-23T03:07:00,4373.7001953125,4374.0,4368.39990234375,4369.7001953125,199
2026-03-23T03:08:00,4370.5,4372.2001953125,4366.89990234375,4368.0,134
2026-03-23T03:09:00,4368.2001953125,4368.2001953125,4355.7998046875,4357.39990234375,327
2026-03-23T03:10:00,4357.89990234375,4358.2001953125,4355.0,4357.2998046875,169
2026-03-23T03:11:00,4357.60009765625,4359.10009765625,4354.0,4358.60009765625,361
2026-03-23T03:12:00,4358.2998046875,4358.39990234375,4349.60009765625,4349.89990234375,772
2026-03-23T03:13:00,4349.7998046875,4352.89990234375,4349.60009765625,4351.5,126
2026-03-23T03:14:00,4351.10009765625,4353.5,4350.39990234375,4351.0,78
2026-03-23T03:15:00,4351.60009765625,4357.5,4351.60009765625,4357.5,223
2026-03-23T03:16:00,4356.7998046875,4360.2998046875,4354.5,4360.0,165
2026-03-23T03:17:00,4359.89990234375,4364.10009765625,4355.5,4363.5,99
2026-03-23T03:18:00,4363.60009765625,4363.60009765625,4357.2998046875,4358.2998046875,63
2026-03-23T03:19:00,4358.5,4360.89990234375,4355.7001953125,4355.7001953125,82
2026-03-23T03:20:00,4356.2001953125,4367.7001953125,4354.60009765625,4365.39990234375,158
2026-03-23T03:21:00,4366.0,4368.0,4363.60009765625,4363.60009765625,101
2026-03-23T03:22:00,4363.0,4364.39990234375,4360.10009765625,4362.0,50
2026-03-23T03:23:00,4360.39990234375,4360.39990234375,4355.60009765625,4356.89990234375,103
2026-03-23T03:24:00,4357.0,4360.2998046875,4353.7998046875,4356.89990234375,110
2026-03-23T03:25:00,4357.7998046875,4358.10009765625,4352.10009765625,4354.7001953125,121
2026-03-23T03:26:00,4352.7998046875,4359.2001953125,4349.2001953125,4357.60009765625,222
2026-03-23T03:27:00,4358.2998046875,4359.60009765625,4356.0,4356.0,107
2026-03-23T03:28:00,4355.0,4355.0,4351.89990234375,4354.5,101
2026-03-23T03:29:00,4355.7998046875,4357.0,4354.0,4354.0,71
2026-03-23T03:30:00,4354.0,4360.60009765625,4353.39990234375,4360.2001953125,75
2026-03-23T03:31:00,4362.10009765625,4367.10009765625,4358.60009765625,4366.60009765625,147
2026-03-23T03:32:00,4365.89990234375,4366.7998046875,4360.39990234375,4360.7998046875,77
2026-03-23T03:33:00,4360.39990234375,4361.89990234375,4357.0,4357.0,62
2026-03-23T03:34:00,4357.10009765625,4361.89990234375,4357.0,4361.89990234375,78
2026-03-23T03:35:00,4362.5,4362.5,4356.10009765625,4356.2001953125,83
2026-03-23T03:36:00,4355.39990234375,4356.0,4347.7001953125,4349.89990234375,271
2026-03-23T03:37:00,4348.89990234375,4352.60009765625,4347.5,4351.2001953125,128
2026-03-23T03:38:00,4351.10009765625,4353.10009765625,4349.60009765625,4350.60009765625,53
2026-03-23T03:39:00,4351.5,4353.5,4347.0,4348.2998046875,108
2026-03-23T03:40:00,4347.7998046875,4349.7998046875,4340.7001953125,4341.0,481
2026-03-23T03:41:00,4341.2001953125,4343.60009765625,4339.0,4339.7001953125,251
2026-03-23T03:42:00,4339.7001953125,4341.7001953125,4337.5,4340.10009765625,201
2026-03-23T03:43:00,4340.39990234375,4346.60009765625,4340.10009765625,4342.0,187
2026-03-23T03:44:00,4341.5,4344.5,4341.0,4344.10009765625,75
2026-03-23T03:45:00,4344.5,4344.7001953125,4339.60009765625,4341.5,82
2026-03-23T03:46:00,4342.0,4350.39990234375,4342.0,4348.2998046875,214
2026-03-23T03:47:00,4348.60009765625,4353.0,4348.60009765625,4352.2001953125,147
2026-03-23T03:48:00,4351.89990234375,4352.7998046875,4349.2998046875,4352.2998046875,124
2026-03-23T03:49:00,4352.2998046875,4354.10009765625,4352.2001953125,4354.0,77
2026-03-23T03:50:00,4354.10009765625,4354.5,4350.39990234375,4353.10009765625,80
2026-03-23T03:51:00,4353.5,4361.2998046875,4353.10009765625,4360.89990234375,162
2026-03-23T03:52:00,4360.5,4362.7001953125,4356.39990234375,4357.2998046875,101
2026-03-23T03:53:00,4357.5,4357.5,4354.0,4356.2001953125,92
2026-03-23T03:54:00,4357.0,4357.0,4353.60009765625,4353.7001953125,46
2026-03-23T03:55:00,4353.39990234375,4355.2998046875,4352.89990234375,4353.7998046875,36
2026-03-23T03:56:00,4354.7998046875,4355.5,4353.10009765625,4354.0,38
2026-03-23T03:57:00,4354.10009765625,4354.89990234375,4351.60009765625,4351.60009765625,42
2026-03-23T03:58:00,4352.0,4355.7998046875,4350.60009765625,4355.2998046875,39
2026-03-23T04:00:00,4355.89990234375,4373.0,4355.89990234375,4370.2998046875,275
2026-03-23T04:01:00,4370.5,4373.10009765625,4365.7998046875,4366.39990234375,136
2026-03-23T04:02:00,4366.60009765625,4367.89990234375,4361.7998046875,4362.2998046875,131
2026-03-23T04:03:00,4362.60009765625,4367.2998046875,4361.89990234375,4365.10009765625,66
2026-03-23T04:04:00,4365.0,4367.7001953125,4363.7998046875,4365.10009765625,85
2026-03-23T04:05:00,4365.2001953125,4367.7998046875,4364.7001953125,4367.7001953125,26
2026-03-23T04:06:00,4366.2998046875,4372.0,4366.2998046875,4372.0,97
2026-03-23T04:07:00,4372.10009765625,4374.89990234375,4370.7001953125,4370.7001953125,222
2026-03-23T04:08:00,4370.7998046875,4373.89990234375,4369.0,4369.7998046875,134
2026-03-23T04:09:00,4369.2998046875,4372.7998046875,4368.89990234375,4372.5,43
2026-03-23T04:10:00,4372.0,4372.5,4369.89990234375,4369.89990234375,73
2026-03-23T04:11:00,4369.89990234375,4373.2001953125,4369.2001953125,4370.10009765625,85
2026-03-23T04:12:00,4370.2001953125,4371.10009765625,4366.60009765625,4366.60009765625,68
2026-03-23T04:13:00,4366.7001953125,4369.0,4366.10009765625,4368.10009765625,73
2026-03-23T04:14:00,4366.7998046875,4368.7001953125,4364.39990234375,4367.7998046875,64
2026-03-23T04:15:00,4366.39990234375,4366.39990234375,4364.2998046875,4365.0,36
2026-03-23T04:16:00,4366.0,4371.5,4365.7998046875,4371.5,46
2026-03-23T04:17:00,4372.2001953125,4373.89990234375,4371.2001953125,4372.2001953125,80
2026-03-23T04:18:00,4372.60009765625,4372.60009765625,4368.10009765625,4370.39990234375,65
2026-03-23T04:19:00,4370.0,4371.0,4369.2998046875,4370.89990234375,21
2026-03-23T04:20:00,4371.7001953125,4372.0,4369.10009765625,4369.5,26
2026-03-23T04:21:00,4369.60009765625,4371.10009765625,4369.10009765625,4370.0,25
2026-03-23T04:22:00,4369.5,4371.2998046875,4369.5,4371.2998046875,21
2026-03-23T04:23:00,4371.5,4372.2001953125,4370.5,4370.89990234375,25
2026-03-23T04:24:00,4371.60009765625,4373.2998046875,4371.2998046875,4373.2998046875,58
2026-03-23T04:25:00,4373.2001953125,4373.89990234375,4371.7001953125,4373.10009765625,54
2026-03-23T04:26:00,4373.5,4373.89990234375,4372.7998046875,4373.10009765625,52
2026-03-23T04:27:00,4373.2001953125,4374.60009765625,4369.0,4371.2998046875,296
2026-03-23T04:28:00,4371.60009765625,4373.7001953125,4371.60009765625,4373.0,56
2026-03-23T04:29:00,4373.2998046875,4374.0,4371.10009765625,4371.7998046875,51
2026-03-23T04:30:00,4371.10009765625,4371.7001953125,4364.2001953125,4367.2998046875,169
2026-03-23T04:31:00,4368.5,4370.60009765625,4367.7001953125,4369.0,73
2026-03-23T04:32:00,4369.0,4370.7998046875,4369.0,4370.2001953125,37
2026-03-23T04:33:00,4370.2001953125,4370.2998046875,4364.39990234375,4364.5,109
2026-03-23T04:34:00,4363.7998046875,4369.7001953125,4363.5,4369.0,52
2026-03-23T04:35:00,4369.0,4373.7001953125,4369.0,4371.10009765625,99
2026-03-23T04:36:00,4370.7001953125,4385.0,4370.7001953125,4378.0,285
2026-03-23T04:37:00,4377.89990234375,4378.7998046875,4374.5,4375.2998046875,121
2026-03-23T04:38:00,4374.10009765625,4377.7001953125,4371.7998046875,4377.60009765625,69
2026-03-23T04:39:00,4377.2998046875,4379.0,4376.2001953125,4376.2001953125,82
2026-03-23T04:40:00,4377.2001953125,4377.2001953125,4373.0,4374.60009765625,81
2026-03-23T04:41:00,4374.7998046875,4375.5,4374.39990234375,4375.0,33
2026-03-23T04:42:00,4374.7998046875,4375.89990234375,4374.2001953125,4375.7998046875,22
2026-03-23T04:43:00,4376.2001953125,4380.5,4375.7998046875,4378.7998046875,233
2026-03-23T04:44:00,4379.39990234375,4381.2998046875,4376.60009765625,4378.7998046875,227
2026-03-23T04:45:00,4378.0,4379.7001953125,4377.39990234375,4378.7998046875,80
2026-03-23T04:46:00,4379.2001953125,4379.7001953125,4375.5,4376.60009765625,136
2026-03-23T04:47:00,4376.60009765625,4376.60009765625,4373.0,4373.0,98
2026-03-23T04:48:00,4372.89990234375,4374.7998046875,4371.2001953125,4372.0,87
2026-03-23T04:49:00,4372.89990234375,4374.60009765625,4371.0,4372.10009765625,36
2026-03-23T04:50:00,4371.60009765625,4372.0,4366.0,4366.2001953125,137
2026-03-23T04:51:00,4366.10009765625,4368.7001953125,4365.7001953125,4368.2998046875,47
2026-03-23T04:52:00,4367.7001953125,4368.2001953125,4357.10009765625,4359.10009765625,360
2026-03-23T04:53:00,4358.39990234375,4361.10009765625,4354.7001953125,4358.89990234375,148
2026-03-23T04:54:00,4358.0,4358.2001953125,4353.2001953125,4357.2001953125,135
2026-03-23T04:55:00,4356.89990234375,4358.2998046875,4355.7001953125,4356.2998046875,89
2026-03-23T04:56:00,4357.5,4366.7998046875,4357.5,4366.2998046875,130
2026-03-23T04:57:00,4366.5,4370.39990234375,4365.2001953125,4365.2001953125,111
2026-03-23T04:58:00,4365.60009765625,4366.0,4363.0,4365.60009765625,200
2026-03-23T04:59:00,4365.7998046875,4371.2001953125,4365.10009765625,4370.89990234375,132
2026-03-23T05:00:00,4370.5,4372.60009765625,4369.2998046875,4370.7001953125,98
2026-03-23T05:01:00,4371.89990234375,4378.2998046875,4370.60009765625,4378.10009765625,354
2026-03-23T05:02:00,4378.2998046875,4383.2001953125,4378.10009765625,4379.60009765625,214
2026-03-23T05:03:00,4379.5,4381.0,4378.89990234375,4379.39990234375,63
2026-03-23T05:04:00,4379.0,4379.89990234375,4375.60009765625,4376.7001953125,59
2026-03-23T05:05:00,4376.5,4378.60009765625,4375.0,4377.39990234375,43
2026-03-23T05:06:00,4378.10009765625,4379.0,4376.7998046875,4379.0,41
2026-03-23T05:07:00,4379.0,4382.2998046875,4377.60009765625,4382.10009765625,193
2026-03-23T05:08:00,4381.7998046875,4382.10009765625,4375.60009765625,4375.89990234375,83
2026-03-23T05:09:00,4376.0,4378.2001953125,4375.10009765625,4378.2001953125,45
2026-03-23T05:10:00,4378.2001953125,4379.7998046875,4376.10009765625,4376.10009765625,74
2026-03-23T05:11:00,4377.0,4379.0,4374.10009765625,4378.10009765625,45
2026-03-23T05:12:00,4377.0,4379.0,4377.0,4379.0,43
2026-03-23T05:13:00,4378.39990234375,4379.39990234375,4373.89990234375,4373.89990234375,80
2026-03-23T05:14:00,4374.10009765625,4375.7998046875,4372.7001953125,4375.7998046875,58
2026-03-23T05:15:00,4375.39990234375,4375.7998046875,4372.5,4372.5,31
2026-03-23T05:16:00,4373.2998046875,4377.0,4373.2998046875,4377.0,46
2026-03-23T05:17:00,4376.2998046875,4376.2998046875,4371.7001953125,4371.7001953125,42
2026-03-23T05:18:00,4372.39990234375,4373.10009765625,4369.2001953125,4369.7001953125,68
2026-03-23T05:19:00,4369.0,4372.7998046875,4367.0,4372.0,80
2026-03-23T05:20:00,4371.10009765625,4371.10009765625,4366.7001953125,4368.7001953125,69
2026-03-23T05:21:00,4368.7998046875,4369.2998046875,4365.39990234375,4366.10009765625,38
2026-03-23T05:22:00,4365.89990234375,4366.5,4361.7001953125,4362.10009765625,78
2026-03-23T05:23:00,4362.0,4364.39990234375,4360.2998046875,4362.39990234375,56
2026-03-23T05:24:00,4361.2998046875,4361.89990234375,4357.5,4357.60009765625,114
2026-03-23T05:25:00,4358.2001953125,4360.7998046875,4358.0,4359.89990234375,32
2026-03-23T05:26:00,4360.10009765625,4360.2998046875,4356.7001953125,4356.7001953125,76
2026-03-23T05:27:00,4356.7001953125,4358.2001953125,4354.7001953125,4358.0,68
2026-03-23T05:28:00,4357.89990234375,4362.2001953125,4357.89990234375,4360.89990234375,123
2026-03-23T05:29:00,4360.2998046875,4361.2998046875,4358.7001953125,4360.2998046875,65
2026-03-23T05:30:00,4359.60009765625,4359.60009765625,4333.2001953125,4333.7001953125,754
2026-03-23T05:31:00,4335.2998046875,4335.7998046875,4328.7001953125,4329.39990234375,699
2026-03-23T05:32:00,4329.39990234375,4334.0,4328.2998046875,4330.10009765625,226
2026-03-23T05:33:00,4330.89990234375,4330.89990234375,4325.0,4325.10009765625,538
2026-03-23T05:34:00,4325.5,4341.89990234375,4325.0,4337.0,290
2026-03-23T05:35:00,4337.0,4341.60009765625,4336.0,4338.2001953125,123
2026-03-23T05:36:00,4337.7998046875,4343.2001953125,4333.7001953125,4339.0,162
2026-03-23T05:37:00,4341.2998046875,4342.7001953125,4336.0,4341.5,130
2026-03-23T05:38:00,4341.89990234375,4344.7998046875,4330.0,4332.0,117
2026-03-23T05:39:00,4330.5,4330.7001953125,4326.0,4330.2998046875,191
2026-03-23T05:40:00,4329.7998046875,4330.2998046875,4323.7001953125,4326.7001953125,263
2026-03-23T05:41:00,4326.0,4331.39990234375,4323.7001953125,4331.39990234375,201
2026-03-23T05:42:00,4330.7001953125,4332.10009765625,4328.39990234375,4329.60009765625,93
2026-03-23T05:43:00,4327.60009765625,4329.60009765625,4323.7001953125,4326.89990234375,110
2026-03-23T05:44:00,4326.7001953125,4332.39990234375,4324.7001953125,4325.89990234375,141
2026-03-23T05:45:00,4324.89990234375,4325.39990234375,4322.2001953125,4322.89990234375,358
2026-03-23T05:46:00,4323.10009765625,4325.2001953125,4322.2001953125,4323.7001953125,158
2026-03-23T05:47:00,4324.7001953125,4326.39990234375,4322.0,4324.5,242
2026-03-23T05:48:00,4323.7998046875,4329.10009765625,4322.2001953125,4328.89990234375,195
2026-03-23T05:49:00,4328.7001953125,4329.60009765625,4323.2001953125,4323.2001953125,114
2026-03-23T05:50:00,4324.0,4326.7001953125,4320.0,4323.2998046875,462
2026-03-23T05:51:00,4323.89990234375,4323.89990234375,4316.60009765625,4316.60009765625,421
2026-03-23T05:52:00,4317.0,4317.2998046875,4309.2001953125,4309.7998046875,979
2026-03-23T05:53:00,4310.2001953125,4313.2998046875,4308.7001953125,4310.10009765625,380
2026-03-23T05:54:00,4310.2001953125,4313.39990234375,4306.7001953125,4306.7001953125,378
2026-03-23T05:55:00,4306.7001953125,4317.0,4305.5,4315.7998046875,466
2026-03-23T05:56:00,4316.7998046875,4324.0,4316.7998046875,4322.10009765625,342
2026-03-23T05:57:00,4323.2001953125,4326.39990234375,4321.5,4324.0,264
2026-03-23T05:58:00,4323.60009765625,4323.60009765625,4315.0,4315.2998046875,142
2026-03-23T05:59:00,4315.10009765625,4316.7998046875,4314.0,4314.10009765625,131
2026-03-23T06:00:00,4313.7998046875,4314.60009765625,4306.5,4307.0,496
2026-03-23T06:01:00,4307.0,4308.2001953125,4304.5,4306.39990234375,396
2026-03-23T06:02:00,4306.89990234375,4308.60009765625,4297.0,4298.5,774
2026-03-23T06:03:00,4298.10009765625,4300.7001953125,4293.10009765625,4298.7001953125,619
2026-03-23T06:04:00,4299.60009765625,4302.39990234375,4291.2001953125,4291.7998046875,482
2026-03-23T06:05:00,4291.2998046875,4291.7998046875,4283.0,4284.39990234375,547
2026-03-23T06:06:00,4284.2998046875,4289.0,4283.10009765625,4283.7001953125,502
2026-03-23T06:07:00,4283.0,4289.10009765625,4276.10009765625,4288.2998046875,643
2026-03-23T06:08:00,4288.39990234375,4289.39990234375,4280.0,4281.2998046875,370
2026-03-23T06:09:00,4280.7001953125,4285.39990234375,4279.7998046875,4282.2998046875,665
2026-03-23T06:10:00,4281.7998046875,4289.5,4281.39990234375,4281.39990234375,509
2026-03-23T06:11:00,4281.0,4284.0,4279.0,4280.10009765625,497
2026-03-23T06:12:00,4280.2998046875,4286.2001953125,4279.7998046875,4282.0,544
2026-03-23T06:13:00,4281.7998046875,4287.0,4280.7998046875,4281.7001953125,550
2026-03-23T06:14:00,4281.39990234375,4302.60009765625,4280.7998046875,4300.7998046875,650
2026-03-23T06:15:00,4300.7998046875,4317.10009765625,4300.7998046875,4303.89990234375,1117
2026-03-23T06:16:00,4304.10009765625,4306.0,4296.5,4297.10009765625,352
2026-03-23T06:17:00,4297.7998046875,4297.89990234375,4284.89990234375,4290.7001953125,500
2026-03-23T06:18:00,4292.0,4298.10009765625,4284.7001953125,4284.7001953125,271
2026-03-23T06:19:00,4284.7998046875,4292.5,4283.89990234375,4291.0,274
2026-03-23T06:20:00,4291.2998046875,4291.7001953125,4280.7998046875,4282.60009765625,205
2026-03-23T06:21:00,4283.2001953125,4285.89990234375,4280.5,4283.89990234375,343
2026-03-23T06:22:00,4283.7001953125,4283.7001953125,4277.2001953125,4281.5,529
2026-03-23T06:23:00,4281.39990234375,4283.60009765625,4278.7998046875,4279.10009765625,421
2026-03-23T06:24:00,4279.60009765625,4281.60009765625,4277.2998046875,4280.89990234375,382
2026-03-23T06:25:00,4280.0,4288.0,4278.2001953125,4284.39990234375,336
2026-03-23T06:26:00,4283.89990234375,4285.39990234375,4273.5,4278.60009765625,503
2026-03-23T06:27:00,4278.7001953125,4282.7998046875,4271.5,4271.60009765625,587
2026-03-23T06:28:00,4271.5,4273.0,4255.5,4256.2001953125,1159
2026-03-23T06:29:00,4256.89990234375,4257.7001953125,4244.39990234375,4248.39990234375,927
2026-03-23T06:30:00,4249.60009765625,4254.5,4243.2001953125,4246.10009765625,776
2026-03-23T06:31:00,4245.2998046875,4255.5,4235.0,4249.0,946
2026-03-23T06:32:00,4249.2998046875,4250.2998046875,4232.0,4232.2001953125,486
2026-03-23T06:33:00,4232.0,4237.39990234375,4228.7998046875,4233.2001953125,692
2026-03-23T06:34:00,4233.10009765625,4243.0,4227.10009765625,4242.89990234375,574
2026-03-23T06:35:00,4242.39990234375,4246.39990234375,4235.2001953125,4238.10009765625,451
2026-03-23T06:36:00,4238.7001953125,4238.7001953125,4222.0,4223.7998046875,575
2026-03-23T06:37:00,4223.2001953125,4232.5,4221.0,4223.10009765625,393
2026-03-23T06:38:00,4223.0,4239.7001953125,4223.0,4238.60009765625,418
2026-03-23T06:39:00,4238.7001953125,4248.89990234375,4238.2001953125,4239.0,458
2026-03-23T06:40:00,4239.2998046875,4249.2998046875,4239.0,4239.7998046875,398
2026-03-23T06:41:00,4240.60009765625,4245.89990234375,4237.10009765625,4239.39990234375,197
2026-03-23T06:42:00,4239.2001953125,4241.7998046875,4220.10009765625,4222.0,474
2026-03-23T06:43:00,4221.89990234375,4225.7998046875,4195.7998046875,4202.60009765625,1317
2026-03-23T06:44:00,4203.0,4212.0,4186.7001953125,4187.0,935
2026-03-23T06:45:00,4187.0,4204.10009765625,4185.0,4200.60009765625,972
2026-03-23T06:46:00,4201.0,4201.2998046875,4183.60009765625,4189.2001953125,774
2026-03-23T06:47:00,4189.0,4193.39990234375,4166.0,4173.7001953125,1214
2026-03-23T06:48:00,4174.5,4197.0,4167.2001953125,4197.0,830
2026-03-23T06:49:00,4195.5,4212.10009765625,4189.39990234375,4210.39990234375,591
2026-03-23T06:50:00,4210.10009765625,4222.5,4207.5,4220.39990234375,617
2026-03-23T06:51:00,4220.10009765625,4232.2998046875,4217.7001953125,4229.60009765625,596
2026-03-23T06:52:00,4228.60009765625,4235.0,4226.0,4233.39990234375,476
2026-03-23T06:53:00,4232.39990234375,4233.7998046875,4225.2001953125,4230.2001953125,409
2026-03-23T06:54:00,4229.60009765625,4229.60009765625,4216.5,4216.5,546
2026-03-23T06:55:00,4217.60009765625,4233.7001953125,4215.5,4227.5,438
2026-03-23T06:56:00,4226.89990234375,4230.10009765625,4223.7998046875,4229.2001953125,197
2026-03-23T06:57:00,4229.7998046875,4232.7001953125,4227.2001953125,4232.0,265
2026-03-23T06:58:00,4231.39990234375,4233.0,4220.2998046875,4223.7001953125,350
2026-03-23T06:59:00,4223.39990234375,4228.89990234375,4211.10009765625,4225.10009765625,561
2026-03-23T07:00:00,4224.7998046875,4227.0,4210.10009765625,4215.5,357
2026-03-23T07:01:00,4216.39990234375,4216.7998046875,4187.5,4193.5,1008
2026-03-23T07:02:00,4195.7998046875,4205.2998046875,4195.7998046875,4196.0,495
2026-03-23T07:03:00,4196.7001953125,4205.2998046875,4189.2001953125,4190.7998046875,318
2026-03-23T07:04:00,4192.2001953125,4195.39990234375,4182.2001953125,4183.2001953125,317
2026-03-23T07:05:00,4184.2001953125,4184.39990234375,4172.39990234375,4179.2001953125,504
2026-03-23T07:06:00,4179.60009765625,4181.7001953125,4151.7001953125,4155.5,921
2026-03-23T07:07:00,4155.89990234375,4169.0,4153.0,4164.7998046875,447
2026-03-23T07:08:00,4164.7998046875,4164.7998046875,4134.0,4145.0,809
2026-03-23T07:09:00,4146.2001953125,4162.5,4145.10009765625,4159.7998046875,690
2026-03-23T07:10:00,4159.7998046875,4173.0,4159.7998046875,4165.2001953125,642
2026-03-23T07:11:00,4165.7998046875,4165.89990234375,4142.5,4146.89990234375,539
2026-03-23T07:12:00,4151.0,4154.7001953125,4141.89990234375,4144.2998046875,450
2026-03-23T07:13:00,4145.39990234375,4152.5,4132.89990234375,4139.0,444
2026-03-23T07:14:00,4139.7001953125,4145.0,4127.2001953125,4130.89990234375,552
2026-03-23T07:15:00,4132.0,4137.0,4122.0,4128.2998046875,471
2026-03-23T07:16:00,4129.10009765625,4138.7001953125,4125.10009765625,4137.39990234375,351
2026-03-23T07:17:00,4137.89990234375,4162.60009765625,4137.7998046875,4143.89990234375,794
2026-03-23T07:18:00,4146.2001953125,4149.10009765625,4116.7998046875,4118.10009765625,997
2026-03-23T07:19:00,4117.5,4123.39990234375,4115.0,4119.10009765625,469
2026-03-23T07:20:00,4119.60009765625,4120.5,4104.39990234375,4113.10009765625,769
2026-03-23T07:21:00,4113.89990234375,4116.89990234375,4103.5,4104.39990234375,586
2026-03-23T07:22:00,4104.7001953125,4117.2001953125,4100.0,4110.0,739
2026-03-23T07:23:00,4110.10009765625,4128.60009765625,4105.2001953125,4125.60009765625,611
2026-03-23T07:24:00,4125.7001953125,4148.10009765625,4124.10009765625,4132.60009765625,591
2026-03-23T07:25:00,4133.60009765625,4134.5,4115.10009765625,4117.2001953125,653
2026-03-23T07:26:00,4118.60009765625,4127.2998046875,4113.10009765625,4120.2001953125,465
2026-03-23T07:27:00,4120.60009765625,4141.5,4118.2998046875,4122.2998046875,731
2026-03-23T07:28:00,4121.89990234375,4139.7998046875,4115.7001953125,4137.7998046875,634
2026-03-23T07:29:00,4138.7998046875,4139.2998046875,4123.60009765625,4137.2001953125,525
2026-03-23T07:30:00,4137.10009765625,4145.0,4132.2998046875,4136.7998046875,289
2026-03-23T07:31:00,4137.60009765625,4155.7998046875,4137.2001953125,4147.89990234375,863
2026-03-23T07:32:00,4149.7001953125,4151.2001953125,4135.0,4149.0,464
2026-03-23T07:33:00,4149.0,4163.7001953125,4147.39990234375,4162.7998046875,495
2026-03-23T07:34:00,4163.5,4167.7001953125,4153.7998046875,4160.0,635
2026-03-23T07:35:00,4157.7001953125,4167.0,4154.39990234375,4166.7998046875,483
2026-03-23T07:36:00,4166.2001953125,4185.7001953125,4165.89990234375,4182.7998046875,976
2026-03-23T07:37:00,4182.89990234375,4186.5,4179.0,4183.0,500
2026-03-23T07:38:00,4183.7001953125,4203.7001953125,4182.2001953125,4195.60009765625,759
2026-03-23T07:39:00,4195.60009765625,4196.5,4183.2998046875,4184.39990234375,300
2026-03-23T07:40:00,4183.2001953125,4191.10009765625,4175.10009765625,4191.0,485
2026-03-23T07:41:00,4191.7998046875,4216.2001953125,4191.10009765625,4205.39990234375,582
2026-03-23T07:42:00,4206.0,4206.2001953125,4191.0,4193.60009765625,487
2026-03-23T07:43:00,4193.10009765625,4206.0,4192.60009765625,4204.0,308
2026-03-23T07:44:00,4204.10009765625,4218.60009765625,4201.10009765625,4218.60009765625,425
2026-03-23T07:45:00,4216.60009765625,4221.0,4208.0,4220.2001953125,592
2026-03-23T07:46:00,4220.10009765625,4228.0,4219.39990234375,4227.2001953125,590
2026-03-23T07:47:00,4227.2001953125,4228.7001953125,4216.89990234375,4223.60009765625,437
2026-03-23T07:48:00,4224.10009765625,4233.7998046875,4222.7998046875,4223.2001953125,429
2026-03-23T07:49:00,4223.0,4223.5,4214.0,4215.39990234375,513
2026-03-23T07:50:00,4214.89990234375,4222.7001953125,4207.2998046875,4212.0,621
2026-03-23T07:51:00,4211.7998046875,4220.5,4209.60009765625,4217.5,556
2026-03-23T07:52:00,4215.7998046875,4216.2998046875,4201.0,4201.0,434
2026-03-23T07:53:00,4201.7998046875,4206.89990234375,4189.0,4191.7001953125,695
2026-03-23T07:54:00,4192.2001953125,4202.10009765625,4191.5,4200.0,347
2026-03-23T07:55:00,4200.89990234375,4201.2001953125,4192.5,4196.10009765625,235
2026-03-23T07:56:00,4196.10009765625,4204.0,4193.5,4200.60009765625,337
2026-03-23T07:57:00,4201.39990234375,4206.39990234375,4196.10009765625,4199.10009765625,176
2026-03-23T07:58:00,4197.2998046875,4202.39990234375,4188.2998046875,4199.7998046875,243
2026-03-23T07:59:00,4199.39990234375,4207.2998046875,4197.0,4205.7001953125,227
2026-03-23T08:00:00,4206.5,4229.2001953125,4203.60009765625,4228.0,742
2026-03-23T08:01:00,4227.2998046875,4231.0,4216.5,4217.7001953125,678
2026-03-23T08:02:00,4217.39990234375,4227.39990234375,4209.10009765625,4225.10009765625,707
2026-03-23T08:03:00,4224.7001953125,4232.10009765625,4220.39990234375,4230.2001953125,407
2026-03-23T08:04:00,4228.89990234375,4230.10009765625,4215.10009765625,4223.10009765625,636
2026-03-23T08:05:00,4222.7001953125,4223.5,4215.10009765625,4220.5,560
2026-03-23T08:06:00,4220.7001953125,4240.10009765625,4220.60009765625,4239.39990234375,632
2026-03-23T08:07:00,4238.89990234375,4240.2001953125,4232.0,4233.89990234375,547
2026-03-23T08:08:00,4234.39990234375,4241.5,4231.89990234375,4241.5,521
2026-03-23T08:09:00,4242.0,4244.7001953125,4231.60009765625,4235.39990234375,428
2026-03-23T08:10:00,4236.10009765625,4241.2001953125,4225.10009765625,4233.7998046875,603
2026-03-23T08:11:00,4233.5,4250.0,4226.10009765625,4248.7001953125,511
2026-03-23T08:12:00,4249.10009765625,4251.39990234375,4246.2001953125,4250.60009765625,491
2026-03-23T08:13:00,4248.7998046875,4251.2998046875,4244.7001953125,4249.5,261
2026-03-23T08:14:00,4249.5,4257.89990234375,4249.5,4255.7001953125,357
2026-03-23T08:15:00,4255.7001953125,4258.60009765625,4250.2998046875,4254.2998046875,503
2026-03-23T08:16:00,4252.89990234375,4252.89990234375,4235.2001953125,4235.2001953125,447
2026-03-23T08:17:00,4235.10009765625,4235.7001953125,4223.0,4223.7001953125,447
2026-03-23T08:18:00,4224.7998046875,4229.2998046875,4218.2001953125,4222.10009765625,326
2026-03-23T08:19:00,4222.2001953125,4224.89990234375,4214.2001953125,4223.10009765625,330
2026-03-23T08:20:00,4222.2001953125,4228.39990234375,4212.2998046875,4215.0,322
2026-03-23T08:21:00,4214.5,4220.2998046875,4212.5,4218.39990234375,272
2026-03-23T08:22:00,4218.0,4227.39990234375,4214.2001953125,4226.39990234375,371
2026-03-23T08:23:00,4227.7001953125,4230.60009765625,4219.2998046875,4219.7998046875,240
2026-03-23T08:24:00,4218.60009765625,4228.0,4218.39990234375,4223.7998046875,110
2026-03-23T08:25:00,4223.10009765625,4224.7998046875,4214.7998046875,4224.10009765625,203
2026-03-23T08:26:00,4223.5,4227.5,4213.89990234375,4214.89990234375,305
2026-03-23T08:27:00,4215.5,4227.2001953125,4215.39990234375,4225.7998046875,162
2026-03-23T08:28:00,4225.5,4230.39990234375,4225.0,4230.39990234375,102
2026-03-23T08:29:00,4231.39990234375,4237.0,4228.2001953125,4228.60009765625,421
2026-03-23T08:30:00,4228.60009765625,4241.5,4225.0,4241.2998046875,163
2026-03-23T08:31:00,4241.2998046875,4248.0,4240.7001953125,4245.10009765625,229
2026-03-23T08:32:00,4245.5,4261.2998046875,4245.5,4260.89990234375,244
2026-03-23T08:33:00,4261.2001953125,4265.7001953125,4259.2001953125,4260.2998046875,385
2026-03-23T08:34:00,4259.7998046875,4265.2001953125,4255.7998046875,4265.2001953125,378
2026-03-23T08:35:00,4265.2998046875,4273.2998046875,4257.0,4257.0,588
2026-03-23T08:36:00,4257.89990234375,4260.89990234375,4251.89990234375,4253.39990234375,374
2026-03-23T08:37:00,4254.10009765625,4254.2998046875,4246.39990234375,4246.39990234375,271
2026-03-23T08:38:00,4245.7001953125,4245.7001953125,4239.10009765625,4242.60009765625,201
2026-03-23T08:39:00,4242.7998046875,4243.2001953125,4235.89990234375,4239.7998046875,252
2026-03-23T08:40:00,4239.89990234375,4244.10009765625,4238.7001953125,4239.39990234375,233
2026-03-23T08:41:00,4239.39990234375,4255.7001953125,4239.39990234375,4254.89990234375,287
2026-03-23T08:42:00,4254.7998046875,4260.89990234375,4253.60009765625,4253.60009765625,290
2026-03-23T08:43:00,4252.5,4253.0,4243.89990234375,4247.10009765625,311
2026-03-23T08:44:00,4248.5,4259.7998046875,4246.7998046875,4258.39990234375,241
2026-03-23T08:45:00,4259.60009765625,4271.60009765625,4258.7998046875,4267.7001953125,275
2026-03-23T08:46:00,4267.2001953125,4267.60009765625,4255.2001953125,4255.2001953125,309
2026-03-23T08:47:00,4255.7001953125,4262.7998046875,4253.60009765625,4258.10009765625,408
2026-03-23T08:48:00,4256.7998046875,4258.10009765625,4253.10009765625,4254.2001953125,204
2026-03-23T08:49:00,4255.0,4255.2001953125,4242.5,4242.60009765625,219
2026-03-23T08:50:00,4242.2001953125,4243.39990234375,4231.0,4232.0,431
2026-03-23T08:51:00,4232.0,4240.0,4227.2998046875,4234.7998046875,336
2026-03-23T08:52:00,4233.7001953125,4237.89990234375,4233.60009765625,4237.5,197
2026-03-23T08:53:00,4237.89990234375,4241.7998046875,4233.89990234375,4236.0,311
2026-03-23T08:54:00,4235.89990234375,4236.2001953125,4229.2998046875,4230.2001953125,154
2026-03-23T08:55:00,4229.5,4234.39990234375,4225.0,4225.39990234375,373
2026-03-23T08:56:00,4226.0,4228.2001953125,4220.7001953125,4225.5,205
2026-03-23T08:57:00,4226.10009765625,4239.2998046875,4226.10009765625,4238.39990234375,383
2026-03-23T08:58:00,4238.0,4245.89990234375,4237.7998046875,4245.89990234375,377
2026-03-23T08:59:00,4246.7001953125,4254.7001953125,4245.5,4251.7001953125,378
2026-03-23T09:00:00,4252.60009765625,4261.39990234375,4250.7001953125,4258.5,479
2026-03-23T09:01:00,4257.2998046875,4258.2001953125,4248.39990234375,4250.2998046875,595
2026-03-23T09:02:00,4250.2001953125,4253.60009765625,4246.89990234375,4252.7998046875,306
2026-03-23T09:03:00,4252.2998046875,4253.7998046875,4248.5,4251.2998046875,242
2026-03-23T09:04:00,4251.0,4259.2001953125,4250.5,4255.0,176
2026-03-23T09:05:00,4255.10009765625,4259.0,4252.2998046875,4253.7001953125,133
2026-03-23T09:06:00,4254.7998046875,4256.60009765625,4252.2001953125,4253.0,75
2026-03-23T09:07:00,4253.7001953125,4258.89990234375,4253.5,4256.5,83
2026-03-23T09:08:00,4257.2001953125,4257.2001953125,4251.2001953125,4252.7998046875,193
2026-03-23T09:09:00,4252.7998046875,4258.60009765625,4251.2001953125,4256.2001953125,181
2026-03-23T09:10:00,4256.2998046875,4266.7001953125,4255.10009765625,4264.7998046875,253
2026-03-23T09:11:00,4264.89990234375,4268.7001953125,4258.7001953125,4263.2001953125,217
2026-03-23T09:12:00,4264.0,4265.10009765625,4261.60009765625,4262.89990234375,158
2026-03-23T09:13:00,4262.7001953125,4263.7001953125,4257.0,4260.39990234375,225
2026-03-23T09:14:00,4260.7998046875,4271.0,4260.60009765625,4270.60009765625,154
2026-03-23T09:15:00,4271.10009765625,4283.7998046875,4269.7001953125,4281.5,481
2026-03-23T09:16:00,4281.0,4293.39990234375,4278.5,4289.39990234375,435
2026-03-23T09:17:00,4290.2001953125,4292.7001953125,4283.7998046875,4286.7001953125,282
2026-03-23T09:18:00,4286.5,4287.5,4281.39990234375,4286.5,248
2026-03-23T09:19:00,4286.0,4291.2001953125,4285.0,4290.10009765625,188
2026-03-23T09:20:00,4289.7998046875,4293.60009765625,4284.7998046875,4292.10009765625,168
2026-03-23T09:21:00,4291.7998046875,4300.0,4291.7998046875,4298.2001953125,370
2026-03-23T09:22:00,4297.89990234375,4300.60009765625,4295.0,4299.5,370
2026-03-23T09:23:00,4299.0,4302.60009765625,4296.7001953125,4297.89990234375,619
2026-03-23T09:24:00,4297.5,4299.0,4286.89990234375,4290.2001953125,585
2026-03-23T09:25:00,4290.0,4297.2998046875,4289.0,4291.2998046875,675
2026-03-23T09:26:00,4291.0,4295.5,4289.60009765625,4294.60009765625,129
2026-03-23T09:27:00,4293.89990234375,4302.7001953125,4292.5,4297.7998046875,269
2026-03-23T09:28:00,4298.10009765625,4300.39990234375,4296.10009765625,4296.89990234375,89
2026-03-23T09:29:00,4297.2998046875,4306.0,4294.60009765625,4306.0,176
2026-03-23T09:30:00,4305.7001953125,4310.2998046875,4299.89990234375,4308.0,373
2026-03-23T09:31:00,4307.2998046875,4308.60009765625,4293.89990234375,4298.60009765625,333
2026-03-23T09:32:00,4298.7001953125,4298.7998046875,4287.0,4289.10009765625,461
2026-03-23T09:33:00,4288.39990234375,4290.2998046875,4281.0,4287.0,435
2026-03-23T09:34:00,4287.10009765625,4287.7998046875,4281.89990234375,4282.60009765625,191
2026-03-23T09:35:00,4283.5,4284.39990234375,4279.2998046875,4281.89990234375,175
2026-03-23T09:36:00,4282.7998046875,4286.0,4266.5,4268.60009765625,571
2026-03-23T09:37:00,4269.5,4269.60009765625,4257.39990234375,4262.60009765625,1029
2026-03-23T09:38:00,4262.60009765625,4263.89990234375,4253.10009765625,4255.60009765625,480
2026-03-23T09:39:00,4254.7998046875,4257.10009765625,4239.60009765625,4241.60009765625,712
2026-03-23T09:40:00,4241.89990234375,4245.0,4234.2998046875,4236.60009765625,555
2026-03-23T09:41:00,4237.39990234375,4248.0,4233.2998046875,4246.7001953125,357
2026-03-23T09:42:00,4246.5,4250.10009765625,4231.10009765625,4233.2001953125,500
2026-03-23T09:43:00,4231.7001953125,4243.39990234375,4228.39990234375,4229.10009765625,375
2026-03-23T09:44:00,4230.2001953125,4236.10009765625,4225.0,4225.0,506
2026-03-23T09:45:00,4226.60009765625,4235.2998046875,4224.10009765625,4235.2998046875,243
2026-03-23T09:46:00,4234.60009765625,4242.39990234375,4232.2998046875,4239.60009765625,220
2026-03-23T09:47:00,4239.10009765625,4239.10009765625,4235.0,4238.5,204
2026-03-23T09:48:00,4238.7998046875,4243.60009765625,4238.7998046875,4241.7998046875,79
2026-03-23T09:49:00,4241.2998046875,4246.5,4235.7998046875,4238.7001953125,405
2026-03-23T09:50:00,4238.60009765625,4240.2001953125,4236.2001953125,4238.7998046875,158
2026-03-23T09:51:00,4239.5,4241.5,4235.2998046875,4238.7998046875,168
2026-03-23T09:52:00,4239.2998046875,4245.0,4238.7998046875,4244.39990234375,144
2026-03-23T09:53:00,4245.7001953125,4249.2998046875,4241.60009765625,4241.60009765625,300
2026-03-23T09:54:00,4241.7001953125,4242.7001953125,4235.0,4239.10009765625,333
2026-03-23T09:55:00,4238.7001953125,4246.5,4238.60009765625,4243.2001953125,140
2026-03-23T09:56:00,4242.2998046875,4248.7001953125,4239.2001953125,4248.7001953125,229
2026-03-23T09:57:00,4249.0,4249.7001953125,4245.2998046875,4246.39990234375,110
2026-03-23T09:58:00,4246.2998046875,4252.7998046875,4245.7998046875,4252.7998046875,157
2026-03-23T09:59:00,4252.10009765625,4257.7001953125,4252.10009765625,4254.5,201
2026-03-23T10:00:00,4254.7001953125,4257.39990234375,4252.0,4252.60009765625,290
2026-03-23T10:01:00,4252.60009765625,4253.5,4250.0,4252.7001953125,280
2026-03-23T10:02:00,4253.2001953125,4259.89990234375,4253.2001953125,4258.0,162
2026-03-23T10:03:00,4258.2001953125,4259.39990234375,4244.2998046875,4255.39990234375,347
2026-03-23T10:04:00,4256.5,4262.5,4256.2998046875,4257.89990234375,161
2026-03-23T10:05:00,4258.2001953125,4259.7998046875,4254.7998046875,4257.7001953125,133
2026-03-23T10:06:00,4257.5,4260.0,4255.5,4258.2001953125,147
2026-03-23T10:07:00,4258.10009765625,4263.60009765625,4257.7001953125,4259.39990234375,198
2026-03-23T10:08:00,4258.89990234375,4260.89990234375,4258.60009765625,4260.0,90
2026-03-23T10:09:00,4258.89990234375,4266.0,4257.7001953125,4263.0,173
2026-03-23T10:10:00,4262.89990234375,4269.7001953125,4262.39990234375,4268.60009765625,102
2026-03-23T10:11:00,4268.7998046875,4272.39990234375,4266.60009765625,4271.60009765625,138
2026-03-23T10:12:00,4270.7998046875,4273.7998046875,4266.0,4267.2998046875,192
2026-03-23T10:13:00,4268.2001953125,4268.5,4256.5,4258.2001953125,183
2026-03-23T10:14:00,4259.0,4265.10009765625,4256.0,4264.89990234375,211
2026-03-23T10:15:00,4265.39990234375,4271.60009765625,4264.2998046875,4270.5,125
2026-03-23T10:16:00,4269.2001953125,4271.10009765625,4264.0,4268.10009765625,92
2026-03-23T10:17:00,4267.89990234375,4269.0,4265.89990234375,4268.39990234375,64
2026-03-23T10:18:00,4269.60009765625,4275.89990234375,4269.0,4275.89990234375,140
2026-03-23T10:19:00,4274.10009765625,4274.60009765625,4269.39990234375,4270.5,84
2026-03-23T10:20:00,4269.89990234375,4270.2001953125,4259.2001953125,4259.2001953125,151
2026-03-23T10:21:00,4258.7001953125,4266.2001953125,4257.10009765625,4264.2998046875,328
2026-03-23T10:22:00,4266.0,4269.5,4262.89990234375,4269.10009765625,83
2026-03-23T10:23:00,4268.60009765625,4272.2998046875,4268.39990234375,4272.2998046875,66
2026-03-23T10:24:00,4271.5,4276.0,4270.7001953125,4274.7998046875,127
2026-03-23T10:25:00,4274.0,4275.5,4267.2998046875,4267.89990234375,152
2026-03-23T10:26:00,4267.89990234375,4270.7998046875,4266.7998046875,4270.7998046875,169
2026-03-23T10:27:00,4271.10009765625,4272.5,4266.7001953125,4267.2998046875,114
2026-03-23T10:28:00,4266.7998046875,4268.7998046875,4266.5,4268.7998046875,121
2026-03-23T10:29:00,4267.89990234375,4270.7998046875,4267.89990234375,4270.0,96
2026-03-23T10:30:00,4270.2998046875,4270.7001953125,4262.2001953125,4265.10009765625,293
2026-03-23T10:31:00,4263.60009765625,4266.7998046875,4262.7998046875,4265.2001953125,99
2026-03-23T10:32:00,4267.0,4267.2001953125,4262.7998046875,4265.39990234375,114
2026-03-23T10:33:00,4265.2998046875,4266.60009765625,4262.60009765625,4263.5,159
2026-03-23T10:34:00,4262.7998046875,4267.7001953125,4262.7998046875,4263.60009765625,168
2026-03-23T10:35:00,4263.2001953125,4269.0,4262.2001953125,4266.7998046875,247
2026-03-23T10:36:00,4266.7001953125,4269.60009765625,4262.2001953125,4262.7001953125,230
2026-03-23T10:37:00,4262.60009765625,4264.7001953125,4246.89990234375,4247.2001953125,601
2026-03-23T10:38:00,4246.7998046875,4251.7001953125,4245.39990234375,4250.7001953125,248
2026-03-23T10:39:00,4250.5,4250.5,4241.7998046875,4248.2998046875,139
2026-03-23T10:40:00,4248.10009765625,4250.10009765625,4244.60009765625,4247.2998046875,197
2026-03-23T10:41:00,4246.2998046875,4254.0,4246.2998046875,4253.5,164
2026-03-23T10:42:00,4253.39990234375,4262.2001953125,4253.39990234375,4262.2001953125,181
2026-03-23T10:43:00,4261.7001953125,4263.7001953125,4258.7001953125,4258.89990234375,159
2026-03-23T10:44:00,4259.0,4260.0,4251.39990234375,4259.0,110
2026-03-23T10:45:00,4257.89990234375,4258.7998046875,4252.2001953125,4254.10009765625,52
2026-03-23T10:46:00,4254.7001953125,4254.7998046875,4250.7001953125,4252.7998046875,108
2026-03-23T10:47:00,4252.5,4255.39990234375,4252.0,4255.39990234375,67
2026-03-23T10:48:00,4253.2001953125,4257.2001953125,4251.39990234375,4256.89990234375,116
2026-03-23T10:49:00,4256.89990234375,4262.2998046875,4255.5,4261.7001953125,83
2026-03-23T10:50:00,4261.2001953125,4283.0,4261.0,4277.5,403
2026-03-23T10:51:00,4278.7998046875,4278.89990234375,4268.10009765625,4269.2998046875,253
2026-03-23T10:52:00,4268.0,4273.10009765625,4265.89990234375,4269.2998046875,184
2026-03-23T10:53:00,4270.2001953125,4270.5,4261.7001953125,4267.0,172
2026-03-23T10:54:00,4266.7998046875,4269.89990234375,4263.39990234375,4263.39990234375,120
2026-03-23T10:55:00,4264.39990234375,4265.10009765625,4259.10009765625,4261.7001953125,207
2026-03-23T10:56:00,4262.60009765625,4262.60009765625,4251.5,4259.2001953125,225
2026-03-23T10:57:00,4259.39990234375,4269.0,4259.2998046875,4268.2001953125,136
2026-03-23T10:58:00,4269.0,4269.0,4265.39990234375,4266.7001953125,157
2026-03-23T10:59:00,4267.10009765625,4272.0,4266.2001953125,4270.0,97
2026-03-23T11:00:00,4270.39990234375,4289.7998046875,4270.10009765625,4286.5,441
2026-03-23T11:01:00,4286.89990234375,4292.5,4283.0,4292.39990234375,357
2026-03-23T11:02:00,4291.2001953125,4296.7998046875,4289.2001953125,4291.0,244
2026-03-23T11:03:00,4290.2998046875,4291.10009765625,4280.89990234375,4281.2998046875,295
2026-03-23T11:04:00,4281.0,4286.2001953125,4280.5,4284.7001953125,148
2026-03-23T11:05:00,4285.0,4343.0,4282.39990234375,4340.0,1193
2026-03-23T11:06:00,4338.60009765625,4384.7998046875,4338.60009765625,4379.2998046875,1337
2026-03-23T11:07:00,4377.5,4424.0,4375.60009765625,4418.7998046875,1689
2026-03-23T11:08:00,4418.10009765625,4421.2998046875,4374.5,4400.0,1287
2026-03-23T11:09:00,4398.10009765625,4413.5,4391.60009765625,4408.89990234375,776
2026-03-23T11:10:00,4410.0,4440.0,4396.89990234375,4440.0,1043
2026-03-23T11:11:00,4440.0,4466.2998046875,4418.0,4427.7001953125,1503
2026-03-23T11:12:00,4430.39990234375,4446.0,4414.7998046875,4441.0,758
2026-03-23T11:13:00,4436.7998046875,4443.0,4428.39990234375,4438.39990234375,729
2026-03-23T11:14:00,4437.5,4462.2998046875,4434.0,4458.5,704
2026-03-23T11:15:00,4458.89990234375,4466.2998046875,4420.2998046875,4421.0,810
2026-03-23T11:16:00,4421.60009765625,4421.60009765625,4401.60009765625,4405.7001953125,784
2026-03-23T11:17:00,4408.5,4421.5,4401.89990234375,4412.2998046875,606
2026-03-23T11:18:00,4409.5,4410.39990234375,4391.2001953125,4395.10009765625,703
2026-03-23T11:19:00,4395.60009765625,4397.89990234375,4380.0,4397.0,699
2026-03-23T11:20:00,4398.0,4407.2001953125,4368.60009765625,4370.39990234375,526
2026-03-23T11:21:00,4370.39990234375,4380.0,4362.2001953125,4377.7998046875,913
2026-03-23T11:22:00,4376.7998046875,4376.7998046875,4356.0,4364.2001953125,495
2026-03-23T11:23:00,4363.2001953125,4379.0,4360.7998046875,4373.89990234375,496
2026-03-23T11:24:00,4371.7998046875,4377.5,4358.89990234375,4377.5,426
2026-03-23T11:25:00,4379.0,4392.2998046875,4378.5,4392.2998046875,539
2026-03-23T11:26:00,4391.0,4406.7001953125,4390.0,4400.5,518
2026-03-23T11:27:00,4401.7001953125,4405.89990234375,4390.60009765625,4395.0,427
2026-03-23T11:28:00,4395.2001953125,4396.60009765625,4372.89990234375,4382.0,426
2026-03-23T11:29:00,4380.89990234375,4402.2998046875,4377.60009765625,4400.39990234375,357
2026-03-23T11:30:00,4402.39990234375,4407.0,4396.7998046875,4405.2998046875,428
2026-03-23T11:31:00,4404.89990234375,4412.0,4401.89990234375,4410.60009765625,488
2026-03-23T11:32:00,4411.2001953125,4412.7998046875,4404.7001953125,4407.89990234375,328
2026-03-23T11:33:00,4407.5,4413.60009765625,4405.5,4408.7998046875,338
2026-03-23T11:34:00,4411.60009765625,4429.2998046875,4410.60009765625,4424.7001953125,575
2026-03-23T11:35:00,4422.7998046875,4427.7001953125,4416.89990234375,4423.7998046875,334
2026-03-23T11:36:00,4423.0,4434.5,4422.7998046875,4429.7001953125,509
2026-03-23T11:37:00,4428.5,4428.5,4408.0,4409.39990234375,575
2026-03-23T11:38:00,4409.5,4409.5,4394.0,4400.10009765625,631
2026-03-23T11:39:00,4400.0,4417.39990234375,4399.10009765625,4407.39990234375,440
2026-03-23T11:40:00,4408.0,4408.5,4385.5,4391.89990234375,339
2026-03-23T11:41:00,4392.39990234375,4400.2001953125,4390.0,4399.89990234375,219
2026-03-23T11:42:00,4399.2001953125,4405.0,4389.7998046875,4402.39990234375,377
2026-03-23T11:43:00,4404.0,4414.2998046875,4403.0,4413.5,298
2026-03-23T11:44:00,4412.10009765625,4418.10009765625,4409.10009765625,4414.2001953125,221
2026-03-23T11:45:00,4414.0,4420.10009765625,4410.39990234375,4416.10009765625,249
2026-03-23T11:46:00,4416.0,4416.0,4401.7998046875,4403.2001953125,310
2026-03-23T11:47:00,4402.10009765625,4403.60009765625,4387.39990234375,4387.39990234375,386
2026-03-23T11:48:00,4389.2001953125,4390.2001953125,4377.5,4386.2998046875,691
2026-03-23T11:49:00,4387.39990234375,4396.39990234375,4387.2001953125,4395.2998046875,255
2026-03-23T11:50:00,4395.2001953125,4395.2001953125,4383.5,4390.7998046875,228
2026-03-23T11:51:00,4390.89990234375,4400.0,4381.39990234375,4385.7001953125,964
2026-03-23T11:52:00,4385.7998046875,4394.60009765625,4380.0,4393.7998046875,296
2026-03-23T11:53:00,4393.2001953125,4415.0,4393.2001953125,4412.89990234375,436
2026-03-23T11:54:00,4413.2001953125,4417.10009765625,4405.10009765625,4405.5,292
2026-03-23T11:55:00,4405.2998046875,4405.2998046875,4389.0,4391.2001953125,421
2026-03-23T11:56:00,4391.10009765625,4392.7001953125,4377.7998046875,4379.0,282
2026-03-23T11:57:00,4379.7001953125,4382.39990234375,4366.60009765625,4368.7001953125,367
2026-03-23T11:58:00,4368.7998046875,4373.5,4363.39990234375,4371.10009765625,415
2026-03-23T11:59:00,4371.7001953125,4381.39990234375,4370.60009765625,4379.2001953125,267
2026-03-23T12:00:00,4380.10009765625,4382.10009765625,4367.89990234375,4367.89990234375,405
2026-03-23T12:01:00,4366.7001953125,4371.2001953125,4358.60009765625,4362.10009765625,452
2026-03-23T12:02:00,4361.2001953125,4366.7001953125,4355.10009765625,4356.7001953125,657
2026-03-23T12:03:00,4356.10009765625,4367.0,4352.0,4362.5,465
2026-03-23T12:04:00,4362.39990234375,4364.7998046875,4356.2998046875,4359.39990234375,171
2026-03-23T12:05:00,4359.60009765625,4367.39990234375,4343.5,4346.7998046875,562
2026-03-23T12:06:00,4346.7998046875,4353.60009765625,4338.89990234375,4352.7998046875,356
2026-03-23T12:07:00,4354.0,4354.7998046875,4338.0,4345.10009765625,457
2026-03-23T12:08:00,4345.2001953125,4357.7001953125,4344.60009765625,4357.39990234375,170
2026-03-23T12:09:00,4357.60009765625,4370.5,4353.2001953125,4370.0,404
2026-03-23T12:10:00,4370.5,4377.5,4368.7998046875,4376.2001953125,284
2026-03-23T12:11:00,4376.7001953125,4376.7001953125,4367.89990234375,4367.89990234375,344
2026-03-23T12:12:00,4367.7001953125,4374.60009765625,4367.10009765625,4370.0,117
2026-03-23T12:13:00,4369.89990234375,4376.60009765625,4364.39990234375,4364.39990234375,294
2026-03-23T12:14:00,4367.7998046875,4368.2001953125,4351.0,4356.2001953125,424
2026-03-23T12:15:00,4354.2998046875,4371.7001953125,4354.10009765625,4367.39990234375,283
2026-03-23T12:16:00,4367.7998046875,4381.2998046875,4367.7998046875,4380.89990234375,247
2026-03-23T12:17:00,4381.2001953125,4394.2998046875,4381.2001953125,4394.2998046875,317
2026-03-23T12:18:00,4393.2001953125,4393.39990234375,4385.89990234375,4387.7998046875,181
2026-03-23T12:19:00,4388.7001953125,4402.60009765625,4388.7001953125,4401.2001953125,399
2026-03-23T12:20:00,4401.2998046875,4406.0,4394.10009765625,4406.0,469
2026-03-23T12:21:00,4407.0,4407.7001953125,4400.2001953125,4401.60009765625,262
2026-03-23T12:22:00,4401.7001953125,4403.7998046875,4396.7998046875,4396.89990234375,310
2026-03-23T12:23:00,4396.5,4401.10009765625,4395.60009765625,4397.10009765625,280
2026-03-23T12:24:00,4396.39990234375,4398.2001953125,4390.5,4392.39990234375,215
2026-03-23T12:25:00,4392.7998046875,4402.10009765625,4392.7998046875,4393.2001953125,178
2026-03-23T12:26:00,4393.10009765625,4398.2998046875,4390.0,4394.2001953125,204
2026-03-23T12:27:00,4394.10009765625,4402.39990234375,4393.5,4397.7001953125,181
2026-03-23T12:28:00,4396.10009765625,4403.2001953125,4396.10009765625,4398.60009765625,98
2026-03-23T12:29:00,4400.39990234375,4401.7001953125,4390.0,4391.7998046875,301
2026-03-23T12:30:00,4391.89990234375,4391.89990234375,4375.5,4385.5,421
2026-03-23T12:31:00,4385.39990234375,4391.7001953125,4385.39990234375,4388.10009765625,185
2026-03-23T12:32:00,4387.39990234375,4397.60009765625,4386.89990234375,4396.60009765625,260
2026-03-23T12:33:00,4398.0,4412.60009765625,4398.0,4407.2998046875,216
2026-03-23T12:34:00,4405.89990234375,4412.2998046875,4404.39990234375,4408.2001953125,194
2026-03-23T12:35:00,4409.39990234375,4413.2001953125,4403.7998046875,4408.10009765625,209
2026-03-23T12:36:00,4409.5,4411.7998046875,4407.0,4409.60009765625,135
2026-03-23T12:37:00,4410.10009765625,4418.0,4410.10009765625,4416.2001953125,231
2026-03-23T12:38:00,4415.39990234375,4416.2001953125,4402.2998046875,4411.7998046875,381
2026-03-23T12:39:00,4411.5,4416.0,4409.89990234375,4411.10009765625,176
2026-03-23T12:40:00,4412.39990234375,4414.2001953125,4405.39990234375,4410.5,513
2026-03-23T12:41:00,4412.2001953125,4434.2998046875,4411.2998046875,4425.7001953125,563
2026-03-23T12:42:00,4426.7998046875,4443.7001953125,4425.5,4439.60009765625,443
2026-03-23T12:43:00,4440.10009765625,4443.7001953125,4436.60009765625,4441.60009765625,490
2026-03-23T12:44:00,4440.7998046875,4443.7001953125,4439.39990234375,4443.2998046875,396
2026-03-23T12:45:00,4443.5,4445.60009765625,4434.10009765625,4439.7998046875,376
2026-03-23T12:46:00,4440.2998046875,4450.7998046875,4436.2001953125,4450.7998046875,366
2026-03-23T12:47:00,4450.2998046875,4457.2001953125,4450.0,4452.10009765625,438
2026-03-23T12:48:00,4451.7998046875,4459.89990234375,4450.0,4455.39990234375,452
2026-03-23T12:49:00,4454.7001953125,4465.5,4452.2001953125,4464.39990234375,511
2026-03-23T12:50:00,4462.39990234375,4477.89990234375,4460.60009765625,4463.7001953125,994
2026-03-23T12:51:00,4464.39990234375,4477.39990234375,4462.7998046875,4475.89990234375,401
2026-03-23T12:52:00,4476.60009765625,4485.2001953125,4475.7001953125,4482.60009765625,819
2026-03-23T12:53:00,4481.39990234375,4483.10009765625,4466.5,4471.5,480
2026-03-23T12:54:00,4471.5,4476.7001953125,4466.10009765625,4470.2998046875,545
2026-03-23T12:55:00,4470.60009765625,4480.89990234375,4465.60009765625,4478.39990234375,375
2026-03-23T12:56:00,4477.5,4488.7998046875,4473.7001953125,4485.7998046875,404
2026-03-23T12:57:00,4483.60009765625,4489.0,4480.60009765625,4487.5,427
2026-03-23T12:58:00,4487.5,4488.2998046875,4478.2001953125,4488.10009765625,236
2026-03-23T12:59:00,4488.7998046875,4495.5,4480.2998046875,4480.60009765625,503
2026-03-23T13:00:00,4481.60009765625,4489.0,4466.39990234375,4466.89990234375,1085
2026-03-23T13:01:00,4467.2998046875,4471.7998046875,4452.60009765625,4457.60009765625,830
2026-03-23T13:02:00,4457.10009765625,4459.7001953125,4440.0,4443.89990234375,732
2026-03-23T13:03:00,4445.7998046875,4454.60009765625,4441.7998046875,4454.60009765625,739
2026-03-23T13:04:00,4453.7998046875,4462.7001953125,4452.89990234375,4455.39990234375,438
2026-03-23T13:05:00,4455.39990234375,4458.7001953125,4435.5,4440.10009765625,538
2026-03-23T13:06:00,4440.10009765625,4449.5,4438.2001953125,4440.10009765625,403
2026-03-23T13:07:00,4438.5,4440.7001953125,4432.2001953125,4437.39990234375,382
2026-03-23T13:08:00,4437.60009765625,4449.5,4434.60009765625,4441.0,530
2026-03-23T13:09:00,4444.89990234375,4451.7998046875,4440.0,4449.7001953125,323
2026-03-23T13:10:00,4449.89990234375,4452.7001953125,4443.5,4448.5,352
2026-03-23T13:11:00,4447.10009765625,4455.2001953125,4441.7001953125,4455.2001953125,324
2026-03-23T13:12:00,4455.0,4462.60009765625,4453.39990234375,4455.89990234375,338
2026-03-23T13:13:00,4455.2998046875,4456.5,4446.5,4450.39990234375,222
2026-03-23T13:14:00,4451.60009765625,4456.7998046875,4447.0,4448.60009765625,204
2026-03-23T13:15:00,4448.7998046875,4454.10009765625,4447.10009765625,4450.7001953125,188
2026-03-23T13:16:00,4451.10009765625,4454.39990234375,4442.60009765625,4448.10009765625,280
2026-03-23T13:17:00,4447.5,4448.39990234375,4436.5,4439.39990234375,412
2026-03-23T13:18:00,4437.89990234375,4445.2998046875,4437.89990234375,4441.60009765625,103
2026-03-23T13:19:00,4442.0,4444.2998046875,4424.89990234375,4425.7998046875,509
2026-03-23T13:20:00,4426.39990234375,4437.7001953125,4424.0,4437.7001953125,376
2026-03-23T13:21:00,4436.2001953125,4438.10009765625,4426.60009765625,4429.2998046875,221
2026-03-23T13:22:00,4428.0,4428.0,4421.89990234375,4424.89990234375,199
2026-03-23T13:23:00,4424.2001953125,4433.89990234375,4423.0,4429.39990234375,198
2026-03-23T13:24:00,4427.60009765625,4429.39990234375,4417.0,4421.2998046875,502
2026-03-23T13:25:00,4421.0,4422.7998046875,4408.7998046875,4409.5,315
2026-03-23T13:26:00,4409.2001953125,4414.2998046875,4408.7998046875,4413.5,294
2026-03-23T13:27:00,4413.5,4428.89990234375,4413.39990234375,4417.2998046875,467
2026-03-23T13:28:00,4418.10009765625,4420.2001953125,4416.2001953125,4417.7998046875,171
2026-03-23T13:29:00,4418.10009765625,4418.10009765625,4407.0,4412.5,377
2026-03-23T13:30:00,4412.7001953125,4417.5,4404.0,4412.2001953125,799
2026-03-23T13:31:00,4412.2998046875,4416.89990234375,4407.39990234375,4416.39990234375,336
2026-03-23T13:32:00,4417.2998046875,4421.60009765625,4405.89990234375,4413.7001953125,322
2026-03-23T13:33:00,4413.39990234375,4424.89990234375,4411.60009765625,4423.5,273
2026-03-23T13:34:00,4423.89990234375,4424.5,4407.0,4420.7998046875,393
2026-03-23T13:35:00,4419.39990234375,4432.7001953125,4419.10009765625,4420.60009765625,425
2026-03-23T13:36:00,4421.89990234375,4438.5,4421.10009765625,4437.5,581
2026-03-23T13:37:00,4437.5,4443.0,4431.7998046875,4432.7001953125,680
2026-03-23T13:38:00,4432.60009765625,4432.89990234375,4424.2001953125,4426.5,425
2026-03-23T13:39:00,4426.2998046875,4434.10009765625,4422.89990234375,4434.10009765625,410
2026-03-23T13:40:00,4434.10009765625,4442.2998046875,4430.7998046875,4438.89990234375,352
2026-03-23T13:41:00,4439.2001953125,4452.7001953125,4432.10009765625,4445.10009765625,460
2026-03-23T13:42:00,4444.89990234375,4452.2001953125,4440.60009765625,4448.7998046875,412
2026-03-23T13:43:00,4449.2998046875,4449.5,4438.2998046875,4441.5,399
2026-03-23T13:44:00,4440.39990234375,4440.7998046875,4424.0,4425.60009765625,536
2026-03-23T13:45:00,4423.7998046875,4439.2001953125,4422.2998046875,4437.89990234375,266
2026-03-23T13:46:00,4438.2001953125,4446.60009765625,4436.89990234375,4445.10009765625,246
2026-03-23T13:47:00,4444.39990234375,4448.0,4440.2001953125,4445.5,208
2026-03-23T13:48:00,4445.2998046875,4452.0,4440.0,4444.10009765625,334
2026-03-23T13:49:00,4444.5,4447.7001953125,4441.7998046875,4444.7001953125,209
2026-03-23T13:50:00,4445.2001953125,4454.2998046875,4442.5,4448.7998046875,291
2026-03-23T13:51:00,4451.0,4455.0,4445.0,4454.10009765625,254
2026-03-23T13:52:00,4454.0,4462.5,4451.89990234375,4462.5,461
2026-03-23T13:53:00,4462.60009765625,4470.2001953125,4460.0,4465.7001953125,606
2026-03-23T13:54:00,4465.2998046875,4466.0,4454.0,4454.39990234375,319
2026-03-23T13:55:00,4454.10009765625,4454.10009765625,4441.60009765625,4441.89990234375,411
2026-03-23T13:56:00,4441.10009765625,4449.5,4441.10009765625,4447.5,241
2026-03-23T13:57:00,4448.5,4455.39990234375,4441.7001953125,4455.0,278
2026-03-23T13:58:00,4453.7998046875,4458.39990234375,4448.0,4455.89990234375,161
2026-03-23T13:59:00,4456.2001953125,4457.60009765625,4453.7998046875,4457.60009765625,129
2026-03-23T14:00:00,4457.60009765625,4471.7998046875,4456.7998046875,4468.60009765625,532
2026-03-23T14:01:00,4469.2998046875,4475.60009765625,4463.7998046875,4474.89990234375,442
2026-03-23T14:02:00,4474.2998046875,4477.7998046875,4468.2998046875,4477.2001953125,373
2026-03-23T14:03:00,4476.89990234375,4482.2998046875,4471.5,4472.0,464
2026-03-23T14:04:00,4471.0,4476.0,4466.0,4468.0,573
2026-03-23T14:05:00,4467.7001953125,4468.39990234375,4459.89990234375,4464.60009765625,407
2026-03-23T14:06:00,4464.5,4465.2001953125,4456.60009765625,4456.60009765625,215
2026-03-23T14:07:00,4458.5,4472.7001953125,4458.2998046875,4472.0,194
2026-03-23T14:08:00,4473.10009765625,4473.2998046875,4464.10009765625,4464.2001953125,146
2026-03-23T14:09:00,4464.39990234375,4468.2001953125,4462.10009765625,4464.39990234375,187
2026-03-23T14:10:00,4465.2001953125,4469.7998046875,4459.5,4459.60009765625,213
2026-03-23T14:11:00,4459.5,4470.2998046875,4455.89990234375,4465.0,235
2026-03-23T14:12:00,4466.2001953125,4474.2001953125,4464.0,4467.0,331
2026-03-23T14:13:00,4464.7998046875,4471.7001953125,4463.5,4471.2001953125,461
2026-03-23T14:14:00,4470.39990234375,4471.7998046875,4462.0,4467.2001953125,254
2026-03-23T14:15:00,4467.60009765625,4485.0,4464.10009765625,4484.2998046875,404
2026-03-23T14:16:00,4484.2001953125,4485.2001953125,4477.7998046875,4481.7998046875,421
2026-03-23T14:17:00,4481.2998046875,4491.7998046875,4479.39990234375,4489.0,481
2026-03-23T14:18:00,4489.10009765625,4498.0,4488.7998046875,4497.7998046875,881
2026-03-23T14:19:00,4498.2001953125,4498.2998046875,4492.2998046875,4492.7001953125,463
2026-03-23T14:20:00,4492.39990234375,4493.10009765625,4487.7998046875,4491.7998046875,521
2026-03-23T14:21:00,4490.7998046875,4499.0,4489.0,4495.2001953125,278
2026-03-23T14:22:00,4495.0,4496.89990234375,4490.2001953125,4495.5,380
2026-03-23T14:23:00,4495.7998046875,4504.2998046875,4492.89990234375,4492.89990234375,627
2026-03-23T14:24:00,4492.7998046875,4510.7001953125,4491.7001953125,4507.60009765625,742
2026-03-23T14:25:00,4507.2001953125,4516.5,4505.0,4513.89990234375,865
2026-03-23T14:26:00,4514.5,4516.10009765625,4506.2998046875,4508.39990234375,393
2026-03-23T14:27:00,4508.39990234375,4512.0,4501.0,4502.39990234375,596
2026-03-23T14:28:00,4502.7998046875,4502.7998046875,4489.5,4490.10009765625,472
2026-03-23T14:29:00,4490.10009765625,4491.2998046875,4480.10009765625,4489.2001953125,650
2026-03-23T14:30:00,4488.7001953125,4490.10009765625,4477.2998046875,4482.60009765625,441
2026-03-23T14:31:00,4483.0,4488.2001953125,4482.7001953125,4485.10009765625,414
2026-03-23T14:32:00,4485.39990234375,4498.2001953125,4483.2998046875,4497.60009765625,375
2026-03-23T14:33:00,4497.7001953125,4507.2998046875,4497.7001953125,4502.0,578
2026-03-23T14:34:00,4502.60009765625,4502.60009765625,4491.5,4494.7001953125,448
2026-03-23T14:35:00,4496.2998046875,4504.5,4493.0,4502.89990234375,305
2026-03-23T14:36:00,4503.39990234375,4504.0,4494.7998046875,4495.2998046875,265
2026-03-23T14:37:00,4494.2001953125,4498.7998046875,4486.0,4486.0,315
2026-03-23T14:38:00,4486.7998046875,4493.0,4485.10009765625,4490.2998046875,357
2026-03-23T14:39:00,4490.10009765625,4490.10009765625,4479.39990234375,4483.7998046875,288
2026-03-23T14:40:00,4482.89990234375,4482.89990234375,4472.5,4477.60009765625,418
2026-03-23T14:41:00,4477.5,4482.60009765625,4474.7001953125,4481.10009765625,274
2026-03-23T14:42:00,4481.5,4488.89990234375,4481.5,4488.5,345
2026-03-23T14:43:00,4488.7998046875,4489.60009765625,4479.60009765625,4483.10009765625,465
2026-03-23T14:44:00,4483.2998046875,4486.89990234375,4479.89990234375,4482.0,199
2026-03-23T14:45:00,4482.10009765625,4482.39990234375,4470.39990234375,4477.0,738
2026-03-23T14:46:00,4477.0,4480.89990234375,4472.7001953125,4480.2001953125,361
2026-03-23T14:47:00,4479.7998046875,4487.89990234375,4479.5,4486.0,319
2026-03-23T14:48:00,4485.0,4485.0,4473.89990234375,4474.89990234375,290
2026-03-23T14:49:00,4475.2998046875,4481.89990234375,4472.89990234375,4481.89990234375,223
2026-03-23T14:50:00,4481.2001953125,4481.2001953125,4459.10009765625,4464.2998046875,398
2026-03-23T14:51:00,4463.89990234375,4471.89990234375,4463.89990234375,4468.7998046875,259
2026-03-23T14:52:00,4468.2998046875,4475.60009765625,4468.2998046875,4473.60009765625,273
2026-03-23T14:53:00,4472.7001953125,4474.5,4467.2998046875,4469.89990234375,203
2026-03-23T14:54:00,4471.2001953125,4471.89990234375,4463.10009765625,4466.39990234375,266
2026-03-23T14:55:00,4466.89990234375,4478.7998046875,4464.89990234375,4470.39990234375,476
2026-03-23T14:56:00,4471.5,4479.0,4468.7001953125,4479.0,238
2026-03-23T14:57:00,4478.0,4478.89990234375,4467.39990234375,4469.7998046875,260
2026-03-23T14:58:00,4471.0,4476.10009765625,4469.2998046875,4472.7001953125,266
2026-03-23T14:59:00,4472.60009765625,4473.39990234375,4462.7001953125,4463.5,504
2026-03-23T15:00:00,4464.39990234375,4466.5,4456.60009765625,4462.7001953125,765
2026-03-23T15:01:00,4463.10009765625,4479.10009765625,4458.5,4473.89990234375,799
2026-03-23T15:02:00,4473.5,4475.39990234375,4468.10009765625,4473.2001953125,366
2026-03-23T15:03:00,4473.2998046875,4479.2001953125,4472.10009765625,4476.7998046875,302
2026-03-23T15:04:00,4476.60009765625,4476.60009765625,4464.7001953125,4472.0,584
2026-03-23T15:05:00,4470.7998046875,4484.2998046875,4470.7998046875,4483.89990234375,483
2026-03-23T15:06:00,4482.89990234375,4488.5,4481.7001953125,4487.5,497
2026-03-23T15:07:00,4486.0,4486.0,4481.2001953125,4484.7998046875,192
2026-03-23T15:08:00,4483.7998046875,4488.89990234375,4479.7001953125,4479.7001953125,176
2026-03-23T15:09:00,4480.0,4487.7998046875,4480.0,4487.0,240
2026-03-23T15:10:00,4486.0,4486.2001953125,4480.2001953125,4480.89990234375,220
2026-03-23T15:11:00,4481.5,4484.7001953125,4478.7998046875,4479.7001953125,172
2026-03-23T15:12:00,4479.39990234375,4480.0,4467.7001953125,4472.2001953125,374
2026-03-23T15:13:00,4472.2001953125,4472.7998046875,4463.39990234375,4470.7998046875,377
2026-03-23T15:14:00,4470.60009765625,4472.0,4464.5,4466.5,207
2026-03-23T15:15:00,4466.7998046875,4470.2998046875,4462.0,4464.2001953125,259
2026-03-23T15:16:00,4464.0,4467.7001953125,4450.60009765625,4456.2001953125,643
2026-03-23T15:17:00,4455.39990234375,4455.39990234375,4441.7001953125,4442.5,807
2026-03-23T15:18:00,4442.7998046875,4447.7001953125,4428.5,4435.7001953125,478
2026-03-23T15:19:00,4436.0,4445.7001953125,4435.5,4442.2998046875,421
2026-03-23T15:20:00,4442.2001953125,4442.7998046875,4434.2001953125,4437.5,454
2026-03-23T15:21:00,4437.89990234375,4447.89990234375,4432.7998046875,4447.5,607
2026-03-23T15:22:00,4447.5,4455.10009765625,4447.2001953125,4455.10009765625,505
2026-03-23T15:23:00,4455.2998046875,4458.2998046875,4452.2001953125,4455.5,575
2026-03-23T15:24:00,4456.10009765625,4461.60009765625,4450.89990234375,4458.89990234375,266
2026-03-23T15:25:00,4458.60009765625,4459.89990234375,4454.89990234375,4455.7001953125,258
2026-03-23T15:26:00,4456.2001953125,4456.2001953125,4446.5,4448.0,314
2026-03-23T15:27:00,4448.10009765625,4451.2001953125,4445.7998046875,4451.2001953125,269
2026-03-23T15:28:00,4451.60009765625,4452.2998046875,4445.7001953125,4446.2998046875,177
2026-03-23T15:29:00,4446.39990234375,4448.2998046875,4441.89990234375,4448.2998046875,198
2026-03-23T15:30:00,4448.2998046875,4457.0,4447.39990234375,4449.7001953125,213
2026-03-23T15:31:00,4450.2001953125,4457.2001953125,4449.89990234375,4456.89990234375,204
2026-03-23T15:32:00,4456.7001953125,4457.5,4452.2998046875,4455.89990234375,194
2026-03-23T15:33:00,4455.7998046875,4457.7001953125,4444.7998046875,4444.7998046875,184
2026-03-23T15:34:00,4444.2998046875,4448.2998046875,4433.0,4434.60009765625,428
2026-03-23T15:35:00,4434.0,4435.2998046875,4427.10009765625,4429.2001953125,491
2026-03-23T15:36:00,4427.89990234375,4433.7998046875,4423.0,4423.7001953125,456
2026-03-23T15:37:00,4423.2001953125,4429.2998046875,4419.2001953125,4422.39990234375,379
2026-03-23T15:38:00,4422.89990234375,4425.7998046875,4416.7001953125,4421.2998046875,377
2026-03-23T15:39:00,4421.7001953125,4427.60009765625,4421.7001953125,4422.0,340
2026-03-23T15:40:00,4421.60009765625,4421.60009765625,4414.39990234375,4418.7998046875,346
2026-03-23T15:41:00,4419.7001953125,4424.7998046875,4417.10009765625,4418.10009765625,220
2026-03-23T15:42:00,4417.7001953125,4422.2001953125,4413.5,4419.39990234375,279
2026-03-23T15:43:00,4419.0,4421.5,4411.2001953125,4413.2998046875,298
2026-03-23T15:44:00,4413.2998046875,4414.39990234375,4407.60009765625,4410.2998046875,496
2026-03-23T15:45:00,4409.60009765625,4415.89990234375,4404.60009765625,4406.5,417
2026-03-23T15:46:00,4406.7001953125,4407.2001953125,4401.10009765625,4404.0,430
2026-03-23T15:47:00,4403.0,4405.0,4394.39990234375,4401.60009765625,609
2026-03-23T15:48:00,4401.10009765625,4406.89990234375,4400.5,4401.89990234375,287
2026-03-23T15:49:00,4402.60009765625,4407.2998046875,4402.2001953125,4403.2998046875,311
2026-03-23T15:50:00,4403.2998046875,4408.89990234375,4401.10009765625,4403.10009765625,257
2026-03-23T15:51:00,4401.7001953125,4407.7001953125,4400.89990234375,4403.5,331
2026-03-23T15:52:00,4403.2998046875,4404.2998046875,4386.10009765625,4395.0,701
2026-03-23T15:53:00,4395.7998046875,4403.2001953125,4388.7001953125,4401.7001953125,914
2026-03-23T15:54:00,4402.2998046875,4402.39990234375,4394.89990234375,4397.60009765625,566
2026-03-23T15:55:00,4398.0,4399.7998046875,4370.0,4372.7001953125,1253
2026-03-23T15:56:00,4372.60009765625,4377.39990234375,4363.2998046875,4368.2998046875,673
2026-03-23T15:57:00,4368.5,4372.39990234375,4356.2001953125,4371.2998046875,1126
2026-03-23T15:58:00,4370.60009765625,4373.5,4355.5,4357.89990234375,366
2026-03-23T15:59:00,4357.60009765625,4368.5,4350.7998046875,4365.60009765625,527
2026-03-23T16:00:00,4364.10009765625,4374.2001953125,4363.60009765625,4368.60009765625,518
2026-03-23T16:01:00,4367.0,4378.5,4360.39990234375,4374.7001953125,374
2026-03-23T16:02:00,4376.10009765625,4381.7001953125,4373.2001953125,4375.7998046875,328
2026-03-23T16:03:00,4375.7998046875,4378.7001953125,4363.0,4366.60009765625,223
2026-03-23T16:04:00,4368.39990234375,4369.2001953125,4361.2998046875,4364.89990234375,152
2026-03-23T16:05:00,4363.89990234375,4369.0,4358.7998046875,4359.60009765625,428
2026-03-23T16:06:00,4359.60009765625,4369.7001953125,4354.10009765625,4369.7001953125,356
2026-03-23T16:07:00,4371.7001953125,4378.60009765625,4371.39990234375,4373.7001953125,654
2026-03-23T16:08:00,4374.2001953125,4381.7001953125,4372.39990234375,4381.0,585
2026-03-23T16:09:00,4380.60009765625,4380.7001953125,4373.5,4376.2998046875,244
2026-03-23T16:10:00,4373.39990234375,4376.89990234375,4368.2998046875,4375.2001953125,259
2026-03-23T16:11:00,4377.0,4385.60009765625,4377.0,4384.5,317
2026-03-23T16:12:00,4384.2998046875,4391.7998046875,4383.7998046875,4388.0,378
2026-03-23T16:13:00,4388.2998046875,4392.2001953125,4385.2001953125,4385.60009765625,237
2026-03-23T16:14:00,4385.2998046875,4387.39990234375,4383.2998046875,4386.0,388
2026-03-23T16:15:00,4385.39990234375,4391.0,4383.0,4389.2998046875,203
2026-03-23T16:16:00,4389.60009765625,4391.5,4386.2001953125,4387.60009765625,355
2026-03-23T16:17:00,4387.10009765625,4388.60009765625,4372.89990234375,4374.5,376
2026-03-23T16:18:00,4374.60009765625,4378.10009765625,4369.7001953125,4371.2001953125,356
2026-03-23T16:19:00,4370.60009765625,4377.5,4367.2001953125,4372.89990234375,173
2026-03-23T16:20:00,4372.89990234375,4376.7001953125,4367.7001953125,4368.60009765625,247
2026-03-23T16:21:00,4368.7998046875,4372.5,4362.7998046875,4363.5,133
2026-03-23T16:22:00,4364.7998046875,4382.5,4363.10009765625,4375.89990234375,234
2026-03-23T16:23:00,4375.60009765625,4383.10009765625,4374.2001953125,4375.0,156
2026-03-23T16:24:00,4375.2998046875,4379.2998046875,4373.7998046875,4374.2001953125,190
2026-03-23T16:25:00,4373.5,4373.5,4356.89990234375,4364.60009765625,352
2026-03-23T16:26:00,4365.7001953125,4371.10009765625,4363.7998046875,4364.7998046875,220
2026-03-23T16:27:00,4364.60009765625,4364.89990234375,4358.0,4360.0,218
2026-03-23T16:28:00,4360.39990234375,4364.0,4357.2001953125,4363.60009765625,269
2026-03-23T16:29:00,4363.2998046875,4363.2998046875,4354.5,4357.2998046875,330
2026-03-23T16:30:00,4357.5,4369.10009765625,4356.0,4366.7998046875,251
2026-03-23T16:31:00,4365.7001953125,4375.0,4361.89990234375,4374.7001953125,323
2026-03-23T16:32:00,4375.7001953125,4378.0,4372.7998046875,4374.2001953125,251
2026-03-23T16:33:00,4374.2001953125,4379.5,4371.89990234375,4374.39990234375,267
2026-03-23T16:34:00,4374.7998046875,4378.39990234375,4373.60009765625,4378.0,368
2026-03-23T16:35:00,4378.5,4385.39990234375,4378.5,4380.39990234375,176
2026-03-23T16:36:00,4380.7998046875,4385.2998046875,4380.0,4385.2998046875,141
2026-03-23T16:37:00,4385.0,4390.10009765625,4385.0,4386.0,202
2026-03-23T16:38:00,4385.39990234375,4386.0,4382.0,4382.7998046875,101
2026-03-23T16:39:00,4382.5,4382.7998046875,4377.10009765625,4379.0,145
2026-03-23T16:40:00,4378.10009765625,4384.10009765625,4378.0,4382.60009765625,109
2026-03-23T16:41:00,4382.7001953125,4382.7001953125,4378.2998046875,4380.5,145
2026-03-23T16:42:00,4378.7998046875,4381.2998046875,4375.2001953125,4381.2998046875,312
2026-03-23T16:43:00,4381.2001953125,4388.89990234375,4379.89990234375,4384.39990234375,210
2026-03-23T16:44:00,4384.5,4390.5,4382.89990234375,4389.2001953125,158
2026-03-23T16:45:00,4388.2998046875,4389.7998046875,4380.2998046875,4389.10009765625,252
2026-03-23T16:46:00,4389.2998046875,4394.0,4381.7998046875,4384.0,246
2026-03-23T16:47:00,4383.7001953125,4388.89990234375,4379.7001953125,4385.0,233
2026-03-23T16:48:00,4385.60009765625,4387.0,4375.0,4376.5,213
2026-03-23T16:49:00,4377.10009765625,4388.7001953125,4375.7998046875,4386.39990234375,129
2026-03-23T16:50:00,4385.89990234375,4393.89990234375,4385.89990234375,4388.39990234375,158
2026-03-23T16:51:00,4389.2001953125,4389.2001953125,4381.2001953125,4381.2001953125,118
2026-03-23T16:52:00,4381.7001953125,4388.7001953125,4381.2998046875,4388.7001953125,135
2026-03-23T16:53:00,4388.2001953125,4391.39990234375,4386.10009765625,4390.7001953125,114
2026-03-23T16:54:00,4390.2998046875,4393.5,4387.2998046875,4389.7998046875,99
2026-03-23T16:55:00,4390.89990234375,4392.2001953125,4388.0,4388.7001953125,164
2026-03-23T16:56:00,4388.60009765625,4389.0,4383.10009765625,4384.39990234375,125
2026-03-23T16:57:00,4384.7001953125,4386.7001953125,4375.7998046875,4380.10009765625,128
2026-03-23T16:58:00,4379.2998046875,4380.7001953125,4374.89990234375,4378.89990234375,88
2026-03-23T16:59:00,4378.2001953125,4378.2001953125,4373.5,4378.10009765625,558
2026-03-23T17:00:00,4378.0,4388.60009765625,4378.0,4387.0,655
2026-03-23T17:01:00,4387.60009765625,4388.7998046875,4380.0,4386.39990234375,113
2026-03-23T17:02:00,4385.5,4389.2998046875,4376.7998046875,4377.7001953125,385
2026-03-23T17:03:00,4377.7998046875,4380.2001953125,4376.5,4379.0,329
2026-03-23T17:04:00,4380.0,4383.2001953125,4377.7001953125,4377.7001953125,141
2026-03-23T17:05:00,4377.7001953125,4377.7001953125,4372.7001953125,4376.5,274
2026-03-23T17:06:00,4377.2998046875,4380.60009765625,4376.2998046875,4379.7001953125,144
2026-03-23T17:07:00,4381.2001953125,4392.5,4381.2001953125,4392.5,258
2026-03-23T17:08:00,4392.10009765625,4402.0,4389.89990234375,4402.0,690
2026-03-23T17:09:00,4401.7998046875,4404.60009765625,4398.60009765625,4398.89990234375,350
2026-03-23T17:10:00,4399.0,4400.2001953125,4397.10009765625,4397.60009765625,183
2026-03-23T17:11:00,4396.7998046875,4403.7998046875,4396.10009765625,4401.60009765625,160
2026-03-23T17:12:00,4401.89990234375,4402.7998046875,4398.7001953125,4399.39990234375,317
2026-03-23T17:13:00,4399.5,4407.89990234375,4398.7001953125,4407.10009765625,351
2026-03-23T17:14:00,4407.2998046875,4407.39990234375,4398.2001953125,4399.10009765625,301
2026-03-23T17:15:00,4400.0,4403.10009765625,4399.2001953125,4401.0,172
2026-03-23T17:16:00,4400.7001953125,4401.60009765625,4393.7998046875,4394.60009765625,222
2026-03-23T17:17:00,4394.0,4403.5,4391.10009765625,4401.39990234375,319
2026-03-23T17:18:00,4400.60009765625,4402.2001953125,4398.39990234375,4400.2001953125,252
2026-03-23T17:19:00,4399.89990234375,4402.0,4398.2998046875,4399.89990234375,166
2026-03-23T17:20:00,4400.10009765625,4400.2998046875,4390.39990234375,4391.5,225
2026-03-23T17:21:00,4392.7001953125,4396.7998046875,4392.2998046875,4396.7998046875,478
2026-03-23T17:22:00,4396.60009765625,4402.5,4396.60009765625,4399.0,493
2026-03-23T17:23:00,4399.2001953125,4403.5,4398.60009765625,4402.89990234375,614
2026-03-23T17:24:00,4402.60009765625,4405.7001953125,4399.39990234375,4401.39990234375,567
2026-03-23T17:25:00,4401.10009765625,4407.0,4400.7998046875,4403.5,426
2026-03-23T17:26:00,4403.5,4413.0,4401.89990234375,4412.89990234375,633
2026-03-23T17:27:00,4412.5,4416.2998046875,4410.10009765625,4412.89990234375,500
2026-03-23T17:28:00,4412.0,4412.89990234375,4404.5,4406.0,867
2026-03-23T17:29:00,4405.5,4410.2998046875,4404.39990234375,4407.2001953125,2141
2026-03-23T17:30:00,4407.39990234375,4414.10009765625,4405.7998046875,4413.10009765625,535
2026-03-23T17:31:00,4413.5,4425.7001953125,4413.5,4425.2001953125,375
2026-03-23T17:32:00,4424.89990234375,4425.2998046875,4421.7001953125,4423.10009765625,459
2026-03-23T17:33:00,4423.60009765625,4428.5,4419.89990234375,4428.5,257
2026-03-23T17:34:00,4428.2998046875,4433.2001953125,4423.7998046875,4430.39990234375,322
2026-03-23T17:35:00,4431.2001953125,4437.0,4430.2001953125,4436.0,260
2026-03-23T17:36:00,4436.2001953125,4441.5,4435.39990234375,4440.0,247
2026-03-23T17:37:00,4439.7001953125,4440.60009765625,4433.7998046875,4434.5,177
2026-03-23T17:38:00,4434.10009765625,4437.2998046875,4432.39990234375,4432.39990234375,164
2026-03-23T17:39:00,4432.2998046875,4436.89990234375,4431.5,4433.2001953125,118
2026-03-23T17:40:00,4432.60009765625,4433.0,4428.5,4431.7001953125,121
2026-03-23T17:41:00,4430.5,4431.60009765625,4428.10009765625,4428.7998046875,91
2026-03-23T17:42:00,4427.89990234375,4428.89990234375,4424.0,4424.7998046875,279
2026-03-23T17:43:00,4424.0,4426.2001953125,4422.2998046875,4422.2998046875,139
2026-03-23T17:44:00,4423.5,4424.2998046875,4421.0,4422.7001953125,67
2026-03-23T17:45:00,4422.2001953125,4424.60009765625,4421.0,4423.0,134
2026-03-23T17:46:00,4423.10009765625,4424.2998046875,4418.7001953125,4420.60009765625,104
2026-03-23T17:47:00,4419.89990234375,4419.89990234375,4413.2001953125,4414.2998046875,232
2026-03-23T17:48:00,4414.89990234375,4415.2001953125,4411.2001953125,4412.89990234375,179
2026-03-23T17:49:00,4412.39990234375,4413.7998046875,4406.5,4410.7001953125,120
2026-03-23T17:50:00,4410.60009765625,4418.0,4409.0,4415.2998046875,120
2026-03-23T17:51:00,4415.39990234375,4419.10009765625,4414.2998046875,4417.39990234375,79
2026-03-23T17:52:00,4416.89990234375,4422.5,4416.89990234375,4418.89990234375,96
2026-03-23T17:53:00,4418.7998046875,4424.89990234375,4418.7001953125,4420.10009765625,157
2026-03-23T17:54:00,4420.2001953125,4426.7998046875,4420.2001953125,4426.7001953125,64
2026-03-23T17:55:00,4425.89990234375,4426.2001953125,4421.5,4423.2001953125,128
2026-03-23T17:56:00,4423.0,4430.2001953125,4423.0,4430.2001953125,97
2026-03-23T17:57:00,4430.10009765625,4431.10009765625,4427.89990234375,4428.7998046875,91
2026-03-23T17:58:00,4430.39990234375,4432.0,4428.7001953125,4429.0,41
2026-03-23T17:59:00,4428.2001953125,4430.10009765625,4426.5,4428.7998046875,68
2026-03-23T18:00:00,4428.89990234375,4428.89990234375,4423.7001953125,4423.7001953125,102
2026-03-23T18:01:00,4423.7001953125,4427.7998046875,4421.7998046875,4423.89990234375,103
2026-03-23T18:02:00,4424.2001953125,4425.39990234375,4420.10009765625,4421.7998046875,109
2026-03-23T18:03:00,4421.0,4423.39990234375,4420.39990234375,4421.89990234375,77
2026-03-23T18:04:00,4423.10009765625,4427.7001953125,4422.60009765625,4426.7998046875,108
2026-03-23T18:05:00,4426.39990234375,4431.60009765625,4425.7001953125,4431.60009765625,135
2026-03-23T18:06:00,4431.5,4431.5,4421.10009765625,4422.7998046875,130
2026-03-23T18:07:00,4421.5,4421.5,4404.7998046875,4409.7001953125,241
2026-03-23T18:08:00,4410.10009765625,4419.2001953125,4409.7001953125,4417.60009765625,96
2026-03-23T18:09:00,4418.7001953125,4421.39990234375,4418.7001953125,4419.10009765625,43
2026-03-23T18:10:00,4419.7001953125,4427.10009765625,4419.7001953125,4422.89990234375,118
2026-03-23T18:11:00,4423.2998046875,4426.10009765625,4421.10009765625,4425.2998046875,51
2026-03-23T18:12:00,4425.2998046875,4427.60009765625,4421.7998046875,4423.39990234375,46
2026-03-23T18:13:00,4423.89990234375,4429.7998046875,4422.7998046875,4429.5,75
2026-03-23T18:14:00,4429.2998046875,4430.7998046875,4425.0,4425.0,122
2026-03-23T18:15:00,4423.39990234375,4423.7001953125,4420.10009765625,4423.39990234375,58
2026-03-23T18:16:00,4422.89990234375,4422.89990234375,4413.2998046875,4413.2998046875,134
2026-03-23T18:17:00,4412.7001953125,4416.7998046875,4411.60009765625,4416.60009765625,144
2026-03-23T18:18:00,4416.2001953125,4418.5,4415.89990234375,4418.5,78
2026-03-23T18:19:00,4418.7001953125,4420.5,4416.2998046875,4416.7001953125,56
2026-03-23T18:20:00,4415.7998046875,4418.7001953125,4414.7998046875,4417.0,96
2026-03-23T18:21:00,4417.2001953125,4419.2001953125,4417.0,4417.0,83
2026-03-23T18:22:00,4415.5,4416.39990234375,4412.7001953125,4413.10009765625,42
2026-03-23T18:23:00,4413.39990234375,4417.2998046875,4413.39990234375,4414.2998046875,43
2026-03-23T18:24:00,4415.10009765625,4417.2001953125,4415.10009765625,4416.2998046875,20
2026-03-23T18:25:00,4417.2998046875,4427.89990234375,4417.2998046875,4427.89990234375,206
2026-03-23T18:26:00,4427.2001953125,4432.2001953125,4426.60009765625,4432.2001953125,127
2026-03-23T18:27:00,4431.7998046875,4433.10009765625,4429.10009765625,4430.2001953125,93
2026-03-23T18:28:00,4429.7001953125,4429.7001953125,4424.60009765625,4427.2998046875,118
2026-03-23T18:29:00,4427.10009765625,4428.7001953125,4423.7998046875,4427.89990234375,59
2026-03-23T18:30:00,4428.5,4436.7998046875,4427.60009765625,4434.7998046875,184
2026-03-23T18:31:00,4433.7001953125,4438.60009765625,4433.2001953125,4438.2001953125,127
2026-03-23T18:32:00,4437.60009765625,4439.39990234375,4433.7998046875,4435.2998046875,100
2026-03-23T18:33:00,4434.89990234375,4441.0,4434.60009765625,4439.0,130
2026-03-23T18:34:00,4438.7001953125,4447.5,4436.60009765625,4446.2998046875,112
2026-03-23T18:35:00,4447.0,4448.2998046875,4444.89990234375,4445.2998046875,111
2026-03-23T18:36:00,4445.39990234375,4452.0,4444.7001953125,4450.89990234375,131
2026-03-23T18:37:00,4450.7998046875,4456.0,4450.0,4453.2001953125,250
2026-03-23T18:38:00,4452.60009765625,4457.39990234375,4452.5,4453.89990234375,183
2026-03-23T18:39:00,4453.0,4453.2998046875,4446.2001953125,4450.2998046875,162
2026-03-23T18:40:00,4450.60009765625,4451.89990234375,4449.10009765625,4451.0,86
2026-03-23T18:41:00,4452.2001953125,4458.7998046875,4452.2001953125,4458.7001953125,216
2026-03-23T18:42:00,4458.2998046875,4462.89990234375,4457.2998046875,4462.39990234375,118
2026-03-23T18:43:00,4462.2998046875,4464.5,4460.5,4461.89990234375,146
2026-03-23T18:44:00,4462.39990234375,4464.7001953125,4460.10009765625,4464.7001953125,136
2026-03-23T18:45:00,4463.7001953125,4463.7001953125,4460.2998046875,4461.89990234375,60
2026-03-23T18:46:00,4461.2998046875,4464.60009765625,4459.10009765625,4463.39990234375,105
2026-03-23T18:47:00,4463.7001953125,4463.7001953125,4459.89990234375,4460.39990234375,90
2026-03-23T18:48:00,4460.7998046875,4464.39990234375,4459.2998046875,4462.7001953125,156
2026-03-23T18:49:00,4463.2998046875,4469.5,4462.60009765625,4468.7001953125,265
2026-03-23T18:50:00,4468.39990234375,4468.7001953125,4459.60009765625,4459.7998046875,196
2026-03-23T18:51:00,4460.2001953125,4460.39990234375,4457.2001953125,4458.89990234375,99
2026-03-23T18:52:00,4459.2001953125,4461.0,4455.39990234375,4455.5,85
2026-03-23T18:53:00,4454.7001953125,4455.60009765625,4451.0,4451.60009765625,200
2026-03-23T18:54:00,4452.2001953125,4457.10009765625,4448.39990234375,4456.39990234375,104
2026-03-23T18:55:00,4457.2998046875,4459.7001953125,4453.5,4454.5,131
2026-03-23T18:56:00,4455.7001953125,4458.0,4453.39990234375,4455.39990234375,53
2026-03-23T18:57:00,4455.60009765625,4455.60009765625,4452.2998046875,4453.39990234375,75
2026-03-23T18:58:00,4453.10009765625,4454.5,4451.0,4454.5,50
2026-03-23T18:59:00,4454.0,4455.7001953125,4450.89990234375,4451.0,59
2026-03-23T19:00:00,4451.60009765625,4452.5,4447.60009765625,4449.0,192
2026-03-23T19:01:00,4448.39990234375,4449.7998046875,4445.7998046875,4447.7998046875,70
2026-03-23T19:02:00,4448.5,4449.39990234375,4446.0,4447.39990234375,23
2026-03-23T19:03:00,4447.2001953125,4448.2998046875,4441.2001953125,4442.0,93
2026-03-23T19:04:00,4441.39990234375,4443.39990234375,4437.2998046875,4438.2998046875,80
2026-03-23T19:05:00,4438.2001953125,4439.2998046875,4436.5,4436.7001953125,251
2026-03-23T19:06:00,4437.2998046875,4442.10009765625,4433.0,4433.2998046875,309
2026-03-23T19:07:00,4434.2001953125,4436.5,4433.89990234375,4435.10009765625,97
2026-03-23T19:08:00,4434.5,4436.7998046875,4431.7001953125,4436.39990234375,175
2026-03-23T19:09:00,4436.7001953125,4440.5,4435.7001953125,4439.7998046875,83
2026-03-23T19:10:00,4439.39990234375,4439.39990234375,4428.10009765625,4428.60009765625,150
2026-03-23T19:11:00,4428.60009765625,4428.60009765625,4422.5,4423.89990234375,294
2026-03-23T19:12:00,4423.2998046875,4427.5,4421.2001953125,4426.7998046875,181
2026-03-23T19:13:00,4426.7001953125,4427.7001953125,4408.39990234375,4411.10009765625,658
2026-03-23T19:14:00,4411.89990234375,4416.7001953125,4404.5,4408.39990234375,559
2026-03-23T19:15:00,4408.0,4413.2998046875,4405.2001953125,4407.10009765625,138
2026-03-23T19:16:00,4406.10009765625,4409.89990234375,4397.2001953125,4401.7001953125,219
2026-03-23T19:17:00,4400.60009765625,4407.7998046875,4400.60009765625,4406.5,140
2026-03-23T19:18:00,4406.5,4408.7998046875,4404.2001953125,4404.2001953125,126
2026-03-23T19:19:00,4404.0,4407.10009765625,4402.2998046875,4406.60009765625,90
2026-03-23T19:20:00,4406.10009765625,4406.10009765625,4394.60009765625,4400.89990234375,166
2026-03-23T19:21:00,4400.10009765625,4404.0,4398.0,4402.60009765625,109
2026-03-23T19:22:00,4403.2998046875,4403.60009765625,4399.2998046875,4403.2998046875,52
2026-03-23T19:23:00,4401.7998046875,4404.60009765625,4399.39990234375,4400.7998046875,69
2026-03-23T19:24:00,4401.5,4405.0,4399.10009765625,4404.10009765625,92
2026-03-23T19:25:00,4404.7001953125,4406.7998046875,4401.39990234375,4403.39990234375,140
2026-03-23T19:26:00,4402.0,4406.89990234375,4401.39990234375,4406.89990234375,102
2026-03-23T19:27:00,4407.2001953125,4411.10009765625,4406.2998046875,4409.0,242
2026-03-23T19:28:00,4408.7001953125,4416.2001953125,4408.7001953125,4414.7001953125,158
2026-03-23T19:29:00,4414.2998046875,4416.5,4411.7001953125,4412.2001953125,103
2026-03-23T19:30:00,4412.7998046875,4417.2998046875,4411.5,4412.2001953125,100
2026-03-23T19:31:00,4411.2001953125,4412.5,4409.2001953125,4410.2001953125,124
2026-03-23T19:32:00,4410.89990234375,4410.89990234375,4405.0,4407.2001953125,110
2026-03-23T19:33:00,4407.0,4416.0,4406.89990234375,4413.7998046875,156
2026-03-23T19:34:00,4412.60009765625,4415.7998046875,4409.7998046875,4411.5,56
2026-03-23T19:35:00,4412.2001953125,4412.5,4408.5,4410.2001953125,55
2026-03-23T19:36:00,4409.7998046875,4413.0,4407.2001953125,4412.2998046875,129
2026-03-23T19:37:00,4412.39990234375,4416.0,4409.39990234375,4413.7998046875,84
2026-03-23T19:38:00,4414.2001953125,4416.2001953125,4411.0,4415.5,98
2026-03-23T19:39:00,4414.89990234375,4415.7001953125,4411.39990234375,4412.39990234375,46
2026-03-23T19:40:00,4411.7001953125,4412.7998046875,4409.0,4412.10009765625,71
2026-03-23T19:41:00,4411.5,4412.39990234375,4403.39990234375,4404.0,119
2026-03-23T19:42:00,4405.0,4412.7001953125,4405.0,4411.7001953125,109
2026-03-23T19:43:00,4411.7001953125,4412.5,4407.89990234375,4410.0,125
2026-03-23T19:44:00,4409.60009765625,4419.10009765625,4409.5,4419.10009765625,184
2026-03-23T19:45:00,4418.89990234375,4423.60009765625,4417.60009765625,4422.39990234375,271
2026-03-23T19:46:00,4422.2998046875,4429.7998046875,4422.2998046875,4429.0,193
2026-03-23T19:47:00,4429.0,4430.0,4425.7998046875,4426.7998046875,168
2026-03-23T19:48:00,4426.7998046875,4426.7998046875,4420.7001953125,4421.0,154
2026-03-23T19:49:00,4420.60009765625,4421.2001953125,4419.5,4421.2001953125,66
2026-03-23T19:50:00,4420.39990234375,4420.39990234375,4411.89990234375,4414.10009765625,253
2026-03-23T19:51:00,4413.89990234375,4415.89990234375,4405.5,4406.7998046875,171
2026-03-23T19:52:00,4407.0,4413.0,4406.39990234375,4413.0,87
2026-03-23T19:53:00,4412.5,4416.89990234375,4408.5,4413.39990234375,107
2026-03-23T19:54:00,4412.60009765625,4413.39990234375,4411.0,4411.7001953125,54
2026-03-23T19:55:00,4412.0,4412.0,4405.89990234375,4407.0,155
2026-03-23T19:56:00,4407.0,4408.7998046875,4404.2001953125,4404.2001953125,117
2026-03-23T19:57:00,4404.0,4411.7001953125,4402.2998046875,4411.0,122
2026-03-23T19:58:00,4411.10009765625,4411.2001953125,4402.39990234375,4402.89990234375,116
2026-03-23T19:59:00,4402.7998046875,4404.5,4399.39990234375,4401.5,480
2026-03-23T20:00:00,4400.7001953125,4402.7998046875,4386.2998046875,4387.7998046875,370
2026-03-23T20:01:00,4387.60009765625,4395.0,4385.0,4393.60009765625,200
2026-03-23T20:02:00,4394.0,4395.5,4389.7998046875,4390.10009765625,101
2026-03-23T20:03:00,4390.89990234375,4394.89990234375,4385.5,4393.7001953125,111
2026-03-23T20:04:00,4393.2998046875,4397.39990234375,4393.2998046875,4395.2001953125,70
2026-03-23T20:05:00,4395.0,4397.60009765625,4393.2001953125,4396.89990234375,74
2026-03-23T20:06:00,4396.7001953125,4398.7998046875,4395.7001953125,4397.60009765625,38
2026-03-23T20:07:00,4397.60009765625,4398.2998046875,4396.0,4397.2998046875,13
2026-03-23T20:08:00,4397.2001953125,4399.60009765625,4396.39990234375,4396.7998046875,56
2026-03-23T20:09:00,4398.5,4402.2001953125,4398.5,4402.2001953125,45
2026-03-23T20:10:00,4401.60009765625,4406.2001953125,4400.0,4405.0,55
2026-03-23T20:11:00,4404.7001953125,4408.7001953125,4404.2998046875,4405.89990234375,123
2026-03-23T20:12:00,4405.7001953125,4408.7998046875,4405.60009765625,4408.7998046875,26
2026-03-23T20:13:00,4408.60009765625,4408.89990234375,4404.7001953125,4407.0,38
2026-03-23T20:14:00,4406.5,4411.10009765625,4405.7998046875,4405.7998046875,48
2026-03-23T20:15:00,4406.7998046875,4415.39990234375,4406.7998046875,4415.39990234375,52
2026-03-23T20:16:00,4415.2998046875,4415.5,4411.2998046875,4411.89990234375,28
2026-03-23T20:17:00,4410.2998046875,4411.39990234375,4410.10009765625,4410.5,29
2026-03-23T20:18:00,4409.2001953125,4412.7001953125,4408.60009765625,4409.89990234375,36
2026-03-23T20:19:00,4409.0,4409.0,4406.60009765625,4408.0,19
2026-03-23T20:20:00,4408.2998046875,4410.89990234375,4407.7998046875,4409.89990234375,24
2026-03-23T20:21:00,4409.39990234375,4411.2998046875,4409.39990234375,4410.60009765625,10
2026-03-23T20:22:00,4410.0,4410.10009765625,4408.39990234375,4409.60009765625,19
2026-03-23T20:23:00,4411.60009765625,4412.10009765625,4410.39990234375,4411.89990234375,17
2026-03-23T20:24:00,4411.7998046875,4411.7998046875,4410.39990234375,4410.7001953125,13
2026-03-23T20:25:00,4411.10009765625,4412.7998046875,4410.10009765625,4411.2001953125,33
2026-03-23T20:26:00,4412.0,4412.0,4408.60009765625,4408.60009765625,11
2026-03-23T20:27:00,4410.5,4410.5,4410.2998046875,4410.2998046875,2
2026-03-23T20:28:00,4409.7998046875,4409.7998046875,4406.89990234375,4407.7998046875,13
2026-03-23T20:29:00,4408.0,4409.60009765625,4406.7998046875,4409.10009765625,20
2026-03-23T20:30:00,4409.7998046875,4409.7998046875,4405.2998046875,4405.60009765625,36
2026-03-23T20:31:00,4405.7998046875,4406.5,4403.89990234375,4404.7998046875,46
2026-03-23T20:32:00,4405.2001953125,4406.2001953125,4404.89990234375,4405.39990234375,16
2026-03-23T20:33:00,4405.89990234375,4406.7998046875,4405.89990234375,4406.7001953125,9
2026-03-23T20:34:00,4406.7001953125,4407.7001953125,4406.2001953125,4406.2001953125,16
2026-03-23T20:35:00,4405.7001953125,4405.7001953125,4398.7001953125,4399.10009765625,72
2026-03-23T20:36:00,4398.5,4404.89990234375,4398.5,4403.0,62
2026-03-23T20:37:00,4403.2001953125,4406.10009765625,4402.60009765625,4405.60009765625,14
2026-03-23T20:38:00,4407.2998046875,4407.89990234375,4406.2001953125,4407.89990234375,12
2026-03-23T20:39:00,4408.7001953125,4408.7001953125,4406.60009765625,4407.39990234375,18
2026-03-23T20:40:00,4407.89990234375,4408.89990234375,4404.5,4404.89990234375,34
2026-03-23T20:41:00,4404.7001953125,4408.10009765625,4403.0,4408.10009765625,37
2026-03-23T20:42:00,4409.10009765625,4412.5,4409.10009765625,4411.39990234375,31
2026-03-23T20:43:00,4411.39990234375,4413.0,4410.2001953125,4411.7001953125,37
2026-03-23T20:44:00,4412.2001953125,4414.10009765625,4410.60009765625,4413.2001953125,31
2026-03-23T20:45:00,4414.0,4416.10009765625,4413.10009765625,4414.39990234375,54
2026-03-23T20:46:00,4414.60009765625,4415.5,4412.7001953125,4412.7001953125,27
2026-03-23T20:47:00,4413.5,4414.2001953125,4413.10009765625,4414.2001953125,13
2026-03-23T20:48:00,4414.60009765625,4414.89990234375,4414.0,4414.39990234375,9
2026-03-23T20:49:00,4414.39990234375,4415.0,4414.39990234375,4415.0,10
2026-03-23T20:50:00,4414.7001953125,4415.60009765625,4411.7001953125,4413.0,33
2026-03-23T20:51:00,4412.39990234375,4413.60009765625,4412.39990234375,4413.60009765625,8
2026-03-23T20:52:00,4412.89990234375,4412.89990234375,4410.10009765625,4410.10009765625,17
2026-03-23T20:53:00,4409.7001953125,4410.2001953125,4408.2998046875,4410.2001953125,19
2026-03-23T20:54:00,4409.39990234375,4411.39990234375,4408.60009765625,4411.39990234375,13
2026-03-23T20:55:00,4410.2998046875,4410.2998046875,4409.89990234375,4409.89990234375,4
2026-03-23T20:56:00,4409.0,4409.60009765625,4407.7998046875,4408.2998046875,28
2026-03-23T20:57:00,4408.2998046875,4409.89990234375,4408.0,4409.89990234375,20
2026-03-23T20:58:00,4410.0,4410.0,4408.39990234375,4409.39990234375,40
2026-03-23T20:59:00,4409.39990234375,4411.7001953125,4409.0,4410.39990234375,31
2026-03-23T22:00:00,4414.7998046875,4422.7001953125,4414.7998046875,4422.60009765625,0
2026-03-23T22:01:00,4423.10009765625,4423.10009765625,4416.60009765625,4420.7001953125,42
2026-03-23T22:02:00,4419.60009765625,4420.7001953125,4418.5,4420.60009765625,12
2026-03-23T22:03:00,4419.0,4419.0,4401.5,4408.5,82
2026-03-23T22:04:00,4409.10009765625,4410.0,4382.39990234375,4382.39990234375,153
2026-03-23T22:05:00,4384.10009765625,4388.2001953125,4376.7001953125,4378.7001953125,137
2026-03-23T22:06:00,4377.5,4384.5,4363.5,4378.7001953125,256
2026-03-23T22:07:00,4379.89990234375,4386.89990234375,4377.0,4385.60009765625,98
2026-03-23T22:08:00,4387.10009765625,4388.39990234375,4378.0,4385.7001953125,69
2026-03-23T22:09:00,4386.89990234375,4387.7998046875,4384.2001953125,4386.39990234375,32
2026-03-23T22:10:00,4385.2998046875,4386.39990234375,4384.5,4384.5,14
2026-03-23T22:11:00,4383.89990234375,4386.0,4380.39990234375,4383.7001953125,37
2026-03-23T22:12:00,4385.0,4395.89990234375,4385.0,4393.60009765625,81
2026-03-23T22:13:00,4393.60009765625,4405.60009765625,4393.60009765625,4402.7998046875,156
2026-03-23T22:14:00,4402.2001953125,4402.39990234375,4400.5,4400.5,15
2026-03-23T22:15:00,4400.2001953125,4401.60009765625,4393.60009765625,4396.89990234375,54
2026-03-23T22:16:00,4396.7001953125,4397.0,4391.5,4396.2998046875,53
2026-03-23T22:17:00,4397.10009765625,4401.7998046875,4396.39990234375,4398.7001953125,34
2026-03-23T22:18:00,4399.0,4399.0,4395.89990234375,4395.89990234375,23
2026-03-23T22:19:00,4395.60009765625,4406.5,4395.60009765625,4405.39990234375,75
2026-03-23T22:20:00,4406.0,4407.7001953125,4400.39990234375,4400.39990234375,65
2026-03-23T22:21:00,4401.2001953125,4404.2001953125,4401.2001953125,4402.89990234375,30
2026-03-23T22:22:00,4402.0,4407.5,4398.2998046875,4406.89990234375,117
2026-03-23T22:23:00,4407.10009765625,4410.39990234375,4405.7998046875,4408.0,46
2026-03-23T22:24:00,4406.2001953125,4406.2001953125,4399.39990234375,4400.7001953125,46
2026-03-23T22:25:00,4401.39990234375,4404.60009765625,4400.7001953125,4402.0,30
2026-03-23T22:26:00,4403.5,4406.7001953125,4403.5,4406.10009765625,13
2026-03-23T22:27:00,4405.10009765625,4415.39990234375,4404.5,4409.0,172
2026-03-23T22:28:00,4408.60009765625,4411.0,4407.2001953125,4411.0,25
2026-03-23T22:29:00,4411.5,4417.7001953125,4411.5,4416.89990234375,81
2026-03-23T22:30:00,4416.7998046875,4417.60009765625,4415.5,4417.2001953125,25
2026-03-23T22:31:00,4416.2001953125,4416.7001953125,4408.2998046875,4409.7001953125,55
2026-03-23T22:32:00,4410.2001953125,4410.2001953125,4407.7998046875,4408.39990234375,15
2026-03-23T22:33:00,4408.89990234375,4409.60009765625,4400.7998046875,4406.39990234375,165
2026-03-23T22:34:00,4406.5,4406.5,4401.39990234375,4405.5,41
2026-03-23T22:35:00,4405.89990234375,4408.2001953125,4405.89990234375,4406.89990234375,18
2026-03-23T22:36:00,4410.0,4416.60009765625,4410.0,4416.10009765625,75
2026-03-23T22:37:00,4414.2001953125,4414.2001953125,4411.2001953125,4412.89990234375,24
2026-03-23T22:38:00,4413.7001953125,4418.7998046875,4412.89990234375,4417.0,89
2026-03-23T22:39:00,4417.10009765625,4417.7001953125,4414.2001953125,4414.39990234375,26
2026-03-23T22:40:00,4413.7998046875,4413.7998046875,4409.60009765625,4409.60009765625,29
2026-03-23T22:41:00,4409.39990234375,4410.2001953125,4407.39990234375,4410.2001953125,46
2026-03-23T22:42:00,4409.0,4412.39990234375,4408.39990234375,4409.0,43
2026-03-23T22:43:00,4409.0,4410.60009765625,4409.0,4409.7998046875,11
2026-03-23T22:44:00,4410.0,4412.0,4410.0,4411.7001953125,29
2026-03-23T22:45:00,4410.89990234375,4411.10009765625,4409.39990234375,4409.39990234375,7
2026-03-23T22:46:00,4410.39990234375,4410.39990234375,4408.89990234375,4409.5,14
2026-03-23T22:47:00,4409.2998046875,4414.2998046875,4408.60009765625,4413.5,37
2026-03-23T22:48:00,4413.7001953125,4415.39990234375,4413.7001953125,4415.39990234375,27
2026-03-23T22:49:00,4414.89990234375,4416.0,4413.7998046875,4416.0,20
2026-03-23T22:50:00,4415.60009765625,4421.39990234375,4415.10009765625,4421.10009765625,85
2026-03-23T22:51:00,4421.10009765625,4422.10009765625,4418.5,4422.10009765625,62
2026-03-23T22:52:00,4422.89990234375,4427.7001953125,4422.5,4425.0,79
2026-03-23T22:53:00,4425.5,4426.60009765625,4423.60009765625,4425.2998046875,60
2026-03-23T22:54:00,4425.7001953125,4433.7998046875,4425.7001953125,4431.7001953125,160
2026-03-23T22:55:00,4432.0,4432.2998046875,4427.10009765625,4427.10009765625,36
2026-03-23T22:56:00,4425.10009765625,4425.39990234375,4423.2998046875,4424.7998046875,36
2026-03-23T22:57:00,4427.10009765625,4430.2998046875,4426.39990234375,4429.0,46
2026-03-23T22:58:00,4428.2001953125,4428.2001953125,4427.5,4427.5,2
2026-03-23T22:59:00,4427.10009765625,4429.89990234375,4426.89990234375,4429.89990234375,36
2026-03-23T23:00:00,4428.7001953125,4431.5,4425.5,4429.10009765625,84
2026-03-23T23:01:00,4429.7998046875,4431.7001953125,4427.2998046875,4430.89990234375,64
2026-03-23T23:02:00,4430.2998046875,4430.39990234375,4429.7998046875,4430.0,10
2026-03-23T23:03:00,4429.60009765625,4429.7998046875,4428.7998046875,4429.0,9
2026-03-23T23:04:00,4429.10009765625,4430.0,4427.5,4427.5,21
2026-03-23T23:05:00,4427.39990234375,4430.2998046875,4427.39990234375,4430.0,48
2026-03-23T23:06:00,4430.2998046875,4433.10009765625,4430.0,4432.60009765625,42
2026-03-23T23:07:00,4432.7998046875,4440.39990234375,4432.7998046875,4439.39990234375,159
2026-03-23T23:08:00,4439.60009765625,4439.60009765625,4434.0,4436.7998046875,75
2026-03-23T23:09:00,4436.5,4436.5,4433.7998046875,4435.2998046875,28
2026-03-23T23:10:00,4434.39990234375,4436.2998046875,4434.39990234375,4436.2998046875,11
2026-03-23T23:11:00,4434.89990234375,4435.0,4432.7001953125,4433.39990234375,44
2026-03-23T23:12:00,4433.2998046875,4434.2998046875,4433.2998046875,4434.2998046875,5
2026-03-23T23:13:00,4434.2998046875,4439.5,4434.2998046875,4438.60009765625,33
2026-03-23T23:14:00,4438.7001953125,4439.2998046875,4437.89990234375,4438.5,30
2026-03-23T23:15:00,4437.7998046875,4442.2998046875,4437.7998046875,4442.2001953125,47
2026-03-23T23:16:00,4442.60009765625,4444.7001953125,4441.2998046875,4443.2001953125,80
2026-03-23T23:17:00,4443.10009765625,4446.39990234375,4442.7998046875,4446.39990234375,71
2026-03-23T23:18:00,4446.5,4447.10009765625,4442.60009765625,4442.60009765625,124
2026-03-23T23:19:00,4442.39990234375,4442.39990234375,4439.60009765625,4439.60009765625,36
2026-03-23T23:20:00,4438.7998046875,4439.5,4436.0,4439.5,70
2026-03-23T23:21:00,4438.89990234375,4440.5,4437.0,4440.2001953125,40
2026-03-23T23:22:00,4440.2001953125,4440.7001953125,4438.10009765625,4438.10009765625,42
2026-03-23T23:23:00,4438.7998046875,4439.10009765625,4438.7998046875,4438.7998046875,12
2026-03-23T23:24:00,4439.10009765625,4446.60009765625,4439.10009765625,4446.60009765625,51
2026-03-23T23:25:00,4447.0,4447.39990234375,4443.7998046875,4444.7001953125,138
2026-03-23T23:26:00,4445.2001953125,4448.2998046875,4444.89990234375,4447.89990234375,80
2026-03-23T23:27:00,4448.10009765625,4450.5,4447.7001953125,4448.39990234375,84
2026-03-23T23:28:00,4448.10009765625,4448.2998046875,4444.0,4444.60009765625,43
2026-03-23T23:29:00,4444.2998046875,4445.7998046875,4443.2001953125,4444.2998046875,63
2026-03-23T23:30:00,4443.0,4443.2998046875,4440.2001953125,4443.2998046875,43
2026-03-23T23:31:00,4442.7998046875,4444.2001953125,4442.7001953125,4443.7001953125,23
2026-03-23T23:32:00,4444.2001953125,4444.89990234375,4443.89990234375,4444.89990234375,13
2026-03-23T23:33:00,4445.0,4447.0,4445.0,4447.0,17
2026-03-23T23:34:00,4447.0,4447.10009765625,4446.0,4446.60009765625,13
2026-03-23T23:35:00,4446.2001953125,4447.39990234375,4444.10009765625,4444.10009765625,30
2026-03-23T23:36:00,4442.7998046875,4443.60009765625,4441.7998046875,4442.10009765625,18
2026-03-23T23:37:00,4441.7001953125,4441.7001953125,4430.60009765625,4432.10009765625,194
2026-03-23T23:38:00,4432.5,4434.10009765625,4429.39990234375,4430.2998046875,96
2026-03-23T23:39:00,4430.39990234375,4432.7001953125,4429.7001953125,4430.0,33
2026-03-23T23:40:00,4431.0,4432.0,4424.0,4425.2998046875,84
2026-03-23T23:41:00,4427.7001953125,4430.2998046875,4425.2001953125,4429.60009765625,56
2026-03-23T23:42:00,4430.5,4434.2998046875,4428.39990234375,4432.10009765625,77
2026-03-23T23:43:00,4431.89990234375,4434.2998046875,4431.89990234375,4433.7998046875,25
2026-03-23T23:44:00,4433.5,4434.2001953125,4432.2001953125,4434.0,18
2026-03-23T23:45:00,4433.2998046875,4434.0,4424.2998046875,4426.2001953125,49
2026-03-23T23:46:00,4426.89990234375,4432.60009765625,4426.89990234375,4432.60009765625,53
2026-03-23T23:47:00,4431.7001953125,4437.0,4431.7001953125,4437.0,85
2026-03-23T23:48:00,4437.0,4442.60009765625,4437.0,4442.0,91
2026-03-23T23:49:00,4440.60009765625,4442.10009765625,4438.7998046875,4441.2998046875,37
2026-03-23T23:50:00,4441.39990234375,4444.10009765625,4440.7001953125,4444.10009765625,36
2026-03-23T23:51:00,4443.2001953125,4443.89990234375,4440.5,4441.89990234375,40
2026-03-23T23:52:00,4443.0,4443.60009765625,4440.7001953125,4443.39990234375,63
2026-03-23T23:53:00,4443.2001953125,4444.10009765625,4440.2001953125,4444.10009765625,35
2026-03-23T23:54:00,4442.2998046875,4448.2998046875,4442.2998046875,4445.5,41
2026-03-23T23:55:00,4444.60009765625,4444.60009765625,4437.7998046875,4439.0,87
2026-03-23T23:56:00,4439.7001953125,4441.2998046875,4436.2998046875,4440.7998046875,77
2026-03-23T23:57:00,4440.5,4442.0,4437.5,4439.2001953125,47
2026-03-23T23:58:00,4438.89990234375,4440.0,4437.89990234375,4440.0,34
2026-03-23T23:59:00,4438.39990234375,4442.7998046875,4438.39990234375,4442.7998046875,31
2026-03-24T00:00:00,4442.7001953125,4448.39990234375,4440.60009765625,4440.60009765625,144
2026-03-24T00:01:00,4440.7001953125,4442.2001953125,4435.89990234375,4438.0,106
2026-03-24T00:02:00,4437.5,4438.39990234375,4433.5,4433.7998046875,43
2026-03-24T00:03:00,4434.0,4436.5,4432.2998046875,4432.7001953125,111
2026-03-24T00:04:00,4433.39990234375,4433.7998046875,4429.0,4432.10009765625,72
2026-03-24T00:05:00,4432.10009765625,4433.10009765625,4429.60009765625,4431.2998046875,63
2026-03-24T00:06:00,4432.7001953125,4436.2001953125,4430.2001953125,4431.7001953125,117
2026-03-24T00:07:00,4430.60009765625,4436.2001953125,4430.0,4434.2001953125,44
2026-03-24T00:08:00,4434.2001953125,4437.89990234375,4433.5,4436.5,56
2026-03-24T00:09:00,4436.60009765625,4437.10009765625,4434.60009765625,4434.60009765625,19
2026-03-24T00:10:00,4435.5,4436.39990234375,4433.60009765625,4433.7998046875,36
2026-03-24T00:11:00,4434.89990234375,4438.0,4434.2998046875,4436.0,34
2026-03-24T00:12:00,4435.7001953125,4436.2001953125,4428.10009765625,4429.5,55
2026-03-24T00:13:00,4429.89990234375,4431.7001953125,4428.39990234375,4430.5,45
2026-03-24T00:14:00,4430.10009765625,4430.10009765625,4422.10009765625,4424.2001953125,100
2026-03-24T00:15:00,4423.2998046875,4424.7001953125,4415.60009765625,4419.89990234375,191
2026-03-24T00:16:00,4420.60009765625,4421.10009765625,4414.2998046875,4414.2998046875,71
2026-03-24T00:17:00,4413.60009765625,4413.89990234375,4406.60009765625,4406.60009765625,121
2026-03-24T00:18:00,4407.2998046875,4411.10009765625,4402.39990234375,4407.7001953125,213
2026-03-24T00:19:00,4408.2001953125,4414.0,4406.89990234375,4413.39990234375,70
2026-03-24T00:20:00,4412.60009765625,4413.39990234375,4405.2001953125,4406.5,48
2026-03-24T00:21:00,4406.39990234375,4412.0,4405.7001953125,4411.89990234375,37
2026-03-24T00:22:00,4412.39990234375,4413.7998046875,4409.39990234375,4409.39990234375,59
2026-03-24T00:23:00,4409.7001953125,4411.10009765625,4406.39990234375,4407.39990234375,90
2026-03-24T00:24:00,4407.2001953125,4412.10009765625,4407.2001953125,4407.89990234375,62
2026-03-24T00:25:00,4408.10009765625,4408.2998046875,4404.2998046875,4407.2998046875,64
2026-03-24T00:26:00,4407.7998046875,4410.10009765625,4396.7998046875,4397.39990234375,218
2026-03-24T00:27:00,4398.0,4399.5,4380.7001953125,4386.60009765625,324
2026-03-24T00:28:00,4385.89990234375,4390.0,4369.89990234375,4379.5,383
2026-03-24T00:29:00,4379.5,4384.39990234375,4379.5,4380.2998046875,88
2026-03-24T00:30:00,4380.0,4387.0,4380.0,4384.7001953125,90
2026-03-24T00:31:00,4384.10009765625,4389.7001953125,4382.39990234375,4388.2998046875,136
2026-03-24T00:32:00,4388.5,4389.2998046875,4375.7001953125,4377.2998046875,185
2026-03-24T00:33:00,4377.0,4377.89990234375,4366.7998046875,4366.7998046875,157
2026-03-24T00:34:00,4366.60009765625,4376.2001953125,4358.0,4373.10009765625,337
2026-03-24T00:35:00,4374.39990234375,4374.7998046875,4368.39990234375,4371.0,90
2026-03-24T00:36:00,4371.5,4379.10009765625,4371.5,4377.60009765625,134
2026-03-24T00:37:00,4377.60009765625,4377.60009765625,4369.7998046875,4375.5,64
2026-03-24T00:38:00,4374.60009765625,4374.60009765625,4361.89990234375,4362.2001953125,78
2026-03-24T00:39:00,4363.7001953125,4363.7001953125,4329.0,4356.5,644
2026-03-24T00:40:00,4354.5,4356.10009765625,4333.0,4344.2998046875,376
2026-03-24T00:41:00,4345.60009765625,4352.7998046875,4345.60009765625,4349.7998046875,76
2026-03-24T00:42:00,4351.0,4355.5,4349.60009765625,4350.5,97
2026-03-24T00:43:00,4349.2001953125,4349.2001953125,4343.0,4345.2998046875,142
2026-03-24T00:44:00,4344.5,4348.2001953125,4338.7998046875,4346.5,183
2026-03-24T00:45:00,4348.7001953125,4356.89990234375,4345.5,4356.2998046875,138
2026-03-24T00:46:00,4356.60009765625,4363.89990234375,4356.5,4361.60009765625,223
2026-03-24T00:47:00,4361.10009765625,4370.7001953125,4360.7001953125,4369.2001953125,91
2026-03-24T00:48:00,4368.39990234375,4373.0,4366.2998046875,4367.2001953125,134
2026-03-24T00:49:00,4368.0,4372.0,4365.10009765625,4367.0,75
2026-03-24T00:50:00,4367.89990234375,4376.2001953125,4367.89990234375,4371.10009765625,131
2026-03-24T00:51:00,4371.2001953125,4376.10009765625,4369.39990234375,4375.39990234375,71
2026-03-24T00:52:00,4373.7998046875,4376.7998046875,4372.2001953125,4373.7998046875,55
2026-03-24T00:53:00,4374.60009765625,4389.2001953125,4374.60009765625,4385.10009765625,225
2026-03-24T00:54:00,4386.10009765625,4386.10009765625,4381.39990234375,4383.39990234375,69
2026-03-24T00:55:00,4384.0,4388.0,4383.10009765625,4384.5,56
2026-03-24T00:56:00,4383.0,4384.39990234375,4375.0,4377.10009765625,94
2026-03-24T00:57:00,4378.2998046875,4379.0,4373.7001953125,4374.7001953125,74
2026-03-24T00:58:00,4374.2998046875,4374.7998046875,4365.39990234375,4372.10009765625,169
2026-03-24T00:59:00,4372.2998046875,4377.5,4366.89990234375,4366.89990234375,199
2026-03-24T01:00:00,4366.60009765625,4374.89990234375,4363.2001953125,4364.60009765625,497
2026-03-24T01:01:00,4365.10009765625,4374.2001953125,4356.2001953125,4374.2001953125,217
2026-03-24T01:02:00,4374.39990234375,4376.89990234375,4362.60009765625,4363.7001953125,101
2026-03-24T01:03:00,4364.7001953125,4366.5,4356.89990234375,4362.2001953125,152
2026-03-24T01:04:00,4363.5,4365.10009765625,4356.7001953125,4359.10009765625,157
2026-03-24T01:05:00,4358.2998046875,4364.5,4353.7001953125,4358.60009765625,164
2026-03-24T01:06:00,4358.7001953125,4364.60009765625,4358.5,4364.2001953125,109
2026-03-24T01:07:00,4365.0,4368.7001953125,4355.7001953125,4355.7001953125,168
2026-03-24T01:08:00,4355.2001953125,4358.2001953125,4347.60009765625,4349.89990234375,266
2026-03-24T01:09:00,4350.10009765625,4351.60009765625,4344.60009765625,4345.60009765625,242
2026-03-24T01:10:00,4345.2998046875,4358.5,4345.2001953125,4358.10009765625,154
2026-03-24T01:11:00,4358.0,4362.5,4358.0,4362.2001953125,154
2026-03-24T01:12:00,4362.0,4365.0,4350.7001953125,4354.0,181
2026-03-24T01:13:00,4354.2998046875,4356.7001953125,4343.60009765625,4345.89990234375,219
2026-03-24T01:14:00,4346.0,4346.0,4330.7001953125,4333.89990234375,416
2026-03-24T01:15:00,4333.7998046875,4345.2998046875,4333.0,4338.2001953125,227
2026-03-24T01:16:00,4339.0,4342.89990234375,4336.7001953125,4339.10009765625,126
2026-03-24T01:17:00,4338.7998046875,4343.39990234375,4334.60009765625,4341.39990234375,107
2026-03-24T01:18:00,4342.0,4350.7001953125,4340.0,4342.39990234375,196
2026-03-24T01:19:00,4342.7998046875,4350.0,4340.60009765625,4349.39990234375,120
2026-03-24T01:20:00,4349.5,4358.7001953125,4349.2001953125,4356.7001953125,266
2026-03-24T01:21:00,4355.89990234375,4359.7001953125,4354.7998046875,4358.89990234375,91
2026-03-24T01:22:00,4357.5,4362.5,4354.5,4362.39990234375,95
2026-03-24T01:23:00,4362.0,4364.2001953125,4359.10009765625,4359.10009765625,149
2026-03-24T01:24:00,4359.0,4364.39990234375,4358.7998046875,4362.7001953125,69
2026-03-24T01:25:00,4362.60009765625,4371.39990234375,4362.60009765625,4367.7001953125,243
2026-03-24T01:26:00,4367.60009765625,4367.60009765625,4362.5,4365.10009765625,99
2026-03-24T01:27:00,4362.89990234375,4362.89990234375,4355.10009765625,4362.2998046875,112
2026-03-24T01:28:00,4362.5,4367.5,4362.0,4364.0,64
2026-03-24T01:29:00,4364.89990234375,4366.10009765625,4356.7998046875,4356.7998046875,48
2026-03-24T01:30:00,4356.89990234375,4359.5,4352.7001953125,4354.89990234375,113
2026-03-24T01:31:00,4356.2001953125,4361.0,4354.60009765625,4359.0,47
2026-03-24T01:32:00,4357.89990234375,4361.10009765625,4356.60009765625,4358.2998046875,86
2026-03-24T01:33:00,4357.7001953125,4362.2998046875,4355.60009765625,4355.7998046875,72
2026-03-24T01:34:00,4359.0,4363.60009765625,4356.0,4362.7998046875,123
2026-03-24T01:35:00,4362.5,4368.0,4360.39990234375,4365.2998046875,122
2026-03-24T01:36:00,4364.60009765625,4369.7998046875,4364.60009765625,4364.7001953125,52
2026-03-24T01:37:00,4363.60009765625,4365.2001953125,4358.2998046875,4359.39990234375,60
2026-03-24T01:38:00,4359.0,4360.7001953125,4357.10009765625,4358.10009765625,55
2026-03-24T01:39:00,4358.2001953125,4359.10009765625,4352.10009765625,4353.0,78
2026-03-24T01:40:00,4353.5,4354.60009765625,4351.5,4352.39990234375,54
2026-03-24T01:41:00,4352.39990234375,4352.39990234375,4336.10009765625,4336.60009765625,133
2026-03-24T01:42:00,4337.60009765625,4337.7001953125,4332.2001953125,4332.2001953125,149
2026-03-24T01:43:00,4332.0,4332.7001953125,4323.7998046875,4327.10009765625,681
2026-03-24T01:44:00,4330.0,4331.10009765625,4322.60009765625,4323.10009765625,250
2026-03-24T01:45:00,4322.60009765625,4329.0,4319.10009765625,4327.39990234375,171
2026-03-24T01:46:00,4327.39990234375,4329.7998046875,4323.39990234375,4325.60009765625,145
2026-03-24T01:47:00,4324.7998046875,4327.39990234375,4309.2001953125,4314.39990234375,278
2026-03-24T01:48:00,4314.39990234375,4323.7001953125,4314.10009765625,4322.2001953125,183
2026-03-24T01:49:00,4321.60009765625,4321.60009765625,4314.5,4316.2001953125,162
2026-03-24T01:50:00,4316.10009765625,4321.89990234375,4315.10009765625,4319.89990234375,85
2026-03-24T01:51:00,4320.10009765625,4328.0,4316.89990234375,4328.0,160
2026-03-24T01:52:00,4327.2001953125,4332.89990234375,4327.2001953125,4332.60009765625,100
2026-03-24T01:53:00,4332.60009765625,4333.10009765625,4328.2998046875,4331.0,74
2026-03-24T01:54:00,4330.2998046875,4332.5,4323.0,4327.39990234375,101
2026-03-24T01:55:00,4328.10009765625,4328.10009765625,4325.0,4327.7001953125,25
2026-03-24T01:56:00,4326.2998046875,4332.39990234375,4325.2001953125,4329.10009765625,109
2026-03-24T01:57:00,4328.89990234375,4328.89990234375,4323.2998046875,4326.7998046875,152
2026-03-24T01:58:00,4327.7998046875,4332.89990234375,4321.0,4327.2998046875,118
2026-03-24T01:59:00,4328.10009765625,4329.10009765625,4323.39990234375,4323.39990234375,84
2026-03-24T02:00:00,4323.10009765625,4326.39990234375,4315.10009765625,4316.10009765625,129
2026-03-24T02:01:00,4315.2998046875,4327.7998046875,4315.2998046875,4326.89990234375,135
2026-03-24T02:02:00,4327.0,4330.7001953125,4326.5,4329.60009765625,128
2026-03-24T02:03:00,4329.10009765625,4338.10009765625,4327.89990234375,4332.2001953125,125
2026-03-24T02:04:00,4332.0,4334.7998046875,4331.5,4334.5,69
2026-03-24T02:05:00,4333.2001953125,4333.2001953125,4322.0,4324.39990234375,117
2026-03-24T02:06:00,4325.39990234375,4331.7998046875,4323.7998046875,4331.0,118
2026-03-24T02:07:00,4331.89990234375,4333.2998046875,4328.7001953125,4331.7001953125,107
2026-03-24T02:08:00,4330.5,4332.2998046875,4322.10009765625,4324.7998046875,81
2026-03-24T02:09:00,4324.7998046875,4325.10009765625,4320.60009765625,4323.10009765625,123
2026-03-24T02:10:00,4322.60009765625,4324.0,4313.10009765625,4314.7998046875,173
2026-03-24T02:11:00,4313.89990234375,4314.7001953125,4309.60009765625,4313.10009765625,160
2026-03-24T02:12:00,4314.0,4316.2998046875,4306.2998046875,4314.5,247
2026-03-24T02:13:00,4316.89990234375,4316.89990234375,4310.0,4312.0,104
2026-03-24T02:14:00,4312.39990234375,4313.2001953125,4309.0,4312.5,82
2026-03-24T02:15:00,4313.7001953125,4316.0,4312.5,4313.10009765625,75
2026-03-24T02:16:00,4315.10009765625,4321.10009765625,4312.10009765625,4320.2998046875,91
2026-03-24T02:17:00,4321.39990234375,4321.7998046875,4314.10009765625,4314.60009765625,98
2026-03-24T02:18:00,4313.5,4316.39990234375,4312.0,4313.89990234375,46
2026-03-24T02:19:00,4313.2998046875,4316.89990234375,4310.0,4314.89990234375,74
2026-03-24T02:20:00,4315.7998046875,4318.0,4314.0,4318.0,63
2026-03-24T02:21:00,4319.2998046875,4332.2001953125,4319.0,4332.2001953125,208
2026-03-24T02:22:00,4331.39990234375,4349.0,4331.2998046875,4348.7001953125,287
2026-03-24T02:23:00,4347.89990234375,4350.5,4342.0,4343.39990234375,196
2026-03-24T02:24:00,4343.7001953125,4344.10009765625,4336.2001953125,4337.10009765625,137
2026-03-24T02:25:00,4336.60009765625,4343.39990234375,4336.5,4341.89990234375,101
2026-03-24T02:26:00,4342.10009765625,4342.5,4337.2001953125,4338.39990234375,44
2026-03-24T02:27:00,4337.89990234375,4338.2001953125,4336.0,4336.10009765625,30
2026-03-24T02:28:00,4336.5,4341.39990234375,4336.5,4340.0,34
2026-03-24T02:29:00,4341.39990234375,4354.10009765625,4341.39990234375,4353.0,197
2026-03-24T02:30:00,4352.0,4359.60009765625,4345.2998046875,4353.5,250
2026-03-24T02:31:00,4352.7998046875,4353.7001953125,4347.5,4350.7998046875,71
2026-03-24T02:32:00,4351.60009765625,4365.60009765625,4350.7001953125,4365.10009765625,149
2026-03-24T02:33:00,4365.60009765625,4368.0,4363.89990234375,4366.60009765625,98
2026-03-24T02:34:00,4367.7998046875,4372.0,4365.5,4370.7998046875,133
2026-03-24T02:35:00,4371.0,4371.0,4365.39990234375,4367.7998046875,155
2026-03-24T02:36:00,4367.5,4374.2998046875,4366.2001953125,4366.7001953125,180
2026-03-24T02:37:00,4366.10009765625,4368.2001953125,4365.2998046875,4367.89990234375,58
2026-03-24T02:38:00,4367.7998046875,4370.0,4363.0,4363.7001953125,82
2026-03-24T02:39:00,4364.2998046875,4364.2998046875,4360.5,4362.2001953125,67
2026-03-24T02:40:00,4361.60009765625,4361.60009765625,4353.60009765625,4356.39990234375,141
2026-03-24T02:41:00,4357.39990234375,4358.2001953125,4353.7001953125,4357.39990234375,95
2026-03-24T02:42:00,4357.2998046875,4358.2998046875,4353.60009765625,4354.5,71
2026-03-24T02:43:00,4354.89990234375,4364.39990234375,4354.5,4364.2001953125,68
2026-03-24T02:44:00,4365.2998046875,4370.2001953125,4364.7998046875,4366.7998046875,96
2026-03-24T02:45:00,4367.60009765625,4371.7001953125,4365.89990234375,4370.7998046875,104
2026-03-24T02:46:00,4369.89990234375,4380.10009765625,4369.89990234375,4378.60009765625,169
2026-03-24T02:47:00,4378.5,4379.39990234375,4376.2001953125,4378.7001953125,89
2026-03-24T02:48:00,4378.7001953125,4378.7001953125,4370.89990234375,4372.89990234375,90
2026-03-24T02:49:00,4371.7001953125,4374.7998046875,4364.2001953125,4364.7998046875,79
2026-03-24T02:50:00,4364.2001953125,4364.2001953125,4352.10009765625,4355.7998046875,216
2026-03-24T02:51:00,4356.7001953125,4357.0,4353.7998046875,4354.7001953125,64
2026-03-24T02:52:00,4356.0,4358.39990234375,4354.0,4356.7001953125,52
2026-03-24T02:53:00,4358.60009765625,4360.7001953125,4357.7001953125,4358.5,38
2026-03-24T02:54:00,4357.2001953125,4360.2001953125,4356.7998046875,4360.10009765625,34
2026-03-24T02:55:00,4359.7998046875,4361.39990234375,4356.5,4359.10009765625,44
2026-03-24T02:56:00,4359.7001953125,4363.7001953125,4358.0,4358.0,64
2026-03-24T02:57:00,4358.2001953125,4366.0,4357.7001953125,4364.89990234375,206
2026-03-24T02:58:00,4365.10009765625,4366.5,4361.2001953125,4363.10009765625,58
2026-03-24T02:59:00,4363.5,4367.2998046875,4362.5,4366.89990234375,21
2026-03-24T03:00:00,4367.10009765625,4368.60009765625,4360.2998046875,4360.2998046875,68
2026-03-24T03:01:00,4361.2001953125,4364.2998046875,4353.7001953125,4356.5,155
2026-03-24T03:02:00,4355.2001953125,4355.2001953125,4350.5,4351.2998046875,103
2026-03-24T03:03:00,4352.39990234375,4353.89990234375,4350.5,4353.0,44
2026-03-24T03:04:00,4354.5,4354.60009765625,4351.39990234375,4352.2001953125,112
2026-03-24T03:05:00,4352.7998046875,4359.7001953125,4352.7001953125,4358.89990234375,65
2026-03-24T03:06:00,4359.2998046875,4361.89990234375,4358.10009765625,4361.89990234375,33
2026-03-24T03:07:00,4362.0,4362.2998046875,4358.7998046875,4360.60009765625,16
2026-03-24T03:08:00,4359.60009765625,4360.7998046875,4355.7001953125,4355.7001953125,28
2026-03-24T03:09:00,4356.2001953125,4357.0,4351.2001953125,4352.89990234375,93
2026-03-24T03:10:00,4353.60009765625,4358.5,4353.60009765625,4358.5,41
2026-03-24T03:11:00,4358.39990234375,4360.2998046875,4357.10009765625,4358.2998046875,33
2026-03-24T03:12:00,4358.0,4358.0,4353.60009765625,4356.10009765625,48
2026-03-24T03:13:00,4357.2998046875,4360.10009765625,4355.89990234375,4359.7001953125,39
2026-03-24T03:14:00,4360.0,4363.0,4357.2001953125,4358.7998046875,47
2026-03-24T03:15:00,4358.7998046875,4362.2998046875,4358.7998046875,4361.2001953125,53
2026-03-24T03:16:00,4360.7998046875,4366.7998046875,4358.60009765625,4366.0,68
2026-03-24T03:17:00,4366.10009765625,4366.5,4363.89990234375,4364.0,60
2026-03-24T03:18:00,4364.7001953125,4364.7001953125,4361.0,4361.7001953125,50
2026-03-24T03:19:00,4362.89990234375,4363.10009765625,4359.10009765625,4359.2001953125,31
2026-03-24T03:20:00,4359.10009765625,4368.10009765625,4358.7998046875,4367.2998046875,84
2026-03-24T03:21:00,4367.60009765625,4368.39990234375,4360.10009765625,4360.7998046875,69
2026-03-24T03:22:00,4360.7001953125,4364.0,4360.7001953125,4364.0,31
2026-03-24T03:23:00,4364.0,4364.7001953125,4363.5,4363.5,10
2026-03-24T03:24:00,4362.89990234375,4365.7001953125,4362.89990234375,4363.10009765625,24
2026-03-24T03:25:00,4363.7001953125,4363.7001953125,4358.2998046875,4358.5,84
2026-03-24T03:26:00,4358.2998046875,4358.89990234375,4356.89990234375,4358.5,49
2026-03-24T03:27:00,4358.60009765625,4361.60009765625,4358.60009765625,4360.39990234375,24
2026-03-24T03:28:00,4358.89990234375,4367.60009765625,4358.2998046875,4366.5,47
2026-03-24T03:29:00,4366.39990234375,4366.7998046875,4365.2001953125,4365.39990234375,21
2026-03-24T03:30:00,4365.10009765625,4365.7001953125,4354.10009765625,4354.10009765625,67
2026-03-24T03:31:00,4354.2998046875,4354.7998046875,4348.2001953125,4348.7001953125,191
2026-03-24T03:32:00,4349.89990234375,4354.7998046875,4348.7001953125,4353.60009765625,49
2026-03-24T03:33:00,4352.60009765625,4352.60009765625,4347.60009765625,4347.7998046875,26
2026-03-24T03:34:00,4347.7001953125,4353.10009765625,4346.89990234375,4348.89990234375,55
2026-03-24T03:35:00,4348.0,4352.39990234375,4348.0,4350.10009765625,33
2026-03-24T03:36:00,4347.7001953125,4348.2998046875,4340.89990234375,4340.89990234375,87
2026-03-24T03:37:00,4341.7001953125,4344.5,4338.2998046875,4340.10009765625,123
2026-03-24T03:38:00,4339.5,4344.5,4338.5,4341.2001953125,117
2026-03-24T03:39:00,4341.2998046875,4343.2998046875,4339.5,4342.39990234375,27
2026-03-24T03:40:00,4343.10009765625,4347.0,4341.39990234375,4346.2998046875,37
2026-03-24T03:41:00,4345.39990234375,4345.89990234375,4344.0,4345.0,34
2026-03-24T03:42:00,4345.0,4345.0,4341.89990234375,4344.39990234375,23
2026-03-24T03:43:00,4344.10009765625,4346.10009765625,4338.7001953125,4338.7001953125,34
2026-03-24T03:44:00,4338.39990234375,4342.39990234375,4338.39990234375,4341.0,40
2026-03-24T03:45:00,4341.10009765625,4341.89990234375,4338.0,4338.2998046875,55
2026-03-24T03:46:00,4339.0,4340.89990234375,4335.39990234375,4339.2998046875,51
2026-03-24T03:47:00,4339.5,4343.2998046875,4339.5,4342.7001953125,17
2026-03-24T03:48:00,4343.10009765625,4343.7998046875,4339.89990234375,4341.0,23
2026-03-24T03:49:00,4340.39990234375,4341.10009765625,4339.0,4341.0,24
2026-03-24T03:50:00,4339.60009765625,4340.7998046875,4339.0,4339.5,14
2026-03-24T03:51:00,4339.7001953125,4339.89990234375,4337.0,4339.7001953125,56
2026-03-24T03:52:00,4338.7001953125,4343.10009765625,4338.39990234375,4343.10009765625,22
2026-03-24T03:53:00,4341.60009765625,4343.0,4341.5,4343.0,16
2026-03-24T03:54:00,4343.2998046875,4344.5,4341.5,4341.60009765625,39
2026-03-24T03:55:00,4341.89990234375,4343.60009765625,4337.5,4338.2998046875,33
2026-03-24T03:56:00,4341.0,4350.2001953125,4341.0,4349.7998046875,68
2026-03-24T03:57:00,4349.0,4349.89990234375,4347.10009765625,4347.2998046875,40
2026-03-24T03:58:00,4347.0,4347.0,4345.0,4346.7998046875,42
2026-03-24T04:00:00,4347.39990234375,4350.89990234375,4347.2001953125,4348.89990234375,57
2026-03-24T04:01:00,4350.10009765625,4352.60009765625,4349.7998046875,4351.7998046875,28
2026-03-24T04:02:00,4352.5,4353.60009765625,4349.2998046875,4350.5,37
2026-03-24T04:03:00,4351.39990234375,4352.5,4350.0,4351.2998046875,31
2026-03-24T04:04:00,4351.2998046875,4353.2001953125,4351.2998046875,4352.7001953125,14
2026-03-24T04:05:00,4354.0,4357.7001953125,4354.0,4357.5,21
2026-03-24T04:06:00,4356.2998046875,4356.89990234375,4351.7998046875,4353.5,36
2026-03-24T04:07:00,4353.7001953125,4354.2998046875,4349.60009765625,4349.60009765625,34
2026-03-24T04:08:00,4350.2998046875,4351.2001953125,4348.5,4348.5,20
2026-03-24T04:09:00,4349.10009765625,4352.7001953125,4348.60009765625,4352.60009765625,41
2026-03-24T04:10:00,4353.39990234375,4353.5,4350.10009765625,4351.7998046875,34
2026-03-24T04:11:00,4351.2998046875,4353.5,4350.5,4350.7998046875,83
2026-03-24T04:12:00,4351.5,4352.39990234375,4348.39990234375,4349.5,34
2026-03-24T04:13:00,4349.5,4350.0,4348.0,4350.0,21
2026-03-24T04:14:00,4351.5,4351.5,4351.0,4351.0,6
2026-03-24T04:15:00,4350.7998046875,4350.7998046875,4347.2001953125,4347.89990234375,89
2026-03-24T04:16:00,4347.10009765625,4349.10009765625,4345.0,4346.39990234375,128
2026-03-24T04:17:00,4345.89990234375,4345.89990234375,4341.7001953125,4342.7001953125,53
2026-03-24T04:18:00,4342.39990234375,4342.7001953125,4340.5,4341.60009765625,31
2026-03-24T04:19:00,4341.5,4341.5,4330.2001953125,4330.60009765625,139
2026-03-24T04:20:00,4331.10009765625,4334.0,4327.0,4332.60009765625,120
2026-03-24T04:21:00,4333.0,4335.7998046875,4333.0,4335.7998046875,35
2026-03-24T04:22:00,4334.89990234375,4335.0,4331.5,4332.2001953125,56
2026-03-24T04:23:00,4334.0,4334.0,4330.0,4331.39990234375,64
2026-03-24T04:24:00,4331.5,4334.7001953125,4330.0,4332.7001953125,71
2026-03-24T04:25:00,4332.2001953125,4334.2998046875,4331.60009765625,4331.7001953125,24
2026-03-24T04:26:00,4332.7998046875,4334.89990234375,4332.2001953125,4333.2001953125,30
2026-03-24T04:27:00,4332.5,4334.60009765625,4331.2001953125,4333.89990234375,37
2026-03-24T04:28:00,4334.2998046875,4341.7998046875,4334.2998046875,4338.7001953125,160
2026-03-24T04:29:00,4339.7998046875,4340.60009765625,4337.0,4339.60009765625,37
2026-03-24T04:30:00,4339.2998046875,4343.89990234375,4338.10009765625,4343.89990234375,56
2026-03-24T04:31:00,4341.60009765625,4341.60009765625,4337.2998046875,4337.60009765625,27
2026-03-24T04:32:00,4337.5,4339.2998046875,4337.2998046875,4338.7001953125,43
2026-03-24T04:33:00,4340.0,4343.2001953125,4340.0,4341.5,47
2026-03-24T04:34:00,4342.2001953125,4343.7998046875,4341.10009765625,4343.0,27
2026-03-24T04:35:00,4342.10009765625,4343.0,4339.5,4339.7998046875,30
2026-03-24T04:36:00,4339.0,4340.5,4338.5,4340.5,8
2026-03-24T04:37:00,4340.2998046875,4346.2001953125,4340.2998046875,4345.0,63
2026-03-24T04:38:00,4345.10009765625,4345.5,4344.7001953125,4345.39990234375,11
2026-03-24T04:39:00,4343.89990234375,4344.89990234375,4343.7998046875,4343.7998046875,11
2026-03-24T04:40:00,4344.7998046875,4347.0,4344.7998046875,4345.10009765625,45
2026-03-24T04:41:00,4346.0,4348.7998046875,4345.10009765625,4348.7998046875,36
2026-03-24T04:42:00,4347.5,4347.5,4345.0,4345.2998046875,30
2026-03-24T04:43:00,4345.2001953125,4345.7001953125,4342.7998046875,4344.7001953125,39
2026-03-24T04:44:00,4343.2998046875,4344.2001953125,4341.7998046875,4341.7998046875,12
2026-03-24T04:45:00,4341.10009765625,4344.2998046875,4340.89990234375,4342.89990234375,24
2026-03-24T04:46:00,4343.7998046875,4346.2998046875,4343.7998046875,4345.7001953125,18
2026-03-24T04:47:00,4345.89990234375,4348.7001953125,4345.89990234375,4348.7001953125,11
2026-03-24T04:48:00,4347.89990234375,4350.0,4347.39990234375,4348.2001953125,34
2026-03-24T04:49:00,4348.2001953125,4348.2001953125,4346.39990234375,4346.39990234375,14
2026-03-24T04:50:00,4347.39990234375,4347.39990234375,4344.39990234375,4345.0,13
2026-03-24T04:51:00,4344.39990234375,4346.60009765625,4344.39990234375,4346.60009765625,9
2026-03-24T04:52:00,4347.10009765625,4348.7998046875,4347.10009765625,4348.39990234375,12
2026-03-24T04:53:00,4348.10009765625,4349.10009765625,4347.2001953125,4347.7998046875,8
2026-03-24T04:54:00,4347.2998046875,4348.7001953125,4347.2998046875,4348.7001953125,7
2026-03-24T04:55:00,4348.60009765625,4348.7001953125,4344.2998046875,4345.39990234375,39
2026-03-24T04:56:00,4344.7001953125,4344.7001953125,4338.7001953125,4338.7001953125,85
2026-03-24T04:57:00,4339.39990234375,4341.0,4332.7998046875,4335.2998046875,138
2026-03-24T04:58:00,4334.60009765625,4336.39990234375,4332.7001953125,4332.7001953125,47
2026-03-24T04:59:00,4333.5,4336.0,4332.60009765625,4334.0,33
2026-03-24T05:00:00,4334.5,4338.5,4334.5,4337.2001953125,59
2026-03-24T05:01:00,4335.2001953125,4336.60009765625,4333.89990234375,4334.0,53
2026-03-24T05:02:00,4333.5,4335.2998046875,4332.7001953125,4333.5,69
2026-03-24T05:03:00,4334.7001953125,4334.89990234375,4329.5,4330.7998046875,59
2026-03-24T05:04:00,4330.7998046875,4332.7998046875,4327.7998046875,4328.7001953125,74
2026-03-24T05:05:00,4327.2998046875,4327.2998046875,4321.0,4321.7001953125,134
2026-03-24T05:06:00,4321.10009765625,4326.0,4320.0,4323.39990234375,240
2026-03-24T05:07:00,4323.5,4325.2001953125,4322.0,4322.2998046875,227
2026-03-24T05:08:00,4321.5,4326.0,4319.89990234375,4323.10009765625,60
2026-03-24T05:09:00,4323.89990234375,4327.0,4322.10009765625,4326.2001953125,78
2026-03-24T05:10:00,4326.5,4328.39990234375,4325.0,4327.7001953125,59
2026-03-24T05:11:00,4326.7001953125,4334.2001953125,4326.60009765625,4333.10009765625,90
2026-03-24T05:12:00,4332.60009765625,4342.89990234375,4329.7998046875,4342.89990234375,74
2026-03-24T05:13:00,4344.2998046875,4346.0,4337.2001953125,4337.39990234375,131
2026-03-24T05:14:00,4338.2998046875,4338.7001953125,4335.7998046875,4335.89990234375,30
2026-03-24T05:15:00,4336.2001953125,4339.0,4335.7001953125,4337.10009765625,18
2026-03-24T05:16:00,4336.39990234375,4339.7001953125,4335.2998046875,4339.39990234375,22
2026-03-24T05:17:00,4342.10009765625,4342.2998046875,4340.60009765625,4341.10009765625,32
2026-03-24T05:18:00,4338.89990234375,4346.60009765625,4338.89990234375,4346.5,72
2026-03-24T05:19:00,4346.2998046875,4347.39990234375,4342.0,4343.0,57
2026-03-24T05:20:00,4342.39990234375,4345.0,4339.7998046875,4345.0,112
2026-03-24T05:21:00,4345.89990234375,4346.60009765625,4341.2001953125,4342.39990234375,231
2026-03-24T05:22:00,4343.7998046875,4345.7998046875,4341.0,4342.10009765625,62
2026-03-24T05:23:00,4341.60009765625,4345.60009765625,4340.2998046875,4344.39990234375,41
2026-03-24T05:24:00,4343.2001953125,4344.2998046875,4340.89990234375,4341.7001953125,39
2026-03-24T05:25:00,4340.2998046875,4342.7001953125,4340.2998046875,4342.7001953125,26
2026-03-24T05:26:00,4343.10009765625,4343.60009765625,4340.89990234375,4341.39990234375,44
2026-03-24T05:27:00,4341.5,4341.5,4338.10009765625,4339.10009765625,41
2026-03-24T05:28:00,4338.39990234375,4339.2998046875,4335.10009765625,4335.10009765625,80
2026-03-24T05:29:00,4335.89990234375,4338.2001953125,4335.10009765625,4336.0,51
2026-03-24T05:30:00,4336.2001953125,4337.2998046875,4325.89990234375,4326.7001953125,227
2026-03-24T05:31:00,4326.7001953125,4330.5,4322.10009765625,4325.39990234375,189
2026-03-24T05:32:00,4326.39990234375,4328.7998046875,4323.2001953125,4324.7998046875,101
2026-03-24T05:33:00,4324.7998046875,4328.10009765625,4324.0,4324.5,66
2026-03-24T05:34:00,4325.2001953125,4335.7001953125,4324.7001953125,4333.7001953125,75
2026-03-24T05:35:00,4335.5,4345.0,4332.0,4343.60009765625,90
2026-03-24T05:36:00,4343.60009765625,4345.10009765625,4338.39990234375,4338.39990234375,95
2026-03-24T05:37:00,4338.7001953125,4343.60009765625,4338.39990234375,4340.7998046875,100
2026-03-24T05:38:00,4341.39990234375,4341.39990234375,4336.0,4339.7998046875,54
2026-03-24T05:39:00,4338.7001953125,4340.7998046875,4337.7001953125,4339.10009765625,48
2026-03-24T05:40:00,4339.7001953125,4358.0,4339.7001953125,4357.60009765625,315
2026-03-24T05:41:00,4359.60009765625,4375.39990234375,4358.7998046875,4373.7998046875,418
2026-03-24T05:42:00,4372.2001953125,4373.39990234375,4367.7998046875,4368.2998046875,242
2026-03-24T05:43:00,4369.0,4373.5,4363.89990234375,4364.7001953125,171
2026-03-24T05:44:00,4363.89990234375,4363.89990234375,4358.5,4359.89990234375,171
2026-03-24T05:45:00,4358.7998046875,4358.7998046875,4356.2001953125,4356.60009765625,138
2026-03-24T05:46:00,4357.2001953125,4366.10009765625,4356.7001953125,4364.5,85
2026-03-24T05:47:00,4365.0,4369.5,4364.0,4368.7001953125,120
2026-03-24T05:48:00,4370.0,4370.60009765625,4366.2001953125,4366.2998046875,107
2026-03-24T05:49:00,4367.2998046875,4367.7998046875,4364.2001953125,4366.0,104
2026-03-24T05:50:00,4364.7998046875,4371.5,4364.7998046875,4369.7001953125,106
2026-03-24T05:51:00,4369.39990234375,4369.7001953125,4361.7001953125,4361.7998046875,95
2026-03-24T05:52:00,4362.60009765625,4363.0,4356.2001953125,4359.0,158
2026-03-24T05:53:00,4359.2998046875,4365.89990234375,4357.5,4362.0,148
2026-03-24T05:54:00,4361.39990234375,4361.39990234375,4354.10009765625,4354.10009765625,66
2026-03-24T05:55:00,4353.2998046875,4356.7001953125,4349.10009765625,4356.7001953125,61
2026-03-24T05:56:00,4356.89990234375,4357.2998046875,4352.39990234375,4352.89990234375,53
2026-03-24T05:57:00,4352.2998046875,4355.0,4346.10009765625,4347.2001953125,106
2026-03-24T05:58:00,4347.60009765625,4350.39990234375,4346.2001953125,4348.10009765625,71
2026-03-24T05:59:00,4348.7998046875,4351.5,4347.0,4349.5,87
2026-03-24T06:00:00,4348.89990234375,4356.10009765625,4345.5,4353.0,120
2026-03-24T06:01:00,4354.5,4356.89990234375,4346.7001953125,4355.89990234375,115
2026-03-24T06:02:00,4357.0,4361.39990234375,4355.7998046875,4358.7001953125,84
2026-03-24T06:03:00,4359.5,4363.0,4359.2998046875,4362.0,80
2026-03-24T06:04:00,4362.5,4364.10009765625,4359.5,4360.10009765625,88
2026-03-24T06:05:00,4359.7001953125,4365.2998046875,4357.2001953125,4363.7998046875,76
2026-03-24T06:06:00,4362.89990234375,4363.2998046875,4359.10009765625,4362.5,47
2026-03-24T06:07:00,4361.89990234375,4361.89990234375,4357.60009765625,4361.10009765625,22
2026-03-24T06:08:00,4361.7001953125,4372.0,4361.7001953125,4371.10009765625,95
2026-03-24T06:09:00,4371.0,4374.5,4370.0,4371.10009765625,247
2026-03-24T06:10:00,4371.5,4378.5,4371.2001953125,4377.39990234375,210
2026-03-24T06:11:00,4378.10009765625,4378.10009765625,4371.2001953125,4374.0,62
2026-03-24T06:12:00,4373.89990234375,4373.89990234375,4367.39990234375,4368.2001953125,68
2026-03-24T06:13:00,4367.2001953125,4372.39990234375,4366.89990234375,4367.39990234375,61
2026-03-24T06:14:00,4367.0,4371.5,4366.0,4369.89990234375,49
2026-03-24T06:15:00,4369.7001953125,4370.39990234375,4362.0,4363.7998046875,84
2026-03-24T06:16:00,4363.5,4369.7998046875,4362.60009765625,4367.5,61
2026-03-24T06:17:00,4368.60009765625,4376.7998046875,4368.60009765625,4375.5,93
2026-03-24T06:18:00,4377.0,4379.0,4374.0,4375.5,86
2026-03-24T06:19:00,4374.5,4378.5,4373.2001953125,4376.7001953125,57
2026-03-24T06:20:00,4376.60009765625,4376.60009765625,4369.5,4372.2001953125,102
2026-03-24T06:21:00,4372.0,4379.10009765625,4372.0,4378.7998046875,59
2026-03-24T06:22:00,4379.2998046875,4393.2001953125,4379.10009765625,4393.2001953125,369
2026-03-24T06:23:00,4393.0,4393.7998046875,4388.2998046875,4391.89990234375,121
2026-03-24T06:24:00,4392.2998046875,4394.7001953125,4388.89990234375,4389.0,109
2026-03-24T06:25:00,4387.7998046875,4398.2001953125,4385.0,4396.7001953125,181
2026-03-24T06:26:00,4395.39990234375,4398.39990234375,4393.39990234375,4397.7001953125,142
2026-03-24T06:27:00,4397.7998046875,4398.89990234375,4391.5,4391.5,123
2026-03-24T06:28:00,4391.10009765625,4392.0,4385.2998046875,4387.2001953125,185
2026-03-24T06:29:00,4386.10009765625,4390.0,4386.10009765625,4390.0,63
2026-03-24T06:30:00,4388.5,4394.2001953125,4386.89990234375,4390.5,67
2026-03-24T06:31:00,4390.89990234375,4394.7001953125,4390.10009765625,4392.5,44
2026-03-24T06:32:00,4391.60009765625,4395.7001953125,4391.10009765625,4394.60009765625,63
2026-03-24T06:33:00,4394.39990234375,4395.10009765625,4386.39990234375,4386.39990234375,75
2026-03-24T06:34:00,4386.10009765625,4387.60009765625,4383.60009765625,4387.0,29
2026-03-24T06:35:00,4386.7001953125,4389.39990234375,4385.89990234375,4388.5,27
2026-03-24T06:36:00,4388.2998046875,4388.2998046875,4383.60009765625,4383.7998046875,26
2026-03-24T06:37:00,4383.60009765625,4392.5,4379.7001953125,4391.2998046875,134
2026-03-24T06:38:00,4392.0,4393.0,4388.0,4388.7001953125,173
2026-03-24T06:39:00,4387.89990234375,4393.89990234375,4385.5,4393.10009765625,101
2026-03-24T06:40:00,4394.0,4399.5,4389.60009765625,4389.89990234375,122
2026-03-24T06:41:00,4389.60009765625,4394.10009765625,4388.7001953125,4393.5,52
2026-03-24T06:42:00,4393.0,4393.10009765625,4389.2998046875,4389.5,53
2026-03-24T06:43:00,4389.0,4389.2001953125,4385.89990234375,4385.89990234375,43
2026-03-24T06:44:00,4386.7001953125,4387.89990234375,4376.60009765625,4379.5,195
2026-03-24T06:45:00,4380.10009765625,4381.89990234375,4375.89990234375,4377.60009765625,116
2026-03-24T06:46:00,4377.89990234375,4384.10009765625,4376.89990234375,4382.2998046875,108
2026-03-24T06:47:00,4380.2998046875,4382.60009765625,4379.2998046875,4381.5,24
2026-03-24T06:48:00,4381.39990234375,4382.5,4378.89990234375,4378.89990234375,63
2026-03-24T06:49:00,4378.7001953125,4380.2001953125,4376.5,4380.10009765625,55
2026-03-24T06:50:00,4379.7998046875,4384.0,4379.2998046875,4380.60009765625,65
2026-03-24T06:51:00,4380.7001953125,4384.2001953125,4379.2001953125,4384.2001953125,16
2026-03-24T06:52:00,4384.7001953125,4386.39990234375,4384.5,4384.7998046875,51
2026-03-24T06:53:00,4383.7998046875,4388.89990234375,4380.89990234375,4388.89990234375,74
2026-03-24T06:54:00,4389.39990234375,4393.0,4387.7998046875,4392.2998046875,57
2026-03-24T06:55:00,4392.39990234375,4398.60009765625,4390.2001953125,4398.10009765625,223
2026-03-24T06:56:00,4398.60009765625,4406.5,4396.7001953125,4404.39990234375,404
2026-03-24T06:57:00,4404.89990234375,4405.89990234375,4398.7001953125,4402.7998046875,178
2026-03-24T06:58:00,4402.7001953125,4406.7001953125,4400.5,4402.39990234375,139
2026-03-24T06:59:00,4402.2001953125,4405.39990234375,4401.39990234375,4403.7998046875,77
2026-03-24T07:00:00,4402.5,4414.5,4401.7998046875,4413.10009765625,252
2026-03-24T07:01:00,4413.0,4413.7001953125,4406.5,4407.7998046875,224
2026-03-24T07:02:00,4407.7998046875,4415.5,4407.2001953125,4414.39990234375,117
2026-03-24T07:03:00,4415.2001953125,4416.0,4409.0,4411.2001953125,169
2026-03-24T07:04:00,4410.89990234375,4413.0,4405.7998046875,4410.2001953125,271
2026-03-24T07:05:00,4409.0,4416.2998046875,4408.2001953125,4413.89990234375,131
2026-03-24T07:06:00,4415.10009765625,4416.5,4409.5,4413.10009765625,140
2026-03-24T07:07:00,4412.5,4413.2001953125,4409.0,4411.2998046875,111
2026-03-24T07:08:00,4411.2998046875,4412.60009765625,4409.2998046875,4411.10009765625,41
2026-03-24T07:09:00,4412.7998046875,4416.5,4412.39990234375,4416.39990234375,55
2026-03-24T07:10:00,4416.0,4425.7001953125,4416.0,4424.5,267
2026-03-24T07:11:00,4424.39990234375,4426.5,4420.89990234375,4423.7001953125,274
2026-03-24T07:12:00,4423.0,4427.2998046875,4422.0,4425.7998046875,224
2026-03-24T07:13:00,4426.5,4427.60009765625,4423.0,4424.2998046875,229
2026-03-24T07:14:00,4424.39990234375,4427.0,4423.7001953125,4426.5,109
2026-03-24T07:15:00,4424.2001953125,4425.7001953125,4420.60009765625,4424.7001953125,130
2026-03-24T07:16:00,4424.7998046875,4425.7998046875,4422.2001953125,4423.60009765625,62
2026-03-24T07:17:00,4423.89990234375,4426.0,4423.39990234375,4424.60009765625,62
2026-03-24T07:18:00,4424.0,4424.7998046875,4421.39990234375,4424.7998046875,84
2026-03-24T07:19:00,4425.0,4427.2001953125,4423.89990234375,4424.2001953125,109
2026-03-24T07:20:00,4423.5,4425.7998046875,4421.2998046875,4422.0,74
2026-03-24T07:21:00,4423.10009765625,4423.7001953125,4415.89990234375,4419.60009765625,235
2026-03-24T07:22:00,4418.89990234375,4423.5,4417.7998046875,4417.7998046875,108
2026-03-24T07:23:00,4417.7001953125,4418.89990234375,4412.2001953125,4412.7998046875,189
2026-03-24T07:24:00,4413.2001953125,4416.2001953125,4410.2001953125,4414.60009765625,141
2026-03-24T07:25:00,4413.2998046875,4413.7998046875,4411.10009765625,4413.2998046875,62
2026-03-24T07:26:00,4412.7998046875,4412.7998046875,4408.7001953125,4410.7998046875,139
2026-03-24T07:27:00,4410.2998046875,4410.5,4407.5,4409.39990234375,63
2026-03-24T07:28:00,4409.7998046875,4417.2998046875,4409.7998046875,4415.5,180
2026-03-24T07:29:00,4415.39990234375,4417.89990234375,4413.10009765625,4413.7998046875,93
2026-03-24T07:30:00,4413.5,4413.5,4409.39990234375,4409.39990234375,72
2026-03-24T07:31:00,4409.39990234375,4413.0,4409.0,4411.2998046875,98
2026-03-24T07:32:00,4411.0,4412.2001953125,4402.0,4405.10009765625,274
2026-03-24T07:33:00,4405.39990234375,4410.7001953125,4403.7001953125,4410.5,196
2026-03-24T07:34:00,4410.89990234375,4411.5,4408.89990234375,4411.2998046875,75
2026-03-24T07:35:00,4411.2998046875,4413.0,4408.10009765625,4408.10009765625,122
2026-03-24T07:36:00,4407.89990234375,4409.2001953125,4406.7998046875,4406.89990234375,45
2026-03-24T07:37:00,4407.60009765625,4408.5,4405.5,4407.0,114
2026-03-24T07:38:00,4406.0,4406.39990234375,4402.7998046875,4406.39990234375,101
2026-03-24T07:39:00,4406.60009765625,4410.7001953125,4404.7001953125,4410.7001953125,59
2026-03-24T07:40:00,4411.0,4412.7001953125,4403.39990234375,4404.2001953125,159
2026-03-24T07:41:00,4404.89990234375,4408.60009765625,4403.60009765625,4408.60009765625,52
2026-03-24T07:42:00,4408.39990234375,4408.39990234375,4401.89990234375,4402.7998046875,129
2026-03-24T07:43:00,4403.2001953125,4406.7001953125,4401.0,4405.39990234375,78
2026-03-24T07:44:00,4407.7998046875,4410.2001953125,4406.89990234375,4409.60009765625,67
2026-03-24T07:45:00,4410.0,4410.0,4405.39990234375,4405.7001953125,43
2026-03-24T07:46:00,4406.10009765625,4406.39990234375,4403.0,4405.5,58
2026-03-24T07:47:00,4406.10009765625,4412.2998046875,4406.10009765625,4409.5,66
2026-03-24T07:48:00,4410.2998046875,4424.5,4410.2998046875,4423.60009765625,254
2026-03-24T07:49:00,4423.7998046875,4427.2001953125,4421.39990234375,4424.0,232
2026-03-24T07:50:00,4423.60009765625,4425.7001953125,4421.10009765625,4424.0,151
2026-03-24T07:51:00,4424.60009765625,4427.0,4423.0,4425.10009765625,120
2026-03-24T07:52:00,4424.7001953125,4433.0,4424.39990234375,4430.39990234375,556
2026-03-24T07:53:00,4430.7998046875,4437.60009765625,4429.7998046875,4429.7998046875,293
2026-03-24T07:54:00,4430.2998046875,4431.0,4422.10009765625,4424.10009765625,284
2026-03-24T07:55:00,4423.7998046875,4427.60009765625,4422.60009765625,4426.0,97
2026-03-24T07:56:00,4425.60009765625,4428.5,4420.39990234375,4420.89990234375,96
2026-03-24T07:57:00,4422.2001953125,4423.7001953125,4417.5,4421.2998046875,110
2026-03-24T07:58:00,4422.2998046875,4422.89990234375,4419.60009765625,4421.5,82
2026-03-24T07:59:00,4420.7001953125,4422.2998046875,4420.2001953125,4420.2001953125,44
2026-03-24T08:00:00,4420.10009765625,4420.2001953125,4404.2001953125,4411.7001953125,382
2026-03-24T08:01:00,4411.10009765625,4414.7998046875,4405.7998046875,4408.10009765625,226
2026-03-24T08:02:00,4407.0,4417.2998046875,4406.7001953125,4417.2998046875,162
2026-03-24T08:03:00,4417.0,4417.2998046875,4410.0,4410.0,234
2026-03-24T08:04:00,4409.89990234375,4413.0,4408.0,4410.0,119
2026-03-24T08:05:00,4410.0,4416.2998046875,4408.89990234375,4414.7998046875,126
2026-03-24T08:06:00,4413.89990234375,4421.0,4412.7998046875,4420.2998046875,114
2026-03-24T08:07:00,4420.5,4420.7998046875,4414.39990234375,4414.7998046875,184
2026-03-24T08:08:00,4414.7998046875,4415.60009765625,4411.7001953125,4415.39990234375,123
2026-03-24T08:09:00,4414.89990234375,4416.2998046875,4411.5,4414.89990234375,82
2026-03-24T08:10:00,4414.5,4416.7998046875,4412.7001953125,4415.60009765625,72
2026-03-24T08:11:00,4413.39990234375,4418.5,4413.2001953125,4418.2001953125,140
2026-03-24T08:12:00,4418.39990234375,4420.60009765625,4417.2001953125,4418.89990234375,118
2026-03-24T08:13:00,4419.60009765625,4423.60009765625,4417.2001953125,4418.2998046875,125
2026-03-24T08:14:00,4416.60009765625,4418.39990234375,4412.5,4416.89990234375,123
2026-03-24T08:15:00,4416.60009765625,4419.5,4414.0,4414.0,129
2026-03-24T08:16:00,4413.89990234375,4414.5,4411.10009765625,4412.2998046875,181
2026-03-24T08:17:00,4412.2998046875,4412.7001953125,4408.0,4409.5,118
2026-03-24T08:18:00,4410.10009765625,4412.0,4405.2001953125,4406.0,157
2026-03-24T08:19:00,4405.89990234375,4408.7998046875,4404.2998046875,4407.7001953125,126
2026-03-24T08:20:00,4407.7001953125,4408.89990234375,4396.5,4399.39990234375,363
2026-03-24T08:21:00,4399.5,4402.60009765625,4396.7998046875,4399.39990234375,180
2026-03-24T08:22:00,4400.0,4401.7001953125,4396.5,4399.7998046875,226
2026-03-24T08:23:00,4400.2998046875,4403.7001953125,4397.7998046875,4402.0,158
2026-03-24T08:24:00,4402.0,4402.7998046875,4396.10009765625,4396.2001953125,86
2026-03-24T08:25:00,4396.2001953125,4398.5,4393.0,4394.2001953125,235
2026-03-24T08:26:00,4395.10009765625,4400.0,4394.89990234375,4397.7001953125,165
2026-03-24T08:27:00,4397.60009765625,4397.60009765625,4392.7001953125,4396.0,63
2026-03-24T08:28:00,4395.89990234375,4397.10009765625,4394.2998046875,4394.89990234375,284
2026-03-24T08:29:00,4395.7001953125,4399.89990234375,4395.7001953125,4398.10009765625,643
2026-03-24T08:30:00,4397.2998046875,4400.7001953125,4393.2001953125,4400.2001953125,144
2026-03-24T08:31:00,4401.39990234375,4406.10009765625,4400.60009765625,4404.39990234375,97
2026-03-24T08:32:00,4403.2001953125,4403.2998046875,4399.2998046875,4401.7998046875,76
2026-03-24T08:33:00,4401.2998046875,4401.89990234375,4399.39990234375,4399.5,91
2026-03-24T08:34:00,4399.2998046875,4401.5,4398.0,4400.10009765625,127
2026-03-24T08:35:00,4399.7001953125,4403.2001953125,4399.7001953125,4403.2001953125,45
2026-03-24T08:36:00,4403.7998046875,4405.2001953125,4401.10009765625,4403.7001953125,65
2026-03-24T08:37:00,4403.10009765625,4405.60009765625,4403.0,4405.60009765625,42
2026-03-24T08:38:00,4405.5,4406.2001953125,4402.89990234375,4405.0,73
2026-03-24T08:39:00,4404.7998046875,4404.7998046875,4397.89990234375,4398.89990234375,138
2026-03-24T08:40:00,4399.39990234375,4404.7998046875,4398.60009765625,4404.7998046875,42
2026-03-24T08:41:00,4405.39990234375,4406.60009765625,4404.39990234375,4406.0,60
2026-03-24T08:42:00,4406.2998046875,4407.39990234375,4401.89990234375,4401.89990234375,45
2026-03-24T08:43:00,4401.7998046875,4401.7998046875,4398.0,4399.39990234375,34
2026-03-24T08:44:00,4400.5,4403.7001953125,4399.89990234375,4402.5,60
2026-03-24T08:45:00,4401.7998046875,4404.39990234375,4399.39990234375,4403.60009765625,132
2026-03-24T08:46:00,4403.7998046875,4408.10009765625,4403.10009765625,4405.7001953125,111
2026-03-24T08:47:00,4405.89990234375,4410.39990234375,4405.10009765625,4409.2998046875,135
2026-03-24T08:48:00,4408.89990234375,4410.2001953125,4407.7998046875,4409.0,76
2026-03-24T08:49:00,4409.7998046875,4412.2001953125,4409.39990234375,4410.7998046875,109
2026-03-24T08:50:00,4411.2001953125,4411.2001953125,4403.7001953125,4405.10009765625,410
2026-03-24T08:51:00,4404.0,4408.39990234375,4402.39990234375,4404.0,103
2026-03-24T08:52:00,4402.89990234375,4408.5,4402.89990234375,4407.7998046875,92
2026-03-24T08:53:00,4408.7998046875,4414.10009765625,4408.0,4409.60009765625,242
2026-03-24T08:54:00,4409.2001953125,4416.10009765625,4409.2001953125,4414.39990234375,150
2026-03-24T08:55:00,4413.60009765625,4413.89990234375,4408.7998046875,4410.7998046875,72
2026-03-24T08:56:00,4408.89990234375,4411.2001953125,4405.2001953125,4409.2998046875,170
2026-03-24T08:57:00,4408.60009765625,4411.7998046875,4408.60009765625,4411.0,166
2026-03-24T08:58:00,4411.2998046875,4412.39990234375,4409.0,4412.39990234375,112
2026-03-24T08:59:00,4412.60009765625,4416.2998046875,4411.5,4413.5,137
2026-03-24T09:00:00,4413.10009765625,4416.10009765625,4409.60009765625,4414.2001953125,65
2026-03-24T09:01:00,4414.2998046875,4418.0,4411.2001953125,4412.10009765625,150
2026-03-24T09:02:00,4412.5,4416.5,4412.39990234375,4416.0,81
2026-03-24T09:03:00,4416.2998046875,4420.89990234375,4414.60009765625,4414.60009765625,98
2026-03-24T09:04:00,4416.0,4419.0,4414.2001953125,4414.89990234375,80
2026-03-24T09:05:00,4416.2001953125,4416.2001953125,4412.10009765625,4412.10009765625,246
2026-03-24T09:06:00,4411.2998046875,4411.89990234375,4406.5,4408.7001953125,131
2026-03-24T09:07:00,4410.0,4410.0,4405.60009765625,4406.2998046875,95
2026-03-24T09:08:00,4406.89990234375,4408.89990234375,4406.39990234375,4407.7998046875,114
2026-03-24T09:09:00,4407.7998046875,4408.7998046875,4404.0,4405.7001953125,147
2026-03-24T09:10:00,4406.2998046875,4408.0,4404.7998046875,4408.0,75
2026-03-24T09:11:00,4408.7998046875,4410.0,4403.10009765625,4403.10009765625,102
2026-03-24T09:12:00,4403.10009765625,4404.10009765625,4401.39990234375,4404.10009765625,108
2026-03-24T09:13:00,4404.5,4407.2001953125,4403.5,4403.89990234375,76
2026-03-24T09:14:00,4402.10009765625,4402.10009765625,4398.39990234375,4400.7001953125,126
2026-03-24T09:15:00,4400.5,4400.89990234375,4398.2001953125,4398.2001953125,86
2026-03-24T09:16:00,4398.5,4402.10009765625,4397.2998046875,4402.10009765625,109
2026-03-24T09:17:00,4402.39990234375,4406.5,4402.39990234375,4406.5,41
2026-03-24T09:18:00,4406.7001953125,4413.10009765625,4405.10009765625,4412.7001953125,158
2026-03-24T09:19:00,4412.7001953125,4416.39990234375,4412.60009765625,4414.2998046875,210
2026-03-24T09:20:00,4414.5,4416.60009765625,4413.7998046875,4414.39990234375,52
2026-03-24T09:21:00,4414.7001953125,4414.7001953125,4412.60009765625,4412.7998046875,122
2026-03-24T09:22:00,4412.7001953125,4412.89990234375,4409.39990234375,4412.60009765625,203
2026-03-24T09:23:00,4412.2001953125,4414.2001953125,4411.7001953125,4411.7998046875,96
2026-03-24T09:24:00,4412.60009765625,4412.60009765625,4410.7001953125,4410.7001953125,82
2026-03-24T09:25:00,4410.60009765625,4411.89990234375,4408.7998046875,4409.39990234375,136
2026-03-24T09:26:00,4410.0,4410.0,4407.10009765625,4408.89990234375,105
2026-03-24T09:27:00,4408.89990234375,4411.0,4408.89990234375,4411.0,64
2026-03-24T09:28:00,4411.2998046875,4411.89990234375,4409.0,4409.2998046875,59
2026-03-24T09:29:00,4409.39990234375,4409.7001953125,4408.0,4408.7001953125,122
2026-03-24T09:30:00,4408.10009765625,4409.89990234375,4406.7998046875,4407.89990234375,204
2026-03-24T09:31:00,4407.7998046875,4411.39990234375,4406.10009765625,4410.5,218
2026-03-24T09:32:00,4411.10009765625,4413.89990234375,4407.2001953125,4411.5,160
2026-03-24T09:33:00,4412.7001953125,4412.7998046875,4407.7998046875,4409.7001953125,69
2026-03-24T09:34:00,4409.5,4413.2998046875,4409.5,4412.60009765625,30
2026-03-24T09:35:00,4412.60009765625,4416.0,4411.2001953125,4413.5,110
2026-03-24T09:36:00,4413.60009765625,4417.0,4411.60009765625,4415.89990234375,134
2026-03-24T09:37:00,4415.39990234375,4417.5,4414.60009765625,4417.5,92
2026-03-24T09:38:00,4417.0,4417.0,4413.0,4413.2998046875,51
2026-03-24T09:39:00,4415.10009765625,4419.10009765625,4415.10009765625,4418.7998046875,31
2026-03-24T09:40:00,4419.39990234375,4422.39990234375,4419.39990234375,4421.2998046875,135
2026-03-24T09:41:00,4421.10009765625,4422.7998046875,4419.5,4419.5,77
2026-03-24T09:42:00,4419.2998046875,4419.2998046875,4417.5,4418.60009765625,67
2026-03-24T09:43:00,4418.10009765625,4419.0,4416.39990234375,4418.7001953125,100
2026-03-24T09:44:00,4418.89990234375,4419.89990234375,4417.39990234375,4417.7001953125,45
2026-03-24T09:45:00,4417.5,4421.0,4417.39990234375,4421.0,36
2026-03-24T09:46:00,4420.5,4422.60009765625,4416.7998046875,4417.10009765625,99
2026-03-24T09:47:00,4418.0,4420.0,4417.5,4419.5,40
2026-03-24T09:48:00,4419.2001953125,4419.5,4416.7001953125,4418.10009765625,48
2026-03-24T09:49:00,4418.0,4418.5,4416.10009765625,4418.5,141
2026-03-24T09:50:00,4418.89990234375,4418.89990234375,4415.39990234375,4416.39990234375,132
2026-03-24T09:51:00,4416.7998046875,4417.60009765625,4415.39990234375,4416.39990234375,77
2026-03-24T09:52:00,4416.7998046875,4416.7998046875,4413.60009765625,4415.2001953125,113
2026-03-24T09:53:00,4415.2001953125,4417.60009765625,4414.2001953125,4416.7998046875,124
2026-03-24T09:54:00,4416.7001953125,4419.7001953125,4416.10009765625,4418.7998046875,173
2026-03-24T09:55:00,4419.10009765625,4422.60009765625,4418.39990234375,4421.0,218
2026-03-24T09:56:00,4421.2998046875,4427.2001953125,4421.2998046875,4427.2001953125,120
2026-03-24T09:57:00,4426.7998046875,4427.7998046875,4426.0,4426.7998046875,104
2026-03-24T09:58:00,4427.10009765625,4431.7998046875,4426.7998046875,4430.7001953125,209
2026-03-24T09:59:00,4430.7998046875,4432.2001953125,4427.60009765625,4427.7001953125,193
2026-03-24T10:00:00,4428.0,4430.7001953125,4426.89990234375,4428.7001953125,240
2026-03-24T10:01:00,4428.60009765625,4428.89990234375,4423.89990234375,4424.7998046875,354
2026-03-24T10:02:00,4424.2998046875,4425.2998046875,4417.0,4418.89990234375,226
2026-03-24T10:03:00,4418.89990234375,4421.7001953125,4418.5,4421.7001953125,279
2026-03-24T10:04:00,4421.7998046875,4426.0,4420.89990234375,4423.39990234375,192
2026-03-24T10:05:00,4422.7998046875,4423.0,4420.0,4422.39990234375,115
2026-03-24T10:06:00,4422.7001953125,4424.7998046875,4422.2998046875,4423.89990234375,43
2026-03-24T10:07:00,4424.2001953125,4426.0,4421.7998046875,4426.0,61
2026-03-24T10:08:00,4426.60009765625,4428.2998046875,4425.2001953125,4425.60009765625,151
2026-03-24T10:09:00,4425.60009765625,4430.2998046875,4425.60009765625,4429.89990234375,96
2026-03-24T10:10:00,4430.0,4432.7998046875,4430.0,4431.10009765625,116
2026-03-24T10:11:00,4430.2998046875,4431.2001953125,4427.2001953125,4428.7998046875,142
2026-03-24T10:12:00,4429.0,4429.60009765625,4426.2998046875,4428.0,110
2026-03-24T10:13:00,4427.7001953125,4429.7001953125,4426.39990234375,4426.39990234375,133
2026-03-24T10:14:00,4426.39990234375,4428.89990234375,4425.0,4428.2001953125,76
2026-03-24T10:15:00,4428.2001953125,4431.39990234375,4427.39990234375,4430.5,180
2026-03-24T10:16:00,4430.2998046875,4434.2998046875,4429.7001953125,4433.7001953125,93
2026-03-24T10:17:00,4433.2998046875,4434.39990234375,4432.39990234375,4433.7998046875,109
2026-03-24T10:18:00,4433.89990234375,4435.10009765625,4432.2001953125,4433.39990234375,137
2026-03-24T10:19:00,4433.39990234375,4433.5,4430.7001953125,4431.2001953125,85
2026-03-24T10:20:00,4430.7001953125,4433.2998046875,4428.39990234375,4432.2998046875,109
2026-03-24T10:21:00,4432.2001953125,4433.0,4427.0,4429.5,121
2026-03-24T10:22:00,4428.2001953125,4431.5,4426.5,4430.39990234375,163
2026-03-24T10:23:00,4430.39990234375,4431.2998046875,4427.60009765625,4431.2998046875,63
2026-03-24T10:24:00,4430.89990234375,4430.89990234375,4424.89990234375,4427.2998046875,237
2026-03-24T10:25:00,4427.10009765625,4428.7001953125,4426.0,4426.7001953125,99
2026-03-24T10:26:00,4426.2001953125,4427.5,4424.39990234375,4426.2001953125,71
2026-03-24T10:27:00,4426.39990234375,4426.5,4423.5,4424.5,67
2026-03-24T10:28:00,4424.5,4425.2001953125,4422.2001953125,4425.0,136
2026-03-24T10:29:00,4425.39990234375,4425.5,4422.2001953125,4423.60009765625,64
2026-03-24T10:30:00,4423.10009765625,4423.10009765625,4419.10009765625,4420.10009765625,177
2026-03-24T10:31:00,4420.0,4422.89990234375,4418.5,4418.5,159
2026-03-24T10:32:00,4419.2998046875,4422.0,4419.2998046875,4421.2001953125,148
2026-03-24T10:33:00,4421.0,4421.0,4418.39990234375,4420.60009765625,123
2026-03-24T10:34:00,4420.5,4421.10009765625,4415.7998046875,4417.2998046875,105
2026-03-24T10:35:00,4417.89990234375,4418.7998046875,4415.2001953125,4418.2001953125,67
2026-03-24T10:36:00,4417.7998046875,4422.0,4417.39990234375,4420.39990234375,102
2026-03-24T10:37:00,4420.2998046875,4424.60009765625,4419.7001953125,4424.39990234375,139
2026-03-24T10:38:00,4424.5,4425.0,4422.2998046875,4423.5,91
2026-03-24T10:39:00,4424.0,4426.5,4423.39990234375,4425.2998046875,192
2026-03-24T10:40:00,4425.60009765625,4426.0,4423.7001953125,4423.89990234375,53
2026-03-24T10:41:00,4424.0,4425.7001953125,4423.10009765625,4423.2998046875,43
2026-03-24T10:42:00,4423.10009765625,4424.5,4422.60009765625,4423.39990234375,41
2026-03-24T10:43:00,4424.10009765625,4428.7998046875,4424.0,4426.2001953125,81
2026-03-24T10:44:00,4426.60009765625,4428.89990234375,4426.60009765625,4428.60009765625,76
2026-03-24T10:45:00,4428.60009765625,4428.7998046875,4426.0,4428.60009765625,24
2026-03-24T10:46:00,4428.89990234375,4430.10009765625,4428.39990234375,4428.7001953125,118
2026-03-24T10:47:00,4427.60009765625,4428.2998046875,4425.7998046875,4426.60009765625,108
2026-03-24T10:48:00,4426.39990234375,4427.7998046875,4420.10009765625,4420.39990234375,264
2026-03-24T10:49:00,4420.39990234375,4422.89990234375,4419.60009765625,4420.2998046875,48
2026-03-24T10:50:00,4420.89990234375,4423.39990234375,4420.5,4423.39990234375,48
2026-03-24T10:51:00,4424.39990234375,4430.2001953125,4423.7001953125,4430.2001953125,74
2026-03-24T10:52:00,4430.2998046875,4431.2001953125,4426.7998046875,4428.10009765625,101
2026-03-24T10:53:00,4430.2001953125,4433.39990234375,4430.2001953125,4433.0,105
2026-03-24T10:54:00,4432.7001953125,4433.0,4429.7998046875,4429.7998046875,56
2026-03-24T10:55:00,4429.7001953125,4436.2001953125,4426.89990234375,4436.0,166
2026-03-24T10:56:00,4435.7001953125,4437.89990234375,4434.5,4435.0,154
2026-03-24T10:57:00,4434.5,4441.89990234375,4434.5,4441.0,294
2026-03-24T10:58:00,4440.89990234375,4442.89990234375,4438.60009765625,4438.60009765625,244
2026-03-24T10:59:00,4438.39990234375,4440.0,4437.89990234375,4439.7001953125,115
2026-03-24T11:00:00,4438.89990234375,4442.60009765625,4436.7998046875,4442.60009765625,62
2026-03-24T11:01:00,4443.0,4443.2001953125,4372.39990234375,4392.5,2823
2026-03-24T11:02:00,4391.2998046875,4410.7001953125,4387.39990234375,4404.2001953125,799
2026-03-24T11:03:00,4404.5,4415.89990234375,4403.0,4415.2998046875,481
2026-03-24T11:04:00,4414.7001953125,4415.60009765625,4398.60009765625,4410.89990234375,355
2026-03-24T11:05:00,4410.0,4413.7998046875,4400.89990234375,4401.60009765625,288
2026-03-24T11:06:00,4402.7998046875,4414.10009765625,4401.10009765625,4413.2998046875,259
2026-03-24T11:07:00,4412.60009765625,4416.5,4407.0,4415.10009765625,215
2026-03-24T11:08:00,4415.60009765625,4420.0,4413.2001953125,4413.2001953125,197
2026-03-24T11:09:00,4413.7001953125,4415.7998046875,4410.0,4414.5,154
2026-03-24T11:10:00,4413.7001953125,4419.10009765625,4412.7998046875,4414.0,207
2026-03-24T11:11:00,4414.60009765625,4416.5,4407.60009765625,4412.5,152
2026-03-24T11:12:00,4413.2001953125,4418.39990234375,4408.89990234375,4418.39990234375,149
2026-03-24T11:13:00,4417.7998046875,4422.10009765625,4416.0,4419.2998046875,180
2026-03-24T11:14:00,4419.7001953125,4421.7001953125,4416.39990234375,4421.7001953125,233
2026-03-24T11:15:00,4419.7998046875,4421.0,4416.2001953125,4417.10009765625,143
2026-03-24T11:16:00,4417.0,4417.39990234375,4412.2998046875,4412.2998046875,136
2026-03-24T11:17:00,4412.60009765625,4415.89990234375,4410.0,4412.2001953125,136
2026-03-24T11:18:00,4411.89990234375,4412.89990234375,4404.2001953125,4405.89990234375,447
2026-03-24T11:19:00,4405.0,4416.10009765625,4404.60009765625,4416.0,181
2026-03-24T11:20:00,4417.39990234375,4418.7001953125,4414.89990234375,4415.2001953125,101
2026-03-24T11:21:00,4415.10009765625,4418.0,4413.7998046875,4417.10009765625,81
2026-03-24T11:22:00,4417.2001953125,4421.60009765625,4416.2998046875,4417.0,163
2026-03-24T11:23:00,4417.0,4418.0,4414.60009765625,4414.60009765625,65
2026-03-24T11:24:00,4414.5,4417.2001953125,4413.0,4416.60009765625,79
2026-03-24T11:25:00,4416.2001953125,4416.2001953125,4411.39990234375,4411.7998046875,85
2026-03-24T11:26:00,4411.0,4412.60009765625,4410.0,4412.60009765625,83
2026-03-24T11:27:00,4412.10009765625,4412.7998046875,4408.60009765625,4411.89990234375,109
2026-03-24T11:28:00,4412.7998046875,4414.10009765625,4411.0,4413.5,109
2026-03-24T11:29:00,4413.10009765625,4416.0,4412.7998046875,4414.39990234375,78
2026-03-24T11:30:00,4413.2998046875,4415.10009765625,4412.39990234375,4413.10009765625,83
2026-03-24T11:31:00,4412.89990234375,4416.10009765625,4412.0,4416.10009765625,94
2026-03-24T11:32:00,4415.7998046875,4423.0,4415.39990234375,4422.2001953125,324
2026-03-24T11:33:00,4421.7998046875,4426.7001953125,4421.39990234375,4425.89990234375,230
2026-03-24T11:34:00,4425.0,4428.0,4422.7998046875,4428.0,108
2026-03-24T11:35:00,4429.0,4429.2998046875,4424.2998046875,4425.0,200
2026-03-24T11:36:00,4424.7998046875,4425.39990234375,4423.39990234375,4424.60009765625,59
2026-03-24T11:37:00,4424.10009765625,4431.7001953125,4423.7998046875,4429.7001953125,150
2026-03-24T11:38:00,4429.7998046875,4432.2001953125,4426.5,4427.7001953125,185
2026-03-24T11:39:00,4428.39990234375,4430.0,4425.10009765625,4425.89990234375,180
2026-03-24T11:40:00,4425.39990234375,4427.39990234375,4424.39990234375,4424.7001953125,86
2026-03-24T11:41:00,4424.10009765625,4426.0,4421.7998046875,4424.10009765625,157
2026-03-24T11:42:00,4424.2001953125,4425.89990234375,4422.0,4425.0,75
2026-03-24T11:43:00,4424.39990234375,4424.5,4422.5,4422.5,140
2026-03-24T11:44:00,4422.10009765625,4425.10009765625,4421.7001953125,4422.7998046875,181
2026-03-24T11:45:00,4422.89990234375,4423.39990234375,4419.10009765625,4421.89990234375,182
2026-03-24T11:46:00,4421.5,4424.2001953125,4421.0,4422.2001953125,67
2026-03-24T11:47:00,4421.5,4425.5,4421.5,4425.2001953125,56
2026-03-24T11:48:00,4425.2998046875,4428.39990234375,4424.60009765625,4425.39990234375,100
2026-03-24T11:49:00,4425.2998046875,4427.5,4424.39990234375,4425.10009765625,60
2026-03-24T11:50:00,4424.89990234375,4424.89990234375,4420.89990234375,4423.89990234375,86
2026-03-24T11:51:00,4424.10009765625,4424.10009765625,4416.7001953125,4417.7998046875,98
2026-03-24T11:52:00,4417.39990234375,4417.39990234375,4405.5,4405.5,448
2026-03-24T11:53:00,4404.7998046875,4406.2998046875,4391.0,4391.7001953125,644
2026-03-24T11:54:00,4392.2001953125,4402.60009765625,4390.89990234375,4401.2998046875,302
2026-03-24T11:55:00,4401.10009765625,4405.5,4398.10009765625,4400.7998046875,564
2026-03-24T11:56:00,4400.7998046875,4403.2001953125,4399.2998046875,4402.2001953125,131
2026-03-24T11:57:00,4403.2001953125,4405.5,4399.89990234375,4403.2001953125,239
2026-03-24T11:58:00,4403.7001953125,4409.39990234375,4403.0,4408.0,166
2026-03-24T11:59:00,4407.7001953125,4409.5,4406.10009765625,4408.0,199
2026-03-24T12:00:00,4408.2001953125,4417.39990234375,4408.2001953125,4414.5,532
2026-03-24T12:01:00,4414.60009765625,4416.89990234375,4408.7001953125,4408.7001953125,222
2026-03-24T12:02:00,4408.2001953125,4412.89990234375,4405.2998046875,4412.10009765625,173
2026-03-24T12:03:00,4411.7001953125,4413.2998046875,4411.0,4412.7001953125,95
2026-03-24T12:04:00,4410.89990234375,4412.7001953125,4406.39990234375,4407.7001953125,117
2026-03-24T12:05:00,4406.5,4408.7001953125,4405.2998046875,4408.7001953125,109
2026-03-24T12:06:00,4408.7998046875,4413.10009765625,4405.0,4412.0,166
2026-03-24T12:07:00,4411.2001953125,4413.39990234375,4408.5,4409.2998046875,142
2026-03-24T12:08:00,4408.89990234375,4411.39990234375,4407.7001953125,4410.10009765625,100
2026-03-24T12:09:00,4411.0,4413.2001953125,4410.0,4413.2001953125,75
2026-03-24T12:10:00,4412.39990234375,4414.10009765625,4411.7001953125,4412.5,39
2026-03-24T12:11:00,4411.60009765625,4413.39990234375,4408.7998046875,4412.2001953125,67
2026-03-24T12:12:00,4413.10009765625,4418.7998046875,4412.39990234375,4416.5,97
2026-03-24T12:13:00,4417.2998046875,4422.89990234375,4417.2998046875,4420.7998046875,171
2026-03-24T12:14:00,4420.39990234375,4421.7998046875,4420.10009765625,4420.5,77
2026-03-24T12:15:00,4420.7001953125,4426.5,4418.39990234375,4425.60009765625,206
2026-03-24T12:16:00,4426.0,4426.0,4421.39990234375,4422.0,136
2026-03-24T12:17:00,4421.89990234375,4423.7001953125,4419.60009765625,4423.60009765625,175
2026-03-24T12:18:00,4423.7001953125,4424.39990234375,4420.39990234375,4424.0,95
2026-03-24T12:19:00,4423.60009765625,4427.60009765625,4423.5,4425.10009765625,141
2026-03-24T12:20:00,4425.0,4425.39990234375,4419.60009765625,4420.5,243
2026-03-24T12:21:00,4420.0,4420.0,4413.5,4414.89990234375,269
2026-03-24T12:22:00,4414.10009765625,4414.60009765625,4403.5,4403.60009765625,360
2026-03-24T12:23:00,4403.7001953125,4407.39990234375,4398.7998046875,4407.39990234375,348
2026-03-24T12:24:00,4408.39990234375,4408.39990234375,4401.0,4401.7998046875,274
2026-03-24T12:25:00,4401.0,4401.7998046875,4396.2998046875,4400.5,234
2026-03-24T12:26:00,4400.89990234375,4404.39990234375,4399.2001953125,4403.5,155
2026-03-24T12:27:00,4404.5,4409.5,4402.89990234375,4403.0,360
2026-03-24T12:28:00,4401.5,4407.7001953125,4401.5,4405.2001953125,96
2026-03-24T12:29:00,4404.7001953125,4404.7001953125,4398.89990234375,4402.5,348
2026-03-24T12:30:00,4402.39990234375,4407.0,4398.89990234375,4407.0,375
2026-03-24T12:31:00,4406.5,4406.5,4398.2998046875,4400.5,204
2026-03-24T12:32:00,4401.7001953125,4402.5,4394.89990234375,4395.60009765625,290
2026-03-24T12:33:00,4396.2998046875,4396.2998046875,4378.2998046875,4378.2998046875,958
2026-03-24T12:34:00,4378.7998046875,4383.2998046875,4373.89990234375,4383.2998046875,703
2026-03-24T12:35:00,4383.7998046875,4389.2001953125,4383.39990234375,4388.60009765625,271
2026-03-24T12:36:00,4388.89990234375,4389.7001953125,4384.7998046875,4386.7998046875,128
2026-03-24T12:37:00,4385.89990234375,4386.5,4371.2998046875,4377.2998046875,752
2026-03-24T12:38:00,4375.7998046875,4380.0,4374.7998046875,4375.39990234375,415
2026-03-24T12:39:00,4375.60009765625,4375.7998046875,4362.7998046875,4365.60009765625,588
2026-03-24T12:40:00,4365.10009765625,4371.7001953125,4361.7001953125,4368.7998046875,556
2026-03-24T12:41:00,4369.60009765625,4374.39990234375,4368.5,4371.2998046875,234
2026-03-24T12:42:00,4371.39990234375,4374.39990234375,4370.2001953125,4371.60009765625,153
2026-03-24T12:43:00,4371.7001953125,4376.2001953125,4371.0,4376.0,185
2026-03-24T12:44:00,4374.5,4374.89990234375,4367.2001953125,4368.89990234375,252
2026-03-24T12:45:00,4369.39990234375,4378.7001953125,4369.2998046875,4375.10009765625,155
2026-03-24T12:46:00,4375.39990234375,4381.2001953125,4375.10009765625,4377.2001953125,231
2026-03-24T12:47:00,4376.60009765625,4386.89990234375,4376.60009765625,4386.39990234375,359
2026-03-24T12:48:00,4386.2998046875,4387.7001953125,4379.39990234375,4379.5,296
2026-03-24T12:49:00,4379.2998046875,4383.7998046875,4379.2001953125,4383.5,145
2026-03-24T12:50:00,4383.10009765625,4387.2001953125,4383.10009765625,4383.7001953125,118
2026-03-24T12:51:00,4383.2998046875,4387.2001953125,4377.0,4378.2998046875,372
2026-03-24T12:52:00,4378.60009765625,4390.39990234375,4378.10009765625,4390.39990234375,268
2026-03-24T12:53:00,4390.7998046875,4390.7998046875,4381.89990234375,4383.7001953125,356
2026-03-24T12:54:00,4383.2001953125,4384.7998046875,4380.0,4383.60009765625,173
2026-03-24T12:55:00,4383.89990234375,4389.0,4383.7001953125,4385.2998046875,289
2026-03-24T12:56:00,4384.2001953125,4385.60009765625,4380.2001953125,4381.7001953125,95
2026-03-24T12:57:00,4380.60009765625,4384.10009765625,4380.60009765625,4383.2998046875,233
2026-03-24T12:58:00,4383.10009765625,4383.2001953125,4379.0,4381.7001953125,132
2026-03-24T12:59:00,4381.0,4383.0,4378.10009765625,4378.7001953125,281
2026-03-24T13:00:00,4379.0,4380.60009765625,4371.2998046875,4373.0,674
2026-03-24T13:01:00,4372.7001953125,4378.0,4370.39990234375,4377.0,353
2026-03-24T13:02:00,4376.7001953125,4386.39990234375,4376.0,4385.2001953125,393
2026-03-24T13:03:00,4385.10009765625,4390.7001953125,4381.7998046875,4385.89990234375,326
2026-03-24T13:04:00,4386.10009765625,4388.89990234375,4382.2998046875,4383.0,90
2026-03-24T13:05:00,4382.5,4385.7998046875,4382.10009765625,4382.89990234375,102
2026-03-24T13:06:00,4383.7998046875,4385.0,4379.0,4379.0,123
2026-03-24T13:07:00,4378.2998046875,4382.7998046875,4369.0,4379.39990234375,484
2026-03-24T13:08:00,4379.89990234375,4380.89990234375,4371.5,4372.0,164
2026-03-24T13:09:00,4371.5,4374.39990234375,4364.0,4370.7998046875,465
2026-03-24T13:10:00,4368.39990234375,4369.89990234375,4364.7998046875,4368.2001953125,450
2026-03-24T13:11:00,4368.39990234375,4377.5,4368.39990234375,4376.7001953125,336
2026-03-24T13:12:00,4376.89990234375,4380.60009765625,4375.2001953125,4375.2001953125,233
2026-03-24T13:13:00,4375.2001953125,4382.7001953125,4375.2001953125,4381.0,183
2026-03-24T13:14:00,4380.89990234375,4381.2001953125,4375.5,4378.39990234375,141
2026-03-24T13:15:00,4378.7001953125,4383.0,4378.60009765625,4381.2001953125,303
2026-03-24T13:16:00,4380.89990234375,4384.89990234375,4379.7998046875,4380.2998046875,114
2026-03-24T13:17:00,4380.5,4381.60009765625,4375.7998046875,4380.0,108
2026-03-24T13:18:00,4378.89990234375,4380.5,4373.10009765625,4373.60009765625,172
2026-03-24T13:19:00,4374.89990234375,4375.7998046875,4370.2998046875,4373.0,258
2026-03-24T13:20:00,4373.10009765625,4376.5,4371.2998046875,4374.2998046875,230
2026-03-24T13:21:00,4373.7001953125,4378.2001953125,4371.2998046875,4373.7001953125,170
2026-03-24T13:22:00,4373.89990234375,4380.0,4371.39990234375,4375.39990234375,139
2026-03-24T13:23:00,4375.2998046875,4377.7001953125,4374.39990234375,4376.60009765625,96
2026-03-24T13:24:00,4377.0,4377.0,4371.39990234375,4373.2001953125,190
2026-03-24T13:25:00,4372.5,4380.10009765625,4372.5,4378.60009765625,428
2026-03-24T13:26:00,4379.0,4379.0,4373.39990234375,4378.39990234375,378
2026-03-24T13:27:00,4378.7998046875,4379.89990234375,4373.7998046875,4376.7998046875,284
2026-03-24T13:28:00,4375.7001953125,4377.0,4371.0,4374.60009765625,382
2026-03-24T13:29:00,4375.0,4375.10009765625,4354.60009765625,4357.60009765625,1338
2026-03-24T13:30:00,4356.2998046875,4371.5,4355.7998046875,4360.7001953125,555
2026-03-24T13:31:00,4360.7998046875,4370.5,4359.5,4369.7998046875,610
2026-03-24T13:32:00,4369.7001953125,4370.0,4362.0,4363.89990234375,275
2026-03-24T13:33:00,4363.7001953125,4368.7998046875,4358.39990234375,4360.89990234375,510
2026-03-24T13:34:00,4359.89990234375,4364.5,4353.0,4359.89990234375,314
2026-03-24T13:35:00,4360.60009765625,4364.7998046875,4354.5,4355.60009765625,311
2026-03-24T13:36:00,4355.60009765625,4358.2998046875,4353.39990234375,4357.10009765625,251
2026-03-24T13:37:00,4358.2001953125,4362.0,4356.5,4357.2001953125,343
2026-03-24T13:38:00,4359.5,4363.0,4353.7001953125,4360.0,270
2026-03-24T13:39:00,4359.60009765625,4360.2998046875,4352.0,4355.7001953125,371
2026-03-24T13:40:00,4355.39990234375,4358.39990234375,4350.7998046875,4355.7998046875,393
2026-03-24T13:41:00,4356.0,4361.60009765625,4350.39990234375,4354.39990234375,721
2026-03-24T13:42:00,4355.10009765625,4362.39990234375,4353.2001953125,4360.7998046875,321
2026-03-24T13:43:00,4360.0,4360.7998046875,4353.7998046875,4355.2001953125,732
2026-03-24T13:44:00,4355.2001953125,4359.10009765625,4354.89990234375,4356.7001953125,124
2026-03-24T13:45:00,4357.5,4362.5,4350.5,4358.7001953125,294
2026-03-24T13:46:00,4357.5,4358.89990234375,4353.5,4354.10009765625,205
2026-03-24T13:47:00,4353.7998046875,4365.7001953125,4352.89990234375,4364.7001953125,487
2026-03-24T13:48:00,4365.0,4365.10009765625,4358.2001953125,4362.0,446
2026-03-24T13:49:00,4362.5,4365.0,4354.0,4354.60009765625,316
2026-03-24T13:50:00,4354.60009765625,4361.7998046875,4353.2998046875,4353.2998046875,195
2026-03-24T13:51:00,4353.89990234375,4358.2998046875,4353.60009765625,4357.89990234375,299
2026-03-24T13:52:00,4356.60009765625,4367.7998046875,4355.7998046875,4366.7998046875,313
2026-03-24T13:53:00,4367.39990234375,4379.0,4366.10009765625,4377.5,607
2026-03-24T13:54:00,4376.39990234375,4377.2001953125,4365.0,4367.2001953125,232
2026-03-24T13:55:00,4367.5,4372.39990234375,4367.5,4372.39990234375,431
2026-03-24T13:56:00,4372.7998046875,4376.89990234375,4370.39990234375,4376.60009765625,158
2026-03-24T13:57:00,4377.10009765625,4383.39990234375,4377.0,4378.0,332
2026-03-24T13:58:00,4378.89990234375,4378.89990234375,4372.60009765625,4377.5,454
2026-03-24T13:59:00,4377.2001953125,4382.5,4374.10009765625,4382.5,126
2026-03-24T14:00:00,4381.0,4387.10009765625,4380.39990234375,4386.89990234375,317
2026-03-24T14:01:00,4387.5,4392.10009765625,4384.60009765625,4384.60009765625,484
2026-03-24T14:02:00,4384.7001953125,4391.7001953125,4382.89990234375,4389.89990234375,234
2026-03-24T14:03:00,4391.10009765625,4396.39990234375,4389.7998046875,4394.5,386
2026-03-24T14:04:00,4394.89990234375,4396.60009765625,4393.0,4396.60009765625,268
2026-03-24T14:05:00,4397.0,4397.5,4387.39990234375,4388.10009765625,168
2026-03-24T14:06:00,4387.89990234375,4390.2998046875,4386.60009765625,4387.89990234375,188
2026-03-24T14:07:00,4387.5,4396.7001953125,4387.2001953125,4396.7001953125,236
2026-03-24T14:08:00,4396.60009765625,4396.60009765625,4390.39990234375,4394.39990234375,141
2026-03-24T14:09:00,4395.60009765625,4397.60009765625,4393.2001953125,4397.60009765625,135
2026-03-24T14:10:00,4397.7001953125,4404.89990234375,4396.5,4404.89990234375,627
2026-03-24T14:11:00,4404.7998046875,4405.0,4399.2001953125,4399.2998046875,633
2026-03-24T14:12:00,4399.7998046875,4400.89990234375,4392.10009765625,4392.7998046875,380
2026-03-24T14:13:00,4392.7001953125,4392.7998046875,4384.60009765625,4388.60009765625,481
2026-03-24T14:14:00,4389.2001953125,4397.5,4386.7998046875,4395.0,223
2026-03-24T14:15:00,4395.5,4397.2998046875,4388.7001953125,4390.60009765625,204
2026-03-24T14:16:00,4390.7998046875,4394.0,4389.2998046875,4390.39990234375,164
2026-03-24T14:17:00,4391.0,4395.5,4389.2998046875,4395.0,117
2026-03-24T14:18:00,4394.5,4395.2001953125,4390.7998046875,4395.2001953125,108
2026-03-24T14:19:00,4395.5,4401.2001953125,4395.5,4399.0,253
2026-03-24T14:20:00,4399.10009765625,4403.39990234375,4399.10009765625,4399.5,441
2026-03-24T14:21:00,4399.5,4400.60009765625,4397.5,4400.10009765625,199
2026-03-24T14:22:00,4400.7001953125,4407.2998046875,4399.7998046875,4399.7998046875,350
2026-03-24T14:23:00,4401.2998046875,4404.60009765625,4400.5,4402.60009765625,186
2026-03-24T14:24:00,4403.2998046875,4409.0,4402.89990234375,4407.7998046875,128
2026-03-24T14:25:00,4407.60009765625,4407.89990234375,4402.39990234375,4404.7001953125,249
2026-03-24T14:26:00,4404.60009765625,4413.89990234375,4404.2998046875,4409.39990234375,206
2026-03-24T14:27:00,4409.2998046875,4415.39990234375,4406.2001953125,4414.2998046875,213
2026-03-24T14:28:00,4414.0,4414.7001953125,4409.2001953125,4409.2998046875,157
2026-03-24T14:29:00,4409.2998046875,4410.2998046875,4407.5,4409.7998046875,339
2026-03-24T14:30:00,4409.0,4410.7998046875,4405.5,4407.10009765625,262
2026-03-24T14:31:00,4406.7998046875,4410.0,4403.89990234375,4405.0,200
2026-03-24T14:32:00,4404.89990234375,4406.5,4400.2998046875,4404.2998046875,90
2026-03-24T14:33:00,4404.7001953125,4416.0,4404.60009765625,4412.7001953125,333
2026-03-24T14:34:00,4413.2001953125,4417.2001953125,4411.5,4415.7998046875,168
2026-03-24T14:35:00,4416.2998046875,4418.0,4413.60009765625,4416.7998046875,138
2026-03-24T14:36:00,4415.10009765625,4415.10009765625,4406.39990234375,4406.39990234375,211
2026-03-24T14:37:00,4406.60009765625,4409.2001953125,4405.2001953125,4406.10009765625,152
2026-03-24T14:38:00,4406.2001953125,4411.2998046875,4405.10009765625,4411.10009765625,461
2026-03-24T14:39:00,4410.89990234375,4410.89990234375,4406.89990234375,4408.2001953125,140
2026-03-24T14:40:00,4407.7998046875,4415.0,4407.2998046875,4414.2001953125,222
2026-03-24T14:41:00,4414.0,4419.39990234375,4412.0,4417.7001953125,155
2026-03-24T14:42:00,4416.5,4421.2998046875,4415.39990234375,4420.2001953125,254
2026-03-24T14:43:00,4419.7001953125,4420.39990234375,4414.0,4414.2998046875,151
2026-03-24T14:44:00,4413.7998046875,4415.5,4411.39990234375,4412.7998046875,183
2026-03-24T14:45:00,4413.10009765625,4414.7998046875,4408.7001953125,4409.10009765625,673
2026-03-24T14:46:00,4409.39990234375,4421.39990234375,4409.39990234375,4419.2998046875,396
2026-03-24T14:47:00,4419.7001953125,4420.2998046875,4415.2998046875,4417.7001953125,164
2026-03-24T14:48:00,4418.2998046875,4420.0,4413.39990234375,4413.60009765625,316
2026-03-24T14:49:00,4413.10009765625,4414.5,4404.0,4404.7001953125,265
2026-03-24T14:50:00,4405.39990234375,4406.10009765625,4401.10009765625,4402.7001953125,324
2026-03-24T14:51:00,4403.10009765625,4419.2998046875,4401.89990234375,4419.10009765625,277
2026-03-24T14:52:00,4420.0,4434.89990234375,4417.2998046875,4424.2001953125,988
2026-03-24T14:53:00,4424.7001953125,4432.5,4419.7998046875,4432.5,324
2026-03-24T14:54:00,4431.7001953125,4435.0,4425.60009765625,4426.10009765625,627
2026-03-24T14:55:00,4426.2001953125,4426.7998046875,4415.0,4422.7998046875,453
2026-03-24T14:56:00,4422.10009765625,4430.0,4420.0,4425.0,292
2026-03-24T14:57:00,4424.7998046875,4424.7998046875,4419.7998046875,4420.60009765625,125
2026-03-24T14:58:00,4419.60009765625,4420.39990234375,4414.39990234375,4416.7001953125,248
2026-03-24T14:59:00,4416.2998046875,4417.2998046875,4405.89990234375,4416.2998046875,387
2026-03-24T15:00:00,4415.7998046875,4421.10009765625,4409.2998046875,4411.0,670
2026-03-24T15:01:00,4411.2001953125,4415.10009765625,4409.2998046875,4412.0,517
2026-03-24T15:02:00,4410.39990234375,4412.10009765625,4404.10009765625,4410.10009765625,423
2026-03-24T15:03:00,4410.0,4415.5,4409.39990234375,4414.5,438
2026-03-24T15:04:00,4413.5,4413.7998046875,4406.0,4412.2001953125,367
2026-03-24T15:05:00,4411.39990234375,4414.89990234375,4408.60009765625,4411.7001953125,273
2026-03-24T15:06:00,4412.89990234375,4415.0,4407.2998046875,4409.2998046875,152
2026-03-24T15:07:00,4410.89990234375,4413.89990234375,4405.7998046875,4409.60009765625,539
2026-03-24T15:08:00,4408.7001953125,4412.5,4404.60009765625,4407.5,253
2026-03-24T15:09:00,4407.5,4407.5,4401.7998046875,4403.0,134
2026-03-24T15:10:00,4403.0,4406.5,4396.5,4402.2998046875,393
2026-03-24T15:11:00,4402.89990234375,4410.60009765625,4402.2001953125,4409.10009765625,203
2026-03-24T15:12:00,4409.10009765625,4412.0,4407.2998046875,4407.89990234375,82
2026-03-24T15:13:00,4406.2998046875,4410.0,4405.7001953125,4408.60009765625,150
2026-03-24T15:14:00,4408.7001953125,4414.39990234375,4406.7998046875,4412.5,403
2026-03-24T15:15:00,4412.0,4416.39990234375,4411.2001953125,4415.2001953125,335
2026-03-24T15:16:00,4414.89990234375,4416.0,4412.60009765625,4415.2998046875,167
2026-03-24T15:17:00,4415.0,4415.0,4406.60009765625,4407.5,183
2026-03-24T15:18:00,4408.10009765625,4414.0,4408.10009765625,4410.5,86
2026-03-24T15:19:00,4411.0,4412.39990234375,4409.7998046875,4409.7998046875,122
2026-03-24T15:20:00,4409.5,4409.5,4404.39990234375,4407.60009765625,132
2026-03-24T15:21:00,4407.10009765625,4409.39990234375,4403.5,4405.7998046875,253
2026-03-24T15:22:00,4405.89990234375,4409.7001953125,4405.89990234375,4409.2998046875,97
2026-03-24T15:23:00,4409.2998046875,4412.39990234375,4409.2998046875,4411.5,210
2026-03-24T15:24:00,4411.5,4416.2998046875,4411.5,4415.10009765625,392
2026-03-24T15:25:00,4415.89990234375,4420.2001953125,4412.89990234375,4420.2001953125,275
2026-03-24T15:26:00,4420.2998046875,4421.2001953125,4414.89990234375,4415.0,641
2026-03-24T15:27:00,4414.7998046875,4416.0,4413.60009765625,4415.5,179
2026-03-24T15:28:00,4415.7001953125,4417.39990234375,4413.89990234375,4416.10009765625,123
2026-03-24T15:29:00,4416.39990234375,4416.39990234375,4412.5,4413.7998046875,103
2026-03-24T15:30:00,4414.10009765625,4418.7998046875,4414.10009765625,4417.10009765625,135
2026-03-24T15:31:00,4416.7001953125,4420.0,4415.0,4415.2998046875,123
2026-03-24T15:32:00,4414.60009765625,4416.7001953125,4413.5,4416.10009765625,122
2026-03-24T15:33:00,4415.89990234375,4416.7998046875,4411.10009765625,4411.10009765625,193
2026-03-24T15:34:00,4411.60009765625,4417.2998046875,4411.10009765625,4417.2998046875,159
2026-03-24T15:35:00,4416.89990234375,4419.60009765625,4415.7001953125,4416.5,104
2026-03-24T15:36:00,4417.2001953125,4421.39990234375,4416.7001953125,4419.5,103
2026-03-24T15:37:00,4419.2998046875,4424.60009765625,4418.0,4424.60009765625,133
2026-03-24T15:38:00,4424.10009765625,4425.39990234375,4420.0,4424.7001953125,221
2026-03-24T15:39:00,4425.10009765625,4429.0,4424.0,4424.10009765625,224
2026-03-24T15:40:00,4424.10009765625,4430.0,4423.10009765625,4429.10009765625,269
2026-03-24T15:41:00,4428.60009765625,4429.2998046875,4426.2001953125,4428.39990234375,139
2026-03-24T15:42:00,4428.39990234375,4429.60009765625,4425.2001953125,4427.2998046875,259
2026-03-24T15:43:00,4427.2998046875,4428.5,4423.2001953125,4423.2001953125,161
2026-03-24T15:44:00,4423.7001953125,4428.2001953125,4423.2998046875,4425.89990234375,194
2026-03-24T15:45:00,4425.5,4426.39990234375,4423.2998046875,4426.39990234375,90
2026-03-24T15:46:00,4426.5,4426.89990234375,4423.5,4424.5,146
2026-03-24T15:47:00,4424.2998046875,4425.39990234375,4421.10009765625,4423.2998046875,131
2026-03-24T15:48:00,4422.7998046875,4427.39990234375,4420.5,4427.39990234375,145
2026-03-24T15:49:00,4427.7001953125,4431.2001953125,4427.5,4430.0,218
2026-03-24T15:50:00,4430.2998046875,4431.2001953125,4425.2998046875,4425.7998046875,119
2026-03-24T15:51:00,4426.0,4427.5,4424.0,4425.89990234375,222
2026-03-24T15:52:00,4424.2001953125,4425.39990234375,4422.5,4424.7001953125,120
2026-03-24T15:53:00,4423.89990234375,4424.39990234375,4421.10009765625,4421.2001953125,161
2026-03-24T15:54:00,4422.2998046875,4423.7001953125,4419.7998046875,4420.2998046875,133
2026-03-24T15:55:00,4420.10009765625,4420.60009765625,4410.2001953125,4414.39990234375,693
2026-03-24T15:56:00,4415.0,4418.7001953125,4410.7001953125,4411.89990234375,321
2026-03-24T15:57:00,4413.0,4417.39990234375,4410.60009765625,4411.2998046875,352
2026-03-24T15:58:00,4411.89990234375,4415.7998046875,4410.5,4414.5,186
2026-03-24T15:59:00,4414.5,4416.2998046875,4412.39990234375,4412.7998046875,275
2026-03-24T16:00:00,4412.39990234375,4414.89990234375,4405.2998046875,4408.10009765625,912
2026-03-24T16:01:00,4407.10009765625,4412.39990234375,4406.39990234375,4411.2001953125,226
2026-03-24T16:02:00,4411.89990234375,4412.5,4408.5,4409.2998046875,88
2026-03-24T16:03:00,4409.5,4412.0,4408.2001953125,4408.5,113
2026-03-24T16:04:00,4409.0,4410.7001953125,4407.5,4407.7001953125,153
2026-03-24T16:05:00,4408.2998046875,4410.10009765625,4406.39990234375,4407.2998046875,124
2026-03-24T16:06:00,4406.7001953125,4408.7001953125,4403.7001953125,4407.10009765625,223
2026-03-24T16:07:00,4407.7001953125,4413.10009765625,4407.7001953125,4410.7001953125,204
2026-03-24T16:08:00,4410.2998046875,4411.2001953125,4407.7001953125,4411.2001953125,129
2026-03-24T16:09:00,4411.60009765625,4414.39990234375,4410.2001953125,4413.7998046875,140
2026-03-24T16:10:00,4413.2998046875,4413.60009765625,4409.0,4411.39990234375,100
2026-03-24T16:11:00,4410.7001953125,4412.2001953125,4410.0,4410.5,120
2026-03-24T16:12:00,4410.89990234375,4413.7998046875,4408.7001953125,4410.89990234375,113
2026-03-24T16:13:00,4411.2001953125,4412.2001953125,4408.60009765625,4412.2001953125,113
2026-03-24T16:14:00,4412.39990234375,4415.7001953125,4410.60009765625,4415.10009765625,135
2026-03-24T16:15:00,4414.7001953125,4416.60009765625,4412.7998046875,4414.2998046875,240
2026-03-24T16:16:00,4413.89990234375,4417.2001953125,4413.5,4416.2998046875,123
2026-03-24T16:17:00,4416.2001953125,4420.89990234375,4416.2001953125,4419.7001953125,440
2026-03-24T16:18:00,4419.2998046875,4422.2001953125,4418.2998046875,4422.2001953125,718
2026-03-24T16:19:00,4422.2998046875,4426.2998046875,4422.0,4425.5,583
2026-03-24T16:20:00,4425.39990234375,4425.39990234375,4422.10009765625,4423.39990234375,223
2026-03-24T16:21:00,4423.60009765625,4423.60009765625,4420.7001953125,4422.2998046875,80
2026-03-24T16:22:00,4422.2998046875,4425.2998046875,4421.0,4424.0,105
2026-03-24T16:23:00,4424.39990234375,4424.5,4421.2001953125,4423.2998046875,47
2026-03-24T16:24:00,4423.60009765625,4425.7998046875,4422.89990234375,4425.39990234375,382
2026-03-24T16:25:00,4424.60009765625,4427.10009765625,4422.0,4422.39990234375,184
2026-03-24T16:26:00,4422.5,4423.5,4420.10009765625,4421.60009765625,104
2026-03-24T16:27:00,4421.10009765625,4424.7998046875,4420.7001953125,4424.7001953125,262
2026-03-24T16:28:00,4425.0,4425.2001953125,4421.7001953125,4424.0,209
2026-03-24T16:29:00,4423.0,4423.7998046875,4421.7998046875,4422.0,38
2026-03-24T16:30:00,4422.10009765625,4425.0,4419.2998046875,4419.2998046875,191
2026-03-24T16:31:00,4419.2998046875,4420.0,4417.60009765625,4419.2998046875,158
2026-03-24T16:32:00,4419.39990234375,4420.0,4417.89990234375,4419.2001953125,214
2026-03-24T16:33:00,4420.10009765625,4420.10009765625,4417.2998046875,4418.39990234375,68
2026-03-24T16:34:00,4417.5,4421.60009765625,4417.5,4420.2998046875,198
2026-03-24T16:35:00,4420.10009765625,4420.2998046875,4412.0,4415.0,448
2026-03-24T16:36:00,4415.0,4415.10009765625,4411.2998046875,4412.2001953125,225
2026-03-24T16:37:00,4412.10009765625,4414.10009765625,4411.2001953125,4411.60009765625,223
2026-03-24T16:38:00,4412.0,4414.7001953125,4412.0,4414.7001953125,97
2026-03-24T16:39:00,4414.60009765625,4414.7001953125,4409.7001953125,4410.7998046875,136
2026-03-24T16:40:00,4410.89990234375,4413.10009765625,4409.60009765625,4410.2001953125,126
2026-03-24T16:41:00,4410.39990234375,4413.0,4410.39990234375,4412.2001953125,235
2026-03-24T16:42:00,4412.7998046875,4418.7001953125,4412.7998046875,4418.2001953125,236
2026-03-24T16:43:00,4418.39990234375,4424.60009765625,4418.0,4424.60009765625,241
2026-03-24T16:44:00,4424.10009765625,4425.39990234375,4422.5,4425.2001953125,136
2026-03-24T16:45:00,4425.5,4428.7998046875,4424.5,4427.89990234375,269
2026-03-24T16:46:00,4428.2998046875,4428.89990234375,4422.89990234375,4423.10009765625,148
2026-03-24T16:47:00,4422.39990234375,4423.7001953125,4420.60009765625,4422.2998046875,179
2026-03-24T16:48:00,4422.39990234375,4422.5,4419.7001953125,4420.10009765625,136
2026-03-24T16:49:00,4420.10009765625,4424.89990234375,4420.0,4424.2998046875,152
2026-03-24T16:50:00,4423.89990234375,4426.89990234375,4423.89990234375,4425.7998046875,78
2026-03-24T16:51:00,4425.7001953125,4426.89990234375,4423.0,4426.2001953125,160
2026-03-24T16:52:00,4426.2001953125,4427.89990234375,4426.2001953125,4427.2998046875,76
2026-03-24T16:53:00,4427.7001953125,4427.7001953125,4423.60009765625,4423.7998046875,81
2026-03-24T16:54:00,4423.39990234375,4424.7001953125,4421.5,4421.5,82
2026-03-24T16:55:00,4421.7998046875,4422.89990234375,4419.5,4420.89990234375,129
2026-03-24T16:56:00,4420.7998046875,4425.2001953125,4420.7998046875,4424.89990234375,83
2026-03-24T16:57:00,4425.2998046875,4425.60009765625,4421.0,4421.0,97
2026-03-24T16:58:00,4420.5,4422.60009765625,4419.7998046875,4421.2998046875,152
2026-03-24T16:59:00,4421.60009765625,4422.7001953125,4421.2998046875,4422.2001953125,172
2026-03-24T17:00:00,4422.2001953125,4427.60009765625,4422.2001953125,4427.39990234375,105
2026-03-24T17:01:00,4427.2001953125,4427.5,4425.0,4425.60009765625,94
2026-03-24T17:02:00,4425.7998046875,4425.7998046875,4417.2001953125,4420.10009765625,228
2026-03-24T17:03:00,4419.7998046875,4419.7998046875,4414.10009765625,4414.10009765625,127
2026-03-24T17:04:00,4415.2998046875,4416.7001953125,4409.10009765625,4409.5,198
2026-03-24T17:05:00,4409.0,4409.0,4393.7001953125,4394.7001953125,1423
2026-03-24T17:06:00,4394.7001953125,4406.89990234375,4394.7001953125,4402.2998046875,458
2026-03-24T17:07:00,4402.7998046875,4409.2998046875,4400.2001953125,4401.7001953125,238
2026-03-24T17:08:00,4402.2001953125,4402.2001953125,4391.0,4394.60009765625,270
2026-03-24T17:09:00,4394.7001953125,4397.10009765625,4391.5,4392.7001953125,236
2026-03-24T17:10:00,4392.7001953125,4395.5,4388.7998046875,4392.5,325
2026-03-24T17:11:00,4392.89990234375,4398.5,4392.89990234375,4397.0,132
2026-03-24T17:12:00,4396.7998046875,4398.0,4391.5,4391.7001953125,79
2026-03-24T17:13:00,4392.0,4398.7998046875,4392.0,4396.7998046875,169
2026-03-24T17:14:00,4397.5,4399.89990234375,4394.7001953125,4398.10009765625,250
2026-03-24T17:15:00,4398.39990234375,4401.7001953125,4396.89990234375,4398.60009765625,206
2026-03-24T17:16:00,4398.89990234375,4399.7001953125,4395.2001953125,4397.7001953125,260
2026-03-24T17:17:00,4397.39990234375,4401.0,4396.7998046875,4399.2998046875,149
2026-03-24T17:18:00,4399.10009765625,4403.2001953125,4399.10009765625,4399.39990234375,224
2026-03-24T17:19:00,4399.89990234375,4402.5,4397.5,4400.5,229
2026-03-24T17:20:00,4400.7001953125,4404.2998046875,4399.0,4403.2998046875,110
2026-03-24T17:21:00,4403.10009765625,4405.2998046875,4400.60009765625,4401.89990234375,322
2026-03-24T17:22:00,4400.2998046875,4403.7998046875,4400.2998046875,4403.7998046875,178
2026-03-24T17:23:00,4404.0,4406.10009765625,4404.0,4404.89990234375,111
2026-03-24T17:24:00,4404.7001953125,4404.7001953125,4401.7998046875,4401.7998046875,116
2026-03-24T17:25:00,4401.7001953125,4404.0,4400.2998046875,4401.2001953125,197
2026-03-24T17:26:00,4402.89990234375,4405.39990234375,4400.10009765625,4400.10009765625,113
2026-03-24T17:27:00,4400.89990234375,4406.7998046875,4400.7998046875,4405.2001953125,163
2026-03-24T17:28:00,4405.2998046875,4407.0,4403.89990234375,4405.60009765625,222
2026-03-24T17:29:00,4405.2998046875,4405.60009765625,4399.5,4401.0,864
2026-03-24T17:30:00,4400.5,4401.0,4395.10009765625,4397.10009765625,426
2026-03-24T17:31:00,4397.7998046875,4398.2998046875,4392.0,4392.10009765625,365
2026-03-24T17:32:00,4391.5,4392.2998046875,4382.89990234375,4382.89990234375,829
2026-03-24T17:33:00,4383.5,4385.5,4382.5,4384.0,241
2026-03-24T17:34:00,4384.60009765625,4387.2001953125,4383.2001953125,4383.89990234375,140
2026-03-24T17:35:00,4384.2001953125,4386.2998046875,4379.10009765625,4380.7998046875,280
2026-03-24T17:36:00,4380.60009765625,4383.0,4375.7998046875,4382.0,233
2026-03-24T17:37:00,4382.7001953125,4385.39990234375,4381.7001953125,4385.2998046875,114
2026-03-24T17:38:00,4385.39990234375,4386.2001953125,4382.7998046875,4383.2998046875,87
2026-03-24T17:39:00,4383.0,4384.39990234375,4382.5,4383.10009765625,36
2026-03-24T17:40:00,4383.2998046875,4387.89990234375,4381.2998046875,4384.10009765625,194
2026-03-24T17:41:00,4385.10009765625,4385.7998046875,4382.39990234375,4384.5,47
2026-03-24T17:42:00,4383.2001953125,4383.7998046875,4374.60009765625,4379.39990234375,181
2026-03-24T17:43:00,4379.5,4382.89990234375,4377.89990234375,4378.5,118
2026-03-24T17:44:00,4378.39990234375,4379.0,4375.0,4378.2001953125,241
2026-03-24T17:45:00,4377.39990234375,4377.39990234375,4372.2001953125,4373.89990234375,272
2026-03-24T17:46:00,4374.10009765625,4378.2998046875,4373.39990234375,4378.10009765625,215
2026-03-24T17:47:00,4378.0,4383.60009765625,4377.89990234375,4383.60009765625,149
2026-03-24T17:48:00,4384.0,4387.7001953125,4382.10009765625,4386.2001953125,149
2026-03-24T17:49:00,4386.10009765625,4388.0,4384.5,4384.7001953125,66
2026-03-24T17:50:00,4384.7001953125,4385.7998046875,4383.60009765625,4385.7998046875,59
2026-03-24T17:51:00,4385.89990234375,4387.10009765625,4382.0,4383.7001953125,104
2026-03-24T17:52:00,4383.0,4389.5,4382.2001953125,4384.0,182
2026-03-24T17:53:00,4384.2001953125,4385.60009765625,4381.7998046875,4385.39990234375,126
2026-03-24T17:54:00,4385.7001953125,4386.10009765625,4383.39990234375,4385.7998046875,36
2026-03-24T17:55:00,4385.0,4395.5,4382.89990234375,4391.89990234375,421
2026-03-24T17:56:00,4393.2001953125,4394.60009765625,4388.7998046875,4389.10009765625,312
2026-03-24T17:57:00,4389.0,4390.39990234375,4386.0,4388.7001953125,139
2026-03-24T17:58:00,4389.10009765625,4390.5,4387.2001953125,4388.7001953125,81
2026-03-24T17:59:00,4388.39990234375,4389.5,4385.2998046875,4388.2998046875,155
2026-03-24T18:00:00,4388.2998046875,4392.7001953125,4388.2998046875,4390.0,128
2026-03-24T18:01:00,4389.10009765625,4390.2998046875,4386.2001953125,4388.0,117
2026-03-24T18:02:00,4386.7001953125,4387.10009765625,4384.2998046875,4387.0,122
2026-03-24T18:03:00,4386.7001953125,4387.5,4384.10009765625,4387.5,70
2026-03-24T18:04:00,4387.2001953125,4390.39990234375,4385.60009765625,4388.89990234375,147
2026-03-24T18:05:00,4389.7001953125,4391.5,4387.39990234375,4391.10009765625,46
2026-03-24T18:06:00,4390.7998046875,4391.2998046875,4387.5,4388.5,57
2026-03-24T18:07:00,4388.2001953125,4390.60009765625,4386.5,4390.60009765625,55
2026-03-24T18:08:00,4391.10009765625,4392.7001953125,4387.2001953125,4390.10009765625,322
2026-03-24T18:09:00,4389.89990234375,4390.2001953125,4385.2998046875,4386.2998046875,163
2026-03-24T18:10:00,4386.0,4388.10009765625,4383.60009765625,4386.0,365
2026-03-24T18:11:00,4386.39990234375,4393.0,4386.0,4393.0,116
2026-03-24T18:12:00,4393.10009765625,4394.0,4390.89990234375,4393.10009765625,141
2026-03-24T18:13:00,4392.60009765625,4393.60009765625,4390.2998046875,4391.10009765625,39
2026-03-24T18:14:00,4390.89990234375,4391.0,4389.5,4389.5,13
2026-03-24T18:15:00,4390.2998046875,4390.39990234375,4388.60009765625,4389.10009765625,40
2026-03-24T18:16:00,4389.10009765625,4391.0,4387.0,4391.0,36
2026-03-24T18:17:00,4390.10009765625,4392.10009765625,4389.39990234375,4391.39990234375,25
2026-03-24T18:18:00,4391.2998046875,4392.60009765625,4389.2998046875,4391.89990234375,47
2026-03-24T18:19:00,4392.0,4399.2001953125,4392.0,4398.2001953125,142
2026-03-24T18:20:00,4398.7001953125,4400.7998046875,4397.39990234375,4399.2001953125,111
2026-03-24T18:21:00,4400.2998046875,4400.2998046875,4397.0,4400.10009765625,69
2026-03-24T18:22:00,4400.5,4400.5,4397.60009765625,4399.2998046875,63
2026-03-24T18:23:00,4400.2998046875,4402.7001953125,4400.10009765625,4402.2001953125,69
2026-03-24T18:24:00,4402.60009765625,4406.7001953125,4402.5,4406.0,109
2026-03-24T18:25:00,4406.39990234375,4409.2001953125,4404.89990234375,4408.2001953125,135
2026-03-24T18:26:00,4408.2001953125,4408.2001953125,4406.2998046875,4407.7998046875,105
2026-03-24T18:27:00,4407.7998046875,4409.7998046875,4407.7001953125,4409.5,65
2026-03-24T18:28:00,4409.89990234375,4410.0,4407.0,4407.10009765625,83
2026-03-24T18:29:00,4407.10009765625,4408.10009765625,4405.7001953125,4407.2001953125,80
2026-03-24T18:30:00,4407.7001953125,4411.89990234375,4407.7001953125,4411.7001953125,86
2026-03-24T18:31:00,4411.39990234375,4418.89990234375,4410.60009765625,4418.89990234375,113
2026-03-24T18:32:00,4419.2001953125,4423.7001953125,4418.7998046875,4420.2998046875,400
2026-03-24T18:33:00,4420.39990234375,4420.7001953125,4416.0,4417.5,210
2026-03-24T18:34:00,4417.2998046875,4418.5,4414.5,4414.7001953125,44
2026-03-24T18:35:00,4415.2001953125,4419.60009765625,4414.2998046875,4418.7001953125,105
2026-03-24T18:36:00,4418.60009765625,4419.89990234375,4415.7001953125,4419.5,192
2026-03-24T18:37:00,4419.2998046875,4422.5,4418.89990234375,4420.89990234375,395
2026-03-24T18:38:00,4421.39990234375,4422.7001953125,4420.10009765625,4421.60009765625,306
2026-03-24T18:39:00,4421.39990234375,4424.5,4420.2001953125,4421.89990234375,276
2026-03-24T18:40:00,4421.7001953125,4422.2998046875,4417.0,4417.7998046875,159
2026-03-24T18:41:00,4417.10009765625,4417.10009765625,4410.10009765625,4410.39990234375,289
2026-03-24T18:42:00,4411.60009765625,4412.2001953125,4403.5,4404.0,228
2026-03-24T18:43:00,4404.0,4406.7001953125,4396.2998046875,4398.2001953125,304
2026-03-24T18:44:00,4399.10009765625,4402.10009765625,4398.7998046875,4401.39990234375,118
2026-03-24T18:45:00,4401.2001953125,4402.7001953125,4398.60009765625,4399.89990234375,59
2026-03-24T18:46:00,4401.10009765625,4401.7001953125,4399.5,4400.7001953125,32
2026-03-24T18:47:00,4400.60009765625,4400.60009765625,4391.10009765625,4393.2998046875,242
2026-03-24T18:48:00,4393.7998046875,4398.39990234375,4393.7001953125,4396.2998046875,90
2026-03-24T18:49:00,4396.0,4398.2001953125,4396.0,4397.5,43
2026-03-24T18:50:00,4398.0,4398.10009765625,4396.5,4396.5,95
2026-03-24T18:51:00,4396.5,4402.0,4396.5,4401.7998046875,79
2026-03-24T18:52:00,4401.89990234375,4402.7998046875,4400.2998046875,4402.39990234375,52
2026-03-24T18:53:00,4402.0,4403.0,4400.7998046875,4402.0,76
2026-03-24T18:54:00,4401.5,4401.5,4399.89990234375,4400.7001953125,16
2026-03-24T18:55:00,4399.89990234375,4400.0,4395.7998046875,4395.89990234375,64
2026-03-24T18:56:00,4395.5,4396.60009765625,4392.89990234375,4396.2001953125,155
2026-03-24T18:57:00,4396.60009765625,4396.7001953125,4393.7998046875,4395.2001953125,83
2026-03-24T18:58:00,4393.39990234375,4393.7001953125,4386.60009765625,4386.7998046875,263
2026-03-24T18:59:00,4387.0,4391.2001953125,4384.0,4390.89990234375,249
2026-03-24T19:00:00,4390.0,4394.5,4389.39990234375,4393.7998046875,62
2026-03-24T19:01:00,4393.7001953125,4396.39990234375,4393.7001953125,4395.60009765625,82
2026-03-24T19:02:00,4396.5,4398.39990234375,4396.39990234375,4396.39990234375,46
2026-03-24T19:03:00,4396.0,4399.5,4395.7998046875,4399.0,50
2026-03-24T19:04:00,4400.0,4400.89990234375,4398.89990234375,4400.39990234375,42
2026-03-24T19:05:00,4399.7998046875,4401.2001953125,4396.7998046875,4400.2998046875,68
2026-03-24T19:06:00,4400.39990234375,4402.7001953125,4399.10009765625,4402.60009765625,47
2026-03-24T19:07:00,4402.0,4402.5,4397.5,4400.2998046875,36
2026-03-24T19:08:00,4399.5,4401.7998046875,4399.0,4401.60009765625,24
2026-03-24T19:09:00,4401.5,4405.89990234375,4401.5,4405.2998046875,40
2026-03-24T19:10:00,4405.39990234375,4406.39990234375,4404.2001953125,4405.39990234375,63
2026-03-24T19:11:00,4405.60009765625,4406.7998046875,4404.10009765625,4404.2998046875,45
2026-03-24T19:12:00,4405.2998046875,4405.60009765625,4403.39990234375,4404.2001953125,22
2026-03-24T19:13:00,4405.0,4405.39990234375,4404.2998046875,4405.10009765625,25
2026-03-24T19:14:00,4404.2998046875,4405.0,4403.2001953125,4405.0,14
2026-03-24T19:15:00,4404.10009765625,4405.2998046875,4403.89990234375,4404.60009765625,32
2026-03-24T19:16:00,4403.0,4403.0,4400.2998046875,4401.7998046875,188
2026-03-24T19:17:00,4401.7001953125,4406.39990234375,4401.7001953125,4406.2998046875,112
2026-03-24T19:18:00,4405.7001953125,4408.39990234375,4404.7998046875,4406.2998046875,143
2026-03-24T19:19:00,4406.60009765625,4409.0,4406.60009765625,4408.89990234375,52
2026-03-24T19:20:00,4408.60009765625,4409.2998046875,4407.0,4407.39990234375,79
2026-03-24T19:21:00,4407.2001953125,4407.2998046875,4406.0,4406.60009765625,22
2026-03-24T19:22:00,4406.60009765625,4407.5,4405.7001953125,4407.2998046875,43
2026-03-24T19:23:00,4407.5,4408.7001953125,4405.89990234375,4408.60009765625,51
2026-03-24T19:24:00,4407.60009765625,4409.7998046875,4407.60009765625,4408.7998046875,58
2026-03-24T19:25:00,4409.0,4409.7998046875,4407.89990234375,4408.2001953125,52
2026-03-24T19:26:00,4408.5,4410.7998046875,4408.2001953125,4410.39990234375,82
2026-03-24T19:27:00,4409.7998046875,4411.89990234375,4409.7001953125,4409.7001953125,58
2026-03-24T19:28:00,4409.10009765625,4409.89990234375,4407.2998046875,4407.39990234375,54
2026-03-24T19:29:00,4407.7998046875,4408.7998046875,4407.0,4407.7998046875,42
2026-03-24T19:30:00,4408.0,4408.0,4402.89990234375,4406.0,82
2026-03-24T19:31:00,4406.0,4406.89990234375,4404.2998046875,4404.89990234375,25
2026-03-24T19:32:00,4404.7998046875,4405.2001953125,4403.7001953125,4404.2001953125,35
2026-03-24T19:33:00,4404.5,4404.60009765625,4402.2998046875,4403.10009765625,78
2026-03-24T19:34:00,4403.0,4403.60009765625,4401.7998046875,4403.2998046875,39
2026-03-24T19:35:00,4403.39990234375,4404.5,4397.2998046875,4398.7001953125,87
2026-03-24T19:36:00,4398.60009765625,4399.89990234375,4397.39990234375,4398.2998046875,47
2026-03-24T19:37:00,4398.10009765625,4399.89990234375,4397.39990234375,4398.60009765625,49
2026-03-24T19:38:00,4399.60009765625,4401.39990234375,4398.7001953125,4399.0,91
2026-03-24T19:39:00,4399.10009765625,4399.2998046875,4397.10009765625,4398.10009765625,18
2026-03-24T19:40:00,4398.39990234375,4398.60009765625,4394.7998046875,4397.7001953125,108
2026-03-24T19:41:00,4397.0,4400.10009765625,4397.0,4398.60009765625,40
2026-03-24T19:42:00,4399.5,4402.0,4399.0,4402.0,25
2026-03-24T19:43:00,4402.0,4404.5,4401.60009765625,4403.89990234375,50
2026-03-24T19:44:00,4404.10009765625,4404.2001953125,4401.2001953125,4401.5,48
2026-03-24T19:45:00,4401.7001953125,4402.0,4399.5,4400.39990234375,34
2026-03-24T19:46:00,4400.10009765625,4400.7998046875,4398.7001953125,4400.0,55
2026-03-24T19:47:00,4400.2001953125,4402.2998046875,4400.2001953125,4400.7998046875,39
2026-03-24T19:48:00,4400.89990234375,4400.89990234375,4399.0,4399.0,21
2026-03-24T19:49:00,4398.7001953125,4400.60009765625,4398.2001953125,4400.2001953125,44
2026-03-24T19:50:00,4400.5,4400.5,4398.2998046875,4399.39990234375,48
2026-03-24T19:51:00,4399.2998046875,4400.60009765625,4397.2998046875,4398.7001953125,78
2026-03-24T19:52:00,4398.7998046875,4401.7998046875,4398.10009765625,4401.2001953125,77
2026-03-24T19:53:00,4401.10009765625,4404.89990234375,4401.0,4404.2001953125,45
2026-03-24T19:54:00,4403.60009765625,4403.7001953125,4401.2001953125,4402.89990234375,33
2026-03-24T19:55:00,4402.89990234375,4403.10009765625,4399.0,4400.89990234375,98
2026-03-24T19:56:00,4401.2001953125,4403.5,4400.89990234375,4403.5,33
2026-03-24T19:57:00,4403.7001953125,4404.0,4402.0,4402.2998046875,67
2026-03-24T19:58:00,4402.60009765625,4403.10009765625,4398.7998046875,4399.5,81
2026-03-24T19:59:00,4399.2998046875,4401.89990234375,4398.2001953125,4400.89990234375,259
2026-03-24T20:00:00,4400.7998046875,4402.60009765625,4399.39990234375,4402.10009765625,128
2026-03-24T20:01:00,4402.10009765625,4403.10009765625,4401.60009765625,4402.89990234375,49
2026-03-24T20:02:00,4403.2998046875,4404.89990234375,4402.0,4402.2998046875,64
2026-03-24T20:03:00,4402.2998046875,4402.7998046875,4401.7998046875,4402.2001953125,33
2026-03-24T20:04:00,4402.2001953125,4402.2001953125,4399.5,4400.39990234375,36
2026-03-24T20:05:00,4399.7998046875,4400.10009765625,4398.5,4398.7001953125,66
2026-03-24T20:06:00,4398.7998046875,4400.5,4398.7001953125,4400.5,7
2026-03-24T20:07:00,4401.2001953125,4401.7001953125,4400.89990234375,4401.10009765625,16
2026-03-24T20:08:00,4401.0,4401.0,4399.60009765625,4399.60009765625,8
2026-03-24T20:09:00,4399.7001953125,4399.7001953125,4397.7001953125,4399.60009765625,23
2026-03-24T20:10:00,4399.7001953125,4399.7998046875,4398.60009765625,4398.7998046875,12
2026-03-24T20:11:00,4399.0,4399.10009765625,4398.60009765625,4398.60009765625,8
2026-03-24T20:12:00,4398.5,4399.0,4398.5,4398.7001953125,5
2026-03-24T20:13:00,4398.7998046875,4400.2998046875,4398.2998046875,4400.2001953125,25
2026-03-24T20:14:00,4401.2998046875,4402.60009765625,4401.2998046875,4401.7001953125,34
2026-03-24T20:15:00,4401.89990234375,4402.2001953125,4399.7998046875,4400.5,24
2026-03-24T20:16:00,4400.60009765625,4401.7998046875,4400.10009765625,4401.7001953125,18
2026-03-24T20:17:00,4402.10009765625,4403.7001953125,4402.0,4403.5,19
2026-03-24T20:18:00,4404.0,4406.0,4403.5,4405.39990234375,34
2026-03-24T20:19:00,4405.2001953125,4411.2998046875,4405.2001953125,4410.7001953125,154
2026-03-24T20:20:00,4410.60009765625,4415.89990234375,4410.39990234375,4414.2001953125,453
2026-03-24T20:21:00,4414.0,4422.60009765625,4413.2001953125,4420.60009765625,471
2026-03-24T20:22:00,4420.2998046875,4433.60009765625,4419.2001953125,4432.7998046875,521
2026-03-24T20:23:00,4433.10009765625,4438.5,4428.5,4438.2998046875,226
2026-03-24T20:24:00,4438.39990234375,4468.60009765625,4437.39990234375,4465.7998046875,1032
2026-03-24T20:25:00,4465.0,4482.0,4463.2001953125,4476.0,806
2026-03-24T20:26:00,4476.0,4485.60009765625,4471.10009765625,4482.60009765625,400
2026-03-24T20:27:00,4482.5,4483.2998046875,4458.7998046875,4462.10009765625,401
2026-03-24T20:28:00,4462.0,4462.0,4452.89990234375,4454.7001953125,305
2026-03-24T20:29:00,4453.7998046875,4457.89990234375,4450.5,4456.89990234375,164
2026-03-24T20:30:00,4456.39990234375,4467.39990234375,4456.2998046875,4466.7998046875,170
2026-03-24T20:31:00,4464.89990234375,4466.39990234375,4452.2001953125,4452.89990234375,235
2026-03-24T20:32:00,4452.10009765625,4457.7998046875,4448.7001953125,4457.2998046875,185
2026-03-24T20:33:00,4456.5,4461.7998046875,4455.89990234375,4457.89990234375,108
2026-03-24T20:34:00,4457.39990234375,4463.10009765625,4456.2001953125,4459.5,114
2026-03-24T20:35:00,4460.10009765625,4463.10009765625,4456.60009765625,4456.7998046875,77
2026-03-24T20:36:00,4456.60009765625,4470.10009765625,4456.60009765625,4468.7998046875,184
2026-03-24T20:37:00,4470.2001953125,4472.39990234375,4466.7001953125,4467.5,159
2026-03-24T20:38:00,4467.7001953125,4472.10009765625,4467.2998046875,4471.39990234375,182
2026-03-24T20:39:00,4472.5,4474.39990234375,4466.2001953125,4473.60009765625,156
2026-03-24T20:40:00,4474.39990234375,4474.39990234375,4464.7998046875,4465.10009765625,104
2026-03-24T20:41:00,4464.5,4464.5,4456.39990234375,4456.39990234375,134
2026-03-24T20:42:00,4456.2001953125,4461.60009765625,4454.7998046875,4454.89990234375,59
2026-03-24T20:43:00,4454.60009765625,4455.39990234375,4448.5,4454.39990234375,323
2026-03-24T20:44:00,4454.7998046875,4462.2998046875,4454.7998046875,4461.60009765625,172
2026-03-24T20:45:00,4462.39990234375,4466.2001953125,4462.10009765625,4465.2998046875,93
2026-03-24T20:46:00,4465.0,4465.5,4458.39990234375,4462.10009765625,71
2026-03-24T20:47:00,4462.60009765625,4466.0,4461.89990234375,4462.39990234375,98
2026-03-24T20:48:00,4462.39990234375,4464.10009765625,4458.10009765625,4463.7998046875,111
2026-03-24T20:49:00,4464.2998046875,4468.5,4462.0,4467.7001953125,51
2026-03-24T20:50:00,4466.39990234375,4470.60009765625,4466.39990234375,4470.60009765625,74
2026-03-24T20:51:00,4470.60009765625,4474.2998046875,4470.2998046875,4473.7998046875,92
2026-03-24T20:52:00,4474.60009765625,4479.60009765625,4474.5,4478.2001953125,179
2026-03-24T20:53:00,4478.7998046875,4479.89990234375,4474.89990234375,4477.2001953125,94
2026-03-24T20:54:00,4476.89990234375,4483.89990234375,4476.2998046875,4482.7001953125,155
2026-03-24T20:55:00,4482.10009765625,4482.5,4477.10009765625,4477.89990234375,112
2026-03-24T20:56:00,4478.2001953125,4480.0,4477.0,4477.39990234375,99
2026-03-24T20:57:00,4476.5,4478.7998046875,4476.0,4478.60009765625,91
2026-03-24T20:58:00,4478.5,4479.39990234375,4474.7001953125,4475.60009765625,117
2026-03-24T20:59:00,4475.5,4479.39990234375,4472.39990234375,4474.89990234375,88
2026-03-24T22:00:00,4473.5,4482.0,4472.89990234375,4477.7001953125,0
2026-03-24T22:01:00,4479.0,4479.10009765625,4474.10009765625,4475.10009765625,58
2026-03-24T22:02:00,4476.7998046875,4476.7998046875,4468.89990234375,4473.2998046875,263
2026-03-24T22:03:00,4473.39990234375,4475.10009765625,4471.2998046875,4471.2998046875,21
2026-03-24T22:04:00,4473.0,4481.89990234375,4472.5,4481.39990234375,116
2026-03-24T22:05:00,4481.2001953125,4489.39990234375,4481.10009765625,4486.39990234375,367
2026-03-24T22:06:00,4486.60009765625,4486.60009765625,4476.60009765625,4478.7001953125,46
2026-03-24T22:07:00,4479.2001953125,4483.0,4476.2001953125,4483.0,86
2026-03-24T22:08:00,4482.5,4485.10009765625,4481.2998046875,4483.5,62
2026-03-24T22:09:00,4484.2998046875,4492.2998046875,4484.2998046875,4486.2001953125,114
2026-03-24T22:10:00,4487.2998046875,4488.2998046875,4484.89990234375,4486.60009765625,129
2026-03-24T22:11:00,4487.0,4488.5,4485.2001953125,4485.5,86
2026-03-24T22:12:00,4485.5,4486.2998046875,4480.39990234375,4483.39990234375,43
2026-03-24T22:13:00,4484.2001953125,4486.2998046875,4483.39990234375,4484.60009765625,39
2026-03-24T22:14:00,4485.60009765625,4487.0,4485.60009765625,4485.60009765625,25
2026-03-24T22:15:00,4485.0,4485.60009765625,4482.89990234375,4484.89990234375,27
2026-03-24T22:16:00,4483.89990234375,4485.39990234375,4481.89990234375,4483.7998046875,39
2026-03-24T22:17:00,4484.2998046875,4487.2001953125,4480.7001953125,4481.0,99
2026-03-24T22:18:00,4480.2001953125,4481.7998046875,4480.0,4480.39990234375,95
2026-03-24T22:19:00,4480.39990234375,4485.5,4477.89990234375,4485.5,71
2026-03-24T22:20:00,4485.0,4487.39990234375,4485.0,4486.7001953125,31
2026-03-24T22:21:00,4486.89990234375,4487.7001953125,4486.39990234375,4486.5,33
2026-03-24T22:22:00,4486.2998046875,4487.2001953125,4486.0,4486.7998046875,35
2026-03-24T22:23:00,4486.89990234375,4487.7001953125,4486.2998046875,4487.2998046875,46
2026-03-24T22:24:00,4487.0,4487.5,4480.0,4481.10009765625,99
2026-03-24T22:25:00,4481.0,4481.10009765625,4472.39990234375,4473.5,99
2026-03-24T22:26:00,4474.10009765625,4475.60009765625,4471.2998046875,4475.60009765625,78
2026-03-24T22:27:00,4475.7998046875,4478.2001953125,4474.0,4478.2001953125,63
2026-03-24T22:28:00,4478.10009765625,4478.10009765625,4470.89990234375,4471.2001953125,91
2026-03-24T22:29:00,4471.2998046875,4473.39990234375,4471.2998046875,4473.39990234375,21
2026-03-24T22:30:00,4472.2001953125,4472.2001953125,4462.60009765625,4465.5,159
2026-03-24T22:31:00,4464.5,4468.60009765625,4462.5,4464.5,74
2026-03-24T22:32:00,4464.7001953125,4465.7001953125,4458.2001953125,4459.2001953125,197
2026-03-24T22:33:00,4459.60009765625,4465.2001953125,4458.39990234375,4463.89990234375,81
2026-03-24T22:34:00,4464.7998046875,4467.39990234375,4463.10009765625,4465.60009765625,54
2026-03-24T22:35:00,4465.39990234375,4466.7001953125,4464.89990234375,4465.89990234375,32
2026-03-24T22:36:00,4465.89990234375,4470.5,4465.89990234375,4470.2001953125,36
2026-03-24T22:37:00,4469.89990234375,4470.7998046875,4465.89990234375,4468.89990234375,68
2026-03-24T22:38:00,4469.0,4471.7001953125,4468.60009765625,4471.7001953125,23
2026-03-24T22:39:00,4471.0,4472.60009765625,4467.2001953125,4467.2001953125,57
2026-03-24T22:40:00,4468.10009765625,4469.60009765625,4467.2001953125,4469.60009765625,14
2026-03-24T22:41:00,4470.5,4470.5,4467.7998046875,4468.5,20
2026-03-24T22:42:00,4469.0,4469.5,4467.60009765625,4469.5,17
2026-03-24T22:43:00,4470.10009765625,4472.89990234375,4470.10009765625,4472.10009765625,37
2026-03-24T22:44:00,4472.10009765625,4474.39990234375,4471.2001953125,4471.89990234375,49
2026-03-24T22:45:00,4472.7001953125,4472.7001953125,4470.0,4472.10009765625,35
2026-03-24T22:46:00,4473.39990234375,4479.89990234375,4473.39990234375,4479.7998046875,60
2026-03-24T22:47:00,4479.7001953125,4483.39990234375,4479.7001953125,4481.7001953125,48
2026-03-24T22:48:00,4482.2001953125,4482.2998046875,4477.89990234375,4478.2001953125,33
2026-03-24T22:49:00,4478.2998046875,4479.5,4477.10009765625,4478.2998046875,40
2026-03-24T22:50:00,4478.2998046875,4478.39990234375,4475.89990234375,4476.7001953125,40
2026-03-24T22:51:00,4477.0,4477.2998046875,4474.0,4474.39990234375,37
2026-03-24T22:52:00,4475.0,4477.2998046875,4475.0,4475.89990234375,19
2026-03-24T22:53:00,4475.2001953125,4476.0,4472.2001953125,4475.2001953125,48
2026-03-24T22:54:00,4475.0,4475.39990234375,4474.5,4475.0,12
2026-03-24T22:55:00,4474.5,4474.5,4474.2998046875,4474.2998046875,3
2026-03-24T22:56:00,4474.60009765625,4474.60009765625,4473.10009765625,4473.89990234375,7
2026-03-24T22:57:00,4474.5,4481.89990234375,4474.5,4481.7998046875,75
2026-03-24T22:58:00,4481.7998046875,4483.39990234375,4480.89990234375,4483.39990234375,32
2026-03-24T22:59:00,4482.7001953125,4487.7001953125,4482.7001953125,4487.7001953125,85
2026-03-24T23:00:00,4487.5,4488.2001953125,4481.7998046875,4482.10009765625,91
2026-03-24T23:01:00,4482.89990234375,4485.2001953125,4481.10009765625,4483.0,66
2026-03-24T23:02:00,4483.2998046875,4483.7001953125,4480.60009765625,4481.0,34
2026-03-24T23:03:00,4481.5,4481.89990234375,4478.2001953125,4478.7998046875,50
2026-03-24T23:04:00,4478.7001953125,4479.0,4475.39990234375,4477.5,75
2026-03-24T23:05:00,4478.10009765625,4482.39990234375,4477.60009765625,4481.5,51
2026-03-24T23:06:00,4483.0,4487.2998046875,4483.0,4487.0,78
2026-03-24T23:07:00,4487.10009765625,4487.2001953125,4482.10009765625,4483.5,135
2026-03-24T23:08:00,4483.0,4485.7001953125,4483.0,4483.7001953125,159
2026-03-24T23:09:00,4483.60009765625,4485.89990234375,4483.0,4483.0,24
2026-03-24T23:10:00,4483.60009765625,4487.39990234375,4482.60009765625,4487.39990234375,39
2026-03-24T23:11:00,4486.7001953125,4487.2998046875,4482.89990234375,4486.5,128
2026-03-24T23:12:00,4485.60009765625,4485.60009765625,4481.89990234375,4483.5,28
2026-03-24T23:13:00,4484.5,4488.60009765625,4482.7998046875,4487.2998046875,113
2026-03-24T23:14:00,4487.60009765625,4488.10009765625,4486.5,4487.89990234375,74
2026-03-24T23:15:00,4487.2998046875,4488.60009765625,4485.89990234375,4488.60009765625,86
2026-03-24T23:16:00,4488.0,4502.7001953125,4487.60009765625,4501.0,332
2026-03-24T23:17:00,4501.2001953125,4502.39990234375,4495.10009765625,4497.5,263
2026-03-24T23:18:00,4497.2998046875,4497.39990234375,4493.89990234375,4494.5,105
2026-03-24T23:19:00,4495.0,4501.60009765625,4494.39990234375,4501.60009765625,94
2026-03-24T23:20:00,4500.60009765625,4502.10009765625,4500.0,4501.60009765625,89
2026-03-24T23:21:00,4501.5,4502.60009765625,4498.60009765625,4502.5,85
2026-03-24T23:22:00,4502.5,4504.7998046875,4499.7998046875,4500.2001953125,162
2026-03-24T23:23:00,4499.89990234375,4504.10009765625,4499.89990234375,4501.39990234375,82
2026-03-24T23:24:00,4501.7998046875,4506.10009765625,4501.7998046875,4505.7001953125,80
2026-03-24T23:25:00,4505.60009765625,4507.0,4503.2001953125,4505.60009765625,213
2026-03-24T23:26:00,4505.7998046875,4512.2001953125,4505.7998046875,4508.0,299
2026-03-24T23:27:00,4508.2998046875,4512.60009765625,4508.0,4509.5,132
2026-03-24T23:28:00,4509.39990234375,4511.7001953125,4508.2001953125,4510.7001953125,108
2026-03-24T23:29:00,4510.7001953125,4513.60009765625,4510.7001953125,4513.5,101
2026-03-24T23:30:00,4513.7998046875,4515.39990234375,4510.89990234375,4512.10009765625,119
2026-03-24T23:31:00,4511.2001953125,4511.5,4508.7998046875,4511.5,87
2026-03-24T23:32:00,4512.7998046875,4513.2001953125,4509.39990234375,4512.0,61
2026-03-24T23:33:00,4511.39990234375,4513.2998046875,4508.7001953125,4510.89990234375,226
2026-03-24T23:34:00,4510.39990234375,4510.39990234375,4508.2001953125,4508.7998046875,70
2026-03-24T23:35:00,4508.89990234375,4512.7001953125,4507.7001953125,4512.39990234375,88
2026-03-24T23:36:00,4512.39990234375,4532.0,4512.2998046875,4529.2001953125,695
2026-03-24T23:37:00,4528.39990234375,4537.0,4528.39990234375,4531.10009765625,490
2026-03-24T23:38:00,4531.2001953125,4535.7001953125,4528.5,4529.2001953125,254
2026-03-24T23:39:00,4529.0,4550.0,4528.2998046875,4548.89990234375,748
2026-03-24T23:40:00,4548.7001953125,4549.5,4537.60009765625,4540.60009765625,238
2026-03-24T23:41:00,4540.60009765625,4540.60009765625,4534.60009765625,4538.89990234375,137
2026-03-24T23:42:00,4538.7001953125,4541.10009765625,4536.7001953125,4540.2998046875,126
2026-03-24T23:43:00,4541.2001953125,4546.2998046875,4541.2001953125,4545.5,166
2026-03-24T23:44:00,4545.7001953125,4548.89990234375,4540.7001953125,4543.10009765625,226
2026-03-24T23:45:00,4541.60009765625,4541.7001953125,4534.89990234375,4537.2998046875,186
2026-03-24T23:46:00,4538.2998046875,4538.60009765625,4535.7998046875,4538.2001953125,44
2026-03-24T23:47:00,4537.89990234375,4541.39990234375,4537.2001953125,4539.2998046875,75
2026-03-24T23:48:00,4540.0,4545.2998046875,4540.0,4542.7998046875,159
2026-03-24T23:49:00,4542.89990234375,4553.39990234375,4542.89990234375,4552.60009765625,227
2026-03-24T23:50:00,4552.7998046875,4555.0,4542.39990234375,4544.60009765625,272
2026-03-24T23:51:00,4544.0,4545.7998046875,4540.10009765625,4541.2998046875,154
2026-03-24T23:52:00,4541.60009765625,4542.2001953125,4539.2001953125,4540.5,60
2026-03-24T23:53:00,4541.2998046875,4544.5,4541.2998046875,4543.7998046875,63
2026-03-24T23:54:00,4543.60009765625,4547.2001953125,4542.0,4547.2001953125,175
2026-03-24T23:55:00,4546.39990234375,4550.60009765625,4545.5,4550.10009765625,111
2026-03-24T23:56:00,4549.89990234375,4551.10009765625,4547.5,4548.39990234375,166
2026-03-24T23:57:00,4547.7001953125,4553.60009765625,4547.39990234375,4552.60009765625,235
2026-03-24T23:58:00,4552.5,4553.2001953125,4547.89990234375,4548.5,84
2026-03-24T23:59:00,4548.7001953125,4549.2001953125,4545.2001953125,4549.2001953125,215
2026-03-25T00:00:00,4549.0,4556.7998046875,4540.89990234375,4544.89990234375,378
2026-03-25T00:01:00,4544.2998046875,4545.7998046875,4540.5,4543.7001953125,148
2026-03-25T00:02:00,4543.7998046875,4548.7001953125,4543.10009765625,4543.60009765625,101
2026-03-25T00:03:00,4544.0,4554.0,4541.89990234375,4552.7001953125,251
2026-03-25T00:04:00,4552.60009765625,4556.7001953125,4550.7998046875,4555.7001953125,330
2026-03-25T00:05:00,4556.60009765625,4557.7998046875,4550.39990234375,4550.7998046875,259
2026-03-25T00:06:00,4551.60009765625,4551.60009765625,4547.2998046875,4548.89990234375,107
2026-03-25T00:07:00,4549.5,4551.60009765625,4545.7998046875,4546.89990234375,141
2026-03-25T00:08:00,4547.0,4550.2001953125,4544.7998046875,4547.0,139
2026-03-25T00:09:00,4547.60009765625,4551.60009765625,4544.60009765625,4551.60009765625,138
2026-03-25T00:10:00,4551.7001953125,4555.10009765625,4551.0,4554.39990234375,211
2026-03-25T00:11:00,4555.10009765625,4556.60009765625,4551.89990234375,4553.2001953125,142
2026-03-25T00:12:00,4553.39990234375,4555.89990234375,4552.2001953125,4554.2001953125,77
2026-03-25T00:13:00,4554.0,4557.0,4553.0,4557.0,102
2026-03-25T00:14:00,4557.5,4557.5,4551.89990234375,4552.89990234375,179
2026-03-25T00:15:00,4552.5,4554.2998046875,4546.2001953125,4546.2001953125,259
2026-03-25T00:16:00,4546.0,4547.7998046875,4541.2001953125,4543.5,160
2026-03-25T00:17:00,4542.39990234375,4545.2001953125,4541.60009765625,4542.5,212
2026-03-25T00:18:00,4543.0,4547.2001953125,4543.0,4545.7998046875,104
2026-03-25T00:19:00,4546.60009765625,4550.2998046875,4546.2001953125,4548.5,187
2026-03-25T00:20:00,4548.5,4550.39990234375,4544.2001953125,4547.7998046875,214
2026-03-25T00:21:00,4548.10009765625,4549.7001953125,4544.7998046875,4545.2998046875,164
2026-03-25T00:22:00,4545.7001953125,4546.7998046875,4543.2998046875,4543.7998046875,111
2026-03-25T00:23:00,4543.7998046875,4548.7998046875,4543.7998046875,4546.2998046875,149
2026-03-25T00:24:00,4546.10009765625,4546.7001953125,4543.2001953125,4545.7001953125,111
2026-03-25T00:25:00,4545.39990234375,4549.0,4544.39990234375,4549.0,80
2026-03-25T00:26:00,4548.89990234375,4557.7998046875,4548.89990234375,4555.5,348
2026-03-25T00:27:00,4556.60009765625,4559.5,4553.89990234375,4558.89990234375,303
2026-03-25T00:28:00,4558.2998046875,4559.0,4554.7998046875,4555.7998046875,159
2026-03-25T00:29:00,4555.5,4558.5,4554.7998046875,4555.60009765625,86
2026-03-25T00:30:00,4555.39990234375,4557.39990234375,4549.0,4557.0,333
2026-03-25T00:31:00,4556.39990234375,4559.5,4554.60009765625,4556.89990234375,249
2026-03-25T00:32:00,4556.89990234375,4557.89990234375,4553.7998046875,4557.89990234375,156
2026-03-25T00:33:00,4557.39990234375,4559.2001953125,4555.89990234375,4558.7001953125,44
2026-03-25T00:34:00,4559.0,4563.5,4558.7998046875,4562.2998046875,371
2026-03-25T00:35:00,4562.2998046875,4564.0,4561.5,4562.5,133
2026-03-25T00:36:00,4562.89990234375,4564.89990234375,4561.7001953125,4563.39990234375,147
2026-03-25T00:37:00,4563.39990234375,4564.5,4562.60009765625,4564.5,128
2026-03-25T00:38:00,4564.5,4565.5,4563.60009765625,4565.2998046875,172
2026-03-25T00:39:00,4565.0,4568.7998046875,4565.0,4567.89990234375,384
2026-03-25T00:40:00,4567.7998046875,4569.0,4567.39990234375,4568.89990234375,269
2026-03-25T00:41:00,4569.0,4570.5,4567.7001953125,4570.0,314
2026-03-25T00:42:00,4570.10009765625,4570.10009765625,4566.39990234375,4566.89990234375,306
2026-03-25T00:43:00,4567.2998046875,4570.0,4567.2998046875,4570.0,150
2026-03-25T00:44:00,4569.60009765625,4571.2998046875,4566.5,4568.39990234375,252
2026-03-25T00:45:00,4569.2001953125,4572.7001953125,4569.0,4572.5,215
2026-03-25T00:46:00,4572.7001953125,4572.7998046875,4571.2998046875,4572.2998046875,106
2026-03-25T00:47:00,4572.39990234375,4572.7998046875,4569.2001953125,4571.0,119
2026-03-25T00:48:00,4571.2001953125,4571.7998046875,4566.60009765625,4567.5,132
2026-03-25T00:49:00,4567.7998046875,4568.60009765625,4564.2998046875,4566.60009765625,180
2026-03-25T00:50:00,4566.89990234375,4567.0,4562.7998046875,4564.2998046875,158
2026-03-25T00:51:00,4564.2998046875,4565.89990234375,4563.0,4564.10009765625,176
2026-03-25T00:52:00,4564.10009765625,4567.60009765625,4563.39990234375,4565.5,111
2026-03-25T00:53:00,4565.2001953125,4568.7001953125,4565.2001953125,4568.7001953125,125
2026-03-25T00:54:00,4568.2001953125,4570.89990234375,4566.89990234375,4570.5,147
2026-03-25T00:55:00,4570.0,4570.10009765625,4566.7998046875,4568.2998046875,97
2026-03-25T00:56:00,4567.89990234375,4570.0,4567.7998046875,4568.2001953125,64
2026-03-25T00:57:00,4568.2001953125,4569.2001953125,4566.5,4567.5,73
2026-03-25T00:58:00,4566.89990234375,4567.7001953125,4563.2001953125,4564.10009765625,145
2026-03-25T00:59:00,4563.7001953125,4565.7998046875,4563.2001953125,4564.89990234375,169
2026-03-25T01:00:00,4564.7998046875,4571.7998046875,4559.10009765625,4564.2001953125,615
2026-03-25T01:01:00,4563.2998046875,4566.7998046875,4556.5,4559.2998046875,361
2026-03-25T01:02:00,4560.0,4563.10009765625,4554.7998046875,4560.2001953125,172
2026-03-25T01:03:00,4559.5,4559.60009765625,4553.2998046875,4556.5,187
2026-03-25T01:04:00,4557.10009765625,4566.60009765625,4557.0,4564.5,286
2026-03-25T01:05:00,4564.2001953125,4572.39990234375,4564.2001953125,4572.39990234375,316
2026-03-25T01:06:00,4572.0,4573.5,4567.7001953125,4569.0,169
2026-03-25T01:07:00,4569.2001953125,4571.7001953125,4568.10009765625,4571.60009765625,151
2026-03-25T01:08:00,4571.60009765625,4574.5,4569.2001953125,4574.0,386
2026-03-25T01:09:00,4573.89990234375,4576.7001953125,4572.89990234375,4576.5,542
2026-03-25T01:10:00,4576.60009765625,4578.7001953125,4576.2998046875,4578.7001953125,353
2026-03-25T01:11:00,4578.7001953125,4578.7998046875,4575.7998046875,4577.10009765625,160
2026-03-25T01:12:00,4576.89990234375,4578.0,4575.60009765625,4575.89990234375,102
2026-03-25T01:13:00,4576.2998046875,4577.39990234375,4569.7998046875,4572.39990234375,215
2026-03-25T01:14:00,4572.10009765625,4574.7001953125,4570.39990234375,4570.5,136
2026-03-25T01:15:00,4570.7998046875,4572.7998046875,4568.2001953125,4569.89990234375,172
2026-03-25T01:16:00,4570.0,4575.7001953125,4570.0,4574.5,211
2026-03-25T01:17:00,4571.89990234375,4572.5,4569.2998046875,4572.10009765625,88
2026-03-25T01:18:00,4572.2998046875,4572.2998046875,4568.7001953125,4568.7001953125,51
2026-03-25T01:19:00,4569.0,4575.7998046875,4568.0,4575.7998046875,144
2026-03-25T01:20:00,4575.89990234375,4578.5,4573.7001953125,4577.7998046875,247
2026-03-25T01:21:00,4577.7998046875,4578.7998046875,4571.89990234375,4575.0,147
2026-03-25T01:22:00,4574.60009765625,4575.7001953125,4573.10009765625,4575.5,51
2026-03-25T01:23:00,4575.7001953125,4578.60009765625,4575.60009765625,4577.7998046875,73
2026-03-25T01:24:00,4578.39990234375,4578.39990234375,4573.7001953125,4574.7001953125,75
2026-03-25T01:25:00,4574.10009765625,4575.5,4573.7001953125,4573.89990234375,70
2026-03-25T01:26:00,4573.5,4577.89990234375,4572.7998046875,4576.39990234375,109
2026-03-25T01:27:00,4576.39990234375,4576.7998046875,4574.39990234375,4575.60009765625,56
2026-03-25T01:28:00,4575.7001953125,4579.0,4575.10009765625,4577.5,216
2026-03-25T01:29:00,4577.39990234375,4578.39990234375,4573.5,4575.60009765625,93
2026-03-25T01:30:00,4575.10009765625,4579.0,4574.39990234375,4578.89990234375,61
2026-03-25T01:31:00,4578.2001953125,4581.7001953125,4577.2001953125,4581.7001953125,345
2026-03-25T01:32:00,4581.7001953125,4582.60009765625,4579.7001953125,4581.0,217
2026-03-25T01:33:00,4581.89990234375,4584.0,4580.0,4583.7998046875,330
2026-03-25T01:34:00,4583.7998046875,4584.89990234375,4583.2001953125,4583.7998046875,288
2026-03-25T01:35:00,4584.2001953125,4585.89990234375,4583.39990234375,4585.5,297
2026-03-25T01:36:00,4585.5,4587.10009765625,4583.7998046875,4586.39990234375,446
2026-03-25T01:37:00,4586.2998046875,4587.7001953125,4585.2998046875,4587.7001953125,293
2026-03-25T01:38:00,4587.39990234375,4588.5,4586.7001953125,4588.2998046875,296
2026-03-25T01:39:00,4588.0,4589.2998046875,4586.89990234375,4587.2998046875,268
2026-03-25T01:40:00,4587.7001953125,4588.2998046875,4584.7001953125,4587.7001953125,156
2026-03-25T01:41:00,4588.0,4589.2998046875,4583.7001953125,4586.60009765625,340
2026-03-25T01:42:00,4587.5,4590.0,4587.0,4588.89990234375,330
2026-03-25T01:43:00,4589.2001953125,4589.5,4587.2001953125,4587.7001953125,243
2026-03-25T01:44:00,4587.89990234375,4588.0,4582.7001953125,4583.60009765625,273
2026-03-25T01:45:00,4583.5,4588.0,4582.10009765625,4587.2998046875,167
2026-03-25T01:46:00,4587.39990234375,4588.2998046875,4585.10009765625,4588.2998046875,202
2026-03-25T01:47:00,4589.2998046875,4592.7998046875,4588.7998046875,4592.7998046875,340
2026-03-25T01:48:00,4592.89990234375,4594.2998046875,4591.2001953125,4593.60009765625,320
2026-03-25T01:49:00,4593.60009765625,4595.60009765625,4592.60009765625,4595.0,338
2026-03-25T01:50:00,4594.60009765625,4597.0,4592.60009765625,4596.89990234375,227
2026-03-25T01:51:00,4597.0,4598.2998046875,4595.0,4596.0,364
2026-03-25T01:52:00,4596.2001953125,4598.89990234375,4595.7001953125,4598.2998046875,217
2026-03-25T01:53:00,4598.5,4599.2998046875,4597.5,4598.39990234375,264
2026-03-25T01:54:00,4598.39990234375,4600.0,4597.10009765625,4597.2001953125,411
2026-03-25T01:55:00,4597.2998046875,4597.2998046875,4593.2998046875,4595.5,189
2026-03-25T01:56:00,4595.5,4599.39990234375,4595.2998046875,4599.2998046875,217
2026-03-25T01:57:00,4599.2001953125,4599.2001953125,4596.0,4597.0,136
2026-03-25T01:58:00,4596.39990234375,4596.7998046875,4594.7001953125,4596.10009765625,130
2026-03-25T01:59:00,4596.2001953125,4596.5,4593.0,4593.2001953125,268
2026-03-25T02:00:00,4593.2998046875,4594.7001953125,4585.2001953125,4585.7998046875,282
2026-03-25T02:01:00,4585.7001953125,4591.60009765625,4584.39990234375,4588.39990234375,270
2026-03-25T02:02:00,4588.2998046875,4593.7001953125,4588.2998046875,4592.89990234375,108
2026-03-25T02:03:00,4593.2001953125,4593.7998046875,4588.7001953125,4590.2998046875,144
2026-03-25T02:04:00,4589.7001953125,4591.2998046875,4587.5,4587.5,141
2026-03-25T02:05:00,4587.7998046875,4590.39990234375,4584.7998046875,4590.0,215
2026-03-25T02:06:00,4589.89990234375,4590.60009765625,4588.7998046875,4589.89990234375,200
2026-03-25T02:07:00,4588.89990234375,4591.2998046875,4588.2998046875,4588.7001953125,125
2026-03-25T02:08:00,4589.0,4589.0,4584.10009765625,4584.60009765625,105
2026-03-25T02:09:00,4584.39990234375,4584.7998046875,4579.7001953125,4579.7998046875,571
2026-03-25T02:10:00,4579.7998046875,4583.0,4579.2001953125,4580.7001953125,177
2026-03-25T02:11:00,4580.39990234375,4584.2998046875,4580.39990234375,4583.0,105
2026-03-25T02:12:00,4582.2001953125,4582.2001953125,4578.2998046875,4579.10009765625,202
2026-03-25T02:13:00,4580.2998046875,4581.2998046875,4579.10009765625,4580.0,83
2026-03-25T02:14:00,4580.0,4587.2998046875,4579.89990234375,4583.7998046875,165
2026-03-25T02:15:00,4583.5,4585.39990234375,4582.7001953125,4582.7001953125,155
2026-03-25T02:16:00,4583.39990234375,4586.39990234375,4583.2998046875,4586.0,76
2026-03-25T02:17:00,4586.2001953125,4586.39990234375,4585.7001953125,4585.7998046875,17
2026-03-25T02:18:00,4585.7001953125,4586.89990234375,4585.39990234375,4586.2001953125,126
2026-03-25T02:19:00,4586.10009765625,4586.89990234375,4585.60009765625,4586.0,105
2026-03-25T02:20:00,4585.7001953125,4590.10009765625,4585.7001953125,4588.2998046875,195
2026-03-25T02:21:00,4588.0,4589.39990234375,4587.2998046875,4588.89990234375,77
2026-03-25T02:22:00,4588.89990234375,4589.0,4586.60009765625,4587.60009765625,46
2026-03-25T02:23:00,4586.89990234375,4587.60009765625,4585.89990234375,4586.7998046875,30
2026-03-25T02:24:00,4586.7998046875,4587.0,4583.7001953125,4585.89990234375,83
2026-03-25T02:25:00,4584.60009765625,4589.7998046875,4584.2001953125,4588.7001953125,119
2026-03-25T02:26:00,4589.0,4591.0,4588.39990234375,4588.39990234375,126
2026-03-25T02:27:00,4588.7998046875,4590.39990234375,4586.7001953125,4587.0,69
2026-03-25T02:28:00,4586.5,4586.7998046875,4585.2998046875,4586.2001953125,47
2026-03-25T02:29:00,4586.7998046875,4587.2998046875,4585.0,4585.0,114
2026-03-25T02:30:00,4585.7001953125,4585.7001953125,4580.7001953125,4582.89990234375,372
2026-03-25T02:31:00,4582.39990234375,4582.60009765625,4579.7001953125,4581.2998046875,162
2026-03-25T02:32:00,4582.0,4586.89990234375,4581.60009765625,4585.60009765625,76
2026-03-25T02:33:00,4586.10009765625,4586.39990234375,4582.10009765625,4583.39990234375,152
2026-03-25T02:34:00,4583.7001953125,4586.2998046875,4582.89990234375,4585.60009765625,87
2026-03-25T02:35:00,4585.7001953125,4587.7001953125,4585.2998046875,4587.2001953125,72
2026-03-25T02:37:00,4592.5,4592.7001953125,4591.89990234375,4592.7001953125,290
2026-03-25T02:38:00,4592.7998046875,4595.60009765625,4592.2998046875,4592.60009765625,130
2026-03-25T02:39:00,4592.39990234375,4592.39990234375,4588.5,4590.89990234375,119
2026-03-25T02:40:00,4590.7001953125,4591.89990234375,4589.7998046875,4591.10009765625,67
2026-03-25T02:41:00,4591.60009765625,4592.0,4590.39990234375,4590.7998046875,34
2026-03-25T02:42:00,4590.7998046875,4595.5,4590.2001953125,4594.7001953125,246
2026-03-25T02:43:00,4594.89990234375,4595.7001953125,4594.0,4594.2001953125,153
2026-03-25T02:44:00,4594.10009765625,4594.10009765625,4590.7998046875,4592.10009765625,130
2026-03-25T02:45:00,4591.89990234375,4598.7998046875,4591.89990234375,4598.2998046875,318
2026-03-25T02:46:00,4598.39990234375,4601.0,4597.5,4598.39990234375,355
2026-03-25T02:47:00,4598.7001953125,4598.7001953125,4595.7998046875,4597.7001953125,120
2026-03-25T02:48:00,4597.7998046875,4597.7998046875,4592.0,4592.2998046875,289
2026-03-25T02:49:00,4592.7998046875,4593.2001953125,4587.89990234375,4589.2001953125,159
2026-03-25T02:50:00,4588.7998046875,4591.39990234375,4588.2998046875,4589.7998046875,194
2026-03-25T02:51:00,4588.60009765625,4589.39990234375,4587.2001953125,4588.2001953125,113
2026-03-25T02:52:00,4588.0,4589.7001953125,4586.7998046875,4588.0,116
2026-03-25T02:53:00,4588.2998046875,4589.7001953125,4585.7001953125,4586.0,138
2026-03-25T02:54:00,4585.7001953125,4585.89990234375,4582.2998046875,4584.7998046875,358
2026-03-25T02:55:00,4585.0,4585.7001953125,4582.0,4584.10009765625,215
2026-03-25T02:56:00,4584.10009765625,4585.2001953125,4582.39990234375,4582.7001953125,78
2026-03-25T02:57:00,4582.5,4584.60009765625,4581.5,4582.7001953125,184
2026-03-25T02:58:00,4582.7001953125,4583.10009765625,4580.10009765625,4580.7998046875,76
2026-03-25T02:59:00,4580.5,4582.10009765625,4579.60009765625,4581.89990234375,132
2026-03-25T03:00:00,4581.5,4584.39990234375,4581.39990234375,4583.7998046875,105
2026-03-25T03:01:00,4583.7001953125,4583.7001953125,4580.2001953125,4580.89990234375,106
2026-03-25T03:02:00,4580.60009765625,4581.7001953125,4580.0,4580.10009765625,63
2026-03-25T03:03:00,4580.7001953125,4581.60009765625,4571.60009765625,4572.0,712
2026-03-25T03:04:00,4572.39990234375,4575.0,4571.2998046875,4573.89990234375,225
2026-03-25T03:05:00,4573.89990234375,4576.7001953125,4573.10009765625,4576.60009765625,130
2026-03-25T03:06:00,4576.2001953125,4579.5,4576.10009765625,4579.5,86
2026-03-25T03:07:00,4579.10009765625,4580.60009765625,4573.89990234375,4575.10009765625,135
2026-03-25T03:08:00,4575.89990234375,4578.2998046875,4575.89990234375,4578.0,52
2026-03-25T03:09:00,4578.89990234375,4578.89990234375,4572.2998046875,4573.89990234375,107
2026-03-25T03:10:00,4573.60009765625,4576.7001953125,4571.60009765625,4576.7001953125,287
2026-03-25T03:11:00,4576.39990234375,4578.2001953125,4575.89990234375,4577.60009765625,57
2026-03-25T03:12:00,4578.2001953125,4578.60009765625,4574.0,4574.10009765625,63
2026-03-25T03:13:00,4574.2998046875,4574.2998046875,4571.7001953125,4571.7001953125,102
2026-03-25T03:14:00,4572.0,4575.2998046875,4571.7001953125,4574.60009765625,118
2026-03-25T03:15:00,4575.10009765625,4575.10009765625,4572.60009765625,4572.89990234375,76
2026-03-25T03:16:00,4572.39990234375,4572.39990234375,4570.0,4571.10009765625,385
2026-03-25T03:17:00,4571.2998046875,4573.60009765625,4571.2998046875,4572.5,101
2026-03-25T03:18:00,4573.60009765625,4577.0,4573.5,4576.5,116
2026-03-25T03:19:00,4576.7998046875,4577.10009765625,4574.60009765625,4574.60009765625,69
2026-03-25T03:20:00,4574.89990234375,4574.89990234375,4571.7001953125,4571.7998046875,95
2026-03-25T03:21:00,4572.39990234375,4575.39990234375,4571.39990234375,4574.39990234375,60
2026-03-25T03:22:00,4574.5,4574.89990234375,4573.2001953125,4574.60009765625,67
2026-03-25T03:23:00,4574.10009765625,4575.89990234375,4573.10009765625,4575.2001953125,66
2026-03-25T03:24:00,4574.2998046875,4575.89990234375,4574.2998046875,4575.89990234375,67
2026-03-25T03:25:00,4575.89990234375,4578.0,4575.39990234375,4577.89990234375,147
2026-03-25T03:26:00,4577.2001953125,4577.60009765625,4574.60009765625,4575.5,48
2026-03-25T03:27:00,4574.60009765625,4576.2001953125,4574.2001953125,4574.2001953125,48
2026-03-25T03:28:00,4574.5,4575.39990234375,4574.5,4575.39990234375,28
2026-03-25T03:29:00,4575.5,4575.5,4573.2998046875,4574.0,90
2026-03-25T03:30:00,4574.0,4574.2001953125,4572.89990234375,4573.5,54
2026-03-25T03:31:00,4573.10009765625,4575.2001953125,4572.0,4572.0,119
2026-03-25T03:32:00,4572.39990234375,4573.2001953125,4571.5,4571.5,49
2026-03-25T03:33:00,4571.7998046875,4572.60009765625,4570.7001953125,4571.0,96
2026-03-25T03:34:00,4571.0,4572.2001953125,4568.89990234375,4571.60009765625,131
2026-03-25T03:35:00,4571.60009765625,4574.2998046875,4571.2001953125,4573.2001953125,40
2026-03-25T03:36:00,4573.2998046875,4576.2998046875,4572.7998046875,4574.10009765625,53
2026-03-25T03:37:00,4574.0,4574.2001953125,4572.60009765625,4573.39990234375,32
2026-03-25T03:38:00,4573.10009765625,4573.89990234375,4570.7001953125,4570.7001953125,68
2026-03-25T03:39:00,4570.2998046875,4571.7001953125,4570.2001953125,4571.5,37
2026-03-25T03:40:00,4571.7998046875,4572.10009765625,4571.10009765625,4572.10009765625,29
2026-03-25T03:41:00,4570.39990234375,4571.5,4570.0,4570.5,18
2026-03-25T03:42:00,4571.10009765625,4572.10009765625,4570.7998046875,4572.10009765625,28
2026-03-25T03:43:00,4572.0,4572.10009765625,4570.2001953125,4570.2998046875,249
2026-03-25T03:44:00,4570.10009765625,4570.10009765625,4568.0,4568.10009765625,77
2026-03-25T03:45:00,4568.7001953125,4569.0,4566.60009765625,4567.7001953125,356
2026-03-25T03:46:00,4567.39990234375,4572.2001953125,4567.10009765625,4571.2001953125,85
2026-03-25T03:47:00,4571.7998046875,4571.89990234375,4569.2001953125,4570.10009765625,45
2026-03-25T03:48:00,4569.7998046875,4571.2001953125,4569.5,4570.2001953125,58
2026-03-25T03:49:00,4569.89990234375,4570.0,4567.39990234375,4567.7001953125,64
2026-03-25T03:50:00,4567.7001953125,4567.7998046875,4566.10009765625,4567.7998046875,112
2026-03-25T03:51:00,4568.10009765625,4571.2998046875,4568.0,4570.60009765625,101
2026-03-25T03:52:00,4570.2001953125,4572.7998046875,4569.89990234375,4571.5,103
2026-03-25T03:53:00,4571.7998046875,4572.2998046875,4569.7001953125,4572.2998046875,102
2026-03-25T03:54:00,4572.60009765625,4572.89990234375,4571.39990234375,4571.7998046875,44
2026-03-25T03:55:00,4571.89990234375,4572.2001953125,4571.10009765625,4572.2001953125,14
2026-03-25T03:56:00,4572.0,4572.39990234375,4571.10009765625,4571.10009765625,13
2026-03-25T03:57:00,4571.2001953125,4572.0,4571.0,4571.5,18
2026-03-25T03:58:00,4571.2001953125,4571.2001953125,4567.2998046875,4567.7998046875,70
2026-03-25T04:00:00,4568.5,4568.5,4566.2998046875,4567.10009765625,50
2026-03-25T04:01:00,4567.39990234375,4567.89990234375,4564.5,4565.0,53
2026-03-25T04:02:00,4565.39990234375,4566.89990234375,4563.89990234375,4565.2998046875,79
2026-03-25T04:03:00,4565.5,4569.60009765625,4565.2001953125,4569.0,92
2026-03-25T04:04:00,4569.60009765625,4572.7001953125,4569.2998046875,4571.7998046875,67
2026-03-25T04:05:00,4572.10009765625,4573.2001953125,4571.39990234375,4572.0,70
2026-03-25T04:06:00,4571.2998046875,4571.2998046875,4570.39990234375,4571.0,18
2026-03-25T04:07:00,4571.2998046875,4571.2998046875,4568.10009765625,4568.7998046875,34
2026-03-25T04:08:00,4568.39990234375,4568.60009765625,4567.2998046875,4567.60009765625,50
2026-03-25T04:09:00,4567.7001953125,4570.10009765625,4567.2001953125,4570.0,107
2026-03-25T04:10:00,4569.89990234375,4570.5,4568.7001953125,4568.7001953125,94
2026-03-25T04:11:00,4568.60009765625,4570.5,4568.60009765625,4570.5,158
2026-03-25T04:12:00,4571.2001953125,4571.60009765625,4569.39990234375,4570.39990234375,81
2026-03-25T04:13:00,4570.0,4571.2001953125,4568.0,4571.2001953125,121
2026-03-25T04:14:00,4571.7998046875,4572.7001953125,4570.7001953125,4572.39990234375,86
2026-03-25T04:15:00,4572.5,4573.0,4571.60009765625,4572.2001953125,58
2026-03-25T04:16:00,4572.2998046875,4572.2998046875,4571.10009765625,4571.89990234375,30
2026-03-25T04:17:00,4571.60009765625,4572.2001953125,4571.10009765625,4571.89990234375,12
2026-03-25T04:18:00,4571.89990234375,4572.7998046875,4571.89990234375,4572.60009765625,85
2026-03-25T04:19:00,4572.60009765625,4573.0,4572.10009765625,4572.5,75
2026-03-25T04:20:00,4572.0,4572.0,4570.7001953125,4571.60009765625,43
2026-03-25T04:21:00,4571.89990234375,4572.89990234375,4571.0,4571.7001953125,106
2026-03-25T04:22:00,4571.7998046875,4571.7998046875,4570.10009765625,4570.10009765625,71
2026-03-25T04:23:00,4570.10009765625,4572.10009765625,4569.2998046875,4570.7998046875,65
2026-03-25T04:24:00,4570.89990234375,4571.2001953125,4569.60009765625,4570.89990234375,20
2026-03-25T04:25:00,4571.2998046875,4572.2998046875,4570.60009765625,4572.2998046875,19
2026-03-25T04:26:00,4572.10009765625,4572.89990234375,4571.7001953125,4572.5,29
2026-03-25T04:27:00,4571.7001953125,4572.60009765625,4571.60009765625,4571.89990234375,15
2026-03-25T04:28:00,4572.39990234375,4572.60009765625,4572.0,4572.5,13
2026-03-25T04:29:00,4572.5,4572.7001953125,4572.2001953125,4572.60009765625,61
2026-03-25T04:30:00,4572.5,4572.5,4571.7001953125,4571.7001953125,31
2026-03-25T04:31:00,4572.2001953125,4572.60009765625,4572.2001953125,4572.39990234375,11
2026-03-25T04:32:00,4572.0,4572.5,4571.7001953125,4571.7001953125,27
2026-03-25T04:33:00,4571.7998046875,4572.7001953125,4570.2998046875,4572.5,59
2026-03-25T04:34:00,4572.39990234375,4572.7001953125,4569.39990234375,4569.39990234375,137
2026-03-25T04:35:00,4570.0,4570.10009765625,4566.7001953125,4567.2001953125,69
2026-03-25T04:36:00,4566.7001953125,4567.2998046875,4564.39990234375,4567.0,123
2026-03-25T04:37:00,4567.7998046875,4568.2998046875,4567.2998046875,4567.89990234375,45
2026-03-25T04:38:00,4568.60009765625,4571.2001953125,4568.60009765625,4571.2001953125,24
2026-03-25T04:39:00,4572.2998046875,4572.7001953125,4570.39990234375,4570.39990234375,53
2026-03-25T04:40:00,4570.2998046875,4571.89990234375,4570.2998046875,4571.39990234375,33
2026-03-25T04:41:00,4570.7998046875,4570.7998046875,4569.10009765625,4569.2998046875,21
2026-03-25T04:42:00,4569.39990234375,4570.7998046875,4569.39990234375,4570.60009765625,18
2026-03-25T04:43:00,4570.39990234375,4570.89990234375,4569.89990234375,4569.89990234375,52
2026-03-25T04:44:00,4569.5,4569.5,4567.89990234375,4568.2001953125,27
2026-03-25T04:45:00,4568.0,4568.60009765625,4566.2001953125,4566.7001953125,58
2026-03-25T04:46:00,4566.5,4567.5,4566.5,4567.5,10
2026-03-25T04:47:00,4567.2001953125,4568.7001953125,4567.2001953125,4568.7001953125,22
2026-03-25T04:48:00,4569.2001953125,4569.5,4567.89990234375,4567.89990234375,11
2026-03-25T04:49:00,4568.0,4569.0,4568.0,4568.7001953125,18
2026-03-25T04:50:00,4569.2998046875,4570.0,4568.7001953125,4569.60009765625,21
2026-03-25T04:51:00,4569.7001953125,4570.2001953125,4569.7001953125,4570.10009765625,28
2026-03-25T04:52:00,4569.7001953125,4569.89990234375,4568.0,4568.39990234375,17
2026-03-25T04:53:00,4567.7998046875,4568.39990234375,4567.7998046875,4568.39990234375,8
2026-03-25T04:54:00,4568.39990234375,4569.2001953125,4568.39990234375,4569.2001953125,29
2026-03-25T04:55:00,4568.89990234375,4569.7001953125,4568.5,4569.10009765625,27
2026-03-25T04:56:00,4569.7998046875,4572.2998046875,4569.7998046875,4571.2998046875,91
2026-03-25T04:57:00,4571.7001953125,4572.10009765625,4570.39990234375,4570.60009765625,27
2026-03-25T04:58:00,4570.7001953125,4570.89990234375,4569.7001953125,4570.89990234375,48
2026-03-25T04:59:00,4570.60009765625,4571.60009765625,4570.0,4571.2001953125,16
2026-03-25T05:00:00,4571.10009765625,4571.10009765625,4568.7998046875,4569.89990234375,74
2026-03-25T05:01:00,4569.7001953125,4570.2998046875,4568.60009765625,4568.7001953125,36
2026-03-25T05:02:00,4568.10009765625,4568.5,4566.7998046875,4568.5,28
2026-03-25T05:03:00,4568.10009765625,4568.60009765625,4565.7998046875,4566.5,87
2026-03-25T05:04:00,4566.60009765625,4567.5,4566.60009765625,4567.5,11
2026-03-25T05:05:00,4568.10009765625,4568.60009765625,4566.2998046875,4566.7001953125,33
2026-03-25T05:06:00,4566.7998046875,4568.60009765625,4566.7998046875,4567.7001953125,43
2026-03-25T05:07:00,4566.10009765625,4567.2001953125,4565.0,4566.5,48
2026-03-25T05:08:00,4566.89990234375,4570.0,4565.60009765625,4569.7001953125,106
2026-03-25T05:09:00,4570.0,4572.0,4569.10009765625,4570.10009765625,57
2026-03-25T05:10:00,4569.7998046875,4570.7001953125,4568.5,4569.0,71
2026-03-25T05:11:00,4569.0,4569.0,4567.5,4568.0,33
2026-03-25T05:12:00,4567.89990234375,4568.2998046875,4566.7001953125,4568.2998046875,55
2026-03-25T05:13:00,4567.7998046875,4569.0,4567.5,4569.0,16
2026-03-25T05:14:00,4568.5,4570.2001953125,4568.39990234375,4570.0,36
2026-03-25T05:15:00,4569.7998046875,4569.7998046875,4567.89990234375,4567.89990234375,19
2026-03-25T05:16:00,4568.0,4568.0,4565.0,4566.39990234375,86
2026-03-25T05:17:00,4565.5,4565.7998046875,4562.60009765625,4563.5,86
2026-03-25T05:18:00,4563.7001953125,4564.2998046875,4562.7998046875,4563.39990234375,57
2026-03-25T05:19:00,4563.10009765625,4563.7001953125,4562.7998046875,4562.89990234375,41
2026-03-25T05:20:00,4563.2001953125,4563.7001953125,4561.60009765625,4562.2001953125,91
2026-03-25T05:21:00,4562.10009765625,4562.2998046875,4559.10009765625,4559.7001953125,198
2026-03-25T05:22:00,4559.60009765625,4561.7998046875,4559.0,4561.2998046875,150
2026-03-25T05:23:00,4561.2998046875,4561.5,4560.0,4560.7998046875,60
2026-03-25T05:24:00,4561.10009765625,4561.2001953125,4559.7001953125,4561.2001953125,86
2026-03-25T05:25:00,4561.2001953125,4561.2001953125,4558.7998046875,4559.5,151
2026-03-25T05:26:00,4559.2998046875,4559.2998046875,4553.5,4557.2998046875,254
2026-03-25T05:27:00,4557.5,4558.5,4555.89990234375,4557.0,74
2026-03-25T05:28:00,4556.89990234375,4559.2001953125,4556.2998046875,4559.0,104
2026-03-25T05:29:00,4559.2998046875,4559.7998046875,4553.0,4554.10009765625,324
2026-03-25T05:30:00,4553.7001953125,4558.0,4552.5,4553.10009765625,339
2026-03-25T05:31:00,4553.10009765625,4555.2998046875,4552.39990234375,4554.7001953125,241
2026-03-25T05:32:00,4554.60009765625,4555.5,4546.7001953125,4554.89990234375,340
2026-03-25T05:33:00,4555.2001953125,4555.2998046875,4549.89990234375,4551.7998046875,123
2026-03-25T05:34:00,4551.89990234375,4555.39990234375,4551.5,4552.89990234375,65
2026-03-25T05:35:00,4552.0,4554.5,4550.5,4554.10009765625,85
2026-03-25T05:36:00,4554.0,4557.2001953125,4553.5,4556.5,86
2026-03-25T05:37:00,4556.39990234375,4559.39990234375,4556.10009765625,4557.5,158
2026-03-25T05:38:00,4557.7998046875,4558.0,4555.10009765625,4556.7998046875,64
2026-03-25T05:39:00,4557.10009765625,4558.2001953125,4556.2998046875,4558.2001953125,27
2026-03-25T05:40:00,4558.60009765625,4558.7998046875,4556.0,4556.7001953125,69
2026-03-25T05:41:00,4557.2001953125,4559.10009765625,4557.2001953125,4558.7001953125,67
2026-03-25T05:42:00,4559.0,4562.10009765625,4557.89990234375,4561.60009765625,112
2026-03-25T05:43:00,4561.7001953125,4565.0,4561.7001953125,4564.89990234375,137
2026-03-25T05:44:00,4564.7001953125,4566.5,4564.0,4565.5,109
2026-03-25T05:45:00,4565.89990234375,4566.10009765625,4562.60009765625,4563.10009765625,79
2026-03-25T05:46:00,4562.89990234375,4563.0,4561.39990234375,4562.5,57
2026-03-25T05:47:00,4562.89990234375,4565.2998046875,4562.89990234375,4564.7001953125,28
2026-03-25T05:48:00,4564.39990234375,4565.39990234375,4563.39990234375,4564.2001953125,66
2026-03-25T05:49:00,4564.10009765625,4564.10009765625,4558.39990234375,4558.39990234375,85
2026-03-25T05:50:00,4558.39990234375,4558.7001953125,4555.0,4555.2998046875,124
2026-03-25T05:51:00,4555.2001953125,4561.10009765625,4555.0,4561.10009765625,129
2026-03-25T05:52:00,4561.5,4564.2001953125,4561.10009765625,4562.89990234375,75
2026-03-25T05:53:00,4561.89990234375,4561.89990234375,4558.89990234375,4559.7001953125,114
2026-03-25T05:54:00,4559.10009765625,4559.7998046875,4557.89990234375,4558.5,90
2026-03-25T05:55:00,4557.89990234375,4558.5,4555.39990234375,4556.10009765625,80
2026-03-25T05:56:00,4556.39990234375,4556.7998046875,4553.5,4554.0,75
2026-03-25T05:57:00,4553.5,4555.10009765625,4553.0,4554.2998046875,152
2026-03-25T05:58:00,4554.5,4558.0,4554.2001953125,4558.0,176
2026-03-25T05:59:00,4558.39990234375,4558.39990234375,4554.2998046875,4555.0,43
2026-03-25T06:00:00,4555.0,4556.0,4553.39990234375,4554.2998046875,126
2026-03-25T06:01:00,4554.10009765625,4554.2001953125,4548.7001953125,4549.2001953125,163
2026-03-25T06:02:00,4549.2001953125,4549.7001953125,4545.5,4546.89990234375,242
2026-03-25T06:03:00,4547.2001953125,4550.7001953125,4546.7998046875,4550.2001953125,99
2026-03-25T06:04:00,4550.39990234375,4550.7998046875,4547.5,4549.0,37
2026-03-25T06:05:00,4548.7998046875,4550.89990234375,4546.2001953125,4546.7998046875,142
2026-03-25T06:06:00,4546.2998046875,4548.10009765625,4543.89990234375,4545.10009765625,142
2026-03-25T06:07:00,4545.7001953125,4547.2001953125,4544.7001953125,4545.7001953125,115
2026-03-25T06:08:00,4545.60009765625,4546.7998046875,4543.89990234375,4543.89990234375,125
2026-03-25T06:09:00,4544.60009765625,4544.60009765625,4538.10009765625,4539.5,299
2026-03-25T06:10:00,4539.89990234375,4544.5,4538.39990234375,4543.10009765625,120
2026-03-25T06:11:00,4543.2998046875,4546.10009765625,4541.7998046875,4544.10009765625,104
2026-03-25T06:12:00,4544.2998046875,4545.7998046875,4540.89990234375,4540.89990234375,79
2026-03-25T06:13:00,4541.2001953125,4541.2001953125,4536.2001953125,4536.5,184
2026-03-25T06:14:00,4535.89990234375,4535.89990234375,4532.5,4533.7998046875,392
2026-03-25T06:15:00,4534.10009765625,4541.10009765625,4533.7001953125,4540.89990234375,214
2026-03-25T06:16:00,4541.10009765625,4541.5,4538.7998046875,4541.2001953125,102
2026-03-25T06:17:00,4541.2001953125,4544.60009765625,4541.2001953125,4544.39990234375,118
2026-03-25T06:18:00,4544.2001953125,4548.5,4544.2001953125,4548.2001953125,165
2026-03-25T06:19:00,4548.0,4549.7998046875,4547.89990234375,4548.89990234375,138
2026-03-25T06:20:00,4548.89990234375,4552.0,4548.2998046875,4550.39990234375,113
2026-03-25T06:21:00,4550.39990234375,4552.2998046875,4550.10009765625,4550.10009765625,86
2026-03-25T06:22:00,4550.2998046875,4552.10009765625,4547.39990234375,4550.2001953125,116
2026-03-25T06:23:00,4550.10009765625,4551.89990234375,4549.7998046875,4551.89990234375,86
2026-03-25T06:24:00,4551.2001953125,4552.10009765625,4549.7998046875,4550.89990234375,100
2026-03-25T06:25:00,4551.2001953125,4552.0,4550.39990234375,4550.39990234375,99
2026-03-25T06:26:00,4550.39990234375,4551.2001953125,4549.2998046875,4550.10009765625,118
2026-03-25T06:27:00,4550.2001953125,4550.2001953125,4547.5,4548.10009765625,216
2026-03-25T06:28:00,4548.2001953125,4549.60009765625,4547.60009765625,4547.7998046875,321
2026-03-25T06:29:00,4548.10009765625,4550.60009765625,4548.10009765625,4549.7001953125,150
2026-03-25T06:30:00,4550.0,4553.7998046875,4549.60009765625,4553.39990234375,166
2026-03-25T06:31:00,4553.5,4555.10009765625,4553.10009765625,4553.10009765625,67
2026-03-25T06:32:00,4552.7001953125,4552.7001953125,4551.2001953125,4551.2001953125,137
2026-03-25T06:33:00,4552.2001953125,4556.10009765625,4552.2001953125,4554.10009765625,83
2026-03-25T06:34:00,4554.7998046875,4554.7998046875,4551.2998046875,4553.10009765625,58
2026-03-25T06:35:00,4552.7001953125,4552.7998046875,4552.0,4552.60009765625,36
2026-03-25T06:36:00,4551.89990234375,4552.2001953125,4551.2001953125,4551.7001953125,23
2026-03-25T06:37:00,4551.39990234375,4551.89990234375,4548.10009765625,4549.89990234375,227
2026-03-25T06:38:00,4549.60009765625,4549.60009765625,4546.5,4547.2998046875,100
2026-03-25T06:39:00,4547.7998046875,4549.60009765625,4545.7998046875,4545.7998046875,107
2026-03-25T06:40:00,4546.0,4546.60009765625,4544.39990234375,4546.39990234375,123
2026-03-25T06:41:00,4546.60009765625,4548.0,4544.60009765625,4544.60009765625,56
2026-03-25T06:42:00,4545.2998046875,4547.0,4543.89990234375,4544.2001953125,81
2026-03-25T06:43:00,4544.2998046875,4546.39990234375,4543.89990234375,4545.2001953125,50
2026-03-25T06:44:00,4545.2998046875,4548.0,4545.2998046875,4546.5,158
2026-03-25T06:45:00,4546.0,4547.60009765625,4546.0,4546.7998046875,129
2026-03-25T06:46:00,4546.2998046875,4546.7001953125,4543.0,4545.2998046875,189
2026-03-25T06:47:00,4545.60009765625,4548.60009765625,4544.2001953125,4548.60009765625,156
2026-03-25T06:48:00,4548.2998046875,4550.10009765625,4548.2998046875,4549.7001953125,106
2026-03-25T06:49:00,4549.2001953125,4549.2001953125,4546.60009765625,4547.0,48
2026-03-25T06:50:00,4547.2998046875,4547.60009765625,4545.7998046875,4547.5,46
2026-03-25T06:51:00,4547.2001953125,4549.10009765625,4546.60009765625,4548.7001953125,39
2026-03-25T06:52:00,4548.89990234375,4549.2001953125,4545.89990234375,4548.2998046875,85
2026-03-25T06:53:00,4547.89990234375,4549.0,4546.2001953125,4547.60009765625,115
2026-03-25T06:54:00,4548.0,4548.2001953125,4546.39990234375,4547.0,130
2026-03-25T06:55:00,4547.5,4547.89990234375,4545.0,4545.39990234375,115
2026-03-25T06:56:00,4546.0,4548.39990234375,4545.7001953125,4546.39990234375,173
2026-03-25T06:57:00,4546.60009765625,4547.5,4544.60009765625,4544.89990234375,162
2026-03-25T06:58:00,4545.10009765625,4545.2998046875,4543.60009765625,4543.89990234375,78
2026-03-25T06:59:00,4544.2998046875,4544.60009765625,4541.89990234375,4543.7998046875,63
2026-03-25T07:00:00,4543.89990234375,4546.7998046875,4543.39990234375,4546.5,169
2026-03-25T07:01:00,4546.0,4547.89990234375,4544.39990234375,4546.7001953125,79
2026-03-25T07:02:00,4546.0,4547.5,4545.89990234375,4547.0,49
2026-03-25T07:03:00,4546.60009765625,4548.2001953125,4546.60009765625,4547.60009765625,111
2026-03-25T07:04:00,4547.10009765625,4549.2001953125,4546.7998046875,4546.7998046875,92
2026-03-25T07:05:00,4547.60009765625,4549.2001953125,4547.5,4547.7001953125,75
2026-03-25T07:06:00,4547.2001953125,4548.2998046875,4546.60009765625,4547.5,38
2026-03-25T07:07:00,4547.5,4548.89990234375,4546.7998046875,4548.7001953125,37
2026-03-25T07:08:00,4548.89990234375,4550.2001953125,4548.7001953125,4550.10009765625,207
2026-03-25T07:09:00,4550.0,4550.89990234375,4549.2001953125,4549.7001953125,187
2026-03-25T07:10:00,4549.2998046875,4552.39990234375,4548.89990234375,4551.7001953125,205
2026-03-25T07:11:00,4551.7998046875,4551.89990234375,4548.7998046875,4549.2001953125,191
2026-03-25T07:12:00,4548.7998046875,4550.7998046875,4548.10009765625,4550.5,90
2026-03-25T07:13:00,4550.60009765625,4552.60009765625,4549.7998046875,4552.5,150
2026-03-25T07:14:00,4552.10009765625,4557.7001953125,4552.0,4555.39990234375,247
2026-03-25T07:15:00,4555.10009765625,4557.39990234375,4554.7998046875,4556.60009765625,128
2026-03-25T07:16:00,4556.7998046875,4558.5,4555.5,4558.39990234375,239
2026-03-25T07:17:00,4558.0,4559.5,4557.89990234375,4559.2001953125,134
2026-03-25T07:18:00,4559.10009765625,4561.0,4559.0,4560.7001953125,249
2026-03-25T07:19:00,4560.5,4561.0,4559.5,4560.7001953125,92
2026-03-25T07:20:00,4560.5,4561.5,4560.5,4561.10009765625,257
2026-03-25T07:21:00,4561.10009765625,4561.7998046875,4557.60009765625,4558.2001953125,205
2026-03-25T07:22:00,4557.7998046875,4558.7001953125,4556.39990234375,4556.39990234375,149
2026-03-25T07:23:00,4556.2998046875,4557.0,4554.39990234375,4556.89990234375,120
2026-03-25T07:24:00,4557.10009765625,4557.2001953125,4554.39990234375,4555.7998046875,103
2026-03-25T07:25:00,4555.60009765625,4558.0,4554.5,4555.7998046875,159
2026-03-25T07:26:00,4555.7998046875,4559.39990234375,4555.7998046875,4559.2001953125,188
2026-03-25T07:27:00,4558.60009765625,4561.39990234375,4558.10009765625,4558.7001953125,216
2026-03-25T07:28:00,4559.2998046875,4559.5,4557.2001953125,4557.39990234375,191
2026-03-25T07:29:00,4557.5,4559.7001953125,4556.2001953125,4559.5,140
2026-03-25T07:30:00,4559.7998046875,4559.7998046875,4553.7998046875,4554.10009765625,148
2026-03-25T07:31:00,4554.2998046875,4555.7998046875,4552.7001953125,4553.89990234375,167
2026-03-25T07:32:00,4554.0,4554.7998046875,4552.39990234375,4553.60009765625,209
2026-03-25T07:33:00,4553.89990234375,4555.60009765625,4553.0,4553.7998046875,209
2026-03-25T07:34:00,4553.0,4555.5,4552.7998046875,4554.10009765625,121
2026-03-25T07:35:00,4553.7998046875,4553.89990234375,4547.0,4549.2001953125,312
2026-03-25T07:36:00,4548.7998046875,4548.7998046875,4543.5,4544.10009765625,242
2026-03-25T07:37:00,4544.39990234375,4546.0,4541.5,4541.7998046875,139
2026-03-25T07:38:00,4542.2998046875,4546.0,4541.7998046875,4545.2998046875,142
2026-03-25T07:39:00,4545.10009765625,4546.7998046875,4544.60009765625,4546.2001953125,102
2026-03-25T07:40:00,4546.60009765625,4550.89990234375,4545.60009765625,4550.7998046875,182
2026-03-25T07:41:00,4550.7998046875,4551.89990234375,4549.7001953125,4551.2998046875,64
2026-03-25T07:42:00,4551.10009765625,4551.5,4550.2001953125,4551.2001953125,68
2026-03-25T07:43:00,4551.10009765625,4551.10009765625,4547.7001953125,4548.2001953125,63
2026-03-25T07:44:00,4547.60009765625,4548.10009765625,4546.0,4546.0,134
2026-03-25T07:45:00,4546.0,4549.39990234375,4545.89990234375,4548.0,131
2026-03-25T07:46:00,4547.7998046875,4547.7998046875,4543.10009765625,4544.39990234375,256
2026-03-25T07:47:00,4544.10009765625,4545.2001953125,4542.60009765625,4543.10009765625,189
2026-03-25T07:48:00,4543.2998046875,4543.2998046875,4539.10009765625,4541.2998046875,361
2026-03-25T07:49:00,4541.2998046875,4545.0,4541.2001953125,4543.7998046875,158
2026-03-25T07:50:00,4543.89990234375,4545.60009765625,4543.2001953125,4545.10009765625,128
2026-03-25T07:51:00,4545.5,4545.7998046875,4544.60009765625,4545.7998046875,51
2026-03-25T07:52:00,4545.7001953125,4545.89990234375,4545.2998046875,4545.7001953125,36
2026-03-25T07:53:00,4545.2001953125,4545.2998046875,4542.2998046875,4542.60009765625,61
2026-03-25T07:54:00,4542.0,4545.7998046875,4542.0,4544.10009765625,75
2026-03-25T07:55:00,4544.10009765625,4544.89990234375,4543.0,4543.7001953125,75
2026-03-25T07:56:00,4543.7001953125,4544.0,4540.7001953125,4541.60009765625,114
2026-03-25T07:57:00,4541.2001953125,4541.2001953125,4537.2001953125,4538.0,681
2026-03-25T07:58:00,4538.0,4538.2998046875,4536.7001953125,4537.7998046875,219
2026-03-25T07:59:00,4537.5,4540.0,4536.89990234375,4539.0,223
2026-03-25T08:00:00,4539.2001953125,4540.2001953125,4537.0,4539.2001953125,200
2026-03-25T08:01:00,4540.2001953125,4540.2001953125,4535.60009765625,4538.0,199
2026-03-25T08:02:00,4537.89990234375,4547.89990234375,4537.89990234375,4546.5,387
2026-03-25T08:03:00,4546.60009765625,4549.2998046875,4545.7998046875,4547.2001953125,249
2026-03-25T08:04:00,4546.7001953125,4548.0,4544.7001953125,4545.39990234375,216
2026-03-25T08:05:00,4545.89990234375,4549.2001953125,4545.60009765625,4548.2998046875,158
2026-03-25T08:06:00,4548.2001953125,4549.0,4543.89990234375,4548.89990234375,264
2026-03-25T08:07:00,4548.60009765625,4549.0,4546.2001953125,4547.7001953125,66
2026-03-25T08:08:00,4548.0,4555.0,4548.0,4553.39990234375,270
2026-03-25T08:09:00,4553.60009765625,4554.7001953125,4548.5,4550.2998046875,152
2026-03-25T08:10:00,4551.2001953125,4557.5,4549.89990234375,4556.7998046875,97
2026-03-25T08:11:00,4557.39990234375,4558.10009765625,4554.39990234375,4556.0,170
2026-03-25T08:12:00,4557.2001953125,4558.7001953125,4556.7001953125,4558.0,175
2026-03-25T08:13:00,4558.0,4559.0,4553.7998046875,4554.7001953125,184
2026-03-25T08:14:00,4554.0,4558.2001953125,4553.10009765625,4558.2001953125,118
2026-03-25T08:15:00,4558.2998046875,4564.0,4556.89990234375,4563.2001953125,228
2026-03-25T08:16:00,4563.89990234375,4564.10009765625,4562.10009765625,4563.2998046875,313
2026-03-25T08:17:00,4563.2001953125,4563.2001953125,4560.89990234375,4560.89990234375,143
2026-03-25T08:18:00,4560.39990234375,4561.7001953125,4558.7998046875,4560.10009765625,131
2026-03-25T08:19:00,4560.10009765625,4563.0,4558.89990234375,4563.0,243
2026-03-25T08:20:00,4562.60009765625,4566.60009765625,4562.60009765625,4566.5,322
2026-03-25T08:21:00,4566.60009765625,4568.7001953125,4562.39990234375,4563.7998046875,353
2026-03-25T08:22:00,4563.7998046875,4566.2001953125,4562.7001953125,4563.5,275
2026-03-25T08:23:00,4564.0,4565.89990234375,4562.60009765625,4562.60009765625,46
2026-03-25T08:24:00,4563.2001953125,4564.60009765625,4561.60009765625,4562.10009765625,98
2026-03-25T08:25:00,4562.10009765625,4563.2998046875,4560.7998046875,4562.5,80
2026-03-25T08:26:00,4562.89990234375,4565.60009765625,4562.7998046875,4565.2998046875,103
2026-03-25T08:27:00,4565.0,4565.0,4563.2001953125,4563.60009765625,87
2026-03-25T08:28:00,4564.5,4565.89990234375,4564.39990234375,4565.2998046875,50
2026-03-25T08:29:00,4565.7001953125,4567.10009765625,4564.2998046875,4565.2998046875,128
2026-03-25T08:30:00,4565.10009765625,4565.89990234375,4562.89990234375,4562.89990234375,92
2026-03-25T08:31:00,4564.2998046875,4567.0,4564.2998046875,4566.0,156
2026-03-25T08:32:00,4565.60009765625,4565.89990234375,4562.89990234375,4563.89990234375,106
2026-03-25T08:33:00,4563.5,4566.7001953125,4563.2998046875,4565.39990234375,76
2026-03-25T08:34:00,4564.89990234375,4566.0,4564.39990234375,4566.0,63
2026-03-25T08:35:00,4565.60009765625,4565.60009765625,4563.2001953125,4563.60009765625,165
2026-03-25T08:36:00,4563.7998046875,4564.0,4553.10009765625,4555.7001953125,339
2026-03-25T08:37:00,4555.39990234375,4560.39990234375,4554.60009765625,4557.39990234375,275
2026-03-25T08:38:00,4558.10009765625,4564.7998046875,4558.10009765625,4564.7001953125,81
2026-03-25T08:39:00,4565.10009765625,4565.7001953125,4561.60009765625,4563.0,119
2026-03-25T08:40:00,4562.7001953125,4566.5,4561.7998046875,4565.89990234375,128
2026-03-25T08:41:00,4566.0,4567.5,4563.2001953125,4564.10009765625,207
2026-03-25T08:42:00,4564.2001953125,4566.89990234375,4563.39990234375,4565.7998046875,107
2026-03-25T08:43:00,4566.39990234375,4566.89990234375,4564.7001953125,4565.0,134
2026-03-25T08:44:00,4565.2001953125,4566.2998046875,4564.0,4564.7001953125,101
2026-03-25T08:45:00,4565.0,4565.2001953125,4562.0,4564.60009765625,97
2026-03-25T08:46:00,4564.89990234375,4566.2001953125,4563.60009765625,4563.60009765625,69
2026-03-25T08:47:00,4564.2998046875,4567.2001953125,4561.7998046875,4564.2998046875,178
2026-03-25T08:48:00,4563.7998046875,4564.60009765625,4562.2998046875,4563.39990234375,89
2026-03-25T08:49:00,4563.39990234375,4565.39990234375,4562.2001953125,4564.0,114
2026-03-25T08:50:00,4564.2998046875,4564.5,4561.7998046875,4562.5,771
2026-03-25T08:51:00,4562.7001953125,4563.39990234375,4559.7998046875,4562.60009765625,268
2026-03-25T08:52:00,4563.0,4566.89990234375,4562.10009765625,4562.89990234375,194
2026-03-25T08:53:00,4562.89990234375,4564.0,4562.0,4563.5,101
2026-03-25T08:54:00,4563.60009765625,4563.7001953125,4558.5,4558.5,100
2026-03-25T08:55:00,4558.5,4561.0,4558.10009765625,4560.60009765625,169
2026-03-25T08:56:00,4560.0,4560.10009765625,4557.2001953125,4559.89990234375,100
2026-03-25T08:57:00,4559.39990234375,4560.7998046875,4556.5,4557.2001953125,124
2026-03-25T08:58:00,4557.89990234375,4557.89990234375,4555.2001953125,4555.2001953125,129
2026-03-25T08:59:00,4555.5,4556.89990234375,4554.5,4555.60009765625,125
2026-03-25T09:00:00,4555.7001953125,4556.89990234375,4553.5,4554.0,174
2026-03-25T09:01:00,4554.10009765625,4560.39990234375,4554.10009765625,4559.7001953125,223
2026-03-25T09:02:00,4560.2001953125,4564.5,4560.2001953125,4562.39990234375,104
2026-03-25T09:03:00,4562.89990234375,4564.0,4561.7001953125,4563.5,112
2026-03-25T09:04:00,4563.10009765625,4564.2998046875,4562.0,4562.2998046875,47
2026-03-25T09:05:00,4562.60009765625,4565.0,4562.60009765625,4564.2998046875,50
2026-03-25T09:06:00,4564.39990234375,4566.2001953125,4561.7001953125,4561.7001953125,94
2026-03-25T09:07:00,4561.39990234375,4567.0,4561.10009765625,4566.0,96
2026-03-25T09:08:00,4566.39990234375,4566.60009765625,4561.2001953125,4561.60009765625,66
2026-03-25T09:09:00,4561.89990234375,4562.39990234375,4559.7998046875,4561.5,66
2026-03-25T09:10:00,4562.0,4565.39990234375,4561.5,4563.60009765625,160
2026-03-25T09:11:00,4564.0,4564.39990234375,4560.7998046875,4561.7001953125,85
2026-03-25T09:12:00,4561.39990234375,4561.39990234375,4558.60009765625,4559.7001953125,55
2026-03-25T09:13:00,4559.0,4561.10009765625,4558.2998046875,4559.39990234375,135
2026-03-25T09:14:00,4559.7998046875,4562.10009765625,4559.39990234375,4561.39990234375,93
2026-03-25T09:15:00,4561.10009765625,4563.7998046875,4561.10009765625,4563.2001953125,63
2026-03-25T09:16:00,4563.7001953125,4564.2001953125,4562.2998046875,4562.39990234375,165
2026-03-25T09:17:00,4562.39990234375,4563.10009765625,4560.89990234375,4560.89990234375,97
2026-03-25T09:18:00,4561.39990234375,4563.2001953125,4561.39990234375,4563.2001953125,88
2026-03-25T09:19:00,4563.10009765625,4564.2998046875,4561.89990234375,4563.2998046875,76
2026-03-25T09:20:00,4562.60009765625,4565.10009765625,4562.2001953125,4563.10009765625,91
2026-03-25T09:21:00,4563.89990234375,4565.10009765625,4562.39990234375,4562.7998046875,87
2026-03-25T09:22:00,4563.10009765625,4563.10009765625,4561.5,4561.7998046875,24
2026-03-25T09:23:00,4562.10009765625,4562.5,4555.7998046875,4557.2998046875,113
2026-03-25T09:24:00,4556.89990234375,4559.7998046875,4554.0,4554.60009765625,208
2026-03-25T09:25:00,4554.89990234375,4557.2998046875,4553.60009765625,4554.0,153
2026-03-25T09:26:00,4553.7998046875,4555.89990234375,4553.60009765625,4555.89990234375,79
2026-03-25T09:27:00,4556.0,4558.0,4556.0,4558.0,149
2026-03-25T09:28:00,4557.7001953125,4559.5,4557.7001953125,4557.7998046875,29
2026-03-25T09:29:00,4557.60009765625,4557.60009765625,4555.0,4557.39990234375,116
2026-03-25T09:30:00,4556.89990234375,4558.2998046875,4555.89990234375,4558.2001953125,57
2026-03-25T09:31:00,4557.5,4559.2001953125,4555.7998046875,4559.2001953125,116
2026-03-25T09:32:00,4558.7998046875,4559.0,4556.0,4556.2001953125,80
2026-03-25T09:33:00,4556.2001953125,4558.0,4553.7998046875,4555.60009765625,86
2026-03-25T09:34:00,4555.2001953125,4556.2998046875,4554.89990234375,4555.2998046875,104
2026-03-25T09:35:00,4554.7998046875,4557.7001953125,4554.2001953125,4557.10009765625,71
2026-03-25T09:36:00,4557.5,4558.0,4556.10009765625,4556.89990234375,328
2026-03-25T09:37:00,4556.60009765625,4558.0,4552.2001953125,4553.89990234375,216
2026-03-25T09:38:00,4553.5,4553.7001953125,4549.60009765625,4552.10009765625,188
2026-03-25T09:39:00,4552.2998046875,4554.5,4552.0,4554.10009765625,90
2026-03-25T09:40:00,4553.89990234375,4555.2001953125,4552.60009765625,4553.7998046875,115
2026-03-25T09:41:00,4553.7998046875,4556.2998046875,4552.7998046875,4556.0,165
2026-03-25T09:42:00,4555.60009765625,4556.2998046875,4551.0,4551.60009765625,202
2026-03-25T09:43:00,4552.0,4553.2998046875,4549.0,4549.0,250
2026-03-25T09:44:00,4549.2001953125,4550.60009765625,4547.39990234375,4549.2998046875,383
2026-03-25T09:45:00,4549.0,4549.7998046875,4543.7998046875,4543.89990234375,242
2026-03-25T09:46:00,4544.5,4545.2998046875,4540.0,4540.60009765625,379
2026-03-25T09:47:00,4540.7001953125,4540.89990234375,4536.2998046875,4537.0,304
2026-03-25T09:48:00,4537.2998046875,4538.7001953125,4525.7001953125,4538.2998046875,828
2026-03-25T09:49:00,4537.89990234375,4541.2001953125,4534.5,4536.2001953125,323
2026-03-25T09:50:00,4536.2998046875,4540.5,4535.89990234375,4540.2998046875,237
2026-03-25T09:51:00,4541.10009765625,4542.2001953125,4539.2001953125,4541.2998046875,211
2026-03-25T09:52:00,4541.39990234375,4542.2998046875,4541.10009765625,4541.7998046875,111
2026-03-25T09:53:00,4542.2001953125,4544.7001953125,4541.10009765625,4544.2001953125,1181
2026-03-25T09:54:00,4544.0,4546.7001953125,4543.7001953125,4546.39990234375,126
2026-03-25T09:55:00,4546.7001953125,4550.2001953125,4546.7001953125,4549.2001953125,156
2026-03-25T09:56:00,4549.2001953125,4551.2001953125,4548.0,4548.2001953125,192
2026-03-25T09:57:00,4548.2001953125,4549.2998046875,4546.2998046875,4548.39990234375,108
2026-03-25T09:58:00,4548.5,4548.5,4543.60009765625,4546.5,154
2026-03-25T09:59:00,4546.10009765625,4553.5,4545.89990234375,4550.39990234375,391
2026-03-25T10:00:00,4550.7001953125,4554.39990234375,4549.60009765625,4554.2998046875,189
2026-03-25T10:01:00,4553.89990234375,4559.2001953125,4553.89990234375,4558.39990234375,291
2026-03-25T10:02:00,4558.2998046875,4559.2001953125,4556.2001953125,4558.60009765625,168
2026-03-25T10:03:00,4559.2001953125,4559.2001953125,4557.7998046875,4558.0,139
2026-03-25T10:04:00,4557.60009765625,4558.2001953125,4555.2998046875,4557.39990234375,622
2026-03-25T10:05:00,4557.7001953125,4558.2001953125,4555.7998046875,4557.10009765625,236
2026-03-25T10:06:00,4557.5,4557.7001953125,4556.0,4556.39990234375,159
2026-03-25T10:07:00,4556.2001953125,4557.60009765625,4556.2001953125,4557.2001953125,94
2026-03-25T10:08:00,4557.2001953125,4557.2001953125,4555.5,4555.7998046875,60
2026-03-25T10:09:00,4555.7998046875,4556.0,4555.2001953125,4555.7001953125,33
2026-03-25T10:10:00,4555.60009765625,4555.60009765625,4553.60009765625,4554.10009765625,78
2026-03-25T10:11:00,4554.10009765625,4555.39990234375,4553.60009765625,4555.39990234375,51
2026-03-25T10:12:00,4555.39990234375,4557.0,4554.7998046875,4555.0,36
2026-03-25T10:13:00,4554.7001953125,4555.60009765625,4554.0,4554.7998046875,41
2026-03-25T10:14:00,4554.0,4554.2998046875,4552.5,4553.39990234375,35
2026-03-25T10:15:00,4553.2001953125,4553.39990234375,4551.39990234375,4552.0,122
2026-03-25T10:16:00,4551.60009765625,4553.2998046875,4550.2998046875,4552.7001953125,49
2026-03-25T10:17:00,4552.39990234375,4553.7001953125,4551.39990234375,4553.7001953125,32
2026-03-25T10:18:00,4553.89990234375,4554.5,4553.10009765625,4554.0,56
2026-03-25T10:19:00,4554.10009765625,4556.60009765625,4554.10009765625,4554.89990234375,45
2026-03-25T10:20:00,4554.5,4555.7998046875,4553.89990234375,4554.0,29
2026-03-25T10:21:00,4554.10009765625,4554.7998046875,4553.2001953125,4554.5,162
2026-03-25T10:22:00,4554.2998046875,4557.0,4554.10009765625,4554.60009765625,60
2026-03-25T10:23:00,4554.39990234375,4554.39990234375,4552.39990234375,4553.5,74
2026-03-25T10:24:00,4553.10009765625,4553.60009765625,4551.60009765625,4552.60009765625,62
2026-03-25T10:25:00,4552.39990234375,4554.0,4552.39990234375,4553.2001953125,428
2026-03-25T10:26:00,4552.7001953125,4555.2001953125,4552.7001953125,4554.7998046875,55
2026-03-25T10:27:00,4554.0,4554.0,4551.2998046875,4552.2998046875,67
2026-03-25T10:28:00,4552.39990234375,4556.89990234375,4552.2001953125,4555.89990234375,140
2026-03-25T10:29:00,4555.89990234375,4556.10009765625,4553.7001953125,4554.10009765625,72
2026-03-25T10:30:00,4553.7001953125,4555.7001953125,4552.7998046875,4554.39990234375,250
2026-03-25T10:31:00,4554.7998046875,4555.5,4553.60009765625,4555.2998046875,77
2026-03-25T10:32:00,4555.2998046875,4555.2998046875,4552.10009765625,4552.7001953125,87
2026-03-25T10:33:00,4553.0,4553.60009765625,4551.60009765625,4553.0,82
2026-03-25T10:34:00,4552.7001953125,4554.2001953125,4552.0,4552.2001953125,44
2026-03-25T10:35:00,4552.0,4553.0,4549.5,4552.7001953125,133
2026-03-25T10:36:00,4552.5,4554.2001953125,4551.7001953125,4554.2001953125,60
2026-03-25T10:37:00,4554.5,4556.2998046875,4552.7998046875,4556.2998046875,86
2026-03-25T10:38:00,4556.2998046875,4557.0,4555.60009765625,4557.0,50
2026-03-25T10:39:00,4556.89990234375,4557.60009765625,4554.89990234375,4555.0,52
2026-03-25T10:40:00,4554.5,4554.7001953125,4552.10009765625,4553.39990234375,50
2026-03-25T10:41:00,4553.7001953125,4556.7001953125,4553.39990234375,4555.39990234375,45
2026-03-25T10:42:00,4555.7001953125,4555.7998046875,4553.7001953125,4553.7001953125,47
2026-03-25T10:43:00,4553.5,4553.5,4550.5,4550.5,61
2026-03-25T10:44:00,4550.7998046875,4552.5,4550.2001953125,4550.89990234375,65
2026-03-25T10:45:00,4550.60009765625,4553.0,4550.2001953125,4550.60009765625,77
2026-03-25T10:46:00,4551.2998046875,4554.2001953125,4551.2001953125,4553.5,89
2026-03-25T10:47:00,4552.89990234375,4554.7001953125,4552.89990234375,4554.7001953125,67
2026-03-25T10:48:00,4554.2998046875,4554.2998046875,4551.39990234375,4552.5,48
2026-03-25T10:49:00,4553.39990234375,4556.5,4553.39990234375,4556.10009765625,71
2026-03-25T10:50:00,4555.89990234375,4559.39990234375,4555.2001953125,4558.7998046875,181
2026-03-25T10:51:00,4558.60009765625,4559.10009765625,4557.60009765625,4558.10009765625,102
2026-03-25T10:52:00,4558.2001953125,4559.39990234375,4558.10009765625,4559.0,73
2026-03-25T10:53:00,4559.2998046875,4559.39990234375,4558.7001953125,4559.39990234375,98
2026-03-25T10:54:00,4559.2001953125,4561.2998046875,4558.60009765625,4560.0,185
2026-03-25T10:55:00,4560.10009765625,4560.2998046875,4558.2998046875,4558.39990234375,88
2026-03-25T10:56:00,4558.5,4559.39990234375,4557.7001953125,4559.39990234375,46
2026-03-25T10:57:00,4559.39990234375,4560.2001953125,4558.2001953125,4558.39990234375,90
2026-03-25T10:58:00,4557.89990234375,4558.60009765625,4556.5,4557.0,79
2026-03-25T10:59:00,4557.39990234375,4557.7998046875,4557.10009765625,4557.10009765625,18
2026-03-25T11:00:00,4557.5,4557.89990234375,4554.60009765625,4557.2998046875,106
2026-03-25T11:01:00,4557.0,4561.39990234375,4557.0,4561.10009765625,68
2026-03-25T11:02:00,4561.7001953125,4562.2001953125,4560.10009765625,4561.7998046875,51
2026-03-25T11:03:00,4561.60009765625,4562.0,4560.2001953125,4560.2001953125,24
2026-03-25T11:04:00,4560.89990234375,4564.7998046875,4560.89990234375,4564.7998046875,68
2026-03-25T11:05:00,4564.89990234375,4567.7001953125,4564.7001953125,4565.60009765625,140
2026-03-25T11:06:00,4566.0,4567.39990234375,4566.0,4567.10009765625,101
2026-03-25T11:07:00,4566.60009765625,4567.7001953125,4566.2001953125,4567.39990234375,79
2026-03-25T11:08:00,4567.10009765625,4568.0,4566.2998046875,4567.39990234375,192
2026-03-25T11:09:00,4566.89990234375,4567.39990234375,4565.7998046875,4566.2001953125,152
2026-03-25T11:10:00,4566.10009765625,4566.39990234375,4563.0,4563.5,76
2026-03-25T11:11:00,4563.7998046875,4564.0,4560.7001953125,4561.39990234375,106
2026-03-25T11:12:00,4561.39990234375,4564.2001953125,4561.39990234375,4563.7998046875,85
2026-03-25T11:13:00,4563.7001953125,4565.39990234375,4563.7001953125,4565.39990234375,46
2026-03-25T11:14:00,4565.89990234375,4567.39990234375,4565.89990234375,4566.39990234375,56
2026-03-25T11:15:00,4566.5,4567.39990234375,4564.60009765625,4564.60009765625,130
2026-03-25T11:16:00,4564.7001953125,4566.10009765625,4564.39990234375,4565.39990234375,67
2026-03-25T11:17:00,4564.7998046875,4564.89990234375,4563.2001953125,4563.60009765625,36
2026-03-25T11:18:00,4563.60009765625,4566.10009765625,4563.2001953125,4566.10009765625,56
2026-03-25T11:19:00,4566.10009765625,4566.89990234375,4565.7001953125,4566.2001953125,27
2026-03-25T11:20:00,4566.2998046875,4567.10009765625,4565.10009765625,4567.0,79
2026-03-25T11:21:00,4567.0,4567.89990234375,4565.5,4566.7001953125,217
2026-03-25T11:22:00,4566.7001953125,4576.5,4566.7001953125,4575.89990234375,585
2026-03-25T11:23:00,4576.39990234375,4581.2001953125,4575.7998046875,4580.2998046875,283
2026-03-25T11:24:00,4580.0,4580.39990234375,4578.2001953125,4580.39990234375,114
2026-03-25T11:25:00,4580.5,4581.2001953125,4578.7001953125,4580.39990234375,649
2026-03-25T11:26:00,4580.7998046875,4580.7998046875,4576.60009765625,4576.60009765625,242
2026-03-25T11:27:00,4576.2998046875,4578.2001953125,4575.2998046875,4578.2001953125,343
2026-03-25T11:28:00,4577.89990234375,4581.39990234375,4577.89990234375,4579.60009765625,96
2026-03-25T11:29:00,4578.89990234375,4580.10009765625,4577.2998046875,4578.10009765625,124
2026-03-25T11:30:00,4578.39990234375,4583.0,4578.39990234375,4582.39990234375,150
2026-03-25T11:31:00,4582.2998046875,4583.10009765625,4580.2001953125,4580.60009765625,98
2026-03-25T11:32:00,4581.0,4582.5,4580.7001953125,4580.7001953125,86
2026-03-25T11:33:00,4580.7001953125,4581.7998046875,4580.0,4580.5,65
2026-03-25T11:34:00,4580.10009765625,4582.0,4579.39990234375,4581.5,61
2026-03-25T11:35:00,4581.39990234375,4581.89990234375,4581.0,4581.39990234375,181
2026-03-25T11:36:00,4581.2001953125,4586.2001953125,4581.10009765625,4582.7998046875,498
2026-03-25T11:37:00,4583.0,4584.89990234375,4582.5,4582.7001953125,119
2026-03-25T11:38:00,4583.10009765625,4583.5,4580.39990234375,4582.0,112
2026-03-25T11:39:00,4582.39990234375,4583.5,4581.2998046875,4582.0,71
2026-03-25T11:40:00,4581.89990234375,4581.89990234375,4580.0,4581.10009765625,89
2026-03-25T11:41:00,4581.0,4582.7998046875,4581.0,4582.5,55
2026-03-25T11:42:00,4582.5,4583.5,4580.5,4580.7998046875,102
2026-03-25T11:43:00,4581.0,4583.0,4580.10009765625,4582.39990234375,101
2026-03-25T11:44:00,4582.60009765625,4582.60009765625,4580.60009765625,4582.10009765625,92
2026-03-25T11:45:00,4582.39990234375,4582.60009765625,4579.7001953125,4580.39990234375,56
2026-03-25T11:46:00,4580.2001953125,4581.5,4579.10009765625,4580.7001953125,108
2026-03-25T11:47:00,4580.60009765625,4581.2998046875,4571.7998046875,4572.39990234375,345
2026-03-25T11:48:00,4572.2998046875,4577.2001953125,4571.89990234375,4574.39990234375,245
2026-03-25T11:49:00,4573.60009765625,4576.2998046875,4573.39990234375,4576.2998046875,310
2026-03-25T11:50:00,4576.39990234375,4576.39990234375,4572.0,4572.0,140
2026-03-25T11:51:00,4572.60009765625,4574.39990234375,4571.2001953125,4573.60009765625,152
2026-03-25T11:52:00,4573.89990234375,4574.5,4571.2998046875,4573.0,130
2026-03-25T11:53:00,4574.2001953125,4576.5,4573.89990234375,4573.89990234375,216
2026-03-25T11:54:00,4574.2001953125,4576.7998046875,4572.89990234375,4576.39990234375,57
2026-03-25T11:55:00,4576.2998046875,4577.7001953125,4575.7001953125,4576.7001953125,94
2026-03-25T11:56:00,4576.2998046875,4577.5,4575.2998046875,4575.7001953125,50
2026-03-25T11:57:00,4576.2998046875,4577.10009765625,4575.7998046875,4576.0,60
2026-03-25T11:58:00,4575.10009765625,4575.7998046875,4574.2001953125,4574.7001953125,35
2026-03-25T11:59:00,4575.10009765625,4578.2001953125,4574.7001953125,4577.39990234375,85
2026-03-25T12:00:00,4577.7998046875,4582.0,4577.2001953125,4579.10009765625,237
2026-03-25T12:01:00,4579.7001953125,4582.2001953125,4578.60009765625,4580.5,136
2026-03-25T12:02:00,4580.5,4581.7998046875,4579.2001953125,4579.5,153
2026-03-25T12:03:00,4579.2998046875,4579.2998046875,4577.2001953125,4578.7998046875,90
2026-03-25T12:04:00,4578.89990234375,4579.2998046875,4577.10009765625,4577.2998046875,53
2026-03-25T12:05:00,4577.0,4577.7998046875,4571.7001953125,4572.0,167
2026-03-25T12:06:00,4571.89990234375,4579.5,4571.7001953125,4579.5,179
2026-03-25T12:07:00,4579.10009765625,4581.7998046875,4578.89990234375,4581.7001953125,285
2026-03-25T12:08:00,4581.7001953125,4582.5,4579.5,4580.7998046875,122
2026-03-25T12:09:00,4580.2998046875,4580.89990234375,4579.5,4579.5,96
2026-03-25T12:10:00,4579.2001953125,4581.10009765625,4577.7001953125,4578.7998046875,121
2026-03-25T12:11:00,4579.2998046875,4581.89990234375,4579.10009765625,4581.5,87
2026-03-25T12:12:00,4581.7001953125,4582.2998046875,4578.7001953125,4580.2998046875,175
2026-03-25T12:13:00,4580.10009765625,4580.5,4576.2001953125,4576.2998046875,353
2026-03-25T12:14:00,4576.2001953125,4577.7001953125,4576.10009765625,4576.2001953125,91
2026-03-25T12:15:00,4576.2998046875,4577.7998046875,4572.89990234375,4573.10009765625,156
2026-03-25T12:16:00,4573.10009765625,4573.7001953125,4563.2998046875,4564.0,689
2026-03-25T12:17:00,4564.39990234375,4566.60009765625,4562.10009765625,4562.10009765625,220
2026-03-25T12:18:00,4562.10009765625,4568.0,4562.10009765625,4564.2998046875,220
2026-03-25T12:19:00,4563.89990234375,4564.7998046875,4561.2998046875,4561.89990234375,176
2026-03-25T12:20:00,4561.39990234375,4565.5,4558.60009765625,4565.0,661
2026-03-25T12:21:00,4564.2998046875,4565.2998046875,4562.0,4563.2998046875,183
2026-03-25T12:22:00,4563.7001953125,4566.89990234375,4563.2998046875,4565.89990234375,464
2026-03-25T12:23:00,4565.60009765625,4566.0,4551.7001953125,4558.2001953125,915
2026-03-25T12:24:00,4557.89990234375,4559.2998046875,4551.7001953125,4555.39990234375,421
2026-03-25T12:25:00,4555.0,4559.10009765625,4553.2998046875,4557.39990234375,232
2026-03-25T12:26:00,4557.60009765625,4558.39990234375,4552.5,4554.7001953125,117
2026-03-25T12:27:00,4554.89990234375,4555.7998046875,4550.5,4550.7001953125,208
2026-03-25T12:28:00,4550.7001953125,4551.60009765625,4540.5,4541.10009765625,754
2026-03-25T12:29:00,4540.7998046875,4546.89990234375,4538.2998046875,4543.5,383
2026-03-25T12:30:00,4543.7001953125,4546.7001953125,4536.0,4537.39990234375,418
2026-03-25T12:31:00,4537.39990234375,4537.5,4519.5,4527.2001953125,1386
2026-03-25T12:32:00,4527.7001953125,4535.89990234375,4527.39990234375,4533.89990234375,488
2026-03-25T12:33:00,4533.7998046875,4538.7998046875,4532.7001953125,4537.7998046875,349
2026-03-25T12:34:00,4537.7001953125,4540.39990234375,4535.60009765625,4536.5,367
2026-03-25T12:35:00,4537.10009765625,4543.2001953125,4537.10009765625,4542.10009765625,246
2026-03-25T12:36:00,4542.5,4550.39990234375,4542.39990234375,4549.10009765625,945
2026-03-25T12:37:00,4549.5,4552.2001953125,4548.2998046875,4551.7998046875,218
2026-03-25T12:38:00,4552.2998046875,4553.0,4549.2001953125,4549.2001953125,164
2026-03-25T12:39:00,4549.60009765625,4552.7001953125,4547.60009765625,4552.7001953125,167
2026-03-25T12:40:00,4552.7998046875,4552.7998046875,4547.89990234375,4549.5,152
2026-03-25T12:41:00,4548.5,4549.10009765625,4547.2998046875,4548.39990234375,132
2026-03-25T12:42:00,4548.7001953125,4552.7001953125,4547.89990234375,4550.7998046875,435
2026-03-25T12:43:00,4550.7998046875,4552.7998046875,4549.39990234375,4552.2998046875,200
2026-03-25T12:44:00,4551.7001953125,4551.7998046875,4545.60009765625,4546.39990234375,186
2026-03-25T12:45:00,4545.7001953125,4545.7001953125,4534.60009765625,4535.7998046875,409
2026-03-25T12:46:00,4536.2998046875,4543.0,4535.10009765625,4541.0,253
2026-03-25T12:47:00,4540.5,4542.0,4536.2998046875,4540.7001953125,130
2026-03-25T12:48:00,4540.7001953125,4541.7998046875,4539.60009765625,4541.7998046875,112
2026-03-25T12:49:00,4541.39990234375,4544.60009765625,4540.0,4542.10009765625,198
2026-03-25T12:50:00,4542.10009765625,4546.7001953125,4541.7001953125,4543.2998046875,210
2026-03-25T12:51:00,4543.2001953125,4545.2998046875,4541.39990234375,4542.0,111
2026-03-25T12:52:00,4542.2998046875,4542.5,4540.5,4541.2998046875,133
2026-03-25T12:53:00,4541.0,4542.60009765625,4538.2998046875,4538.7998046875,328
2026-03-25T12:54:00,4538.89990234375,4545.2998046875,4538.60009765625,4545.2998046875,211
2026-03-25T12:55:00,4545.60009765625,4549.7001953125,4545.2001953125,4549.60009765625,477
2026-03-25T12:56:00,4549.60009765625,4551.39990234375,4547.5,4548.5,185
2026-03-25T12:57:00,4548.0,4549.5,4546.0,4547.5,198
2026-03-25T12:58:00,4547.5,4547.5,4545.2001953125,4545.5,71
2026-03-25T12:59:00,4546.10009765625,4546.89990234375,4542.39990234375,4542.39990234375,93
2026-03-25T13:00:00,4542.7998046875,4548.2001953125,4540.0,4548.0,565
2026-03-25T13:01:00,4547.60009765625,4550.0,4545.2001953125,4549.39990234375,288
2026-03-25T13:02:00,4549.89990234375,4550.0,4546.10009765625,4549.7001953125,244
2026-03-25T13:03:00,4550.2001953125,4561.7001953125,4550.2001953125,4560.7001953125,1319
2026-03-25T13:04:00,4560.89990234375,4570.0,4560.2998046875,4566.5,626
2026-03-25T13:05:00,4566.7998046875,4567.0,4561.0,4562.89990234375,236
2026-03-25T13:06:00,4563.10009765625,4563.2001953125,4559.10009765625,4560.39990234375,381
2026-03-25T13:07:00,4560.5,4566.10009765625,4560.5,4564.10009765625,246
2026-03-25T13:08:00,4564.5,4565.7998046875,4562.0,4562.10009765625,86
2026-03-25T13:09:00,4562.10009765625,4562.60009765625,4558.2001953125,4559.5,180
2026-03-25T13:10:00,4559.60009765625,4562.39990234375,4559.0,4561.2998046875,128
2026-03-25T13:11:00,4561.39990234375,4563.2998046875,4561.2001953125,4561.5,60
2026-03-25T13:12:00,4561.89990234375,4564.2001953125,4557.2001953125,4557.5,503
2026-03-25T13:13:00,4557.7998046875,4559.10009765625,4556.0,4556.5,342
2026-03-25T13:14:00,4556.2998046875,4559.2998046875,4556.2001953125,4558.10009765625,121
2026-03-25T13:15:00,4558.5,4559.0,4556.5,4558.0,149
2026-03-25T13:16:00,4557.0,4557.0,4553.7998046875,4555.7001953125,160
2026-03-25T13:17:00,4555.7998046875,4562.2998046875,4555.2998046875,4562.10009765625,164
2026-03-25T13:18:00,4561.0,4561.0,4558.2998046875,4558.7001953125,91
2026-03-25T13:19:00,4558.39990234375,4560.0,4557.0,4559.0,365
2026-03-25T13:20:00,4559.0,4560.39990234375,4556.7001953125,4556.7001953125,110
2026-03-25T13:21:00,4556.7001953125,4556.7001953125,4552.39990234375,4554.10009765625,173
2026-03-25T13:22:00,4553.5,4553.5,4550.89990234375,4551.39990234375,149
2026-03-25T13:23:00,4551.2998046875,4554.60009765625,4550.10009765625,4554.60009765625,172
2026-03-25T13:24:00,4554.39990234375,4557.7998046875,4554.39990234375,4557.5,178
2026-03-25T13:25:00,4557.0,4558.89990234375,4557.0,4558.0,101
2026-03-25T13:26:00,4558.10009765625,4559.0,4555.60009765625,4558.7001953125,117
2026-03-25T13:27:00,4558.39990234375,4563.10009765625,4556.7998046875,4561.60009765625,202
2026-03-25T13:28:00,4561.5,4565.10009765625,4560.7001953125,4562.10009765625,279
2026-03-25T13:29:00,4562.39990234375,4568.89990234375,4561.39990234375,4567.60009765625,527
2026-03-25T13:30:00,4567.5,4575.7998046875,4565.2998046875,4568.2998046875,691
2026-03-25T13:31:00,4568.39990234375,4571.89990234375,4567.2998046875,4568.60009765625,500
2026-03-25T13:32:00,4568.60009765625,4570.60009765625,4565.7998046875,4566.60009765625,369
2026-03-25T13:33:00,4566.89990234375,4567.89990234375,4561.60009765625,4563.7001953125,577
2026-03-25T13:34:00,4564.10009765625,4570.7001953125,4564.0,4567.60009765625,445
2026-03-25T13:35:00,4567.89990234375,4569.60009765625,4562.5,4563.39990234375,245
2026-03-25T13:36:00,4563.7001953125,4565.60009765625,4559.2998046875,4565.0,760
2026-03-25T13:37:00,4564.89990234375,4567.5,4558.0,4558.0,416
2026-03-25T13:38:00,4558.7998046875,4563.89990234375,4558.5,4563.89990234375,183
2026-03-25T13:39:00,4563.5,4564.2998046875,4556.39990234375,4556.89990234375,169
2026-03-25T13:40:00,4557.7998046875,4565.0,4557.10009765625,4564.0,572
2026-03-25T13:41:00,4564.2001953125,4564.39990234375,4559.10009765625,4561.2998046875,126
2026-03-25T13:42:00,4561.7998046875,4569.0,4560.89990234375,4568.10009765625,288
2026-03-25T13:43:00,4568.39990234375,4568.39990234375,4556.5,4557.2998046875,220
2026-03-25T13:44:00,4558.2001953125,4560.2998046875,4555.2998046875,4560.2001953125,222
2026-03-25T13:45:00,4560.0,4562.39990234375,4553.89990234375,4554.10009765625,536
2026-03-25T13:46:00,4555.2001953125,4558.10009765625,4552.10009765625,4555.89990234375,272
2026-03-25T13:47:00,4556.2998046875,4556.89990234375,4553.10009765625,4553.7001953125,1149
2026-03-25T13:48:00,4553.7998046875,4556.60009765625,4552.0,4552.60009765625,211
2026-03-25T13:49:00,4552.89990234375,4555.10009765625,4550.10009765625,4550.5,201
2026-03-25T13:50:00,4550.89990234375,4550.89990234375,4542.5,4542.7001953125,453
2026-03-25T13:51:00,4543.10009765625,4547.60009765625,4541.7998046875,4542.10009765625,331
2026-03-25T13:52:00,4542.39990234375,4544.39990234375,4539.89990234375,4544.0,599
2026-03-25T13:53:00,4544.89990234375,4549.60009765625,4544.7998046875,4547.60009765625,272
2026-03-25T13:54:00,4547.5,4548.5,4544.39990234375,4545.0,293
2026-03-25T13:55:00,4545.2998046875,4545.2998046875,4539.2001953125,4542.10009765625,289
2026-03-25T13:56:00,4542.39990234375,4549.7998046875,4542.10009765625,4549.60009765625,371
2026-03-25T13:57:00,4549.7998046875,4552.10009765625,4548.2998046875,4550.10009765625,556
2026-03-25T13:58:00,4549.0,4551.2998046875,4545.7998046875,4546.89990234375,167
2026-03-25T13:59:00,4546.7998046875,4546.7998046875,4540.7001953125,4543.2998046875,481
2026-03-25T14:00:00,4543.2998046875,4545.2998046875,4531.2001953125,4534.0,602
2026-03-25T14:01:00,4534.60009765625,4546.0,4534.5,4543.60009765625,334
2026-03-25T14:02:00,4543.7998046875,4548.2998046875,4543.0,4548.2998046875,500
2026-03-25T14:03:00,4547.39990234375,4547.39990234375,4543.60009765625,4544.10009765625,160
2026-03-25T14:04:00,4543.60009765625,4546.5,4543.2998046875,4544.7001953125,101
2026-03-25T14:05:00,4544.10009765625,4548.7001953125,4542.2001953125,4548.0,396
2026-03-25T14:06:00,4547.7998046875,4550.5,4546.60009765625,4547.39990234375,210
2026-03-25T14:07:00,4547.7001953125,4549.2998046875,4540.0,4540.2001953125,213
2026-03-25T14:08:00,4540.89990234375,4545.39990234375,4538.7001953125,4539.7001953125,215
2026-03-25T14:09:00,4539.39990234375,4550.5,4538.10009765625,4549.60009765625,309
2026-03-25T14:10:00,4549.60009765625,4551.2001953125,4546.7001953125,4549.2998046875,162
2026-03-25T14:11:00,4548.39990234375,4553.60009765625,4547.5,4552.10009765625,209
2026-03-25T14:12:00,4552.7001953125,4553.60009765625,4550.0,4551.2001953125,338
2026-03-25T14:13:00,4551.7001953125,4552.39990234375,4548.10009765625,4548.7998046875,180
2026-03-25T14:14:00,4548.39990234375,4552.2998046875,4548.2998046875,4550.5,148
2026-03-25T14:15:00,4552.2001953125,4557.0,4551.60009765625,4556.60009765625,475
2026-03-25T14:16:00,4556.7001953125,4560.89990234375,4556.0,4559.89990234375,590
2026-03-25T14:17:00,4560.2001953125,4560.39990234375,4557.2998046875,4558.60009765625,464
2026-03-25T14:18:00,4558.0,4560.0,4557.60009765625,4558.39990234375,192
2026-03-25T14:19:00,4558.7001953125,4560.2001953125,4554.39990234375,4555.5,160
2026-03-25T14:20:00,4555.0,4558.2001953125,4554.60009765625,4557.89990234375,129
2026-03-25T14:21:00,4557.89990234375,4557.89990234375,4553.60009765625,4556.2998046875,201
2026-03-25T14:22:00,4556.2998046875,4558.0,4555.0,4556.2998046875,141
2026-03-25T14:23:00,4555.89990234375,4555.89990234375,4551.7998046875,4552.7001953125,145
2026-03-25T14:24:00,4552.0,4552.60009765625,4544.60009765625,4546.0,294
2026-03-25T14:25:00,4546.7998046875,4555.0,4545.5,4554.10009765625,542
2026-03-25T14:26:00,4554.2998046875,4554.39990234375,4551.0,4552.5,144
2026-03-25T14:27:00,4552.7998046875,4557.7001953125,4551.89990234375,4557.2001953125,133
2026-03-25T14:28:00,4557.5,4559.10009765625,4555.39990234375,4557.39990234375,194
2026-03-25T14:29:00,4557.2998046875,4561.10009765625,4555.5,4561.10009765625,174
2026-03-25T14:30:00,4561.2998046875,4562.2998046875,4557.39990234375,4559.0,319
2026-03-25T14:31:00,4558.7998046875,4559.89990234375,4555.60009765625,4559.0,173
2026-03-25T14:32:00,4558.39990234375,4562.39990234375,4558.2001953125,4561.7998046875,644
2026-03-25T14:33:00,4561.2998046875,4564.0,4560.7998046875,4563.0,177
2026-03-25T14:34:00,4562.5,4565.0,4560.10009765625,4563.89990234375,228
2026-03-25T14:35:00,4564.60009765625,4565.10009765625,4560.7998046875,4562.89990234375,162
2026-03-25T14:36:00,4563.2001953125,4563.7998046875,4560.10009765625,4561.10009765625,326
2026-03-25T14:37:00,4560.39990234375,4562.7001953125,4560.39990234375,4561.60009765625,148
2026-03-25T14:38:00,4562.0,4564.7998046875,4562.0,4562.60009765625,67
2026-03-25T14:39:00,4563.10009765625,4564.0,4560.7998046875,4563.39990234375,87
2026-03-25T14:40:00,4562.7001953125,4563.0,4560.2998046875,4561.2001953125,96
2026-03-25T14:41:00,4561.89990234375,4564.60009765625,4560.5,4563.2998046875,179
2026-03-25T14:42:00,4563.2998046875,4567.60009765625,4562.2998046875,4564.7998046875,177
2026-03-25T14:43:00,4564.60009765625,4565.7001953125,4561.39990234375,4565.2001953125,109
2026-03-25T14:44:00,4565.10009765625,4566.0,4563.7998046875,4564.10009765625,68
2026-03-25T14:45:00,4564.2998046875,4568.7998046875,4564.2998046875,4568.39990234375,213
2026-03-25T14:46:00,4568.2998046875,4571.39990234375,4568.2998046875,4569.89990234375,373
2026-03-25T14:47:00,4570.2001953125,4570.7998046875,4567.89990234375,4569.10009765625,151
2026-03-25T14:48:00,4568.7998046875,4572.89990234375,4568.7001953125,4572.2998046875,126
2026-03-25T14:49:00,4572.2998046875,4572.39990234375,4570.39990234375,4571.39990234375,106
2026-03-25T14:50:00,4571.0,4577.60009765625,4569.0,4577.5,261
2026-03-25T14:51:00,4576.89990234375,4577.10009765625,4573.7998046875,4573.89990234375,213
2026-03-25T14:52:00,4573.2998046875,4574.7001953125,4570.2998046875,4570.60009765625,280
2026-03-25T14:53:00,4570.60009765625,4571.10009765625,4569.5,4570.60009765625,69
2026-03-25T14:54:00,4570.39990234375,4570.39990234375,4565.7998046875,4566.7001953125,196
2026-03-25T14:55:00,4566.7001953125,4568.2001953125,4564.39990234375,4567.2998046875,481
2026-03-25T14:56:00,4567.5,4567.7001953125,4565.39990234375,4565.89990234375,120
2026-03-25T14:57:00,4566.10009765625,4568.60009765625,4565.7001953125,4568.2001953125,173
2026-03-25T14:58:00,4568.2998046875,4568.39990234375,4564.89990234375,4566.7001953125,186
2026-03-25T14:59:00,4566.60009765625,4566.60009765625,4562.2998046875,4565.2998046875,221
2026-03-25T15:00:00,4565.2001953125,4567.60009765625,4561.2998046875,4564.89990234375,631
2026-03-25T15:01:00,4565.2001953125,4565.2998046875,4560.89990234375,4563.39990234375,322
2026-03-25T15:02:00,4563.60009765625,4564.2001953125,4560.89990234375,4560.89990234375,121
2026-03-25T15:03:00,4560.5,4566.39990234375,4560.5,4565.7998046875,217
2026-03-25T15:04:00,4565.7001953125,4565.7998046875,4561.60009765625,4562.60009765625,126
2026-03-25T15:05:00,4562.5,4563.5,4557.89990234375,4558.2998046875,116
2026-03-25T15:06:00,4558.7001953125,4559.39990234375,4555.39990234375,4556.2998046875,501
2026-03-25T15:07:00,4556.5,4557.5,4552.7001953125,4553.0,265
2026-03-25T15:08:00,4552.89990234375,4554.89990234375,4552.2001953125,4552.7001953125,320
2026-03-25T15:09:00,4552.39990234375,4552.7998046875,4547.7001953125,4547.89990234375,992
2026-03-25T15:10:00,4548.2001953125,4553.2001953125,4548.2001953125,4552.10009765625,268
2026-03-25T15:11:00,4551.7001953125,4554.2998046875,4550.7001953125,4550.7001953125,156
2026-03-25T15:12:00,4551.7001953125,4552.7001953125,4547.89990234375,4549.7998046875,323
2026-03-25T15:13:00,4549.5,4553.2001953125,4549.5,4551.60009765625,141
2026-03-25T15:14:00,4551.7998046875,4552.60009765625,4547.7001953125,4548.10009765625,233
2026-03-25T15:15:00,4547.7001953125,4549.89990234375,4545.89990234375,4545.89990234375,193
2026-03-25T15:16:00,4545.7998046875,4548.5,4536.0,4537.2001953125,923
2026-03-25T15:17:00,4537.10009765625,4538.10009765625,4527.2998046875,4528.5,814
2026-03-25T15:18:00,4528.60009765625,4542.0,4522.0,4540.5,1240
2026-03-25T15:19:00,4540.89990234375,4544.39990234375,4538.7001953125,4544.39990234375,455
2026-03-25T15:20:00,4544.2001953125,4550.10009765625,4544.2001953125,4545.7998046875,704
2026-03-25T15:21:00,4545.39990234375,4551.89990234375,4544.2998046875,4550.60009765625,322
2026-03-25T15:22:00,4551.2001953125,4555.60009765625,4550.39990234375,4554.60009765625,311
2026-03-25T15:23:00,4554.5,4557.0,4553.5,4556.39990234375,607
2026-03-25T15:24:00,4556.39990234375,4560.0,4554.5,4554.89990234375,310
2026-03-25T15:25:00,4555.10009765625,4557.2998046875,4553.2001953125,4556.10009765625,227
2026-03-25T15:26:00,4555.5,4555.7001953125,4553.2998046875,4554.39990234375,161
2026-03-25T15:27:00,4554.0,4554.2001953125,4551.2998046875,4552.60009765625,116
2026-03-25T15:28:00,4552.2998046875,4554.89990234375,4551.7001953125,4553.7001953125,152
2026-03-25T15:29:00,4553.5,4559.2001953125,4553.5,4559.2001953125,219
2026-03-25T15:30:00,4559.2001953125,4562.89990234375,4559.2001953125,4562.89990234375,1192
2026-03-25T15:31:00,4562.2998046875,4563.5,4560.7998046875,4562.10009765625,130
2026-03-25T15:32:00,4561.7998046875,4561.89990234375,4558.7998046875,4560.60009765625,196
2026-03-25T15:33:00,4560.39990234375,4563.89990234375,4559.2001953125,4563.2001953125,117
2026-03-25T15:34:00,4563.2998046875,4563.2998046875,4560.7001953125,4561.39990234375,50
2026-03-25T15:35:00,4561.2998046875,4561.5,4559.60009765625,4560.7998046875,118
2026-03-25T15:36:00,4561.0,4563.89990234375,4560.7001953125,4562.7001953125,217
2026-03-25T15:37:00,4562.7998046875,4562.7998046875,4560.5,4561.39990234375,89
2026-03-25T15:38:00,4561.10009765625,4562.0,4556.89990234375,4558.10009765625,235
2026-03-25T15:39:00,4558.2998046875,4559.10009765625,4556.7998046875,4557.0,257
2026-03-25T15:40:00,4556.89990234375,4559.39990234375,4556.5,4557.89990234375,198
2026-03-25T15:41:00,4558.0,4558.2001953125,4555.2001953125,4555.89990234375,389
2026-03-25T15:42:00,4556.2001953125,4557.89990234375,4555.2001953125,4555.7998046875,334
2026-03-25T15:43:00,4555.2001953125,4556.2001953125,4554.0,4554.7998046875,293
2026-03-25T15:44:00,4554.10009765625,4556.60009765625,4553.39990234375,4555.7001953125,128
2026-03-25T15:45:00,4556.0,4557.0,4553.60009765625,4554.89990234375,110
2026-03-25T15:46:00,4555.89990234375,4556.2998046875,4553.2998046875,4553.2998046875,196
2026-03-25T15:47:00,4553.2001953125,4555.0,4552.2001953125,4554.0,229
2026-03-25T15:48:00,4553.39990234375,4555.89990234375,4552.5,4554.7998046875,88
2026-03-25T15:49:00,4554.5,4557.0,4554.2001953125,4555.2998046875,87
2026-03-25T15:50:00,4555.89990234375,4559.2998046875,4555.89990234375,4557.7998046875,298
2026-03-25T15:51:00,4558.5,4559.60009765625,4556.89990234375,4559.10009765625,94
2026-03-25T15:52:00,4559.2998046875,4559.5,4556.2998046875,4557.39990234375,88
2026-03-25T15:53:00,4557.0,4561.7001953125,4556.10009765625,4559.7998046875,211
2026-03-25T15:54:00,4559.7001953125,4560.5,4557.60009765625,4560.0,209
2026-03-25T15:55:00,4560.5,4563.39990234375,4559.2001953125,4561.89990234375,188
2026-03-25T15:56:00,4562.7001953125,4563.39990234375,4560.0,4561.0,195
2026-03-25T15:57:00,4561.0,4564.10009765625,4560.39990234375,4560.7998046875,282
2026-03-25T15:58:00,4561.2001953125,4561.5,4558.0,4558.39990234375,103
2026-03-25T15:59:00,4559.10009765625,4559.60009765625,4557.2001953125,4557.39990234375,92
2026-03-25T16:00:00,4557.10009765625,4561.10009765625,4556.7998046875,4559.5,188
2026-03-25T16:01:00,4559.60009765625,4563.2001953125,4557.7001953125,4559.39990234375,267
2026-03-25T16:02:00,4559.7001953125,4562.2001953125,4557.5,4558.60009765625,134
2026-03-25T16:03:00,4557.2998046875,4559.2001953125,4556.5,4557.7998046875,125
2026-03-25T16:04:00,4557.5,4559.2001953125,4555.5,4557.60009765625,70
2026-03-25T16:05:00,4557.7001953125,4557.7001953125,4551.39990234375,4554.7001953125,157
2026-03-25T16:06:00,4555.2998046875,4558.0,4553.0,4554.89990234375,115
2026-03-25T16:07:00,4555.7001953125,4557.89990234375,4555.10009765625,4555.89990234375,98
2026-03-25T16:08:00,4556.2001953125,4558.7998046875,4554.39990234375,4558.10009765625,86
2026-03-25T16:09:00,4558.0,4560.5,4557.7001953125,4559.2998046875,94
2026-03-25T16:10:00,4559.0,4559.0,4554.2998046875,4555.2998046875,84
2026-03-25T16:11:00,4555.0,4556.5,4554.2001953125,4555.39990234375,90
2026-03-25T16:12:00,4556.0,4556.89990234375,4553.5,4553.60009765625,110
2026-03-25T16:13:00,4553.5,4554.10009765625,4551.2998046875,4551.60009765625,151
2026-03-25T16:14:00,4551.5,4553.2001953125,4551.0,4551.7001953125,171
2026-03-25T16:15:00,4551.60009765625,4553.39990234375,4548.60009765625,4549.2001953125,161
2026-03-25T16:16:00,4548.7998046875,4551.7001953125,4548.10009765625,4549.7998046875,336
2026-03-25T16:17:00,4549.7998046875,4551.60009765625,4546.7001953125,4548.2001953125,173
2026-03-25T16:18:00,4547.89990234375,4548.5,4546.10009765625,4546.7001953125,370
2026-03-25T16:19:00,4546.5,4548.2998046875,4544.2998046875,4547.5,165
2026-03-25T16:20:00,4547.89990234375,4551.5,4547.60009765625,4548.5,125
2026-03-25T16:21:00,4548.2998046875,4549.5,4543.5,4544.89990234375,256
2026-03-25T16:22:00,4545.5,4547.89990234375,4543.60009765625,4547.2001953125,88
2026-03-25T16:23:00,4547.89990234375,4552.10009765625,4547.2001953125,4547.2001953125,247
2026-03-25T16:24:00,4547.0,4555.2001953125,4547.0,4555.2001953125,164
2026-03-25T16:25:00,4554.5,4559.60009765625,4551.0,4558.2998046875,583
2026-03-25T16:26:00,4557.60009765625,4558.2001953125,4553.7001953125,4557.39990234375,235
2026-03-25T16:27:00,4557.7001953125,4557.7001953125,4554.89990234375,4556.2998046875,85
2026-03-25T16:28:00,4555.89990234375,4555.89990234375,4553.2998046875,4554.7998046875,94
2026-03-25T16:29:00,4554.2001953125,4554.2998046875,4552.10009765625,4553.60009765625,114
2026-03-25T16:30:00,4553.5,4554.7001953125,4551.39990234375,4553.0,90
2026-03-25T16:31:00,4553.0,4554.89990234375,4552.39990234375,4554.2998046875,98
2026-03-25T16:32:00,4554.39990234375,4554.5,4551.10009765625,4551.60009765625,307
2026-03-25T16:33:00,4552.2001953125,4553.10009765625,4550.7998046875,4552.5,51
2026-03-25T16:34:00,4553.2998046875,4553.39990234375,4549.2998046875,4551.10009765625,90
2026-03-25T16:35:00,4550.89990234375,4552.7001953125,4549.39990234375,4552.10009765625,111
2026-03-25T16:36:00,4552.2001953125,4556.0,4551.7001953125,4554.10009765625,104
2026-03-25T16:37:00,4553.2001953125,4556.10009765625,4553.10009765625,4555.39990234375,82
2026-03-25T16:38:00,4555.89990234375,4556.0,4552.7998046875,4555.10009765625,42
2026-03-25T16:39:00,4554.7998046875,4558.39990234375,4554.2001953125,4557.89990234375,119
2026-03-25T16:40:00,4558.0,4558.89990234375,4556.5,4558.5,103
2026-03-25T16:41:00,4557.7998046875,4557.89990234375,4555.89990234375,4557.0,75
2026-03-25T16:42:00,4556.7998046875,4557.89990234375,4554.0,4554.0,66
2026-03-25T16:43:00,4554.39990234375,4555.7998046875,4552.60009765625,4555.39990234375,144
2026-03-25T16:44:00,4554.7001953125,4555.2998046875,4553.60009765625,4554.2998046875,54
2026-03-25T16:45:00,4553.5,4554.2998046875,4552.60009765625,4553.39990234375,52
2026-03-25T16:46:00,4553.0,4554.39990234375,4551.39990234375,4552.7001953125,75
2026-03-25T16:47:00,4552.39990234375,4553.7001953125,4549.89990234375,4550.10009765625,97
2026-03-25T16:48:00,4550.0,4551.5,4549.7001953125,4550.5,69
2026-03-25T16:49:00,4550.60009765625,4551.2998046875,4549.39990234375,4550.2998046875,93
2026-03-25T16:50:00,4549.60009765625,4551.10009765625,4548.0,4548.0,65
2026-03-25T16:51:00,4548.2001953125,4551.39990234375,4548.2001953125,4549.2998046875,116
2026-03-25T16:52:00,4549.60009765625,4555.7998046875,4548.60009765625,4555.2998046875,312
2026-03-25T16:53:00,4555.10009765625,4555.7998046875,4554.5,4555.39990234375,119
2026-03-25T16:54:00,4555.60009765625,4557.60009765625,4555.0,4556.5,134
2026-03-25T16:55:00,4556.10009765625,4556.5,4554.10009765625,4556.2001953125,175
2026-03-25T16:56:00,4556.10009765625,4556.2001953125,4554.2001953125,4554.7001953125,88
2026-03-25T16:57:00,4554.5,4555.7001953125,4553.89990234375,4555.0,39
2026-03-25T16:58:00,4554.89990234375,4554.89990234375,4553.10009765625,4554.39990234375,117
2026-03-25T16:59:00,4554.5,4555.2001953125,4553.2001953125,4553.39990234375,66
2026-03-25T17:00:00,4553.5,4555.39990234375,4551.7998046875,4554.39990234375,359
2026-03-25T17:01:00,4554.2998046875,4556.2001953125,4553.2001953125,4555.60009765625,265
2026-03-25T17:02:00,4556.10009765625,4556.10009765625,4549.2001953125,4552.5,690
2026-03-25T17:03:00,4552.10009765625,4554.10009765625,4550.5,4551.2998046875,249
2026-03-25T17:04:00,4552.10009765625,4553.0,4550.0,4551.39990234375,202
2026-03-25T17:05:00,4551.5,4552.10009765625,4546.39990234375,4547.7998046875,397
2026-03-25T17:06:00,4547.5,4551.2001953125,4546.89990234375,4550.7001953125,347
2026-03-25T17:07:00,4550.7001953125,4550.7001953125,4546.2001953125,4546.2001953125,274
2026-03-25T17:08:00,4546.10009765625,4547.60009765625,4545.89990234375,4547.10009765625,533
2026-03-25T17:09:00,4547.10009765625,4548.39990234375,4543.7998046875,4544.2001953125,427
2026-03-25T17:10:00,4544.2001953125,4545.7998046875,4541.0,4545.7001953125,480
2026-03-25T17:11:00,4545.5,4546.60009765625,4543.39990234375,4546.10009765625,336
2026-03-25T17:12:00,4546.2998046875,4550.7998046875,4545.89990234375,4550.7998046875,410
2026-03-25T17:13:00,4550.89990234375,4552.2001953125,4549.2998046875,4551.5,329
2026-03-25T17:14:00,4551.7998046875,4551.7998046875,4549.39990234375,4549.39990234375,274
2026-03-25T17:15:00,4549.5,4550.0,4547.39990234375,4548.0,540
2026-03-25T17:16:00,4548.39990234375,4548.7998046875,4544.5,4544.60009765625,260
2026-03-25T17:17:00,4544.60009765625,4546.10009765625,4543.7001953125,4545.2001953125,264
2026-03-25T17:18:00,4545.7001953125,4547.2001953125,4541.0,4542.2001953125,302
2026-03-25T17:19:00,4541.89990234375,4545.60009765625,4540.7998046875,4543.7998046875,768
2026-03-25T17:20:00,4544.10009765625,4547.39990234375,4543.7998046875,4547.2001953125,237
2026-03-25T17:21:00,4546.89990234375,4552.39990234375,4546.5,4551.2001953125,394
2026-03-25T17:22:00,4551.39990234375,4553.5,4551.39990234375,4552.10009765625,350
2026-03-25T17:23:00,4552.7998046875,4553.39990234375,4551.7001953125,4551.7001953125,329
2026-03-25T17:24:00,4551.5,4552.0,4548.60009765625,4549.0,244
2026-03-25T17:25:00,4549.5,4550.7001953125,4549.39990234375,4550.0,200
2026-03-25T17:26:00,4550.7001953125,4555.2001953125,4550.7001953125,4554.7001953125,437
2026-03-25T17:27:00,4555.0,4556.2998046875,4554.10009765625,4556.2998046875,979
2026-03-25T17:28:00,4555.7001953125,4556.10009765625,4553.39990234375,4555.5,343
2026-03-25T17:29:00,4555.7001953125,4556.0,4550.2001953125,4551.2001953125,1247
2026-03-25T17:30:00,4551.60009765625,4552.7001953125,4550.2998046875,4552.10009765625,239
2026-03-25T17:31:00,4552.0,4552.7998046875,4549.0,4549.5,93
2026-03-25T17:32:00,4549.2998046875,4553.7998046875,4548.0,4552.7001953125,659
2026-03-25T17:33:00,4552.89990234375,4557.5,4552.2998046875,4557.39990234375,299
2026-03-25T17:34:00,4556.7001953125,4561.39990234375,4556.7001953125,4560.2001953125,1048
2026-03-25T17:35:00,4560.7001953125,4561.39990234375,4559.10009765625,4561.39990234375,365
2026-03-25T17:36:00,4561.60009765625,4561.7001953125,4559.2001953125,4559.2001953125,738
2026-03-25T17:37:00,4558.7001953125,4560.5,4558.39990234375,4560.5,148
2026-03-25T17:38:00,4560.89990234375,4561.39990234375,4558.7998046875,4561.39990234375,111
2026-03-25T17:39:00,4560.89990234375,4561.39990234375,4559.2998046875,4559.2998046875,119
2026-03-25T17:40:00,4559.7998046875,4559.7998046875,4558.5,4558.60009765625,195
2026-03-25T17:41:00,4558.7998046875,4558.7998046875,4556.7998046875,4556.89990234375,65
2026-03-25T17:42:00,4556.7001953125,4558.7001953125,4555.2001953125,4555.2001953125,66
2026-03-25T17:43:00,4555.60009765625,4559.0,4555.2001953125,4556.60009765625,132
2026-03-25T17:44:00,4555.89990234375,4558.5,4555.2001953125,4558.5,60
2026-03-25T17:45:00,4558.39990234375,4558.39990234375,4555.5,4557.2998046875,101
2026-03-25T17:46:00,4557.0,4559.60009765625,4556.89990234375,4559.5,45
2026-03-25T17:47:00,4558.5,4558.7001953125,4557.5,4557.7001953125,55
2026-03-25T17:48:00,4557.89990234375,4558.0,4556.10009765625,4557.10009765625,35
2026-03-25T17:49:00,4557.10009765625,4557.2001953125,4556.5,4557.0,22
2026-03-25T17:50:00,4556.2001953125,4556.60009765625,4555.10009765625,4555.89990234375,27
2026-03-25T17:51:00,4555.5,4556.2001953125,4553.60009765625,4554.60009765625,55
2026-03-25T17:52:00,4555.2001953125,4556.7001953125,4550.7001953125,4550.7001953125,199
2026-03-25T17:53:00,4551.10009765625,4551.10009765625,4545.2001953125,4548.89990234375,553
2026-03-25T17:54:00,4548.60009765625,4549.7001953125,4544.39990234375,4545.10009765625,698
2026-03-25T17:55:00,4545.10009765625,4546.60009765625,4543.5,4546.0,160
2026-03-25T17:56:00,4546.2998046875,4547.60009765625,4544.7998046875,4544.7998046875,107
2026-03-25T17:57:00,4545.2998046875,4548.7001953125,4544.60009765625,4548.7001953125,38
2026-03-25T17:58:00,4548.2998046875,4552.7998046875,4548.2998046875,4549.89990234375,142
2026-03-25T17:59:00,4550.2001953125,4550.2001953125,4547.0,4548.2001953125,54
2026-03-25T18:00:00,4548.0,4557.0,4543.7001953125,4554.89990234375,603
2026-03-25T18:01:00,4554.7001953125,4566.60009765625,4553.39990234375,4554.39990234375,1451
2026-03-25T18:02:00,4554.2001953125,4554.2001953125,4548.5,4550.2001953125,462
2026-03-25T18:03:00,4550.5,4553.60009765625,4543.0,4546.60009765625,563
2026-03-25T18:04:00,4546.2998046875,4550.0,4545.89990234375,4549.60009765625,153
2026-03-25T18:05:00,4549.60009765625,4554.0,4549.2001953125,4553.7001953125,305
2026-03-25T18:06:00,4553.89990234375,4557.0,4553.89990234375,4555.2001953125,241
2026-03-25T18:07:00,4555.5,4557.7998046875,4554.89990234375,4555.2001953125,197
2026-03-25T18:08:00,4555.39990234375,4555.39990234375,4551.89990234375,4552.7001953125,120
2026-03-25T18:09:00,4552.39990234375,4552.89990234375,4548.89990234375,4549.2001953125,155
2026-03-25T18:10:00,4549.0,4549.0,4547.60009765625,4548.10009765625,98
2026-03-25T18:11:00,4547.7998046875,4550.7001953125,4547.7998046875,4548.10009765625,139
2026-03-25T18:12:00,4548.0,4549.7001953125,4546.89990234375,4549.2998046875,83
2026-03-25T18:13:00,4548.89990234375,4548.89990234375,4545.39990234375,4545.60009765625,78
2026-03-25T18:14:00,4546.0,4549.0,4545.60009765625,4548.2998046875,92
2026-03-25T18:15:00,4549.39990234375,4549.39990234375,4547.0,4547.60009765625,71
2026-03-25T18:16:00,4547.7998046875,4547.7998046875,4545.5,4547.7998046875,70
2026-03-25T18:17:00,4547.0,4549.10009765625,4543.7998046875,4547.0,293
2026-03-25T18:18:00,4546.60009765625,4548.0,4544.39990234375,4547.10009765625,217
2026-03-25T18:19:00,4545.89990234375,4547.5,4544.89990234375,4546.7001953125,125
2026-03-25T18:20:00,4546.5,4549.7998046875,4546.5,4548.2998046875,104
2026-03-25T18:21:00,4548.60009765625,4552.60009765625,4548.39990234375,4552.0,68
2026-03-25T18:22:00,4551.7998046875,4552.5,4550.89990234375,4551.0,60
2026-03-25T18:23:00,4551.7998046875,4551.7998046875,4550.39990234375,4551.7998046875,27
2026-03-25T18:24:00,4551.39990234375,4552.89990234375,4550.2998046875,4552.89990234375,34
2026-03-25T18:25:00,4552.7998046875,4553.7001953125,4552.39990234375,4553.7001953125,31
2026-03-25T18:26:00,4553.7998046875,4554.0,4550.2998046875,4550.7001953125,48
2026-03-25T18:27:00,4550.2998046875,4551.2001953125,4549.39990234375,4550.7001953125,77
2026-03-25T18:28:00,4550.5,4550.89990234375,4548.7998046875,4549.7001953125,47
2026-03-25T18:29:00,4549.89990234375,4551.0,4549.2998046875,4549.5,31
2026-03-25T18:30:00,4550.2998046875,4552.39990234375,4549.89990234375,4551.60009765625,93
2026-03-25T18:31:00,4551.10009765625,4553.10009765625,4550.7998046875,4553.10009765625,36
2026-03-25T18:32:00,4553.2001953125,4555.2001953125,4553.2001953125,4554.2001953125,64
2026-03-25T18:33:00,4553.7998046875,4555.2998046875,4553.7998046875,4555.0,28
2026-03-25T18:34:00,4555.2001953125,4555.2001953125,4553.89990234375,4554.0,23
2026-03-25T18:35:00,4554.39990234375,4554.60009765625,4551.5,4552.39990234375,60
2026-03-25T18:36:00,4552.10009765625,4552.89990234375,4551.2998046875,4552.2001953125,66
2026-03-25T18:37:00,4551.89990234375,4551.89990234375,4550.2001953125,4550.5,30
2026-03-25T18:38:00,4550.10009765625,4551.10009765625,4547.7998046875,4548.60009765625,100
2026-03-25T18:39:00,4548.89990234375,4549.10009765625,4547.60009765625,4547.89990234375,38
2026-03-25T18:40:00,4547.7998046875,4548.5,4544.7001953125,4545.2998046875,63
2026-03-25T18:41:00,4545.2998046875,4546.60009765625,4544.89990234375,4545.10009765625,134
2026-03-25T18:42:00,4545.10009765625,4547.7001953125,4545.10009765625,4546.2001953125,108
2026-03-25T18:43:00,4546.10009765625,4546.7998046875,4544.89990234375,4546.7001953125,80
2026-03-25T18:44:00,4546.2001953125,4547.2001953125,4545.89990234375,4547.0,102
2026-03-25T18:45:00,4546.7001953125,4547.10009765625,4542.0,4542.0,124
2026-03-25T18:46:00,4542.39990234375,4546.60009765625,4542.39990234375,4545.2998046875,96
2026-03-25T18:47:00,4545.39990234375,4547.10009765625,4545.2001953125,4546.7998046875,44
2026-03-25T18:48:00,4546.7001953125,4547.7001953125,4545.5,4545.7001953125,117
2026-03-25T18:49:00,4545.2998046875,4545.39990234375,4540.89990234375,4542.2001953125,174
2026-03-25T18:50:00,4542.2001953125,4543.7001953125,4537.2001953125,4538.2998046875,344
2026-03-25T18:51:00,4538.2001953125,4541.7001953125,4537.10009765625,4537.60009765625,187
2026-03-25T18:52:00,4537.7998046875,4539.2998046875,4536.39990234375,4539.2998046875,163
2026-03-25T18:53:00,4539.2001953125,4539.39990234375,4537.2001953125,4538.2001953125,69
2026-03-25T18:54:00,4538.39990234375,4539.89990234375,4538.39990234375,4538.89990234375,38
2026-03-25T18:55:00,4538.89990234375,4538.89990234375,4528.7998046875,4530.10009765625,262
2026-03-25T18:56:00,4529.2001953125,4532.7001953125,4528.2001953125,4531.7001953125,490
2026-03-25T18:57:00,4532.10009765625,4535.7001953125,4532.0,4534.2998046875,134
2026-03-25T18:58:00,4534.10009765625,4538.10009765625,4533.89990234375,4537.0,88
2026-03-25T18:59:00,4537.0,4537.39990234375,4534.2998046875,4535.7001953125,115
2026-03-25T19:00:00,4535.0,4537.2998046875,4533.2998046875,4534.2998046875,135
2026-03-25T19:01:00,4534.10009765625,4535.5,4529.7998046875,4532.60009765625,103
2026-03-25T19:02:00,4532.2001953125,4532.7998046875,4527.5,4529.0,169
2026-03-25T19:03:00,4528.89990234375,4531.5,4527.5,4528.10009765625,191
2026-03-25T19:04:00,4527.7998046875,4531.10009765625,4527.39990234375,4531.10009765625,75
2026-03-25T19:05:00,4530.89990234375,4532.89990234375,4530.7001953125,4531.60009765625,92
2026-03-25T19:06:00,4531.7998046875,4531.7998046875,4527.10009765625,4527.60009765625,77
2026-03-25T19:07:00,4528.2001953125,4529.10009765625,4526.2001953125,4527.7998046875,142
2026-03-25T19:08:00,4528.0,4528.2001953125,4512.39990234375,4513.5,615
2026-03-25T19:09:00,4514.10009765625,4514.10009765625,4500.2001953125,4501.39990234375,1293
2026-03-25T19:10:00,4501.5,4503.5,4494.0,4497.0,886
2026-03-25T19:11:00,4497.39990234375,4499.7998046875,4484.2998046875,4487.2998046875,786
2026-03-25T19:12:00,4487.7001953125,4498.2001953125,4484.89990234375,4496.2998046875,636
2026-03-25T19:13:00,4496.0,4505.7998046875,4494.5,4504.89990234375,436
2026-03-25T19:14:00,4505.2001953125,4509.2998046875,4503.0,4507.2998046875,323
2026-03-25T19:15:00,4506.89990234375,4511.2998046875,4505.89990234375,4510.7998046875,257
2026-03-25T19:16:00,4510.7001953125,4514.2998046875,4510.7001953125,4512.2998046875,188
2026-03-25T19:17:00,4512.2001953125,4512.2001953125,4502.2998046875,4504.0,241
2026-03-25T19:18:00,4503.2001953125,4506.0,4499.89990234375,4502.7001953125,171
2026-03-25T19:19:00,4503.0,4508.39990234375,4501.7001953125,4508.10009765625,145
2026-03-25T19:20:00,4507.7001953125,4511.89990234375,4506.5,4510.0,155
2026-03-25T19:21:00,4509.2001953125,4509.2001953125,4505.2001953125,4505.60009765625,391
2026-03-25T19:22:00,4505.10009765625,4508.0,4503.60009765625,4508.0,140
2026-03-25T19:23:00,4507.5,4512.2998046875,4507.10009765625,4511.89990234375,74
2026-03-25T19:24:00,4512.0,4512.39990234375,4510.2998046875,4511.7001953125,54
2026-03-25T19:25:00,4512.0,4516.5,4511.0,4512.60009765625,106
2026-03-25T19:26:00,4512.7001953125,4513.0,4508.39990234375,4509.89990234375,108
2026-03-25T19:27:00,4509.0,4513.2001953125,4509.0,4510.7998046875,121
2026-03-25T19:28:00,4511.2001953125,4512.2998046875,4509.7998046875,4510.60009765625,73
2026-03-25T19:29:00,4510.89990234375,4512.5,4509.0,4510.39990234375,111
2026-03-25T19:30:00,4511.10009765625,4515.89990234375,4511.10009765625,4515.5,83
2026-03-25T19:31:00,4515.7001953125,4515.7998046875,4511.39990234375,4512.2001953125,93
2026-03-25T19:32:00,4512.60009765625,4513.2001953125,4509.7998046875,4510.7998046875,37
2026-03-25T19:33:00,4510.7001953125,4512.7998046875,4509.7001953125,4511.2998046875,51
2026-03-25T19:34:00,4511.7001953125,4514.60009765625,4511.7001953125,4513.89990234375,52
2026-03-25T19:35:00,4514.2001953125,4515.39990234375,4511.60009765625,4511.60009765625,50
2026-03-25T19:36:00,4512.10009765625,4512.7998046875,4509.0,4510.2001953125,109
2026-03-25T19:37:00,4510.2001953125,4510.7001953125,4503.7001953125,4503.7001953125,116
2026-03-25T19:38:00,4504.2001953125,4508.5,4503.89990234375,4506.7001953125,122
2026-03-25T19:39:00,4506.89990234375,4510.2001953125,4506.0,4509.60009765625,105
2026-03-25T19:40:00,4509.5,4516.5,4508.7001953125,4516.5,138
2026-03-25T19:41:00,4516.10009765625,4519.10009765625,4515.2998046875,4518.7001953125,166
2026-03-25T19:42:00,4519.2998046875,4523.89990234375,4519.10009765625,4523.7001953125,246
2026-03-25T19:43:00,4524.10009765625,4524.7998046875,4520.7998046875,4521.7998046875,404
2026-03-25T19:44:00,4522.2001953125,4522.60009765625,4519.39990234375,4519.39990234375,106
2026-03-25T19:45:00,4520.0,4521.2998046875,4518.60009765625,4520.7001953125,97
2026-03-25T19:46:00,4521.10009765625,4521.10009765625,4517.5,4519.7998046875,137
2026-03-25T19:47:00,4519.5,4520.89990234375,4519.10009765625,4520.0,83
2026-03-25T19:48:00,4519.60009765625,4521.0,4516.2998046875,4516.7998046875,212
2026-03-25T19:49:00,4517.5,4517.5,4511.5,4511.89990234375,285
2026-03-25T19:50:00,4512.89990234375,4518.5,4511.7998046875,4518.10009765625,68
2026-03-25T19:51:00,4518.10009765625,4518.10009765625,4514.10009765625,4514.39990234375,93
2026-03-25T19:52:00,4515.0,4516.2001953125,4514.2001953125,4516.0,50
2026-03-25T19:53:00,4516.10009765625,4518.2001953125,4515.2001953125,4517.5,89
2026-03-25T19:54:00,4516.7001953125,4517.7001953125,4515.7998046875,4516.10009765625,53
2026-03-25T19:55:00,4516.2001953125,4517.0,4514.5,4517.0,144
2026-03-25T19:56:00,4517.0,4523.7001953125,4516.5,4522.2998046875,296
2026-03-25T19:57:00,4522.2001953125,4527.7001953125,4522.2001953125,4526.0,307
2026-03-25T19:58:00,4525.7998046875,4530.0,4525.5,4528.7001953125,78
2026-03-25T19:59:00,4528.89990234375,4531.39990234375,4526.5,4528.7001953125,301
2026-03-25T20:00:00,4528.2998046875,4533.7998046875,4527.7001953125,4533.39990234375,269
2026-03-25T20:01:00,4533.10009765625,4537.89990234375,4531.7001953125,4537.7001953125,241
2026-03-25T20:02:00,4537.5,4539.60009765625,4536.7001953125,4539.0,125
2026-03-25T20:03:00,4538.7001953125,4539.0,4534.0,4534.39990234375,81
2026-03-25T20:04:00,4534.39990234375,4534.7001953125,4532.7998046875,4533.0,46
2026-03-25T20:05:00,4533.39990234375,4534.2001953125,4533.2998046875,4533.39990234375,25
2026-03-25T20:06:00,4533.39990234375,4534.2001953125,4532.10009765625,4532.10009765625,34
2026-03-25T20:07:00,4532.39990234375,4533.39990234375,4529.89990234375,4533.39990234375,53
2026-03-25T20:08:00,4533.10009765625,4533.10009765625,4527.2001953125,4528.7998046875,159
2026-03-25T20:09:00,4528.5,4528.7001953125,4524.60009765625,4524.7001953125,96
2026-03-25T20:10:00,4524.89990234375,4527.5,4521.7001953125,4522.7001953125,170
2026-03-25T20:11:00,4522.2001953125,4524.7998046875,4520.10009765625,4524.7998046875,57
2026-03-25T20:12:00,4524.5,4525.60009765625,4524.2001953125,4525.60009765625,24
2026-03-25T20:13:00,4525.89990234375,4526.60009765625,4524.0,4525.0,32
2026-03-25T20:14:00,4524.7001953125,4526.10009765625,4524.7001953125,4526.0,17
2026-03-25T20:15:00,4527.0,4528.2001953125,4527.0,4527.10009765625,38
2026-03-25T20:16:00,4527.5,4531.7001953125,4527.2001953125,4531.0,74
2026-03-25T20:17:00,4530.2998046875,4530.7998046875,4528.7001953125,4530.10009765625,40
2026-03-25T20:18:00,4529.60009765625,4529.7001953125,4528.2998046875,4529.10009765625,11
2026-03-25T20:19:00,4529.5,4529.5,4527.39990234375,4528.2998046875,26
2026-03-25T20:20:00,4528.5,4528.5,4525.5,4525.89990234375,60
2026-03-25T20:21:00,4526.60009765625,4527.10009765625,4526.10009765625,4526.10009765625,9
2026-03-25T20:22:00,4525.7001953125,4525.7998046875,4524.0,4524.5,42
2026-03-25T20:23:00,4524.5,4524.5,4521.2998046875,4521.5,63
2026-03-25T20:24:00,4521.2001953125,4522.2998046875,4519.7001953125,4520.89990234375,48
2026-03-25T20:25:00,4521.39990234375,4523.60009765625,4521.39990234375,4522.5,53
2026-03-25T20:26:00,4522.2001953125,4523.7001953125,4522.0,4522.89990234375,11
2026-03-25T20:27:00,4523.0,4523.0,4520.0,4521.2998046875,49
2026-03-25T20:28:00,4521.2001953125,4522.10009765625,4521.2001953125,4522.0,9
2026-03-25T20:29:00,4522.5,4522.60009765625,4520.2998046875,4520.7998046875,43
2026-03-25T20:30:00,4521.0,4522.39990234375,4516.7001953125,4517.10009765625,127
2026-03-25T20:31:00,4518.60009765625,4521.60009765625,4518.39990234375,4519.39990234375,35
2026-03-25T20:32:00,4519.89990234375,4519.89990234375,4518.10009765625,4519.0,37
2026-03-25T20:33:00,4518.7001953125,4519.60009765625,4518.39990234375,4518.39990234375,17
2026-03-25T20:34:00,4518.39990234375,4519.5,4517.7998046875,4518.2998046875,22
2026-03-25T20:35:00,4518.2998046875,4518.2998046875,4516.39990234375,4517.0,67
2026-03-25T20:36:00,4517.10009765625,4517.10009765625,4512.60009765625,4512.7998046875,137
2026-03-25T20:37:00,4512.60009765625,4512.7998046875,4506.89990234375,4508.89990234375,155
2026-03-25T20:38:00,4508.10009765625,4509.0,4500.7001953125,4500.7001953125,200
2026-03-25T20:39:00,4501.39990234375,4506.7001953125,4500.89990234375,4501.5,189
2026-03-25T20:40:00,4501.10009765625,4501.5,4494.60009765625,4495.10009765625,298
2026-03-25T20:41:00,4496.10009765625,4503.2001953125,4492.89990234375,4502.10009765625,190
2026-03-25T20:42:00,4502.60009765625,4502.60009765625,4497.7998046875,4499.89990234375,54
2026-03-25T20:43:00,4500.7001953125,4504.2998046875,4500.7001953125,4503.5,22
2026-03-25T20:44:00,4502.89990234375,4503.89990234375,4501.2001953125,4501.7998046875,103
2026-03-25T20:45:00,4501.7998046875,4504.10009765625,4501.7998046875,4503.5,24
2026-03-25T20:46:00,4503.60009765625,4503.7001953125,4499.5,4500.89990234375,36
2026-03-25T20:47:00,4500.89990234375,4503.89990234375,4499.7001953125,4503.89990234375,45
2026-03-25T20:48:00,4503.5,4504.10009765625,4502.7001953125,4503.10009765625,25
2026-03-25T20:49:00,4504.2001953125,4504.39990234375,4502.7001953125,4503.7998046875,12
2026-03-25T20:50:00,4504.2001953125,4504.60009765625,4502.0,4502.5,41
2026-03-25T20:51:00,4503.10009765625,4505.10009765625,4503.10009765625,4504.39990234375,17
2026-03-25T20:52:00,4504.5,4504.5,4502.2998046875,4503.0,97
2026-03-25T20:53:00,4502.39990234375,4503.2001953125,4500.2998046875,4500.2998046875,54
2026-03-25T20:54:00,4500.7001953125,4502.0,4499.39990234375,4502.0,58
2026-03-25T20:55:00,4502.2001953125,4504.7998046875,4500.7001953125,4503.7001953125,70
2026-03-25T20:56:00,4503.7998046875,4505.39990234375,4501.7998046875,4503.5,39
2026-03-25T20:57:00,4502.7998046875,4503.2001953125,4501.10009765625,4503.2001953125,58
2026-03-25T20:58:00,4503.2998046875,4504.7001953125,4503.2998046875,4504.39990234375,19
2026-03-25T20:59:00,4504.2001953125,4504.2001953125,4501.89990234375,4503.2998046875,55
2026-03-25T22:00:00,4508.89990234375,4517.89990234375,4504.60009765625,4515.0,0
2026-03-25T22:01:00,4513.10009765625,4513.10009765625,4506.7001953125,4509.7998046875,38
2026-03-25T22:02:00,4511.39990234375,4514.10009765625,4511.2998046875,4513.2001953125,11
2026-03-25T22:03:00,4510.39990234375,4514.7001953125,4510.2998046875,4511.2998046875,21
2026-03-25T22:04:00,4512.7001953125,4520.60009765625,4511.7001953125,4519.5,60
2026-03-25T22:05:00,4518.0,4528.7001953125,4517.7998046875,4524.39990234375,139
2026-03-25T22:06:00,4523.2001953125,4527.10009765625,4522.2001953125,4522.89990234375,31
2026-03-25T22:07:00,4521.39990234375,4521.5,4513.0,4516.0,84
2026-03-25T22:08:00,4517.0,4518.60009765625,4507.7001953125,4507.7001953125,45
2026-03-25T22:09:00,4507.39990234375,4513.2998046875,4505.2998046875,4505.7998046875,65
2026-03-25T22:10:00,4506.2001953125,4509.7998046875,4505.60009765625,4508.5,30
2026-03-25T22:11:00,4507.60009765625,4511.89990234375,4507.5,4507.5,37
2026-03-25T22:12:00,4507.0,4513.60009765625,4506.7998046875,4510.89990234375,99
2026-03-25T22:13:00,4512.10009765625,4512.2998046875,4508.60009765625,4511.0,13
2026-03-25T22:14:00,4510.2001953125,4511.7001953125,4508.7998046875,4509.2998046875,15
2026-03-25T22:15:00,4509.39990234375,4510.2001953125,4504.0,4504.0,21
2026-03-25T22:16:00,4504.10009765625,4508.0,4503.5,4507.0,64
2026-03-25T22:17:00,4506.10009765625,4506.10009765625,4503.2001953125,4503.60009765625,18
2026-03-25T22:18:00,4503.10009765625,4503.39990234375,4501.89990234375,4502.2001953125,10
2026-03-25T22:19:00,4502.7001953125,4505.2998046875,4502.5,4504.7001953125,23
2026-03-25T22:20:00,4504.7998046875,4508.0,4504.10009765625,4505.5,51
2026-03-25T22:21:00,4507.0,4507.7998046875,4504.0,4506.5,38
2026-03-25T22:22:00,4505.89990234375,4509.5,4505.89990234375,4509.39990234375,41
2026-03-25T22:23:00,4510.10009765625,4513.89990234375,4510.10009765625,4510.89990234375,71
2026-03-25T22:24:00,4511.60009765625,4511.7998046875,4510.60009765625,4511.2001953125,23
2026-03-25T22:25:00,4513.5,4516.10009765625,4512.0,4514.10009765625,25
2026-03-25T22:26:00,4514.2998046875,4514.39990234375,4508.10009765625,4508.10009765625,27
2026-03-25T22:27:00,4508.7998046875,4508.7998046875,4507.7998046875,4508.5,11
2026-03-25T22:28:00,4508.2001953125,4511.7998046875,4508.2001953125,4509.60009765625,30
2026-03-25T22:29:00,4510.10009765625,4510.2998046875,4506.60009765625,4508.5,24
2026-03-25T22:30:00,4507.7998046875,4510.0,4507.7998046875,4509.7998046875,11
2026-03-25T22:31:00,4510.2998046875,4512.7001953125,4508.39990234375,4510.89990234375,39
2026-03-25T22:32:00,4510.89990234375,4511.89990234375,4504.2998046875,4511.10009765625,83
2026-03-25T22:33:00,4510.60009765625,4515.39990234375,4510.60009765625,4512.7998046875,48
2026-03-25T22:34:00,4513.60009765625,4517.0,4513.0,4517.0,31
2026-03-25T22:35:00,4516.39990234375,4519.5,4514.89990234375,4514.89990234375,43
2026-03-25T22:36:00,4515.2998046875,4517.39990234375,4515.2001953125,4516.60009765625,21
2026-03-25T22:37:00,4515.7998046875,4517.10009765625,4515.5,4515.5,19
2026-03-25T22:38:00,4514.89990234375,4518.7998046875,4514.10009765625,4518.0,13
2026-03-25T22:39:00,4518.39990234375,4523.0,4518.39990234375,4522.5,107
2026-03-25T22:40:00,4522.10009765625,4522.7001953125,4519.2001953125,4520.10009765625,29
2026-03-25T22:41:00,4519.89990234375,4524.89990234375,4519.39990234375,4522.89990234375,59
2026-03-25T22:42:00,4522.2998046875,4524.7998046875,4520.39990234375,4523.89990234375,64
2026-03-25T22:43:00,4523.39990234375,4528.2998046875,4522.7998046875,4527.7001953125,88
2026-03-25T22:44:00,4528.2998046875,4531.10009765625,4526.89990234375,4529.0,124
2026-03-25T22:45:00,4528.10009765625,4529.5,4524.5,4524.5,75
2026-03-25T22:46:00,4523.7001953125,4525.89990234375,4522.39990234375,4524.2998046875,65
2026-03-25T22:47:00,4524.2001953125,4524.2001953125,4520.89990234375,4521.2998046875,38
2026-03-25T22:48:00,4520.89990234375,4520.89990234375,4516.60009765625,4517.39990234375,97
2026-03-25T22:49:00,4518.5,4518.5,4514.2001953125,4514.89990234375,38
2026-03-25T22:50:00,4515.2001953125,4519.2001953125,4515.2001953125,4519.2001953125,36
2026-03-25T22:51:00,4519.0,4519.89990234375,4516.10009765625,4519.89990234375,33
2026-03-25T22:52:00,4520.7001953125,4521.2998046875,4518.7998046875,4519.10009765625,37
2026-03-25T22:53:00,4518.39990234375,4518.39990234375,4515.7001953125,4516.0,15
2026-03-25T22:54:00,4516.39990234375,4518.7998046875,4511.2001953125,4513.5,84
2026-03-25T22:55:00,4513.60009765625,4516.89990234375,4513.5,4513.5,45
2026-03-25T22:56:00,4513.10009765625,4514.89990234375,4510.7001953125,4510.7998046875,52
2026-03-25T22:57:00,4510.39990234375,4511.10009765625,4509.10009765625,4509.10009765625,29
2026-03-25T22:58:00,4510.39990234375,4514.2001953125,4510.39990234375,4513.60009765625,33
2026-03-25T22:59:00,4512.89990234375,4516.2998046875,4512.60009765625,4513.89990234375,44
2026-03-25T23:00:00,4513.89990234375,4515.2001953125,4512.7998046875,4513.2998046875,34
2026-03-25T23:01:00,4513.2001953125,4513.2998046875,4508.89990234375,4509.60009765625,51
2026-03-25T23:02:00,4510.10009765625,4510.2001953125,4500.10009765625,4504.2998046875,170
2026-03-25T23:03:00,4504.60009765625,4507.10009765625,4502.5,4505.89990234375,24
2026-03-25T23:04:00,4506.10009765625,4507.7001953125,4501.2001953125,4501.2001953125,68
2026-03-25T23:05:00,4500.0,4501.2998046875,4494.2001953125,4498.7998046875,233
2026-03-25T23:06:00,4499.60009765625,4506.10009765625,4499.2001953125,4506.10009765625,110
2026-03-25T23:07:00,4506.10009765625,4508.10009765625,4506.10009765625,4506.60009765625,23
2026-03-25T23:08:00,4506.7998046875,4510.10009765625,4506.0,4509.0,52
2026-03-25T23:09:00,4508.2998046875,4509.0,4501.60009765625,4503.89990234375,73
2026-03-25T23:10:00,4504.39990234375,4507.89990234375,4502.60009765625,4507.60009765625,87
2026-03-25T23:11:00,4507.7998046875,4511.0,4507.7001953125,4508.2001953125,35
2026-03-25T23:12:00,4507.89990234375,4509.39990234375,4507.39990234375,4508.10009765625,23
2026-03-25T23:13:00,4506.7998046875,4507.60009765625,4506.0,4507.60009765625,22
2026-03-25T23:14:00,4506.0,4506.0,4504.7001953125,4505.89990234375,12
2026-03-25T23:15:00,4504.89990234375,4506.60009765625,4504.7998046875,4505.39990234375,16
2026-03-25T23:16:00,4504.7001953125,4505.7998046875,4502.7001953125,4505.7998046875,25
2026-03-25T23:17:00,4506.89990234375,4510.0,4506.7001953125,4507.89990234375,61
2026-03-25T23:18:00,4508.39990234375,4509.0,4506.2001953125,4506.89990234375,18
2026-03-25T23:19:00,4506.5,4506.89990234375,4503.7001953125,4503.7001953125,37
2026-03-25T23:20:00,4502.7998046875,4503.5,4501.10009765625,4501.89990234375,22
2026-03-25T23:21:00,4502.0,4503.10009765625,4500.0,4500.7998046875,59
2026-03-25T23:22:00,4501.39990234375,4501.60009765625,4496.10009765625,4498.2998046875,128
2026-03-25T23:23:00,4500.0,4500.0,4495.60009765625,4498.7998046875,53
2026-03-25T23:24:00,4499.5,4503.2998046875,4497.10009765625,4500.10009765625,148
2026-03-25T23:25:00,4499.5,4500.2001953125,4499.2001953125,4500.0,12
2026-03-25T23:26:00,4498.10009765625,4498.10009765625,4493.5,4496.10009765625,57
2026-03-25T23:27:00,4495.2998046875,4497.89990234375,4493.5,4497.7001953125,33
2026-03-25T23:28:00,4497.7001953125,4501.10009765625,4497.7001953125,4500.89990234375,26
2026-03-25T23:29:00,4501.10009765625,4502.7001953125,4500.0,4502.39990234375,35
2026-03-25T23:30:00,4501.7998046875,4502.60009765625,4500.7998046875,4501.5,18
2026-03-25T23:31:00,4501.10009765625,4507.89990234375,4501.10009765625,4507.89990234375,70
2026-03-25T23:32:00,4507.60009765625,4507.60009765625,4504.5,4504.7998046875,44
2026-03-25T23:33:00,4504.39990234375,4505.2001953125,4503.7998046875,4504.7998046875,15
2026-03-25T23:34:00,4505.10009765625,4505.5,4502.2001953125,4503.10009765625,27
2026-03-25T23:35:00,4501.89990234375,4502.2001953125,4497.60009765625,4497.60009765625,68
2026-03-25T23:36:00,4497.60009765625,4498.7001953125,4495.60009765625,4495.60009765625,42
2026-03-25T23:37:00,4496.0,4496.2001953125,4485.60009765625,4488.89990234375,344
2026-03-25T23:38:00,4488.5,4492.2001953125,4487.10009765625,4491.7001953125,151
2026-03-25T23:39:00,4491.0,4494.0,4490.2998046875,4490.39990234375,89
2026-03-25T23:40:00,4490.60009765625,4491.2001953125,4485.60009765625,4489.2998046875,103
2026-03-25T23:41:00,4489.0,4493.0,4489.0,4492.2001953125,102
2026-03-25T23:42:00,4492.39990234375,4494.10009765625,4490.89990234375,4492.10009765625,23
2026-03-25T23:43:00,4492.5,4494.89990234375,4491.89990234375,4492.7001953125,53
2026-03-25T23:44:00,4492.2998046875,4493.89990234375,4491.60009765625,4491.60009765625,42
2026-03-25T23:45:00,4491.7998046875,4494.5,4491.7998046875,4493.7001953125,78
2026-03-25T23:46:00,4494.2001953125,4495.5,4492.39990234375,4493.0,42
2026-03-25T23:47:00,4493.2001953125,4495.10009765625,4492.89990234375,4494.10009765625,17
2026-03-25T23:48:00,4493.7998046875,4493.89990234375,4487.7998046875,4492.7998046875,91
2026-03-25T23:49:00,4492.60009765625,4492.60009765625,4488.89990234375,4489.7001953125,51
2026-03-25T23:50:00,4489.39990234375,4491.0,4488.2001953125,4488.7998046875,30
2026-03-25T23:51:00,4488.0,4492.39990234375,4488.0,4491.2001953125,40
2026-03-25T23:52:00,4492.39990234375,4492.7001953125,4489.39990234375,4492.2998046875,48
2026-03-25T23:53:00,4493.0,4494.5,4492.2001953125,4493.39990234375,35
2026-03-25T23:54:00,4493.39990234375,4495.5,4490.39990234375,4492.39990234375,65
2026-03-25T23:55:00,4492.2001953125,4493.7998046875,4491.89990234375,4493.7998046875,28
2026-03-25T23:56:00,4494.10009765625,4495.0,4491.7001953125,4491.7001953125,64
2026-03-25T23:57:00,4492.0,4493.89990234375,4492.0,4493.89990234375,13
2026-03-25T23:58:00,4493.7001953125,4495.2001953125,4493.60009765625,4493.60009765625,31
2026-03-25T23:59:00,4494.10009765625,4496.60009765625,4494.10009765625,4495.2998046875,27
2026-03-26T00:00:00,4495.2998046875,4506.10009765625,4495.2001953125,4505.2001953125,144
2026-03-26T00:01:00,4504.7998046875,4505.2998046875,4502.2001953125,4503.89990234375,71
2026-03-26T00:02:00,4503.89990234375,4510.0,4502.7001953125,4508.60009765625,98
2026-03-26T00:03:00,4508.7001953125,4510.0,4506.89990234375,4509.39990234375,89
2026-03-26T00:04:00,4509.2001953125,4509.60009765625,4506.7001953125,4507.10009765625,44
2026-03-26T00:05:00,4507.10009765625,4513.2998046875,4504.7998046875,4512.2001953125,108
2026-03-26T00:06:00,4512.7001953125,4516.60009765625,4509.89990234375,4510.2001953125,135
2026-03-26T00:07:00,4510.2001953125,4515.2998046875,4510.10009765625,4513.7998046875,116
2026-03-26T00:08:00,4514.39990234375,4518.0,4514.39990234375,4516.0,105
2026-03-26T00:09:00,4515.5,4515.5,4510.2001953125,4511.5,73
2026-03-26T00:10:00,4511.60009765625,4511.7998046875,4508.5,4510.10009765625,111
2026-03-26T00:11:00,4510.2998046875,4511.10009765625,4504.89990234375,4506.7998046875,124
2026-03-26T00:12:00,4507.10009765625,4513.5,4506.7998046875,4512.7001953125,68
2026-03-26T00:13:00,4514.2001953125,4521.89990234375,4514.2001953125,4521.39990234375,186
2026-03-26T00:14:00,4521.39990234375,4525.0,4520.89990234375,4525.0,128
2026-03-26T00:15:00,4524.2001953125,4526.10009765625,4521.10009765625,4525.7001953125,87
2026-03-26T00:16:00,4525.7001953125,4530.60009765625,4524.2998046875,4527.39990234375,211
2026-03-26T00:17:00,4527.89990234375,4530.5,4525.2998046875,4528.0,83
2026-03-26T00:18:00,4528.7998046875,4532.7998046875,4527.10009765625,4527.60009765625,329
2026-03-26T00:19:00,4526.89990234375,4526.89990234375,4524.7001953125,4525.2001953125,102
2026-03-26T00:20:00,4525.7001953125,4527.0,4523.2998046875,4524.10009765625,45
2026-03-26T00:21:00,4524.39990234375,4527.39990234375,4524.39990234375,4525.7001953125,26
2026-03-26T00:22:00,4525.89990234375,4529.60009765625,4521.2998046875,4528.60009765625,123
2026-03-26T00:23:00,4529.2001953125,4530.0,4526.5,4526.5,27
2026-03-26T00:24:00,4526.10009765625,4526.7001953125,4523.2998046875,4524.5,25
2026-03-26T00:25:00,4523.5,4524.7998046875,4521.0,4524.2998046875,87
2026-03-26T00:26:00,4524.7998046875,4527.2998046875,4524.2001953125,4526.2001953125,40
2026-03-26T00:27:00,4525.39990234375,4525.39990234375,4523.39990234375,4523.39990234375,17
2026-03-26T00:28:00,4523.5,4523.89990234375,4521.5,4523.89990234375,58
2026-03-26T00:29:00,4522.0,4524.39990234375,4522.0,4522.89990234375,26
2026-03-26T00:30:00,4522.10009765625,4525.2998046875,4522.10009765625,4525.10009765625,32
2026-03-26T00:31:00,4525.60009765625,4529.7998046875,4525.60009765625,4526.2001953125,139
2026-03-26T00:32:00,4526.5,4528.39990234375,4524.10009765625,4525.89990234375,114
2026-03-26T00:33:00,4526.2998046875,4526.2998046875,4523.5,4524.2998046875,11
2026-03-26T00:34:00,4524.0,4524.7001953125,4523.0,4523.0,32
2026-03-26T00:35:00,4522.2001953125,4523.60009765625,4521.89990234375,4523.2998046875,17
2026-03-26T00:36:00,4523.5,4526.0,4523.5,4524.89990234375,32
2026-03-26T00:37:00,4525.0,4525.0,4523.2998046875,4524.60009765625,19
2026-03-26T00:38:00,4525.10009765625,4527.2001953125,4523.5,4525.39990234375,56
2026-03-26T00:39:00,4525.7998046875,4526.60009765625,4523.0,4524.0,28
2026-03-26T00:40:00,4524.39990234375,4528.89990234375,4524.2998046875,4528.5,43
2026-03-26T00:41:00,4528.7998046875,4529.7001953125,4525.0,4526.10009765625,81
2026-03-26T00:42:00,4526.7998046875,4528.89990234375,4526.7001953125,4527.5,43
2026-03-26T00:43:00,4526.89990234375,4527.89990234375,4524.0,4525.39990234375,43
2026-03-26T00:44:00,4524.0,4526.2001953125,4524.0,4525.2001953125,34
2026-03-26T00:45:00,4525.2001953125,4527.0,4524.60009765625,4527.0,25
2026-03-26T00:46:00,4526.60009765625,4528.89990234375,4526.60009765625,4528.89990234375,43
2026-03-26T00:47:00,4529.7998046875,4530.60009765625,4525.89990234375,4527.39990234375,70
2026-03-26T00:48:00,4527.0,4532.0,4526.60009765625,4532.0,52
2026-03-26T00:49:00,4532.0,4534.0,4531.5,4532.89990234375,92
2026-03-26T00:50:00,4532.2001953125,4536.60009765625,4531.5,4533.89990234375,134
2026-03-26T00:51:00,4533.89990234375,4536.2001953125,4533.10009765625,4533.7998046875,69
2026-03-26T00:52:00,4534.10009765625,4534.10009765625,4529.39990234375,4530.39990234375,123
2026-03-26T00:53:00,4528.89990234375,4532.0,4528.7998046875,4529.7001953125,58
2026-03-26T00:54:00,4529.2001953125,4530.39990234375,4525.10009765625,4525.2998046875,46
2026-03-26T00:55:00,4525.7998046875,4528.2998046875,4525.7001953125,4528.2998046875,64
2026-03-26T00:56:00,4528.2001953125,4529.89990234375,4527.89990234375,4529.89990234375,48
2026-03-26T00:57:00,4529.2001953125,4530.7998046875,4528.89990234375,4530.2998046875,56
2026-03-26T00:58:00,4530.89990234375,4532.60009765625,4530.5,4532.60009765625,31
2026-03-26T00:59:00,4532.2001953125,4533.2998046875,4531.0,4533.2998046875,46
2026-03-26T01:00:00,4533.0,4538.89990234375,4530.39990234375,4535.7001953125,288
2026-03-26T01:01:00,4536.39990234375,4536.39990234375,4528.2001953125,4534.10009765625,168
2026-03-26T01:02:00,4535.2001953125,4539.5,4533.5,4538.60009765625,114
2026-03-26T01:03:00,4538.7001953125,4541.60009765625,4536.5,4538.0,135
2026-03-26T01:04:00,4537.89990234375,4538.5,4533.0,4535.0,105
2026-03-26T01:05:00,4535.39990234375,4536.7001953125,4531.60009765625,4533.60009765625,130
2026-03-26T01:06:00,4532.7998046875,4536.5,4532.5,4536.2998046875,75
2026-03-26T01:07:00,4534.5,4537.2001953125,4533.39990234375,4535.5,33
2026-03-26T01:08:00,4536.0,4537.0,4530.7998046875,4533.2001953125,137
2026-03-26T01:09:00,4533.60009765625,4535.89990234375,4532.89990234375,4535.5,56
2026-03-26T01:10:00,4535.89990234375,4536.10009765625,4530.7998046875,4531.7998046875,76
2026-03-26T01:11:00,4531.10009765625,4532.5,4530.0,4531.5,52
2026-03-26T01:12:00,4531.39990234375,4533.7001953125,4530.2998046875,4533.60009765625,48
2026-03-26T01:13:00,4533.0,4536.7998046875,4532.7998046875,4536.7998046875,40
2026-03-26T01:14:00,4535.7001953125,4536.0,4534.39990234375,4534.89990234375,33
2026-03-26T01:15:00,4534.89990234375,4534.89990234375,4524.89990234375,4526.39990234375,158
2026-03-26T01:16:00,4525.2998046875,4526.89990234375,4523.7998046875,4524.2998046875,81
2026-03-26T01:17:00,4525.89990234375,4526.2998046875,4523.60009765625,4526.0,45
2026-03-26T01:18:00,4525.7998046875,4529.2998046875,4525.7998046875,4528.7998046875,45
2026-03-26T01:19:00,4529.10009765625,4529.2001953125,4525.7001953125,4526.39990234375,23
2026-03-26T01:20:00,4526.5,4528.39990234375,4526.5,4527.0,15
2026-03-26T01:21:00,4527.10009765625,4532.89990234375,4525.7001953125,4532.39990234375,81
2026-03-26T01:22:00,4531.60009765625,4534.10009765625,4530.0,4530.0,50
2026-03-26T01:23:00,4530.10009765625,4531.7001953125,4529.89990234375,4531.7001953125,34
2026-03-26T01:24:00,4530.7998046875,4530.7998046875,4527.60009765625,4528.0,43
2026-03-26T01:25:00,4527.39990234375,4530.39990234375,4525.89990234375,4529.2998046875,60
2026-03-26T01:26:00,4529.2998046875,4531.7001953125,4528.89990234375,4530.39990234375,25
2026-03-26T01:27:00,4529.89990234375,4529.89990234375,4525.7001953125,4529.2001953125,57
2026-03-26T01:28:00,4528.2998046875,4531.39990234375,4525.2998046875,4530.39990234375,120
2026-03-26T01:29:00,4531.2001953125,4533.0,4529.2998046875,4530.60009765625,107
2026-03-26T01:30:00,4531.60009765625,4534.2001953125,4531.39990234375,4533.10009765625,36
2026-03-26T01:31:00,4532.2998046875,4532.89990234375,4530.39990234375,4530.39990234375,29
2026-03-26T01:32:00,4529.89990234375,4529.89990234375,4526.39990234375,4528.7001953125,51
2026-03-26T01:33:00,4528.10009765625,4529.0,4528.0,4528.2998046875,36
2026-03-26T01:34:00,4527.39990234375,4528.0,4525.39990234375,4525.89990234375,27
2026-03-26T01:35:00,4528.0,4528.0,4525.0,4526.0,25
2026-03-26T01:36:00,4527.5,4528.0,4522.5,4525.5,55
2026-03-26T01:37:00,4525.39990234375,4527.10009765625,4524.7998046875,4526.7998046875,20
2026-03-26T01:38:00,4526.2998046875,4530.0,4526.2001953125,4528.0,48
2026-03-26T01:39:00,4528.7998046875,4529.60009765625,4525.89990234375,4527.2001953125,60
2026-03-26T01:40:00,4526.5,4526.5,4524.7001953125,4524.7001953125,13
2026-03-26T01:41:00,4526.5,4532.10009765625,4526.5,4531.89990234375,48
2026-03-26T01:42:00,4531.7001953125,4533.0,4530.39990234375,4530.39990234375,43
2026-03-26T01:43:00,4529.2001953125,4529.39990234375,4526.89990234375,4528.5,28
2026-03-26T01:44:00,4529.2001953125,4529.2001953125,4525.39990234375,4526.7001953125,34
2026-03-26T01:45:00,4526.39990234375,4528.2001953125,4526.0,4528.2001953125,15
2026-03-26T01:46:00,4527.2998046875,4527.2998046875,4524.39990234375,4525.2001953125,37
2026-03-26T01:47:00,4526.0,4526.0,4521.60009765625,4522.89990234375,60
2026-03-26T01:48:00,4523.10009765625,4525.39990234375,4523.10009765625,4525.39990234375,30
2026-03-26T01:49:00,4526.0,4526.10009765625,4520.10009765625,4520.7001953125,58
2026-03-26T01:50:00,4520.89990234375,4522.7998046875,4518.7001953125,4522.0,89
2026-03-26T01:51:00,4523.0,4527.2998046875,4522.5,4526.2998046875,75
2026-03-26T01:52:00,4526.39990234375,4529.39990234375,4526.2998046875,4529.39990234375,29
2026-03-26T01:53:00,4529.5,4531.39990234375,4528.2998046875,4528.2998046875,71
2026-03-26T01:54:00,4528.0,4528.0,4524.10009765625,4526.7001953125,76
2026-03-26T01:55:00,4527.2998046875,4527.89990234375,4525.2998046875,4526.39990234375,15
2026-03-26T01:56:00,4526.10009765625,4532.7001953125,4526.10009765625,4532.2001953125,63
2026-03-26T01:57:00,4531.89990234375,4531.89990234375,4529.60009765625,4530.89990234375,48
2026-03-26T01:58:00,4530.60009765625,4531.5,4529.60009765625,4530.2001953125,21
2026-03-26T01:59:00,4530.0,4532.7998046875,4530.0,4532.0,29
2026-03-26T02:00:00,4532.2998046875,4532.2998046875,4528.2998046875,4529.2001953125,49
2026-03-26T02:01:00,4528.5,4529.7001953125,4528.2998046875,4529.0,29
2026-03-26T02:02:00,4529.5,4529.7001953125,4528.39990234375,4528.39990234375,16
2026-03-26T02:03:00,4527.60009765625,4527.60009765625,4524.39990234375,4527.2998046875,37
2026-03-26T02:04:00,4526.89990234375,4530.39990234375,4525.5,4529.5,42
2026-03-26T02:05:00,4530.39990234375,4530.5,4527.7998046875,4527.7998046875,31
2026-03-26T02:06:00,4526.5,4526.5,4525.7998046875,4526.10009765625,6
2026-03-26T02:07:00,4526.60009765625,4527.10009765625,4525.2998046875,4526.2001953125,29
2026-03-26T02:08:00,4526.7001953125,4528.89990234375,4526.39990234375,4526.5,15
2026-03-26T02:09:00,4527.0,4527.10009765625,4524.89990234375,4525.2998046875,22
2026-03-26T02:10:00,4526.2001953125,4526.89990234375,4525.2001953125,4526.39990234375,43
2026-03-26T02:11:00,4526.60009765625,4528.10009765625,4525.7998046875,4528.10009765625,8
2026-03-26T02:12:00,4528.7998046875,4528.7998046875,4527.10009765625,4528.2998046875,16
2026-03-26T02:13:00,4528.60009765625,4529.60009765625,4527.39990234375,4529.10009765625,13
2026-03-26T02:14:00,4529.39990234375,4530.7998046875,4528.0,4529.0,33
2026-03-26T02:15:00,4528.2001953125,4529.39990234375,4526.89990234375,4528.89990234375,159
2026-03-26T02:16:00,4528.2998046875,4529.2998046875,4522.0,4523.2998046875,87
2026-03-26T02:17:00,4523.2998046875,4526.10009765625,4522.0,4525.10009765625,189
2026-03-26T02:18:00,4525.2998046875,4528.5,4525.10009765625,4528.10009765625,57
2026-03-26T02:19:00,4527.39990234375,4527.39990234375,4524.60009765625,4525.10009765625,38
2026-03-26T02:20:00,4525.2001953125,4527.39990234375,4523.89990234375,4526.39990234375,48
2026-03-26T02:21:00,4526.89990234375,4527.60009765625,4526.2998046875,4527.5,55
2026-03-26T02:22:00,4526.2998046875,4528.0,4525.7001953125,4525.89990234375,27
2026-03-26T02:23:00,4524.39990234375,4524.39990234375,4522.0,4523.7001953125,49
2026-03-26T02:24:00,4523.5,4523.5,4520.7998046875,4520.7998046875,17
2026-03-26T02:25:00,4522.0,4526.10009765625,4522.0,4524.0,103
2026-03-26T02:26:00,4523.60009765625,4525.0,4522.7998046875,4524.10009765625,36
2026-03-26T02:27:00,4523.89990234375,4524.60009765625,4522.7998046875,4524.5,29
2026-03-26T02:28:00,4525.0,4525.2001953125,4523.39990234375,4524.39990234375,60
2026-03-26T02:29:00,4524.60009765625,4525.10009765625,4523.60009765625,4525.10009765625,15
2026-03-26T02:30:00,4524.10009765625,4525.89990234375,4522.89990234375,4525.89990234375,73
2026-03-26T02:31:00,4525.7998046875,4527.10009765625,4524.7001953125,4525.39990234375,56
2026-03-26T02:32:00,4525.2998046875,4526.2998046875,4524.2001953125,4525.2001953125,26
2026-03-26T02:33:00,4524.0,4524.0,4520.10009765625,4522.0,100
2026-03-26T02:34:00,4521.2998046875,4521.2998046875,4516.7998046875,4519.7001953125,118
2026-03-26T02:35:00,4519.7001953125,4520.39990234375,4511.7998046875,4513.0,205
2026-03-26T02:36:00,4513.7001953125,4516.7998046875,4513.39990234375,4514.7001953125,46
2026-03-26T02:37:00,4514.60009765625,4514.60009765625,4508.0,4509.0,173
2026-03-26T02:38:00,4509.7001953125,4511.60009765625,4507.2001953125,4510.5,165
2026-03-26T02:39:00,4510.5,4511.2998046875,4509.39990234375,4510.39990234375,39
2026-03-26T02:40:00,4510.5,4512.7001953125,4510.2998046875,4512.5,34
2026-03-26T02:41:00,4512.2998046875,4513.89990234375,4512.0,4513.7998046875,50
2026-03-26T02:42:00,4514.2001953125,4514.89990234375,4513.10009765625,4514.89990234375,38
2026-03-26T02:43:00,4515.10009765625,4518.89990234375,4514.89990234375,4516.10009765625,137
2026-03-26T02:44:00,4516.7001953125,4516.7001953125,4515.39990234375,4516.2998046875,31
2026-03-26T02:45:00,4515.60009765625,4515.60009765625,4512.2998046875,4512.2998046875,55
2026-03-26T02:46:00,4513.10009765625,4517.7001953125,4513.10009765625,4517.10009765625,26
2026-03-26T02:47:00,4516.60009765625,4517.2998046875,4511.60009765625,4512.39990234375,32
2026-03-26T02:48:00,4512.7001953125,4513.7001953125,4512.0,4513.7001953125,21
2026-03-26T02:49:00,4513.10009765625,4514.2001953125,4512.7001953125,4512.7001953125,30
2026-03-26T02:50:00,4513.0,4513.10009765625,4510.89990234375,4511.39990234375,69
2026-03-26T02:51:00,4511.7998046875,4513.7001953125,4511.7998046875,4511.7998046875,32
2026-03-26T02:52:00,4511.0,4511.0,4509.39990234375,4510.10009765625,57
2026-03-26T02:53:00,4509.89990234375,4510.2998046875,4508.60009765625,4510.2998046875,23
2026-03-26T02:54:00,4510.5,4512.10009765625,4510.39990234375,4511.39990234375,33
2026-03-26T02:55:00,4512.0,4512.0,4510.0,4510.5,22
2026-03-26T02:56:00,4510.0,4510.2001953125,4504.2001953125,4505.0,265
2026-03-26T02:57:00,4505.0,4506.5,4502.39990234375,4502.39990234375,142
2026-03-26T02:58:00,4503.2001953125,4505.2001953125,4501.89990234375,4505.2001953125,53
2026-03-26T02:59:00,4504.7001953125,4505.60009765625,4503.2001953125,4505.2001953125,33
2026-03-26T03:00:00,4505.10009765625,4505.7001953125,4499.7001953125,4500.2998046875,140
2026-03-26T03:01:00,4500.89990234375,4504.2998046875,4500.0,4503.0,65
2026-03-26T03:02:00,4503.2001953125,4504.0,4497.7998046875,4498.7001953125,135
2026-03-26T03:03:00,4498.5,4501.39990234375,4498.39990234375,4501.39990234375,98
2026-03-26T03:04:00,4501.2001953125,4501.5,4499.2001953125,4501.0,40
2026-03-26T03:05:00,4501.0,4504.2001953125,4501.0,4502.7998046875,52
2026-03-26T03:06:00,4502.7998046875,4503.60009765625,4502.7001953125,4503.39990234375,12
2026-03-26T03:07:00,4502.39990234375,4505.0,4502.2998046875,4504.2001953125,60
2026-03-26T03:08:00,4504.39990234375,4506.0,4503.5,4503.89990234375,61
2026-03-26T03:09:00,4504.0,4504.0,4500.2001953125,4500.5,65
2026-03-26T03:10:00,4500.2001953125,4503.5,4499.0,4503.5,95
2026-03-26T03:11:00,4502.89990234375,4502.89990234375,4501.2001953125,4502.5,51
2026-03-26T03:12:00,4502.0,4503.2001953125,4501.2001953125,4502.7998046875,33
2026-03-26T03:13:00,4502.60009765625,4506.7998046875,4502.60009765625,4505.5,44
2026-03-26T03:14:00,4506.2998046875,4507.7001953125,4505.60009765625,4507.7001953125,38
2026-03-26T03:15:00,4507.0,4508.2001953125,4506.89990234375,4507.89990234375,29
2026-03-26T03:16:00,4508.0,4509.7998046875,4507.7998046875,4507.7998046875,83
2026-03-26T03:17:00,4507.60009765625,4508.2001953125,4504.89990234375,4505.5,38
2026-03-26T03:18:00,4505.2001953125,4505.2001953125,4503.7001953125,4503.7001953125,16
2026-03-26T03:19:00,4504.60009765625,4505.2001953125,4501.7001953125,4503.2998046875,61
2026-03-26T03:20:00,4503.2001953125,4503.7998046875,4502.0,4502.60009765625,43
2026-03-26T03:21:00,4502.2001953125,4503.89990234375,4501.2001953125,4501.5,34
2026-03-26T03:22:00,4501.60009765625,4502.10009765625,4499.0,4500.10009765625,127
2026-03-26T03:23:00,4499.7998046875,4500.7998046875,4499.10009765625,4499.7001953125,16
2026-03-26T03:24:00,4499.39990234375,4501.7998046875,4495.7998046875,4500.60009765625,92
2026-03-26T03:25:00,4500.60009765625,4503.7001953125,4500.60009765625,4503.39990234375,24
2026-03-26T03:26:00,4503.5,4505.5,4502.7998046875,4504.7998046875,64
2026-03-26T03:27:00,4504.10009765625,4505.60009765625,4502.10009765625,4503.39990234375,49
2026-03-26T03:28:00,4503.5,4504.7001953125,4503.39990234375,4504.0,36
2026-03-26T03:29:00,4503.39990234375,4503.7001953125,4501.60009765625,4502.89990234375,22
2026-03-26T03:30:00,4502.7001953125,4508.0,4502.7001953125,4507.89990234375,38
2026-03-26T03:31:00,4508.0,4509.60009765625,4507.2001953125,4507.2001953125,73
2026-03-26T03:32:00,4508.5,4510.7998046875,4507.7998046875,4510.60009765625,64
2026-03-26T03:33:00,4510.89990234375,4513.39990234375,4509.7001953125,4510.0,129
2026-03-26T03:34:00,4510.0,4512.89990234375,4510.0,4512.10009765625,50
2026-03-26T03:35:00,4511.89990234375,4512.2998046875,4511.2001953125,4512.2998046875,13
2026-03-26T03:36:00,4512.5,4513.10009765625,4511.2998046875,4512.0,46
2026-03-26T03:37:00,4512.0,4513.7001953125,4511.2998046875,4512.60009765625,29
2026-03-26T03:38:00,4513.2001953125,4514.0,4512.2001953125,4513.7998046875,52
2026-03-26T03:39:00,4514.10009765625,4514.10009765625,4513.0,4513.2998046875,10
2026-03-26T03:40:00,4513.5,4515.0,4513.5,4513.89990234375,31
2026-03-26T03:41:00,4513.39990234375,4513.60009765625,4513.0,4513.39990234375,12
2026-03-26T03:42:00,4513.0,4513.39990234375,4512.60009765625,4512.89990234375,18
2026-03-26T03:43:00,4512.5,4512.5,4511.39990234375,4512.39990234375,17
2026-03-26T03:44:00,4511.5,4511.60009765625,4511.0,4511.60009765625,38
2026-03-26T03:45:00,4511.60009765625,4512.2998046875,4511.10009765625,4512.2001953125,17
2026-03-26T03:46:00,4511.7998046875,4512.2998046875,4509.7998046875,4510.2001953125,33
2026-03-26T03:47:00,4510.39990234375,4511.0,4510.10009765625,4511.0,21
2026-03-26T03:48:00,4510.89990234375,4511.39990234375,4510.7998046875,4511.39990234375,19
2026-03-26T03:49:00,4511.2001953125,4511.39990234375,4511.10009765625,4511.10009765625,6
2026-03-26T03:50:00,4511.2001953125,4511.2001953125,4508.7998046875,4508.7998046875,21
2026-03-26T03:51:00,4508.0,4509.7998046875,4507.89990234375,4508.7998046875,41
2026-03-26T03:52:00,4508.7998046875,4508.7998046875,4506.5,4507.60009765625,40
2026-03-26T03:53:00,4507.7998046875,4508.2998046875,4507.10009765625,4507.89990234375,17
2026-03-26T03:54:00,4507.7998046875,4507.89990234375,4506.5,4506.7001953125,21
2026-03-26T03:55:00,4507.60009765625,4507.7998046875,4507.10009765625,4507.7998046875,6
2026-03-26T03:56:00,4507.7001953125,4509.10009765625,4507.39990234375,4508.39990234375,20
2026-03-26T03:57:00,4508.7998046875,4510.2001953125,4508.5,4509.7998046875,36
2026-03-26T03:58:00,4510.2998046875,4510.7998046875,4509.7998046875,4510.2001953125,10
2026-03-26T04:00:00,4513.2998046875,4514.2001953125,4512.0,4513.7998046875,29
2026-03-26T04:01:00,4513.0,4513.2001953125,4511.10009765625,4511.10009765625,21
2026-03-26T04:02:00,4512.2998046875,4512.60009765625,4510.2998046875,4511.7001953125,17
2026-03-26T04:03:00,4511.7001953125,4511.7001953125,4511.10009765625,4511.10009765625,3
2026-03-26T04:04:00,4510.7998046875,4510.7998046875,4509.0,4509.0,64
2026-03-26T04:05:00,4508.5,4508.5,4508.0,4508.2998046875,31
2026-03-26T04:06:00,4508.7001953125,4511.89990234375,4508.7001953125,4511.2998046875,68
2026-03-26T04:07:00,4511.7001953125,4512.7001953125,4509.39990234375,4509.39990234375,61
2026-03-26T04:08:00,4509.2001953125,4510.0,4508.89990234375,4510.0,21
2026-03-26T04:09:00,4510.39990234375,4513.60009765625,4510.39990234375,4513.60009765625,61
2026-03-26T04:10:00,4513.5,4514.89990234375,4512.7998046875,4514.7001953125,26
2026-03-26T04:11:00,4514.7998046875,4515.10009765625,4514.10009765625,4514.10009765625,25
2026-03-26T04:12:00,4514.39990234375,4514.89990234375,4513.7001953125,4513.89990234375,13
2026-03-26T04:13:00,4513.7998046875,4515.5,4513.7998046875,4515.2001953125,28
2026-03-26T04:14:00,4515.5,4515.7001953125,4515.2001953125,4515.5,9
2026-03-26T04:15:00,4514.60009765625,4514.7001953125,4514.10009765625,4514.10009765625,11
2026-03-26T04:16:00,4514.89990234375,4516.0,4514.2998046875,4515.10009765625,70
2026-03-26T04:17:00,4515.5,4515.5,4514.2001953125,4514.7001953125,16
2026-03-26T04:18:00,4514.89990234375,4516.39990234375,4514.2998046875,4515.0,85
2026-03-26T04:19:00,4515.0,4515.0,4512.7998046875,4513.39990234375,28
2026-03-26T04:20:00,4513.39990234375,4515.60009765625,4512.5,4515.5,44
2026-03-26T04:21:00,4515.5,4516.7998046875,4513.7001953125,4513.7998046875,31
2026-03-26T04:22:00,4513.7001953125,4514.60009765625,4513.2998046875,4514.0,23
2026-03-26T04:23:00,4513.7001953125,4515.2001953125,4513.7001953125,4515.0,19
2026-03-26T04:24:00,4515.2998046875,4515.39990234375,4515.2998046875,4515.39990234375,3
2026-03-26T04:25:00,4515.5,4517.0,4515.5,4517.0,15
2026-03-26T04:26:00,4517.0,4517.7001953125,4516.2998046875,4517.5,21
2026-03-26T04:27:00,4517.7998046875,4518.0,4517.39990234375,4517.7001953125,16
2026-03-26T04:28:00,4517.60009765625,4518.2998046875,4517.60009765625,4518.10009765625,19
2026-03-26T04:29:00,4517.60009765625,4517.7998046875,4516.60009765625,4517.10009765625,18
2026-03-26T04:30:00,4517.60009765625,4518.60009765625,4517.5,4518.60009765625,48
2026-03-26T04:31:00,4518.2998046875,4518.2998046875,4518.2001953125,4518.2001953125,27
2026-03-26T04:32:00,4518.10009765625,4518.7001953125,4516.7998046875,4516.89990234375,19
2026-03-26T04:33:00,4516.7998046875,4516.7998046875,4515.7001953125,4516.10009765625,17
2026-03-26T04:34:00,4516.0,4516.2001953125,4515.89990234375,4516.10009765625,18
2026-03-26T04:35:00,4516.0,4516.0,4515.89990234375,4515.89990234375,2
2026-03-26T04:36:00,4516.5,4516.5,4515.7998046875,4516.0,6
2026-03-26T04:37:00,4516.0,4516.2998046875,4515.10009765625,4515.10009765625,15
2026-03-26T04:38:00,4514.2998046875,4515.2001953125,4513.60009765625,4514.2998046875,33
2026-03-26T04:39:00,4514.10009765625,4514.2998046875,4513.60009765625,4513.60009765625,11
2026-03-26T04:40:00,4513.2998046875,4514.7001953125,4513.0,4514.2001953125,28
2026-03-26T04:41:00,4514.60009765625,4515.5,4514.2998046875,4514.60009765625,36
2026-03-26T04:42:00,4515.7001953125,4515.7001953125,4515.0,4515.0,11
2026-03-26T04:43:00,4515.2001953125,4515.39990234375,4514.5,4515.2001953125,12
2026-03-26T04:44:00,4514.2998046875,4514.39990234375,4512.89990234375,4514.39990234375,16
2026-03-26T04:45:00,4514.10009765625,4515.7998046875,4514.10009765625,4515.7998046875,11
2026-03-26T04:46:00,4516.2001953125,4517.5,4516.2001953125,4517.5,14
2026-03-26T04:47:00,4517.60009765625,4517.60009765625,4517.0,4517.60009765625,17
2026-03-26T04:48:00,4517.7998046875,4520.2001953125,4517.7998046875,4520.10009765625,86
2026-03-26T04:49:00,4519.5,4520.89990234375,4518.5,4518.60009765625,56
2026-03-26T04:50:00,4518.7998046875,4519.0,4516.39990234375,4516.39990234375,124
2026-03-26T04:51:00,4516.39990234375,4516.7998046875,4515.7001953125,4516.60009765625,23
2026-03-26T04:52:00,4516.60009765625,4517.7998046875,4516.10009765625,4517.7998046875,30
2026-03-26T04:53:00,4517.7001953125,4517.7001953125,4516.7998046875,4516.7998046875,12
2026-03-26T04:54:00,4515.60009765625,4518.10009765625,4515.5,4516.60009765625,43
2026-03-26T04:55:00,4517.2998046875,4518.89990234375,4516.39990234375,4516.39990234375,65
2026-03-26T04:56:00,4516.7998046875,4517.7001953125,4516.7998046875,4517.60009765625,8
2026-03-26T04:57:00,4517.2998046875,4517.2998046875,4516.39990234375,4516.39990234375,4
2026-03-26T04:58:00,4516.0,4517.0,4516.0,4516.39990234375,14
2026-03-26T04:59:00,4516.89990234375,4516.89990234375,4516.89990234375,4516.89990234375,1
2026-03-26T05:00:00,4517.0,4517.39990234375,4516.39990234375,4516.89990234375,14
2026-03-26T05:01:00,4518.10009765625,4518.7001953125,4517.0,4517.2998046875,73
2026-03-26T05:02:00,4517.2001953125,4517.2001953125,4515.5,4515.5,28
2026-03-26T05:03:00,4515.5,4515.60009765625,4514.5,4514.5,11
2026-03-26T05:04:00,4515.5,4515.7998046875,4514.10009765625,4514.7001953125,46
2026-03-26T05:05:00,4514.5,4514.7998046875,4513.89990234375,4514.5,17
2026-03-26T05:06:00,4514.39990234375,4514.7998046875,4509.60009765625,4510.5,148
2026-03-26T05:07:00,4511.2998046875,4511.5,4509.60009765625,4511.39990234375,85
2026-03-26T05:08:00,4511.89990234375,4512.0,4511.0,4511.89990234375,15
2026-03-26T05:09:00,4511.7001953125,4512.0,4508.2001953125,4508.2001953125,154
2026-03-26T05:10:00,4508.39990234375,4508.7998046875,4503.7998046875,4506.5,269
2026-03-26T05:11:00,4506.7001953125,4507.60009765625,4506.10009765625,4507.60009765625,40
2026-03-26T05:12:00,4508.0,4508.10009765625,4504.0,4506.10009765625,120
2026-03-26T05:13:00,4505.7998046875,4506.2001953125,4504.2998046875,4505.2001953125,83
2026-03-26T05:14:00,4505.10009765625,4505.89990234375,4504.10009765625,4505.10009765625,72
2026-03-26T05:15:00,4505.5,4506.2998046875,4504.89990234375,4505.0,30
2026-03-26T05:16:00,4504.2998046875,4504.39990234375,4503.7001953125,4504.0,24
2026-03-26T05:17:00,4504.39990234375,4504.89990234375,4502.7998046875,4504.89990234375,37
2026-03-26T05:18:00,4504.7001953125,4505.7001953125,4503.60009765625,4505.7001953125,29
2026-03-26T05:19:00,4506.2001953125,4506.89990234375,4505.7998046875,4506.5,22
2026-03-26T05:20:00,4507.10009765625,4508.0,4507.0,4507.2001953125,51
2026-03-26T05:21:00,4507.2001953125,4507.60009765625,4505.5,4505.5,17
2026-03-26T05:22:00,4503.7998046875,4504.60009765625,4498.7001953125,4498.7001953125,90
2026-03-26T05:23:00,4499.2001953125,4500.2998046875,4499.0,4499.0,69
2026-03-26T05:24:00,4499.2001953125,4501.39990234375,4498.2001953125,4501.39990234375,75
2026-03-26T05:25:00,4501.39990234375,4501.60009765625,4496.5,4497.2001953125,87
2026-03-26T05:26:00,4497.5,4498.60009765625,4490.2998046875,4490.7998046875,234
2026-03-26T05:27:00,4491.0,4493.10009765625,4488.2998046875,4488.7998046875,93
2026-03-26T05:28:00,4489.10009765625,4491.60009765625,4485.7001953125,4487.0,178
2026-03-26T05:29:00,4487.7001953125,4492.2001953125,4487.5,4490.5,104
2026-03-26T05:30:00,4490.5,4490.5,4476.2001953125,4484.60009765625,519
2026-03-26T05:31:00,4484.39990234375,4486.39990234375,4481.2001953125,4485.89990234375,145
2026-03-26T05:32:00,4486.39990234375,4488.7001953125,4483.10009765625,4483.2001953125,141
2026-03-26T05:33:00,4482.5,4488.0,4482.10009765625,4487.7998046875,201
2026-03-26T05:34:00,4488.2001953125,4490.7998046875,4488.0,4490.0,153
2026-03-26T05:35:00,4490.10009765625,4490.10009765625,4482.39990234375,4485.2001953125,161
2026-03-26T05:36:00,4485.89990234375,4490.5,4485.7001953125,4489.39990234375,162
2026-03-26T05:37:00,4489.10009765625,4492.0,4488.10009765625,4488.60009765625,136
2026-03-26T05:38:00,4487.89990234375,4491.2998046875,4486.5,4490.2001953125,122
2026-03-26T05:39:00,4490.0,4490.0,4486.2998046875,4486.2998046875,54
2026-03-26T05:40:00,4486.2998046875,4487.0,4485.0,4486.39990234375,112
2026-03-26T05:41:00,4487.60009765625,4490.7001953125,4487.60009765625,4490.7001953125,117
2026-03-26T05:42:00,4490.39990234375,4491.7001953125,4488.5,4490.2998046875,94
2026-03-26T05:43:00,4490.2001953125,4491.89990234375,4483.60009765625,4485.7998046875,137
2026-03-26T05:44:00,4485.7998046875,4486.7001953125,4479.60009765625,4479.7998046875,285
2026-03-26T05:45:00,4478.89990234375,4480.5,4472.39990234375,4473.39990234375,379
2026-03-26T05:46:00,4473.39990234375,4473.89990234375,4469.2001953125,4469.7001953125,364
2026-03-26T05:47:00,4469.7998046875,4471.2998046875,4464.2998046875,4470.89990234375,310
2026-03-26T05:48:00,4471.0,4475.0,4471.0,4474.2001953125,171
2026-03-26T05:49:00,4474.2001953125,4474.5,4467.7998046875,4468.7998046875,150
2026-03-26T05:50:00,4469.2001953125,4472.2998046875,4468.2001953125,4471.39990234375,193
2026-03-26T05:51:00,4471.0,4471.89990234375,4461.89990234375,4463.7998046875,293
2026-03-26T05:52:00,4464.5,4467.39990234375,4457.60009765625,4466.89990234375,276
2026-03-26T05:53:00,4466.89990234375,4466.89990234375,4458.7998046875,4459.89990234375,279
2026-03-26T05:54:00,4460.2001953125,4462.2001953125,4455.7001953125,4458.2998046875,405
2026-03-26T05:55:00,4457.89990234375,4459.60009765625,4454.89990234375,4456.39990234375,365
2026-03-26T05:56:00,4456.10009765625,4456.5,4446.5,4448.7001953125,464
2026-03-26T05:57:00,4448.89990234375,4451.2001953125,4443.10009765625,4445.7001953125,367
2026-03-26T05:58:00,4445.2998046875,4450.0,4440.2001953125,4442.2998046875,221
2026-03-26T05:59:00,4442.5,4443.5,4434.89990234375,4435.0,397
2026-03-26T06:00:00,4434.7001953125,4446.60009765625,4434.0,4442.2001953125,558
2026-03-26T06:01:00,4442.39990234375,4442.39990234375,4423.89990234375,4427.2998046875,537
2026-03-26T06:02:00,4427.7001953125,4435.5,4427.60009765625,4434.2001953125,310
2026-03-26T06:03:00,4434.7998046875,4442.7998046875,4434.5,4440.10009765625,228
2026-03-26T06:04:00,4439.89990234375,4441.2001953125,4433.7001953125,4438.2998046875,132
2026-03-26T06:05:00,4438.60009765625,4440.0,4430.2001953125,4430.2998046875,131
2026-03-26T06:06:00,4431.0,4431.0,4420.7001953125,4421.7998046875,417
2026-03-26T06:07:00,4421.60009765625,4433.7001953125,4419.60009765625,4431.2998046875,214
2026-03-26T06:08:00,4432.7998046875,4433.60009765625,4429.2998046875,4433.0,72
2026-03-26T06:09:00,4433.39990234375,4435.0,4432.10009765625,4434.0,111
2026-03-26T06:10:00,4434.89990234375,4438.39990234375,4429.60009765625,4429.60009765625,148
2026-03-26T06:11:00,4428.7998046875,4431.7998046875,4424.5,4424.5,184
2026-03-26T06:12:00,4423.39990234375,4425.2001953125,4419.39990234375,4422.10009765625,186
2026-03-26T06:13:00,4423.10009765625,4424.60009765625,4417.60009765625,4421.10009765625,195
2026-03-26T06:14:00,4421.2998046875,4421.7001953125,4414.5,4417.5,264
2026-03-26T06:15:00,4419.2001953125,4421.2001953125,4412.10009765625,4412.5,243
2026-03-26T06:16:00,4412.7998046875,4420.89990234375,4412.7001953125,4419.2001953125,140
2026-03-26T06:17:00,4420.60009765625,4428.39990234375,4417.7998046875,4424.2998046875,193
2026-03-26T06:18:00,4425.60009765625,4432.10009765625,4423.39990234375,4426.2001953125,225
2026-03-26T06:19:00,4426.89990234375,4427.2001953125,4421.7001953125,4426.0,100
2026-03-26T06:20:00,4426.10009765625,4432.2001953125,4425.60009765625,4431.2998046875,108
2026-03-26T06:21:00,4431.89990234375,4432.39990234375,4427.89990234375,4428.0,139
2026-03-26T06:22:00,4427.7001953125,4428.60009765625,4425.39990234375,4428.39990234375,74
2026-03-26T06:23:00,4429.0,4432.0,4426.2998046875,4431.2998046875,67
2026-03-26T06:24:00,4430.2001953125,4430.2001953125,4426.5,4429.5,64
2026-03-26T06:25:00,4428.7998046875,4431.5,4427.7998046875,4430.2001953125,44
2026-03-26T06:26:00,4430.0,4430.0,4424.10009765625,4427.7001953125,120
2026-03-26T06:27:00,4427.39990234375,4433.60009765625,4427.39990234375,4432.89990234375,213
2026-03-26T06:28:00,4432.5,4432.5,4428.7998046875,4431.60009765625,92
2026-03-26T06:29:00,4430.89990234375,4438.2998046875,4430.60009765625,4437.2998046875,363
2026-03-26T06:30:00,4436.5,4437.10009765625,4433.5,4436.89990234375,173
2026-03-26T06:31:00,4436.60009765625,4436.60009765625,4433.7998046875,4434.60009765625,82
2026-03-26T06:32:00,4435.2001953125,4435.2998046875,4432.2001953125,4433.2001953125,97
2026-03-26T06:33:00,4433.2001953125,4434.5,4432.60009765625,4433.60009765625,174
2026-03-26T06:34:00,4434.10009765625,4435.5,4433.2001953125,4433.2001953125,63
2026-03-26T06:35:00,4433.60009765625,4440.5,4433.39990234375,4439.60009765625,139
2026-03-26T06:36:00,4438.89990234375,4438.89990234375,4427.39990234375,4427.5,176
2026-03-26T06:37:00,4427.7998046875,4433.2001953125,4427.2001953125,4430.89990234375,187
2026-03-26T06:38:00,4430.60009765625,4435.10009765625,4430.60009765625,4434.5,54
2026-03-26T06:39:00,4434.2998046875,4439.39990234375,4434.10009765625,4439.2998046875,114
2026-03-26T06:40:00,4439.7998046875,4444.0,4439.7998046875,4440.7001953125,183
2026-03-26T06:41:00,4440.5,4442.7998046875,4438.2998046875,4438.7001953125,59
2026-03-26T06:42:00,4437.7001953125,4440.39990234375,4435.7998046875,4437.5,85
2026-03-26T06:43:00,4438.0,4439.89990234375,4436.5,4439.5,200
2026-03-26T06:44:00,4438.7001953125,4443.89990234375,4438.39990234375,4443.89990234375,341
2026-03-26T06:45:00,4444.0,4445.7998046875,4441.5,4445.10009765625,188
2026-03-26T06:46:00,4445.7001953125,4450.0,4444.7001953125,4447.7998046875,235
2026-03-26T06:47:00,4448.0,4451.5,4446.7001953125,4450.5,229
2026-03-26T06:48:00,4450.2998046875,4453.60009765625,4450.10009765625,4451.7001953125,329
2026-03-26T06:49:00,4452.2998046875,4453.2001953125,4444.89990234375,4445.2998046875,235
2026-03-26T06:50:00,4445.2001953125,4447.5,4440.2998046875,4447.5,291
2026-03-26T06:51:00,4446.89990234375,4449.0,4445.5,4448.2998046875,66
2026-03-26T06:52:00,4449.10009765625,4450.7001953125,4446.89990234375,4450.2001953125,109
2026-03-26T06:53:00,4450.10009765625,4451.7001953125,4448.39990234375,4450.2998046875,56
2026-03-26T06:54:00,4450.0,4450.10009765625,4448.5,4450.10009765625,63
2026-03-26T06:55:00,4450.10009765625,4453.7998046875,4448.2998046875,4452.7001953125,105
2026-03-26T06:56:00,4452.2001953125,4453.0,4449.7998046875,4451.2998046875,106
2026-03-26T06:57:00,4451.5,4456.39990234375,4451.39990234375,4454.5,87
2026-03-26T06:58:00,4455.0,4455.89990234375,4450.89990234375,4451.89990234375,175
2026-03-26T06:59:00,4451.7001953125,4452.89990234375,4449.89990234375,4452.89990234375,59
2026-03-26T07:00:00,4453.10009765625,4454.10009765625,4450.7001953125,4452.2001953125,77
2026-03-26T07:01:00,4453.2001953125,4453.7998046875,4447.7998046875,4450.39990234375,119
2026-03-26T07:02:00,4450.2001953125,4452.2001953125,4447.7998046875,4451.7001953125,119
2026-03-26T07:03:00,4451.89990234375,4456.60009765625,4451.5,4454.39990234375,135
2026-03-26T07:04:00,4454.2001953125,4455.2001953125,4448.7998046875,4451.7001953125,163
2026-03-26T07:05:00,4451.0,4451.0,4444.0,4447.7998046875,279
2026-03-26T07:06:00,4447.89990234375,4448.10009765625,4441.39990234375,4443.0,250
2026-03-26T07:07:00,4442.39990234375,4443.2001953125,4441.0,4441.5,130
2026-03-26T07:08:00,4441.2001953125,4444.0,4441.10009765625,4442.5,127
2026-03-26T07:09:00,4442.2998046875,4447.10009765625,4442.2998046875,4447.0,46
2026-03-26T07:10:00,4446.7001953125,4447.2998046875,4439.39990234375,4442.39990234375,152
2026-03-26T07:11:00,4442.7998046875,4444.7998046875,4438.39990234375,4440.10009765625,104
2026-03-26T07:12:00,4440.10009765625,4444.2998046875,4440.10009765625,4443.0,127
2026-03-26T07:13:00,4442.7001953125,4446.2001953125,4441.39990234375,4444.89990234375,57
2026-03-26T07:14:00,4444.10009765625,4444.60009765625,4441.89990234375,4443.60009765625,25
2026-03-26T07:15:00,4444.39990234375,4445.2001953125,4443.0,4443.10009765625,43
2026-03-26T07:16:00,4443.39990234375,4443.39990234375,4441.60009765625,4442.0,23
2026-03-26T07:17:00,4441.60009765625,4441.60009765625,4440.2001953125,4440.7001953125,39
2026-03-26T07:18:00,4440.5,4443.7001953125,4440.2998046875,4443.10009765625,89
2026-03-26T07:19:00,4443.5,4445.10009765625,4442.89990234375,4443.7001953125,138
2026-03-26T07:20:00,4444.10009765625,4444.10009765625,4434.2998046875,4438.0,282
2026-03-26T07:21:00,4436.2998046875,4441.2001953125,4435.39990234375,4441.2001953125,106
2026-03-26T07:22:00,4441.89990234375,4442.60009765625,4440.2998046875,4441.10009765625,120
2026-03-26T07:23:00,4441.39990234375,4446.7998046875,4440.89990234375,4446.5,166
2026-03-26T07:24:00,4446.89990234375,4447.89990234375,4442.7001953125,4442.7001953125,283
2026-03-26T07:25:00,4443.2998046875,4444.60009765625,4441.0,4443.10009765625,181
2026-03-26T07:26:00,4442.89990234375,4442.89990234375,4440.7998046875,4441.2998046875,28
2026-03-26T07:27:00,4441.10009765625,4442.10009765625,4439.39990234375,4440.89990234375,183
2026-03-26T07:28:00,4441.10009765625,4443.10009765625,4439.60009765625,4442.7998046875,146
2026-03-26T07:29:00,4443.10009765625,4445.2998046875,4442.60009765625,4444.5,163
2026-03-26T07:30:00,4445.10009765625,4456.7998046875,4443.7998046875,4454.0,291
2026-03-26T07:31:00,4453.7001953125,4454.10009765625,4449.7998046875,4449.7998046875,167
2026-03-26T07:32:00,4450.2998046875,4450.7998046875,4445.39990234375,4446.5,109
2026-03-26T07:33:00,4447.7001953125,4452.2001953125,4447.7001953125,4451.60009765625,62
2026-03-26T07:34:00,4451.5,4454.60009765625,4451.2001953125,4453.7001953125,57
2026-03-26T07:35:00,4453.5,4455.10009765625,4451.2001953125,4451.7001953125,89
2026-03-26T07:36:00,4452.2998046875,4455.2998046875,4445.7001953125,4450.7998046875,136
2026-03-26T07:37:00,4450.89990234375,4453.7998046875,4450.89990234375,4452.39990234375,137
2026-03-26T07:38:00,4452.60009765625,4454.0,4452.60009765625,4454.0,54
2026-03-26T07:39:00,4454.60009765625,4455.5,4454.39990234375,4454.89990234375,651
2026-03-26T07:40:00,4454.89990234375,4460.5,4454.39990234375,4458.2001953125,361
2026-03-26T07:41:00,4458.5,4458.7998046875,4454.60009765625,4455.7001953125,75
2026-03-26T07:42:00,4455.89990234375,4456.89990234375,4451.89990234375,4452.2998046875,64
2026-03-26T07:43:00,4451.60009765625,4452.2998046875,4448.7998046875,4449.39990234375,229
2026-03-26T07:44:00,4449.89990234375,4457.2001953125,4448.60009765625,4457.2001953125,362
2026-03-26T07:45:00,4456.7001953125,4459.2001953125,4455.7998046875,4456.89990234375,134
2026-03-26T07:46:00,4456.7001953125,4457.7001953125,4455.10009765625,4456.10009765625,65
2026-03-26T07:47:00,4456.5,4456.5,4452.39990234375,4454.5,114
2026-03-26T07:48:00,4452.7001953125,4454.39990234375,4450.2998046875,4454.2001953125,69
2026-03-26T07:49:00,4453.7998046875,4455.5,4453.60009765625,4455.2998046875,46
2026-03-26T07:50:00,4454.60009765625,4456.5,4451.89990234375,4452.0,48
2026-03-26T07:51:00,4452.7001953125,4453.60009765625,4450.10009765625,4450.7001953125,58
2026-03-26T07:52:00,4450.60009765625,4452.60009765625,4449.39990234375,4450.7998046875,65
2026-03-26T07:53:00,4451.0,4452.10009765625,4450.5,4451.0,30
2026-03-26T07:54:00,4450.39990234375,4450.60009765625,4448.60009765625,4450.0,175
2026-03-26T07:55:00,4450.2001953125,4452.60009765625,4447.39990234375,4449.10009765625,124
2026-03-26T07:56:00,4450.60009765625,4452.10009765625,4447.10009765625,4449.10009765625,98
2026-03-26T07:57:00,4448.2998046875,4453.0,4448.0,4452.7001953125,102
2026-03-26T07:58:00,4453.2001953125,4454.39990234375,4449.39990234375,4450.10009765625,80
2026-03-26T07:59:00,4449.7998046875,4453.0,4448.2001953125,4449.39990234375,183
2026-03-26T08:00:00,4448.7001953125,4455.0,4447.2001953125,4451.10009765625,229
2026-03-26T08:01:00,4450.7998046875,4456.0,4449.39990234375,4453.2998046875,73
2026-03-26T08:02:00,4452.7998046875,4453.7001953125,4446.39990234375,4448.2001953125,191
2026-03-26T08:03:00,4448.39990234375,4451.2998046875,4446.5,4451.10009765625,99
2026-03-26T08:04:00,4451.2001953125,4452.39990234375,4448.7998046875,4451.0,163
2026-03-26T08:05:00,4449.60009765625,4452.2001953125,4448.0,4448.0,153
2026-03-26T08:06:00,4446.7001953125,4453.2001953125,4446.7001953125,4452.2001953125,148
2026-03-26T08:07:00,4452.10009765625,4453.2001953125,4449.5,4453.2001953125,120
2026-03-26T08:08:00,4452.5,4452.89990234375,4448.2998046875,4452.0,60
2026-03-26T08:09:00,4451.7998046875,4451.7998046875,4449.2998046875,4449.39990234375,179
2026-03-26T08:10:00,4449.0,4452.7998046875,4447.7001953125,4449.7998046875,66
2026-03-26T08:11:00,4449.7998046875,4449.7998046875,4446.89990234375,4447.5,86
2026-03-26T08:12:00,4447.7998046875,4453.5,4446.0,4452.60009765625,166
2026-03-26T08:13:00,4453.0,4453.0,4441.10009765625,4441.89990234375,273
2026-03-26T08:14:00,4441.5,4442.7998046875,4436.89990234375,4441.39990234375,219
2026-03-26T08:15:00,4441.7998046875,4441.89990234375,4436.7001953125,4437.60009765625,187
2026-03-26T08:16:00,4437.7998046875,4438.5,4430.2001953125,4431.7998046875,230
2026-03-26T08:17:00,4431.2998046875,4443.5,4430.89990234375,4440.60009765625,289
2026-03-26T08:18:00,4440.89990234375,4442.89990234375,4433.89990234375,4434.39990234375,209
2026-03-26T08:19:00,4434.7998046875,4440.7001953125,4434.7998046875,4440.7001953125,237
2026-03-26T08:20:00,4441.2001953125,4442.60009765625,4437.7001953125,4441.5,77
2026-03-26T08:21:00,4442.7001953125,4442.7001953125,4440.0,4440.0,56
2026-03-26T08:22:00,4440.10009765625,4442.5,4437.39990234375,4438.2001953125,57
2026-03-26T08:23:00,4438.5,4440.2998046875,4435.7001953125,4436.7998046875,126
2026-03-26T08:24:00,4436.2998046875,4437.10009765625,4426.2998046875,4428.2001953125,356
2026-03-26T08:25:00,4428.0,4431.39990234375,4425.0,4431.39990234375,284
2026-03-26T08:26:00,4431.0,4437.89990234375,4430.2998046875,4434.2001953125,292
2026-03-26T08:27:00,4434.2998046875,4436.2998046875,4432.60009765625,4433.39990234375,63
2026-03-26T08:28:00,4433.39990234375,4433.39990234375,4427.7001953125,4429.7001953125,152
2026-03-26T08:29:00,4428.89990234375,4430.0,4421.0,4425.10009765625,344
2026-03-26T08:30:00,4425.10009765625,4425.60009765625,4421.89990234375,4422.7998046875,191
2026-03-26T08:31:00,4423.5,4431.0,4421.7001953125,4431.0,224
2026-03-26T08:32:00,4430.89990234375,4434.2001953125,4429.7001953125,4430.7001953125,155
2026-03-26T08:33:00,4430.10009765625,4430.2001953125,4427.0,4427.89990234375,67
2026-03-26T08:34:00,4428.0,4434.2998046875,4427.2998046875,4433.5,101
2026-03-26T08:35:00,4433.7998046875,4433.89990234375,4427.2001953125,4428.7001953125,185
2026-03-26T08:36:00,4429.2001953125,4429.2001953125,4423.2001953125,4426.7001953125,316
2026-03-26T08:37:00,4426.7998046875,4432.0,4426.7998046875,4427.7998046875,52
2026-03-26T08:38:00,4428.10009765625,4429.0,4423.2001953125,4426.10009765625,175
2026-03-26T08:39:00,4427.5,4430.89990234375,4427.2998046875,4430.2998046875,149
2026-03-26T08:40:00,4430.0,4433.60009765625,4428.5,4431.7001953125,174
2026-03-26T08:41:00,4431.89990234375,4432.39990234375,4426.60009765625,4427.10009765625,183
2026-03-26T08:42:00,4427.7998046875,4433.7001953125,4426.60009765625,4427.2998046875,303
2026-03-26T08:43:00,4426.2998046875,4426.60009765625,4409.2998046875,4411.2998046875,754
2026-03-26T08:44:00,4411.39990234375,4419.2998046875,4411.39990234375,4416.89990234375,380
2026-03-26T08:45:00,4416.39990234375,4423.2001953125,4415.5,4423.2001953125,178
2026-03-26T08:46:00,4423.2001953125,4426.2998046875,4422.2998046875,4423.60009765625,143
2026-03-26T08:47:00,4425.10009765625,4430.0,4424.0,4425.2998046875,408
2026-03-26T08:48:00,4425.60009765625,4427.7001953125,4421.89990234375,4423.2998046875,163
2026-03-26T08:49:00,4423.7998046875,4423.89990234375,4420.60009765625,4421.60009765625,171
2026-03-26T08:50:00,4421.2998046875,4430.0,4421.2998046875,4429.2001953125,286
2026-03-26T08:51:00,4429.5,4430.5,4425.7998046875,4426.60009765625,506
2026-03-26T08:52:00,4427.7998046875,4428.60009765625,4421.7001953125,4422.89990234375,179
2026-03-26T08:53:00,4422.5,4428.2001953125,4422.39990234375,4428.0,158
2026-03-26T08:54:00,4427.5,4434.39990234375,4426.7001953125,4433.7001953125,188
2026-03-26T08:55:00,4434.0,4436.2998046875,4432.39990234375,4435.7001953125,187
2026-03-26T08:56:00,4436.2998046875,4436.89990234375,4430.5,4430.60009765625,252
2026-03-26T08:57:00,4430.89990234375,4431.60009765625,4427.10009765625,4430.7001953125,148
2026-03-26T08:58:00,4430.0,4432.2001953125,4426.5,4427.7001953125,190
2026-03-26T08:59:00,4427.7998046875,4428.5,4424.7001953125,4424.7998046875,100
2026-03-26T09:00:00,4425.39990234375,4427.60009765625,4419.7998046875,4426.60009765625,404
2026-03-26T09:01:00,4426.39990234375,4429.0,4424.7001953125,4427.2001953125,109
2026-03-26T09:02:00,4427.0,4431.39990234375,4427.0,4430.2998046875,127
2026-03-26T09:03:00,4430.2001953125,4431.39990234375,4420.60009765625,4421.10009765625,169
2026-03-26T09:04:00,4421.39990234375,4421.7001953125,4419.7001953125,4421.0,186
2026-03-26T09:05:00,4420.7998046875,4430.0,4415.2998046875,4429.5,327
2026-03-26T09:06:00,4429.5,4430.10009765625,4426.2998046875,4429.2001953125,178
2026-03-26T09:07:00,4430.2998046875,4430.39990234375,4423.5,4424.5,165
2026-03-26T09:08:00,4424.39990234375,4427.7998046875,4423.7998046875,4425.0,156
2026-03-26T09:09:00,4425.39990234375,4428.0,4424.60009765625,4424.7001953125,134
2026-03-26T09:10:00,4425.39990234375,4427.89990234375,4421.5,4427.5,466
2026-03-26T09:11:00,4427.60009765625,4429.7001953125,4424.5,4427.0,134
2026-03-26T09:12:00,4426.89990234375,4429.39990234375,4425.7998046875,4427.2998046875,106
2026-03-26T09:13:00,4427.7001953125,4428.10009765625,4422.7001953125,4424.60009765625,208
2026-03-26T09:14:00,4424.2001953125,4428.5,4423.60009765625,4428.10009765625,92
2026-03-26T09:15:00,4427.5,4429.0,4423.7001953125,4426.0,164
2026-03-26T09:16:00,4425.60009765625,4427.10009765625,4423.39990234375,4425.89990234375,142
2026-03-26T09:17:00,4425.5,4428.7001953125,4423.5,4428.10009765625,186
2026-03-26T09:18:00,4427.60009765625,4428.7001953125,4423.89990234375,4424.2998046875,189
2026-03-26T09:19:00,4424.2001953125,4425.2998046875,4422.39990234375,4425.0,154
2026-03-26T09:20:00,4425.2001953125,4427.60009765625,4424.2998046875,4426.39990234375,129
2026-03-26T09:21:00,4426.7998046875,4430.39990234375,4423.7998046875,4429.39990234375,244
2026-03-26T09:22:00,4429.2998046875,4434.10009765625,4429.2998046875,4433.39990234375,229
2026-03-26T09:23:00,4432.7001953125,4433.39990234375,4427.7001953125,4430.0,210
2026-03-26T09:24:00,4429.60009765625,4430.2001953125,4428.2001953125,4428.2001953125,41
2026-03-26T09:25:00,4428.2001953125,4429.2998046875,4425.10009765625,4425.5,89
2026-03-26T09:26:00,4425.7998046875,4427.7998046875,4425.39990234375,4427.10009765625,58
2026-03-26T09:27:00,4427.0,4430.0,4427.0,4427.7998046875,254
2026-03-26T09:28:00,4427.2998046875,4428.7001953125,4426.7998046875,4428.0,198
2026-03-26T09:29:00,4428.39990234375,4429.7998046875,4426.7998046875,4429.7998046875,91
2026-03-26T09:30:00,4429.2001953125,4429.2001953125,4417.7001953125,4418.60009765625,351
2026-03-26T09:31:00,4417.7998046875,4422.0,4412.10009765625,4416.89990234375,308
2026-03-26T09:32:00,4416.89990234375,4419.7998046875,4413.2998046875,4416.0,740
2026-03-26T09:33:00,4416.2001953125,4419.2998046875,4415.39990234375,4416.5,85
2026-03-26T09:34:00,4417.10009765625,4421.2998046875,4416.5,4420.2001953125,86
2026-03-26T09:35:00,4419.7998046875,4420.2998046875,4416.5,4420.10009765625,78
2026-03-26T09:36:00,4420.60009765625,4421.7001953125,4418.10009765625,4419.39990234375,103
2026-03-26T09:37:00,4419.2998046875,4419.89990234375,4415.10009765625,4418.60009765625,105
2026-03-26T09:38:00,4418.7001953125,4423.7001953125,4418.7001953125,4422.60009765625,119
2026-03-26T09:39:00,4421.89990234375,4425.5,4421.0,4424.60009765625,117
2026-03-26T09:40:00,4425.39990234375,4427.2001953125,4423.2998046875,4423.89990234375,101
2026-03-26T09:41:00,4424.39990234375,4427.2998046875,4424.39990234375,4427.10009765625,118
2026-03-26T09:42:00,4426.39990234375,4428.7001953125,4425.10009765625,4425.60009765625,104
2026-03-26T09:43:00,4425.2998046875,4426.10009765625,4423.2998046875,4425.60009765625,103
2026-03-26T09:44:00,4425.10009765625,4426.0,4421.2998046875,4421.7998046875,548
2026-03-26T09:45:00,4421.2998046875,4423.10009765625,4415.7998046875,4420.10009765625,238
2026-03-26T09:46:00,4420.5,4421.39990234375,4417.7998046875,4420.2001953125,99
2026-03-26T09:47:00,4421.0,4424.0,4420.7001953125,4422.0,67
2026-03-26T09:48:00,4422.39990234375,4422.39990234375,4418.7998046875,4419.0,74
2026-03-26T09:49:00,4419.39990234375,4419.39990234375,4416.2001953125,4416.7998046875,197
2026-03-26T09:50:00,4416.7001953125,4421.60009765625,4416.7001953125,4421.60009765625,89
2026-03-26T09:51:00,4420.89990234375,4424.7998046875,4420.89990234375,4424.0,150
2026-03-26T09:52:00,4424.2001953125,4424.60009765625,4419.89990234375,4419.89990234375,58
2026-03-26T09:53:00,4419.5,4419.5,4414.2001953125,4417.89990234375,260
2026-03-26T09:54:00,4418.10009765625,4423.0,4418.10009765625,4422.5,139
2026-03-26T09:55:00,4421.7998046875,4425.2998046875,4420.7998046875,4424.10009765625,158
2026-03-26T09:56:00,4424.0,4424.89990234375,4420.0,4420.2998046875,101
2026-03-26T09:57:00,4420.5,4422.10009765625,4419.10009765625,4419.60009765625,121
2026-03-26T09:58:00,4419.2001953125,4419.39990234375,4417.2998046875,4417.7998046875,131
2026-03-26T09:59:00,4418.0,4421.2998046875,4418.0,4421.2998046875,44
2026-03-26T10:00:00,4421.10009765625,4422.60009765625,4420.2998046875,4420.2998046875,82
2026-03-26T10:01:00,4420.10009765625,4420.7001953125,4418.2998046875,4420.2001953125,67
2026-03-26T10:02:00,4421.2001953125,4422.2998046875,4420.7998046875,4420.89990234375,46
2026-03-26T10:03:00,4421.0,4421.0,4415.7001953125,4416.7998046875,123
2026-03-26T10:04:00,4417.0,4419.0,4414.60009765625,4418.89990234375,91
2026-03-26T10:05:00,4418.89990234375,4424.7001953125,4417.7998046875,4423.60009765625,164
2026-03-26T10:06:00,4423.10009765625,4425.89990234375,4420.2001953125,4420.2001953125,127
2026-03-26T10:07:00,4420.0,4420.2001953125,4417.5,4417.7998046875,141
2026-03-26T10:08:00,4418.7001953125,4419.60009765625,4416.7998046875,4416.89990234375,75
2026-03-26T10:09:00,4416.0,4419.89990234375,4415.39990234375,4419.60009765625,120
2026-03-26T10:10:00,4420.0,4422.0,4419.7998046875,4421.89990234375,81
2026-03-26T10:11:00,4422.2998046875,4422.2998046875,4419.5,4420.2001953125,117
2026-03-26T10:12:00,4419.60009765625,4423.0,4419.2001953125,4421.39990234375,103
2026-03-26T10:13:00,4421.2998046875,4421.7001953125,4420.10009765625,4421.2998046875,98
2026-03-26T10:14:00,4421.10009765625,4423.39990234375,4421.10009765625,4422.60009765625,146
2026-03-26T10:15:00,4422.2998046875,4429.39990234375,4422.2998046875,4429.39990234375,333
2026-03-26T10:16:00,4429.7001953125,4433.2001953125,4429.7001953125,4433.2001953125,212
2026-03-26T10:17:00,4433.0,4433.7001953125,4430.0,4430.0,256
2026-03-26T10:18:00,4429.10009765625,4430.0,4428.7001953125,4429.5,61
2026-03-26T10:19:00,4429.39990234375,4433.10009765625,4429.2998046875,4432.39990234375,90
2026-03-26T10:20:00,4432.7998046875,4433.10009765625,4429.39990234375,4432.0,86
2026-03-26T10:21:00,4431.7001953125,4435.7998046875,4431.7001953125,4434.60009765625,145
2026-03-26T10:22:00,4435.0,4440.0,4435.0,4438.5,230
2026-03-26T10:23:00,4439.10009765625,4441.2998046875,4438.60009765625,4439.10009765625,169
2026-03-26T10:24:00,4439.10009765625,4439.5,4437.89990234375,4438.2998046875,71
2026-03-26T10:25:00,4439.2001953125,4439.5,4437.0,4437.2001953125,81
2026-03-26T10:26:00,4437.2998046875,4442.7998046875,4437.2998046875,4442.2998046875,97
2026-03-26T10:27:00,4442.0,4442.0,4439.5,4441.7001953125,107
2026-03-26T10:28:00,4441.5,4444.0,4440.7998046875,4443.2001953125,193
2026-03-26T10:29:00,4443.10009765625,4445.2998046875,4438.2998046875,4439.2001953125,151
2026-03-26T10:30:00,4439.0,4439.60009765625,4435.2998046875,4438.5,222
2026-03-26T10:31:00,4438.10009765625,4438.89990234375,4435.2998046875,4437.7998046875,159
2026-03-26T10:32:00,4437.7001953125,4441.5,4436.39990234375,4439.7001953125,252
2026-03-26T10:33:00,4440.10009765625,4441.2001953125,4436.2001953125,4437.0,215
2026-03-26T10:34:00,4437.2001953125,4437.39990234375,4434.39990234375,4436.7001953125,278
2026-03-26T10:35:00,4437.0,4440.10009765625,4437.0,4439.60009765625,167
2026-03-26T10:36:00,4439.89990234375,4441.5,4437.7001953125,4438.2998046875,167
2026-03-26T10:37:00,4437.60009765625,4437.60009765625,4432.7001953125,4432.7001953125,122
2026-03-26T10:38:00,4433.2001953125,4435.5,4432.0,4434.5,92
2026-03-26T10:39:00,4434.7001953125,4435.0,4426.7998046875,4428.39990234375,428
2026-03-26T10:40:00,4427.60009765625,4433.60009765625,4423.89990234375,4432.5,563
2026-03-26T10:41:00,4433.0,4433.7998046875,4430.10009765625,4431.7001953125,148
2026-03-26T10:42:00,4431.89990234375,4432.60009765625,4427.39990234375,4428.60009765625,213
2026-03-26T10:43:00,4428.39990234375,4430.2001953125,4423.89990234375,4424.39990234375,231
2026-03-26T10:44:00,4424.10009765625,4426.10009765625,4420.2001953125,4424.89990234375,346
2026-03-26T10:45:00,4424.60009765625,4427.2001953125,4422.10009765625,4426.0,215
2026-03-26T10:46:00,4426.5,4427.60009765625,4423.0,4424.89990234375,265
2026-03-26T10:47:00,4424.5,4433.7001953125,4424.5,4432.10009765625,1086
2026-03-26T10:48:00,4432.0,4436.2998046875,4431.89990234375,4435.89990234375,170
2026-03-26T10:49:00,4436.5,4437.60009765625,4434.0,4437.39990234375,128
2026-03-26T10:50:00,4437.2998046875,4444.2001953125,4436.89990234375,4441.7998046875,212
2026-03-26T10:51:00,4441.7998046875,4443.0,4439.10009765625,4440.5,242
2026-03-26T10:52:00,4440.60009765625,4440.60009765625,4438.0,4438.0,110
2026-03-26T10:53:00,4436.60009765625,4437.89990234375,4435.89990234375,4437.2998046875,81
2026-03-26T10:54:00,4437.60009765625,4438.7001953125,4434.7998046875,4436.5,139
2026-03-26T10:55:00,4437.0,4437.89990234375,4435.10009765625,4435.7998046875,136
2026-03-26T10:56:00,4436.10009765625,4441.89990234375,4436.10009765625,4441.89990234375,205
2026-03-26T10:57:00,4441.5,4443.89990234375,4440.2998046875,4440.2998046875,450
2026-03-26T10:58:00,4440.7001953125,4441.0,4436.89990234375,4437.89990234375,215
2026-03-26T10:59:00,4437.60009765625,4440.89990234375,4437.2998046875,4440.2001953125,74
2026-03-26T11:00:00,4440.5,4444.0,4439.89990234375,4443.60009765625,122
2026-03-26T11:01:00,4443.7998046875,4445.7998046875,4437.89990234375,4438.89990234375,185
2026-03-26T11:02:00,4437.39990234375,4440.60009765625,4436.89990234375,4437.10009765625,94
2026-03-26T11:03:00,4438.2001953125,4442.7001953125,4438.2001953125,4441.0,123
2026-03-26T11:04:00,4441.60009765625,4444.0,4440.60009765625,4442.39990234375,161
2026-03-26T11:05:00,4442.5,4443.2998046875,4439.7001953125,4442.39990234375,94
2026-03-26T11:06:00,4442.0,4442.2001953125,4437.89990234375,4438.60009765625,61
2026-03-26T11:07:00,4439.39990234375,4441.2001953125,4438.5,4441.2001953125,73
2026-03-26T11:08:00,4441.2998046875,4442.0,4438.2998046875,4438.2998046875,98
2026-03-26T11:09:00,4439.39990234375,4441.2001953125,4439.2001953125,4439.2001953125,130
2026-03-26T11:10:00,4438.7998046875,4440.39990234375,4438.60009765625,4439.5,268
2026-03-26T11:11:00,4439.60009765625,4439.7998046875,4436.7998046875,4438.7001953125,77
2026-03-26T11:12:00,4438.7001953125,4439.60009765625,4438.2001953125,4439.5,59
2026-03-26T11:13:00,4439.39990234375,4441.7001953125,4439.39990234375,4440.10009765625,46
2026-03-26T11:14:00,4439.89990234375,4439.89990234375,4437.10009765625,4438.0,76
2026-03-26T11:15:00,4438.2998046875,4440.0,4438.2998046875,4439.7001953125,62
2026-03-26T11:16:00,4439.5,4441.10009765625,4437.5,4437.5,155
2026-03-26T11:17:00,4437.5,4439.5,4436.39990234375,4437.89990234375,100
2026-03-26T11:18:00,4437.7998046875,4442.5,4437.7998046875,4441.7001953125,170
2026-03-26T11:19:00,4441.7001953125,4445.5,4441.39990234375,4444.0,160
2026-03-26T11:20:00,4443.89990234375,4453.10009765625,4443.89990234375,4448.2001953125,279
2026-03-26T11:21:00,4448.60009765625,4450.5,4443.10009765625,4445.2001953125,351
2026-03-26T11:22:00,4445.5,4449.0,4444.89990234375,4447.7001953125,97
2026-03-26T11:23:00,4448.10009765625,4448.2001953125,4444.7001953125,4444.7001953125,59
2026-03-26T11:24:00,4444.60009765625,4446.5,4442.5,4444.2001953125,230
2026-03-26T11:25:00,4444.2998046875,4445.0,4439.60009765625,4441.5,151
2026-03-26T11:26:00,4442.5,4445.2001953125,4439.0,4440.2001953125,334
2026-03-26T11:27:00,4440.39990234375,4441.5,4438.7001953125,4440.7001953125,293
2026-03-26T11:28:00,4440.2998046875,4441.7998046875,4437.2998046875,4439.2001953125,309
2026-03-26T11:29:00,4439.0,4439.7001953125,4437.0,4439.7001953125,137
2026-03-26T11:30:00,4440.0,4443.5,4438.60009765625,4442.60009765625,185
2026-03-26T11:31:00,4442.2001953125,4442.5,4438.39990234375,4441.5,204
2026-03-26T11:32:00,4442.2001953125,4444.39990234375,4442.10009765625,4443.7001953125,127
2026-03-26T11:33:00,4443.5,4447.60009765625,4441.39990234375,4445.7998046875,155
2026-03-26T11:34:00,4446.60009765625,4446.60009765625,4444.5,4444.7001953125,227
2026-03-26T11:35:00,4444.7998046875,4444.7998046875,4443.60009765625,4443.60009765625,64
2026-03-26T11:36:00,4443.39990234375,4443.7001953125,4441.39990234375,4441.39990234375,91
2026-03-26T11:37:00,4442.0,4444.5,4442.0,4443.2001953125,519
2026-03-26T11:38:00,4443.39990234375,4445.7998046875,4443.39990234375,4444.2001953125,111
2026-03-26T11:39:00,4444.7001953125,4445.2998046875,4443.5,4445.2998046875,455
2026-03-26T11:40:00,4445.7998046875,4448.5,4443.2998046875,4446.60009765625,203
2026-03-26T11:41:00,4446.7998046875,4447.2001953125,4443.10009765625,4445.89990234375,221
2026-03-26T11:42:00,4445.89990234375,4449.10009765625,4445.89990234375,4447.2998046875,521
2026-03-26T11:43:00,4447.0,4447.39990234375,4441.39990234375,4441.39990234375,171
2026-03-26T11:44:00,4441.39990234375,4441.89990234375,4434.60009765625,4437.5,250
2026-03-26T11:45:00,4437.89990234375,4439.60009765625,4437.2001953125,4439.60009765625,332
2026-03-26T11:46:00,4438.5,4438.5,4434.0,4434.10009765625,239
2026-03-26T11:47:00,4433.7001953125,4434.2001953125,4428.7998046875,4433.10009765625,202
2026-03-26T11:48:00,4433.0,4433.0,4426.7998046875,4428.7001953125,366
2026-03-26T11:49:00,4428.2998046875,4429.2001953125,4422.2001953125,4423.10009765625,273
2026-03-26T11:50:00,4423.10009765625,4424.2998046875,4417.2998046875,4417.89990234375,376
2026-03-26T11:51:00,4418.2001953125,4423.89990234375,4418.2001953125,4421.2001953125,281
2026-03-26T11:52:00,4421.7001953125,4422.60009765625,4419.39990234375,4421.89990234375,356
2026-03-26T11:53:00,4421.5,4423.60009765625,4420.60009765625,4423.2001953125,114
2026-03-26T11:54:00,4423.7001953125,4425.10009765625,4422.5,4423.7998046875,138
2026-03-26T11:55:00,4424.0,4428.5,4423.2001953125,4426.39990234375,279
2026-03-26T11:56:00,4426.5,4428.7998046875,4425.5,4427.39990234375,158
2026-03-26T11:57:00,4427.39990234375,4429.2998046875,4422.60009765625,4422.60009765625,177
2026-03-26T11:58:00,4422.60009765625,4423.7001953125,4417.2001953125,4419.5,276
2026-03-26T11:59:00,4419.2998046875,4421.39990234375,4415.89990234375,4419.7001953125,221
2026-03-26T12:00:00,4420.10009765625,4422.7998046875,4417.39990234375,4422.10009765625,255
2026-03-26T12:01:00,4422.39990234375,4424.7998046875,4419.60009765625,4419.7001953125,177
2026-03-26T12:02:00,4419.2998046875,4419.7998046875,4412.7001953125,4419.2001953125,517
2026-03-26T12:03:00,4418.7998046875,4420.60009765625,4417.0,4420.2001953125,214
2026-03-26T12:04:00,4420.5,4423.60009765625,4418.2998046875,4421.7001953125,167
2026-03-26T12:05:00,4422.89990234375,4424.5,4419.7001953125,4421.7001953125,126
2026-03-26T12:06:00,4421.2001953125,4425.2998046875,4421.2001953125,4422.7998046875,106
2026-03-26T12:07:00,4423.2001953125,4427.7998046875,4422.10009765625,4426.2001953125,352
2026-03-26T12:08:00,4426.7001953125,4431.60009765625,4426.2001953125,4431.60009765625,191
2026-03-26T12:09:00,4431.5,4436.7998046875,4431.5,4436.10009765625,206
2026-03-26T12:10:00,4435.89990234375,4441.89990234375,4435.10009765625,4438.39990234375,524
2026-03-26T12:11:00,4438.7001953125,4439.0,4435.10009765625,4438.2998046875,340
2026-03-26T12:12:00,4438.89990234375,4440.7001953125,4437.5,4438.2001953125,140
2026-03-26T12:13:00,4438.2998046875,4442.2998046875,4438.2998046875,4440.7001953125,124
2026-03-26T12:14:00,4440.89990234375,4441.10009765625,4438.2001953125,4439.5,268
2026-03-26T12:15:00,4438.7998046875,4442.10009765625,4437.5,4441.5,125
2026-03-26T12:16:00,4441.7998046875,4442.39990234375,4437.10009765625,4437.7998046875,110
2026-03-26T12:17:00,4437.39990234375,4439.10009765625,4434.10009765625,4438.60009765625,421
2026-03-26T12:18:00,4438.39990234375,4438.7001953125,4433.0,4433.10009765625,112
2026-03-26T12:19:00,4433.5,4435.2998046875,4431.5,4433.7001953125,301
2026-03-26T12:20:00,4434.0,4435.0,4431.2998046875,4435.0,399
2026-03-26T12:21:00,4434.5,4436.39990234375,4433.60009765625,4435.0,317
2026-03-26T12:22:00,4434.7998046875,4438.7998046875,4434.7998046875,4437.7998046875,129
2026-03-26T12:23:00,4437.60009765625,4438.39990234375,4435.7998046875,4438.2001953125,120
2026-03-26T12:24:00,4438.39990234375,4438.89990234375,4434.60009765625,4435.89990234375,189
2026-03-26T12:25:00,4435.60009765625,4435.60009765625,4433.10009765625,4434.10009765625,147
2026-03-26T12:26:00,4433.89990234375,4436.0,4432.5,4434.2998046875,79
2026-03-26T12:27:00,4434.5,4437.0,4434.0,4436.5,54
2026-03-26T12:28:00,4437.2998046875,4440.60009765625,4436.39990234375,4439.60009765625,289
2026-03-26T12:29:00,4439.7001953125,4440.2001953125,4435.7001953125,4435.7998046875,112
2026-03-26T12:30:00,4435.7998046875,4436.60009765625,4429.60009765625,4434.7998046875,212
2026-03-26T12:31:00,4434.39990234375,4441.7001953125,4433.7998046875,4440.89990234375,329
2026-03-26T12:32:00,4440.5,4441.39990234375,4437.39990234375,4439.0,122
2026-03-26T12:33:00,4438.5,4438.60009765625,4431.60009765625,4433.2998046875,157
2026-03-26T12:34:00,4433.5,4436.10009765625,4432.2998046875,4433.39990234375,99
2026-03-26T12:35:00,4433.39990234375,4435.10009765625,4430.60009765625,4431.0,103
2026-03-26T12:36:00,4431.2998046875,4435.2001953125,4431.2001953125,4435.0,97
2026-03-26T12:37:00,4435.7001953125,4440.2998046875,4434.2001953125,4440.2998046875,103
2026-03-26T12:38:00,4440.7001953125,4440.7001953125,4438.5,4439.0,121
2026-03-26T12:39:00,4438.7001953125,4442.10009765625,4436.5,4442.10009765625,134
2026-03-26T12:40:00,4441.7998046875,4442.5,4436.39990234375,4437.39990234375,198
2026-03-26T12:41:00,4436.60009765625,4439.0,4435.0,4436.5,120
2026-03-26T12:42:00,4436.89990234375,4439.60009765625,4436.39990234375,4437.5,203
2026-03-26T12:43:00,4438.0,4438.2001953125,4435.89990234375,4437.10009765625,314
2026-03-26T12:44:00,4436.5,4436.89990234375,4433.0,4433.5,121
2026-03-26T12:45:00,4434.2998046875,4438.5,4433.0,4438.5,144
2026-03-26T12:46:00,4438.5,4439.7001953125,4437.2001953125,4437.7998046875,471
2026-03-26T12:47:00,4437.7001953125,4441.2998046875,4435.7998046875,4436.2998046875,664
2026-03-26T12:48:00,4435.89990234375,4436.2001953125,4430.7998046875,4430.7998046875,177
2026-03-26T12:49:00,4430.2998046875,4433.5,4430.0,4432.5,156
2026-03-26T12:50:00,4431.7998046875,4434.5,4431.60009765625,4434.2998046875,146
2026-03-26T12:51:00,4434.10009765625,4435.60009765625,4431.2001953125,4431.5,221
2026-03-26T12:52:00,4432.60009765625,4435.2001953125,4432.2001953125,4433.10009765625,167
2026-03-26T12:53:00,4432.60009765625,4434.39990234375,4431.7001953125,4431.7001953125,160
2026-03-26T12:54:00,4431.0,4431.5,4429.39990234375,4429.7001953125,115
2026-03-26T12:55:00,4429.39990234375,4431.2998046875,4427.39990234375,4431.2001953125,456
2026-03-26T12:56:00,4430.89990234375,4431.89990234375,4425.5,4427.10009765625,193
2026-03-26T12:57:00,4427.10009765625,4430.60009765625,4425.39990234375,4429.89990234375,228
2026-03-26T12:58:00,4429.2001953125,4430.2001953125,4428.0,4429.39990234375,351
2026-03-26T12:59:00,4428.5,4429.5,4426.7998046875,4426.7998046875,507
2026-03-26T13:00:00,4426.5,4433.2998046875,4417.60009765625,4423.2001953125,1272
2026-03-26T13:01:00,4423.5,4430.0,4423.0,4427.5,390
2026-03-26T13:02:00,4426.89990234375,4430.60009765625,4423.7998046875,4428.89990234375,278
2026-03-26T13:03:00,4430.0,4430.0,4424.7001953125,4428.10009765625,208
2026-03-26T13:04:00,4428.2001953125,4436.7998046875,4428.2001953125,4435.10009765625,661
2026-03-26T13:05:00,4434.89990234375,4438.60009765625,4434.89990234375,4437.2998046875,251
2026-03-26T13:06:00,4437.7001953125,4437.89990234375,4433.2998046875,4435.0,196
2026-03-26T13:07:00,4434.7998046875,4438.5,4434.7998046875,4438.5,145
2026-03-26T13:08:00,4438.2998046875,4438.39990234375,4432.39990234375,4434.60009765625,238
2026-03-26T13:09:00,4434.7998046875,4438.7001953125,4434.7998046875,4437.10009765625,192
2026-03-26T13:10:00,4437.0,4438.7001953125,4435.10009765625,4438.2998046875,131
2026-03-26T13:11:00,4437.7998046875,4442.2998046875,4437.7998046875,4440.39990234375,281
2026-03-26T13:12:00,4441.0,4442.5,4435.2998046875,4436.2001953125,394
2026-03-26T13:13:00,4436.10009765625,4442.5,4436.10009765625,4442.39990234375,486
2026-03-26T13:14:00,4442.39990234375,4442.39990234375,4435.2998046875,4436.0,212
2026-03-26T13:15:00,4436.0,4437.0,4431.89990234375,4437.0,241
2026-03-26T13:16:00,4437.39990234375,4437.5,4435.2998046875,4436.0,123
2026-03-26T13:17:00,4436.5,4439.89990234375,4435.60009765625,4439.2998046875,131
2026-03-26T13:18:00,4439.2998046875,4439.5,4436.2001953125,4437.60009765625,122
2026-03-26T13:19:00,4437.2001953125,4438.0,4436.0,4437.7001953125,324
2026-03-26T13:20:00,4437.60009765625,4439.89990234375,4437.10009765625,4438.89990234375,129
2026-03-26T13:21:00,4438.5,4442.2998046875,4438.5,4441.39990234375,203
2026-03-26T13:22:00,4441.7998046875,4442.5,4439.89990234375,4440.89990234375,397
2026-03-26T13:23:00,4441.2998046875,4451.2001953125,4441.10009765625,4447.39990234375,588
2026-03-26T13:24:00,4446.7998046875,4448.5,4444.89990234375,4447.7998046875,335
2026-03-26T13:25:00,4448.39990234375,4448.89990234375,4445.5,4447.7998046875,358
2026-03-26T13:26:00,4448.2001953125,4449.60009765625,4445.89990234375,4446.7998046875,343
2026-03-26T13:27:00,4446.7998046875,4447.0,4442.0,4442.7001953125,211
2026-03-26T13:28:00,4443.0,4443.60009765625,4441.5,4443.10009765625,101
2026-03-26T13:29:00,4442.7001953125,4446.2001953125,4440.7001953125,4445.7998046875,182
2026-03-26T13:30:00,4445.10009765625,4446.39990234375,4442.0,4442.5,433
2026-03-26T13:31:00,4442.2998046875,4448.7998046875,4437.60009765625,4439.0,328
2026-03-26T13:32:00,4439.5,4444.5,4438.5,4442.60009765625,213
2026-03-26T13:33:00,4442.10009765625,4442.10009765625,4432.10009765625,4435.5,584
2026-03-26T13:34:00,4434.7998046875,4440.2998046875,4433.0,4439.60009765625,284
2026-03-26T13:35:00,4439.60009765625,4440.60009765625,4434.5,4434.60009765625,355
2026-03-26T13:36:00,4434.89990234375,4436.5,4431.10009765625,4434.89990234375,288
2026-03-26T13:37:00,4435.10009765625,4443.7998046875,4434.89990234375,4441.2998046875,707
2026-03-26T13:38:00,4441.5,4442.7998046875,4439.2001953125,4440.5,127
2026-03-26T13:39:00,4441.7001953125,4441.7001953125,4431.89990234375,4432.39990234375,751
2026-03-26T13:40:00,4431.60009765625,4435.60009765625,4426.10009765625,4427.5,382
2026-03-26T13:41:00,4427.7998046875,4431.2998046875,4426.5,4430.89990234375,235
2026-03-26T13:42:00,4431.60009765625,4435.2001953125,4427.7001953125,4435.0,226
2026-03-26T13:43:00,4435.2001953125,4443.2998046875,4435.10009765625,4441.7998046875,536
2026-03-26T13:44:00,4440.5,4450.60009765625,4439.0,4450.60009765625,300
2026-03-26T13:45:00,4450.7998046875,4457.7998046875,4448.7998046875,4454.2001953125,1440
2026-03-26T13:46:00,4453.5,4456.0,4452.5,4454.2998046875,258
2026-03-26T13:47:00,4453.89990234375,4456.7001953125,4448.5,4455.7001953125,413
2026-03-26T13:48:00,4455.2001953125,4456.7001953125,4452.10009765625,4454.10009765625,818
2026-03-26T13:49:00,4453.89990234375,4453.89990234375,4447.2998046875,4449.7001953125,278
2026-03-26T13:50:00,4450.0,4452.2001953125,4447.2001953125,4449.2001953125,227
2026-03-26T13:51:00,4449.0,4455.60009765625,4446.2001953125,4454.2001953125,487
2026-03-26T13:52:00,4453.7998046875,4457.7001953125,4452.7001953125,4453.0,294
2026-03-26T13:53:00,4453.39990234375,4453.5,4447.89990234375,4452.89990234375,336
2026-03-26T13:54:00,4452.60009765625,4455.7001953125,4452.2998046875,4454.39990234375,136
2026-03-26T13:55:00,4454.7001953125,4454.7998046875,4451.2998046875,4452.2001953125,167
2026-03-26T13:56:00,4451.5,4453.39990234375,4449.7998046875,4451.39990234375,384
2026-03-26T13:57:00,4450.89990234375,4452.5,4445.5,4446.39990234375,249
2026-03-26T13:58:00,4446.7001953125,4450.0,4439.0,4439.7001953125,600
2026-03-26T13:59:00,4439.10009765625,4450.2001953125,4433.89990234375,4450.10009765625,861
2026-03-26T14:00:00,4450.39990234375,4453.7001953125,4446.60009765625,4449.39990234375,269
2026-03-26T14:01:00,4450.60009765625,4451.0,4446.39990234375,4450.10009765625,177
2026-03-26T14:02:00,4449.5,4452.2001953125,4446.2998046875,4449.39990234375,173
2026-03-26T14:03:00,4448.2998046875,4449.39990234375,4443.2001953125,4447.2998046875,409
2026-03-26T14:04:00,4447.39990234375,4449.2998046875,4444.2998046875,4447.10009765625,333
2026-03-26T14:05:00,4447.5,4447.5,4440.5,4443.39990234375,411
2026-03-26T14:06:00,4443.0,4445.7998046875,4441.60009765625,4442.89990234375,165
2026-03-26T14:07:00,4444.2001953125,4446.60009765625,4441.60009765625,4446.10009765625,262
2026-03-26T14:08:00,4445.39990234375,4446.0,4440.10009765625,4440.89990234375,217
2026-03-26T14:09:00,4441.10009765625,4445.2001953125,4440.5,4444.39990234375,142
2026-03-26T14:10:00,4444.39990234375,4445.7998046875,4441.7001953125,4444.10009765625,139
2026-03-26T14:11:00,4444.0,4444.0,4433.7001953125,4435.7001953125,300
2026-03-26T14:12:00,4435.0,4441.10009765625,4435.0,4439.7998046875,218
2026-03-26T14:13:00,4439.2001953125,4441.5,4437.10009765625,4440.39990234375,152
2026-03-26T14:14:00,4440.5,4444.0,4440.10009765625,4443.2001953125,110
2026-03-26T14:15:00,4443.7998046875,4454.39990234375,4441.60009765625,4454.0,634
2026-03-26T14:16:00,4454.60009765625,4457.7998046875,4453.7001953125,4456.2998046875,475
2026-03-26T14:17:00,4455.7001953125,4456.10009765625,4451.10009765625,4453.89990234375,279
2026-03-26T14:18:00,4454.2998046875,4455.5,4452.10009765625,4455.10009765625,164
2026-03-26T14:19:00,4454.5,4454.7001953125,4450.7001953125,4452.60009765625,174
2026-03-26T14:20:00,4451.39990234375,4452.2998046875,4449.39990234375,4450.89990234375,209
2026-03-26T14:21:00,4451.5,4451.7998046875,4449.5,4449.7998046875,99
2026-03-26T14:22:00,4450.39990234375,4466.89990234375,4450.39990234375,4466.5,979
2026-03-26T14:23:00,4466.0,4466.2998046875,4460.39990234375,4463.39990234375,2036
2026-03-26T14:24:00,4463.39990234375,4463.39990234375,4455.7001953125,4455.7001953125,285
2026-03-26T14:25:00,4455.39990234375,4455.5,4448.2001953125,4455.10009765625,1101
2026-03-26T14:26:00,4455.2001953125,4460.5,4455.2001953125,4458.7998046875,206
2026-03-26T14:27:00,4458.0,4462.39990234375,4457.0,4458.0,169
2026-03-26T14:28:00,4458.2001953125,4461.60009765625,4458.2001953125,4460.60009765625,212
2026-03-26T14:29:00,4460.7998046875,4462.0,4455.5,4456.2998046875,151
2026-03-26T14:30:00,4455.7998046875,4458.60009765625,4455.10009765625,4456.60009765625,146
2026-03-26T14:31:00,4456.7998046875,4459.89990234375,4456.0,4457.7998046875,179
2026-03-26T14:32:00,4458.10009765625,4459.5,4456.5,4457.7001953125,104
2026-03-26T14:33:00,4457.60009765625,4461.89990234375,4455.39990234375,4461.60009765625,199
2026-03-26T14:34:00,4461.60009765625,4473.2998046875,4461.2001953125,4471.89990234375,1387
2026-03-26T14:35:00,4471.7998046875,4476.2001953125,4467.0,4469.2998046875,646
2026-03-26T14:36:00,4469.10009765625,4474.7001953125,4469.0,4474.2998046875,542
2026-03-26T14:37:00,4474.2998046875,4474.2998046875,4463.89990234375,4464.60009765625,401
2026-03-26T14:38:00,4465.10009765625,4466.39990234375,4460.7998046875,4463.7998046875,180
2026-03-26T14:39:00,4464.0,4467.2001953125,4464.0,4465.89990234375,501
2026-03-26T14:40:00,4465.39990234375,4476.60009765625,4464.39990234375,4466.89990234375,515
2026-03-26T14:41:00,4466.2998046875,4467.10009765625,4458.60009765625,4463.89990234375,975
2026-03-26T14:42:00,4463.7001953125,4463.7001953125,4457.2998046875,4459.2001953125,349
2026-03-26T14:43:00,4459.7998046875,4462.60009765625,4457.10009765625,4458.60009765625,244
2026-03-26T14:44:00,4459.5,4460.0,4455.2001953125,4457.2001953125,212
2026-03-26T14:45:00,4457.0,4465.89990234375,4453.7001953125,4464.89990234375,414
2026-03-26T14:46:00,4465.5,4465.5,4458.5,4459.39990234375,203
2026-03-26T14:47:00,4459.2998046875,4465.0,4458.60009765625,4462.10009765625,329
2026-03-26T14:48:00,4462.60009765625,4465.0,4456.60009765625,4458.2998046875,275
2026-03-26T14:49:00,4458.10009765625,4459.10009765625,4455.39990234375,4458.89990234375,319
2026-03-26T14:50:00,4458.2998046875,4463.2001953125,4457.2998046875,4461.60009765625,203
2026-03-26T14:51:00,4462.2001953125,4464.0,4460.39990234375,4463.7001953125,140
2026-03-26T14:52:00,4463.89990234375,4465.10009765625,4456.2001953125,4456.60009765625,159
2026-03-26T14:53:00,4456.2001953125,4458.7998046875,4451.39990234375,4453.89990234375,564
2026-03-26T14:54:00,4453.0,4455.0,4445.2998046875,4446.0,317
2026-03-26T14:55:00,4446.39990234375,4454.2998046875,4442.60009765625,4454.2998046875,330
2026-03-26T14:56:00,4454.10009765625,4459.7001953125,4450.0,4458.89990234375,317
2026-03-26T14:57:00,4458.60009765625,4462.60009765625,4457.39990234375,4461.2001953125,536
2026-03-26T14:58:00,4461.2001953125,4464.0,4459.7998046875,4462.89990234375,190
2026-03-26T14:59:00,4463.7001953125,4464.2998046875,4460.0,4461.89990234375,202
2026-03-26T15:00:00,4461.5,4466.10009765625,4459.0,4462.7998046875,752
2026-03-26T15:01:00,4463.2001953125,4463.2998046875,4457.10009765625,4458.10009765625,296
2026-03-26T15:02:00,4458.60009765625,4460.7001953125,4455.5,4455.5,201
2026-03-26T15:03:00,4456.0,4459.60009765625,4455.5,4457.39990234375,242
2026-03-26T15:04:00,4457.2001953125,4458.10009765625,4455.39990234375,4456.5,139
2026-03-26T15:05:00,4456.7001953125,4460.5,4452.7001953125,4452.7001953125,703
2026-03-26T15:06:00,4453.0,4458.39990234375,4453.0,4458.2001953125,432
2026-03-26T15:07:00,4458.39990234375,4459.10009765625,4446.2998046875,4449.39990234375,885
2026-03-26T15:08:00,4449.60009765625,4452.7001953125,4448.7998046875,4450.0,218
2026-03-26T15:09:00,4449.5,4452.0,4448.10009765625,4451.0,152
2026-03-26T15:10:00,4451.5,4456.7001953125,4451.10009765625,4456.7001953125,187
2026-03-26T15:11:00,4456.39990234375,4457.60009765625,4455.2998046875,4456.7001953125,204
2026-03-26T15:12:00,4457.2001953125,4458.0,4455.60009765625,4455.60009765625,134
2026-03-26T15:13:00,4456.5,4456.89990234375,4453.39990234375,4454.60009765625,114
2026-03-26T15:14:00,4454.2001953125,4456.10009765625,4452.39990234375,4452.5,107
2026-03-26T15:15:00,4452.7001953125,4455.2001953125,4452.0,4454.10009765625,133
2026-03-26T15:16:00,4454.5,4454.5,4448.2998046875,4449.5,738
2026-03-26T15:17:00,4450.2998046875,4452.2001953125,4447.7998046875,4449.2001953125,268
2026-03-26T15:18:00,4448.2998046875,4452.0,4445.7001953125,4449.0,309
2026-03-26T15:19:00,4450.10009765625,4452.7001953125,4450.0,4452.5,183
2026-03-26T15:20:00,4451.7998046875,4454.2998046875,4450.10009765625,4454.0,132
2026-03-26T15:21:00,4454.0,4455.10009765625,4450.2998046875,4452.10009765625,237
2026-03-26T15:22:00,4452.39990234375,4452.39990234375,4448.7001953125,4448.7001953125,111
2026-03-26T15:23:00,4448.5,4450.2001953125,4446.7998046875,4448.89990234375,160
2026-03-26T15:24:00,4448.7998046875,4450.60009765625,4446.2998046875,4450.2998046875,189
2026-03-26T15:25:00,4450.0,4450.0,4447.7998046875,4448.2001953125,106
2026-03-26T15:26:00,4448.0,4451.7998046875,4447.5,4450.7998046875,95
2026-03-26T15:27:00,4450.60009765625,4451.0,4449.10009765625,4449.7998046875,104
2026-03-26T15:28:00,4450.0,4455.10009765625,4450.0,4454.10009765625,273
2026-03-26T15:29:00,4453.7998046875,4454.5,4450.0,4451.2998046875,120
2026-03-26T15:30:00,4450.2998046875,4450.5,4444.60009765625,4447.2001953125,259
2026-03-26T15:31:00,4447.0,4448.60009765625,4437.2998046875,4439.2001953125,708
2026-03-26T15:32:00,4439.0,4443.39990234375,4438.5,4440.89990234375,279
2026-03-26T15:33:00,4440.2998046875,4442.7998046875,4434.7001953125,4437.60009765625,402
2026-03-26T15:34:00,4437.10009765625,4440.2998046875,4436.2001953125,4438.60009765625,313
2026-03-26T15:35:00,4439.10009765625,4442.2998046875,4438.89990234375,4441.60009765625,324
2026-03-26T15:36:00,4441.2001953125,4441.7001953125,4438.7001953125,4439.0,184
2026-03-26T15:37:00,4439.0,4440.5,4437.39990234375,4440.2998046875,133
2026-03-26T15:38:00,4440.0,4441.2998046875,4437.0,4437.39990234375,757
2026-03-26T15:39:00,4437.7001953125,4438.2998046875,4432.2001953125,4436.2998046875,345
2026-03-26T15:40:00,4436.2998046875,4439.2998046875,4434.89990234375,4438.89990234375,463
2026-03-26T15:41:00,4438.7001953125,4440.2998046875,4435.39990234375,4435.5,278
2026-03-26T15:42:00,4435.2998046875,4439.10009765625,4433.60009765625,4438.60009765625,306
2026-03-26T15:43:00,4438.7001953125,4438.7001953125,4434.5,4436.39990234375,200
2026-03-26T15:44:00,4436.2001953125,4438.2001953125,4435.7001953125,4436.10009765625,100
2026-03-26T15:45:00,4436.10009765625,4437.7998046875,4436.0,4437.0,111
2026-03-26T15:46:00,4436.7998046875,4441.7998046875,4435.39990234375,4439.10009765625,439
2026-03-26T15:47:00,4439.0,4442.7998046875,4438.60009765625,4441.0,214
2026-03-26T15:48:00,4440.7998046875,4442.0,4439.0,4440.2998046875,241
2026-03-26T15:49:00,4440.2998046875,4440.7998046875,4437.2001953125,4440.2998046875,216
2026-03-26T15:50:00,4439.7001953125,4441.2998046875,4438.7001953125,4439.10009765625,698
2026-03-26T15:51:00,4439.0,4442.10009765625,4438.60009765625,4440.60009765625,221
2026-03-26T15:52:00,4441.7001953125,4442.60009765625,4440.2001953125,4442.2998046875,111
2026-03-26T15:53:00,4441.10009765625,4442.5,4440.89990234375,4442.2001953125,95
2026-03-26T15:54:00,4442.0,4442.5,4439.89990234375,4441.7998046875,157
2026-03-26T15:55:00,4441.60009765625,4441.7998046875,4439.10009765625,4440.0,149
2026-03-26T15:56:00,4440.10009765625,4440.7001953125,4433.0,4434.10009765625,606
2026-03-26T15:57:00,4434.2998046875,4437.5,4429.7998046875,4431.7998046875,1333
2026-03-26T15:58:00,4431.2998046875,4434.7998046875,4429.89990234375,4433.89990234375,340
2026-03-26T15:59:00,4433.7001953125,4434.7001953125,4431.2998046875,4434.0,130
2026-03-26T16:00:00,4434.0,4434.5,4431.10009765625,4432.7998046875,385
2026-03-26T16:01:00,4432.7998046875,4433.0,4421.7998046875,4423.5,924
2026-03-26T16:02:00,4423.7001953125,4429.39990234375,4423.60009765625,4427.2998046875,276
2026-03-26T16:03:00,4427.7001953125,4433.7998046875,4427.7001953125,4433.39990234375,338
2026-03-26T16:04:00,4433.60009765625,4434.5,4430.7998046875,4432.5,485
2026-03-26T16:05:00,4432.2998046875,4433.2998046875,4430.5,4432.60009765625,91
2026-03-26T16:06:00,4432.5,4437.0,4432.10009765625,4437.0,790
2026-03-26T16:07:00,4437.5,4438.10009765625,4435.39990234375,4436.2001953125,109
2026-03-26T16:08:00,4436.2998046875,4438.0,4435.39990234375,4435.7998046875,756
2026-03-26T16:09:00,4436.7001953125,4436.7001953125,4434.39990234375,4435.7001953125,65
2026-03-26T16:10:00,4434.89990234375,4436.10009765625,4434.89990234375,4435.2001953125,89
2026-03-26T16:11:00,4435.2998046875,4435.7998046875,4433.2998046875,4433.2998046875,84
2026-03-26T16:12:00,4433.7998046875,4433.7998046875,4430.5,4433.2001953125,128
2026-03-26T16:13:00,4433.60009765625,4435.5,4433.0,4434.2001953125,127
2026-03-26T16:14:00,4434.89990234375,4438.89990234375,4434.60009765625,4436.0,132
2026-03-26T16:15:00,4435.89990234375,4435.89990234375,4430.60009765625,4431.2001953125,174
2026-03-26T16:16:00,4431.39990234375,4431.7998046875,4419.10009765625,4420.89990234375,779
2026-03-26T16:17:00,4420.7001953125,4425.2998046875,4416.7998046875,4423.39990234375,648
2026-03-26T16:18:00,4423.5,4425.89990234375,4422.60009765625,4424.2001953125,239
2026-03-26T16:19:00,4424.2001953125,4425.10009765625,4420.7001953125,4422.7001953125,216
2026-03-26T16:20:00,4422.2001953125,4424.7001953125,4413.0,4415.2998046875,890
2026-03-26T16:21:00,4414.89990234375,4417.7998046875,4396.39990234375,4396.39990234375,1482
2026-03-26T16:22:00,4396.2001953125,4399.60009765625,4385.39990234375,4393.0,1232
2026-03-26T16:23:00,4392.2998046875,4398.5,4387.7998046875,4398.2001953125,629
2026-03-26T16:24:00,4398.7998046875,4400.10009765625,4393.60009765625,4396.7001953125,472
2026-03-26T16:25:00,4396.7998046875,4396.7998046875,4380.60009765625,4390.60009765625,944
2026-03-26T16:26:00,4390.7998046875,4392.89990234375,4387.7001953125,4389.5,353
2026-03-26T16:27:00,4389.7001953125,4391.7001953125,4385.60009765625,4391.7001953125,297
2026-03-26T16:28:00,4392.2001953125,4395.10009765625,4387.2998046875,4389.89990234375,388
2026-03-26T16:29:00,4390.0,4394.7998046875,4389.39990234375,4392.2998046875,225
2026-03-26T16:30:00,4391.5,4391.5,4373.60009765625,4382.7998046875,885
2026-03-26T16:31:00,4382.7998046875,4383.89990234375,4377.7998046875,4379.89990234375,412
2026-03-26T16:32:00,4379.5,4385.39990234375,4371.10009765625,4384.2998046875,789
2026-03-26T16:33:00,4383.7998046875,4387.2001953125,4382.39990234375,4383.39990234375,266
2026-03-26T16:34:00,4383.0,4389.10009765625,4377.5,4388.89990234375,526
2026-03-26T16:35:00,4389.2001953125,4389.2001953125,4380.7001953125,4386.89990234375,281
2026-03-26T16:36:00,4386.60009765625,4387.0,4381.2998046875,4384.89990234375,253
2026-03-26T16:37:00,4384.89990234375,4384.89990234375,4368.2001953125,4371.39990234375,453
2026-03-26T16:38:00,4371.39990234375,4371.7001953125,4362.7998046875,4368.60009765625,914
2026-03-26T16:39:00,4368.89990234375,4372.7001953125,4366.0,4371.60009765625,375
2026-03-26T16:40:00,4370.39990234375,4377.39990234375,4369.2998046875,4375.7001953125,245
2026-03-26T16:41:00,4375.7001953125,4383.2998046875,4374.0,4377.2998046875,657
2026-03-26T16:42:00,4377.5,4378.0,4375.0,4376.2001953125,349
2026-03-26T16:43:00,4376.2998046875,4377.10009765625,4371.60009765625,4373.2998046875,304
2026-03-26T16:44:00,4373.5,4377.7001953125,4371.39990234375,4377.2998046875,202
2026-03-26T16:45:00,4376.7998046875,4382.60009765625,4374.39990234375,4379.60009765625,566
2026-03-26T16:46:00,4379.60009765625,4383.10009765625,4377.60009765625,4381.89990234375,209
2026-03-26T16:47:00,4381.5,4388.2001953125,4380.7001953125,4385.7001953125,343
2026-03-26T16:48:00,4385.60009765625,4386.2998046875,4382.7998046875,4384.10009765625,186
2026-03-26T16:49:00,4384.0,4384.7998046875,4379.7998046875,4381.7998046875,147
2026-03-26T16:50:00,4381.5,4382.2998046875,4376.39990234375,4376.7001953125,166
2026-03-26T16:51:00,4376.7001953125,4381.89990234375,4376.7001953125,4379.7998046875,158
2026-03-26T16:52:00,4380.7001953125,4384.89990234375,4379.2998046875,4382.5,353
2026-03-26T16:53:00,4382.0,4386.10009765625,4380.60009765625,4384.2001953125,188
2026-03-26T16:54:00,4384.39990234375,4386.2998046875,4382.10009765625,4384.7998046875,643
2026-03-26T16:55:00,4385.10009765625,4388.5,4384.5,4385.89990234375,675
2026-03-26T16:56:00,4386.10009765625,4387.2998046875,4382.7998046875,4385.5,78
2026-03-26T16:57:00,4385.2001953125,4386.7001953125,4384.2998046875,4386.7001953125,99
2026-03-26T16:58:00,4386.2001953125,4386.5,4384.2998046875,4385.10009765625,206
2026-03-26T16:59:00,4385.2001953125,4386.7001953125,4384.7001953125,4385.2998046875,261
2026-03-26T17:00:00,4384.89990234375,4390.7998046875,4380.7998046875,4390.39990234375,464
2026-03-26T17:01:00,4390.39990234375,4393.39990234375,4385.10009765625,4387.0,225
2026-03-26T17:02:00,4386.60009765625,4390.0,4383.2001953125,4390.0,174
2026-03-26T17:03:00,4390.0,4390.0,4387.0,4389.39990234375,523
2026-03-26T17:04:00,4389.7998046875,4391.89990234375,4386.5,4386.89990234375,306
2026-03-26T17:05:00,4387.2001953125,4393.7998046875,4386.5,4392.7001953125,266
2026-03-26T17:06:00,4392.2998046875,4398.5,4392.2998046875,4396.2001953125,315
2026-03-26T17:07:00,4396.10009765625,4396.39990234375,4394.39990234375,4395.89990234375,172
2026-03-26T17:08:00,4396.39990234375,4396.5,4390.60009765625,4392.10009765625,160
2026-03-26T17:09:00,4391.10009765625,4394.7998046875,4389.39990234375,4393.89990234375,217
2026-03-26T17:10:00,4394.2001953125,4395.0,4391.7998046875,4392.7998046875,122
2026-03-26T17:11:00,4392.2001953125,4392.2001953125,4384.60009765625,4389.7998046875,456
2026-03-26T17:12:00,4389.7001953125,4392.0,4387.5,4391.60009765625,392
2026-03-26T17:13:00,4391.10009765625,4394.2001953125,4389.39990234375,4393.2998046875,263
2026-03-26T17:14:00,4393.2998046875,4394.7998046875,4390.39990234375,4390.5,279
2026-03-26T17:15:00,4390.89990234375,4392.7001953125,4388.60009765625,4388.60009765625,182
2026-03-26T17:16:00,4388.60009765625,4390.10009765625,4386.89990234375,4389.7001953125,183
2026-03-26T17:17:00,4389.89990234375,4390.5,4387.7001953125,4389.5,177
2026-03-26T17:18:00,4389.5,4389.7001953125,4381.7998046875,4383.89990234375,461
2026-03-26T17:19:00,4383.7001953125,4391.60009765625,4383.7001953125,4391.60009765625,745
2026-03-26T17:20:00,4391.7001953125,4393.10009765625,4387.39990234375,4387.89990234375,162
2026-03-26T17:21:00,4388.2001953125,4390.5,4388.2001953125,4389.10009765625,172
2026-03-26T17:22:00,4388.5,4389.2998046875,4382.39990234375,4382.7998046875,399
2026-03-26T17:23:00,4382.7001953125,4385.39990234375,4379.5,4383.7001953125,201
2026-03-26T17:24:00,4383.7001953125,4385.2001953125,4380.7998046875,4382.2001953125,285
2026-03-26T17:25:00,4381.10009765625,4381.10009765625,4374.7998046875,4377.5,313
2026-03-26T17:26:00,4377.2998046875,4381.7998046875,4376.89990234375,4378.89990234375,251
2026-03-26T17:27:00,4378.89990234375,4378.89990234375,4375.2998046875,4376.0,537
2026-03-26T17:28:00,4376.2998046875,4377.60009765625,4372.5,4377.10009765625,277
2026-03-26T17:29:00,4377.5,4379.10009765625,4373.2998046875,4378.89990234375,1265
2026-03-26T17:30:00,4379.0,4384.10009765625,4376.2998046875,4379.5,349
2026-03-26T17:31:00,4379.5,4379.5,4374.89990234375,4376.2998046875,151
2026-03-26T17:32:00,4375.2001953125,4377.2001953125,4373.2001953125,4375.60009765625,138
2026-03-26T17:33:00,4375.5,4377.10009765625,4374.7001953125,4377.0,144
2026-03-26T17:34:00,4377.89990234375,4381.7998046875,4377.2001953125,4381.0,374
2026-03-26T17:35:00,4381.5,4383.39990234375,4378.89990234375,4380.89990234375,127
2026-03-26T17:36:00,4381.5,4382.5,4380.60009765625,4381.5,232
2026-03-26T17:37:00,4381.39990234375,4384.10009765625,4380.0,4384.10009765625,428
2026-03-26T17:38:00,4384.60009765625,4388.89990234375,4384.39990234375,4387.60009765625,1181
2026-03-26T17:39:00,4387.2001953125,4387.2001953125,4383.89990234375,4384.10009765625,171
2026-03-26T17:40:00,4383.39990234375,4383.39990234375,4379.60009765625,4381.2998046875,136
2026-03-26T17:41:00,4380.89990234375,4381.7998046875,4379.0,4379.0,397
2026-03-26T17:42:00,4380.0,4380.89990234375,4376.89990234375,4378.89990234375,166
2026-03-26T17:43:00,4379.0,4381.2001953125,4377.7998046875,4379.5,145
2026-03-26T17:44:00,4380.10009765625,4381.39990234375,4378.5,4381.2001953125,70
2026-03-26T17:45:00,4381.2001953125,4383.10009765625,4379.10009765625,4382.2001953125,169
2026-03-26T17:46:00,4382.2001953125,4384.60009765625,4380.89990234375,4383.2001953125,179
2026-03-26T17:47:00,4383.39990234375,4385.5,4383.2001953125,4384.2998046875,143
2026-03-26T17:48:00,4384.2998046875,4387.2998046875,4383.10009765625,4384.89990234375,159
2026-03-26T17:49:00,4384.7001953125,4384.89990234375,4381.39990234375,4382.10009765625,123
2026-03-26T17:50:00,4382.0,4382.0,4377.2998046875,4380.0,284
2026-03-26T17:51:00,4379.89990234375,4381.7001953125,4379.0,4380.7001953125,116
2026-03-26T17:52:00,4380.7001953125,4384.7998046875,4380.7001953125,4383.7001953125,80
2026-03-26T17:53:00,4383.7998046875,4383.7998046875,4379.89990234375,4380.5,94
2026-03-26T17:54:00,4380.7001953125,4381.60009765625,4379.10009765625,4380.5,152
2026-03-26T17:55:00,4380.2998046875,4381.7998046875,4377.39990234375,4377.39990234375,195
2026-03-26T17:56:00,4377.60009765625,4380.39990234375,4377.60009765625,4378.60009765625,71
2026-03-26T17:57:00,4378.5,4381.7998046875,4377.5,4381.7998046875,76
2026-03-26T17:58:00,4382.10009765625,4382.10009765625,4379.2998046875,4380.39990234375,119
2026-03-26T17:59:00,4379.89990234375,4379.89990234375,4375.60009765625,4377.60009765625,93
2026-03-26T18:00:00,4377.2001953125,4381.10009765625,4377.2001953125,4379.7998046875,92
2026-03-26T18:01:00,4379.5,4382.7001953125,4379.5,4381.2998046875,98
2026-03-26T18:02:00,4380.89990234375,4382.7001953125,4380.2998046875,4381.10009765625,86
2026-03-26T18:03:00,4381.10009765625,4381.2998046875,4376.7998046875,4377.10009765625,83
2026-03-26T18:04:00,4377.0,4380.2998046875,4377.0,4377.2001953125,48
2026-03-26T18:05:00,4376.39990234375,4384.7001953125,4376.39990234375,4383.5,364
2026-03-26T18:06:00,4383.7001953125,4385.10009765625,4380.5,4382.39990234375,149
2026-03-26T18:07:00,4382.0,4386.7998046875,4382.0,4384.2998046875,130
2026-03-26T18:08:00,4384.39990234375,4385.60009765625,4380.10009765625,4381.0,219
2026-03-26T18:09:00,4380.2998046875,4383.0,4379.10009765625,4382.89990234375,96
2026-03-26T18:10:00,4383.5,4384.2998046875,4378.7998046875,4380.39990234375,103
2026-03-26T18:11:00,4380.10009765625,4380.89990234375,4377.7998046875,4377.89990234375,73
2026-03-26T18:12:00,4378.10009765625,4387.60009765625,4377.7001953125,4384.0,406
2026-03-26T18:13:00,4383.60009765625,4385.7998046875,4383.60009765625,4384.5,143
2026-03-26T18:14:00,4384.10009765625,4385.39990234375,4383.7001953125,4384.2998046875,38
2026-03-26T18:15:00,4384.5,4384.5,4380.5,4380.5,55
2026-03-26T18:16:00,4380.7001953125,4381.2998046875,4374.60009765625,4380.39990234375,201
2026-03-26T18:17:00,4381.10009765625,4381.10009765625,4377.0,4378.60009765625,61
2026-03-26T18:18:00,4378.2001953125,4378.2998046875,4375.7001953125,4378.2998046875,92
2026-03-26T18:19:00,4379.2001953125,4380.7001953125,4377.2001953125,4377.7001953125,110
2026-03-26T18:20:00,4378.2001953125,4378.2001953125,4364.89990234375,4366.10009765625,522
2026-03-26T18:21:00,4365.7998046875,4372.60009765625,4363.7001953125,4371.2998046875,222
2026-03-26T18:22:00,4372.0,4372.60009765625,4369.2001953125,4371.2998046875,75
2026-03-26T18:23:00,4371.10009765625,4374.39990234375,4371.10009765625,4373.7998046875,129
2026-03-26T18:24:00,4373.2998046875,4374.10009765625,4371.7001953125,4372.7001953125,53
2026-03-26T18:25:00,4373.2001953125,4374.89990234375,4372.2998046875,4372.39990234375,73
2026-03-26T18:26:00,4372.7001953125,4372.7001953125,4369.60009765625,4370.2001953125,95
2026-03-26T18:27:00,4369.7001953125,4371.7001953125,4368.2998046875,4368.5,242
2026-03-26T18:28:00,4367.89990234375,4369.2001953125,4365.7001953125,4367.39990234375,88
2026-03-26T18:29:00,4368.0,4370.60009765625,4368.0,4370.60009765625,135
2026-03-26T18:30:00,4370.7998046875,4376.2998046875,4370.10009765625,4375.2001953125,133
2026-03-26T18:31:00,4376.2001953125,4376.2998046875,4373.7001953125,4375.0,91
2026-03-26T18:32:00,4374.10009765625,4375.7001953125,4373.2998046875,4375.2998046875,70
2026-03-26T18:33:00,4376.0,4376.2998046875,4374.5,4375.10009765625,87
2026-03-26T18:34:00,4374.7001953125,4379.39990234375,4374.2001953125,4377.7001953125,160
2026-03-26T18:35:00,4377.60009765625,4382.7001953125,4377.2001953125,4382.0,169
2026-03-26T18:36:00,4382.10009765625,4385.0,4382.10009765625,4384.39990234375,272
2026-03-26T18:37:00,4384.39990234375,4384.39990234375,4381.39990234375,4383.5,74
2026-03-26T18:38:00,4383.5,4386.7998046875,4382.7001953125,4386.2998046875,101
2026-03-26T18:39:00,4385.89990234375,4386.2001953125,4384.7998046875,4385.89990234375,105
2026-03-26T18:40:00,4386.2998046875,4392.10009765625,4386.2001953125,4390.0,126
2026-03-26T18:41:00,4390.10009765625,4391.7998046875,4389.5,4390.0,116
2026-03-26T18:42:00,4390.60009765625,4392.2998046875,4387.5,4387.60009765625,142
2026-03-26T18:43:00,4388.0,4389.2001953125,4386.7998046875,4389.2001953125,113
2026-03-26T18:44:00,4388.7001953125,4390.60009765625,4388.0,4389.89990234375,121
2026-03-26T18:45:00,4389.60009765625,4389.60009765625,4387.2998046875,4387.60009765625,46
2026-03-26T18:46:00,4388.10009765625,4389.2001953125,4387.60009765625,4389.2001953125,27
2026-03-26T18:47:00,4389.2001953125,4394.2001953125,4389.2001953125,4394.0,213
2026-03-26T18:48:00,4393.5,4394.5,4391.0,4391.2001953125,87
2026-03-26T18:49:00,4391.39990234375,4392.2998046875,4391.0,4391.7001953125,53
2026-03-26T18:50:00,4391.2998046875,4393.89990234375,4390.39990234375,4392.89990234375,60
2026-03-26T18:51:00,4392.7998046875,4392.7998046875,4390.89990234375,4391.10009765625,35
2026-03-26T18:52:00,4390.89990234375,4391.10009765625,4389.60009765625,4390.2001953125,53
2026-03-26T18:53:00,4389.7998046875,4393.2001953125,4389.7998046875,4392.5,28
2026-03-26T18:54:00,4392.10009765625,4392.2998046875,4389.89990234375,4390.5,161
2026-03-26T18:55:00,4390.10009765625,4391.39990234375,4387.89990234375,4391.2001953125,70
2026-03-26T18:56:00,4391.2001953125,4391.89990234375,4388.7998046875,4389.10009765625,71
2026-03-26T18:57:00,4389.5,4392.39990234375,4389.2001953125,4391.5,63
2026-03-26T18:58:00,4391.10009765625,4392.7998046875,4390.7998046875,4391.2998046875,221
2026-03-26T18:59:00,4390.5,4391.0,4389.0,4391.0,54
2026-03-26T19:00:00,4391.7001953125,4395.5,4391.60009765625,4393.2998046875,85
2026-03-26T19:01:00,4394.39990234375,4395.89990234375,4393.7998046875,4395.5,514
2026-03-26T19:02:00,4395.5,4395.89990234375,4389.2998046875,4389.60009765625,86
2026-03-26T19:03:00,4389.39990234375,4392.2998046875,4389.10009765625,4389.7998046875,68
2026-03-26T19:04:00,4391.0,4391.2998046875,4386.2001953125,4386.2998046875,63
2026-03-26T19:05:00,4387.39990234375,4388.89990234375,4386.89990234375,4387.7998046875,82
2026-03-26T19:06:00,4387.7998046875,4390.0,4386.5,4387.2001953125,38
2026-03-26T19:07:00,4387.60009765625,4387.60009765625,4384.7998046875,4385.39990234375,340
2026-03-26T19:08:00,4385.2998046875,4385.2998046875,4381.10009765625,4383.7998046875,122
2026-03-26T19:09:00,4383.7998046875,4384.7001953125,4381.89990234375,4382.2998046875,77
2026-03-26T19:10:00,4381.7001953125,4383.5,4380.60009765625,4381.5,56
2026-03-26T19:11:00,4381.0,4381.7001953125,4378.39990234375,4380.7001953125,87
2026-03-26T19:12:00,4380.89990234375,4383.89990234375,4380.2998046875,4382.89990234375,67
2026-03-26T19:13:00,4383.39990234375,4383.39990234375,4380.60009765625,4383.2001953125,109
2026-03-26T19:14:00,4383.2001953125,4385.0,4382.39990234375,4384.2001953125,53
2026-03-26T19:15:00,4384.10009765625,4388.39990234375,4383.7998046875,4385.0,114
2026-03-26T19:16:00,4384.60009765625,4387.10009765625,4384.0,4385.7998046875,422
2026-03-26T19:17:00,4385.7001953125,4387.7998046875,4384.39990234375,4387.7998046875,21
2026-03-26T19:18:00,4387.5,4387.5,4383.10009765625,4385.2998046875,56
2026-03-26T19:19:00,4385.2001953125,4386.7998046875,4385.2001953125,4386.60009765625,40
2026-03-26T19:20:00,4386.5,4387.39990234375,4384.39990234375,4386.2998046875,94
2026-03-26T19:21:00,4387.89990234375,4388.89990234375,4386.60009765625,4387.5,66
2026-03-26T19:22:00,4387.2998046875,4387.60009765625,4386.2001953125,4386.7998046875,159
2026-03-26T19:23:00,4386.7998046875,4387.2001953125,4385.2998046875,4386.39990234375,46
2026-03-26T19:24:00,4386.5,4387.39990234375,4385.39990234375,4385.5,41
2026-03-26T19:25:00,4385.39990234375,4386.10009765625,4377.89990234375,4379.60009765625,132
2026-03-26T19:26:00,4380.5,4381.2998046875,4376.2998046875,4377.39990234375,129
2026-03-26T19:27:00,4377.2998046875,4379.2001953125,4376.7001953125,4379.0,95
2026-03-26T19:28:00,4379.2001953125,4379.2001953125,4375.0,4375.10009765625,87
2026-03-26T19:29:00,4374.7001953125,4377.60009765625,4374.7001953125,4377.2998046875,37
2026-03-26T19:30:00,4377.5,4381.2998046875,4377.5,4379.5,79
2026-03-26T19:31:00,4379.39990234375,4379.39990234375,4373.7998046875,4374.5,95
2026-03-26T19:32:00,4374.5,4375.5,4371.7998046875,4374.39990234375,114
2026-03-26T19:33:00,4374.2001953125,4377.2998046875,4371.89990234375,4376.60009765625,59
2026-03-26T19:34:00,4376.10009765625,4378.39990234375,4375.89990234375,4378.0,70
2026-03-26T19:35:00,4377.89990234375,4381.7998046875,4376.7001953125,4381.39990234375,138
2026-03-26T19:36:00,4381.2998046875,4384.89990234375,4381.2998046875,4383.39990234375,700
2026-03-26T19:37:00,4383.39990234375,4384.10009765625,4381.7998046875,4382.5,75
2026-03-26T19:38:00,4382.2001953125,4384.7998046875,4382.2001953125,4383.2001953125,36
2026-03-26T19:39:00,4383.10009765625,4383.10009765625,4379.5,4379.7998046875,60
2026-03-26T19:40:00,4379.5,4381.2001953125,4378.89990234375,4380.7998046875,43
2026-03-26T19:41:00,4380.2001953125,4380.5,4379.0,4379.0,29
2026-03-26T19:42:00,4379.10009765625,4380.0,4378.60009765625,4378.7001953125,40
2026-03-26T19:43:00,4378.60009765625,4378.7001953125,4375.0,4375.2001953125,60
2026-03-26T19:44:00,4375.0,4377.7001953125,4375.0,4375.5,145
2026-03-26T19:45:00,4375.7998046875,4376.39990234375,4374.2001953125,4374.60009765625,87
2026-03-26T19:46:00,4375.2998046875,4376.2001953125,4374.2998046875,4376.0,54
2026-03-26T19:47:00,4375.89990234375,4376.7001953125,4373.10009765625,4373.5,79
2026-03-26T19:48:00,4373.10009765625,4375.89990234375,4369.89990234375,4375.89990234375,178
2026-03-26T19:49:00,4375.10009765625,4376.2998046875,4373.2998046875,4373.39990234375,62
2026-03-26T19:50:00,4372.39990234375,4372.5,4367.2001953125,4369.2998046875,220
2026-03-26T19:51:00,4369.2998046875,4370.5,4365.39990234375,4367.2001953125,119
2026-03-26T19:52:00,4366.7998046875,4369.2001953125,4366.5,4368.39990234375,94
2026-03-26T19:53:00,4367.2001953125,4368.0,4365.5,4365.89990234375,103
2026-03-26T19:54:00,4365.7001953125,4366.60009765625,4359.89990234375,4361.2001953125,302
2026-03-26T19:55:00,4361.60009765625,4364.7001953125,4359.2998046875,4362.2001953125,446
2026-03-26T19:56:00,4361.39990234375,4362.5,4358.7001953125,4360.2001953125,322
2026-03-26T19:57:00,4360.0,4363.39990234375,4359.7998046875,4360.7001953125,177
2026-03-26T19:58:00,4360.60009765625,4360.60009765625,4356.39990234375,4359.2001953125,227
2026-03-26T19:59:00,4358.7001953125,4362.2998046875,4357.2998046875,4361.2998046875,235
2026-03-26T20:00:00,4361.10009765625,4362.7998046875,4355.7998046875,4356.0,288
2026-03-26T20:01:00,4356.2998046875,4361.5,4355.7001953125,4358.60009765625,168
2026-03-26T20:02:00,4359.5,4360.0,4357.2998046875,4359.2001953125,276
2026-03-26T20:03:00,4359.0,4359.0,4352.2998046875,4354.39990234375,237
2026-03-26T20:04:00,4354.2998046875,4354.2998046875,4350.60009765625,4350.7998046875,153
2026-03-26T20:05:00,4350.89990234375,4352.60009765625,4350.0,4350.10009765625,216
2026-03-26T20:06:00,4350.5,4352.0,4348.2001953125,4351.89990234375,206
2026-03-26T20:07:00,4351.7998046875,4353.89990234375,4351.0,4351.89990234375,322
2026-03-26T20:08:00,4352.89990234375,4353.89990234375,4348.7998046875,4349.5,91
2026-03-26T20:09:00,4349.10009765625,4354.5,4349.10009765625,4352.7998046875,90
2026-03-26T20:10:00,4352.7998046875,4353.2001953125,4352.0,4352.0,57
2026-03-26T20:11:00,4352.7998046875,4380.0,4352.2001953125,4380.0,885
2026-03-26T20:12:00,4380.39990234375,4397.5,4369.2001953125,4393.7001953125,718
2026-03-26T20:13:00,4393.7998046875,4410.89990234375,4381.2001953125,4407.0,802
2026-03-26T20:14:00,4405.0,4407.0,4382.7001953125,4394.10009765625,698
2026-03-26T20:15:00,4394.60009765625,4394.89990234375,4383.7001953125,4385.39990234375,267
2026-03-26T20:16:00,4386.2001953125,4395.60009765625,4382.2001953125,4387.39990234375,310
2026-03-26T20:17:00,4385.89990234375,4386.60009765625,4375.0,4382.5,375
2026-03-26T20:18:00,4381.2001953125,4390.0,4378.2001953125,4388.39990234375,201
2026-03-26T20:19:00,4388.10009765625,4401.0,4387.0,4392.89990234375,313
2026-03-26T20:20:00,4392.60009765625,4394.2001953125,4387.60009765625,4392.5,157
2026-03-26T20:21:00,4392.39990234375,4406.89990234375,4392.2998046875,4406.39990234375,411
2026-03-26T20:22:00,4405.39990234375,4412.0,4404.0,4409.39990234375,249
2026-03-26T20:23:00,4409.60009765625,4412.10009765625,4407.2001953125,4407.2001953125,162
2026-03-26T20:24:00,4406.60009765625,4407.2001953125,4395.39990234375,4395.5,130
2026-03-26T20:25:00,4395.7998046875,4400.7998046875,4390.5,4395.10009765625,460
2026-03-26T20:26:00,4395.0,4398.2001953125,4392.89990234375,4396.5,108
2026-03-26T20:27:00,4396.2998046875,4399.0,4396.2998046875,4398.0,45
2026-03-26T20:28:00,4397.5,4398.2998046875,4392.89990234375,4397.7998046875,74
2026-03-26T20:29:00,4397.0,4401.10009765625,4395.2998046875,4400.2001953125,72
2026-03-26T20:30:00,4400.60009765625,4400.89990234375,4396.60009765625,4400.89990234375,41
2026-03-26T20:31:00,4402.0,4403.89990234375,4399.0,4403.39990234375,90
2026-03-26T20:32:00,4403.0,4404.10009765625,4397.7001953125,4400.7001953125,59
2026-03-26T20:33:00,4399.7998046875,4400.0,4397.0,4397.0,65
2026-03-26T20:34:00,4396.7998046875,4397.89990234375,4394.60009765625,4396.2998046875,61
2026-03-26T20:35:00,4397.10009765625,4398.7001953125,4395.5,4397.7998046875,71
2026-03-26T20:36:00,4397.7998046875,4399.7998046875,4393.0,4399.0,99
2026-03-26T20:37:00,4398.60009765625,4398.89990234375,4395.2998046875,4398.7001953125,65
2026-03-26T20:38:00,4399.10009765625,4405.7001953125,4396.89990234375,4403.2998046875,154
2026-03-26T20:39:00,4403.89990234375,4416.7998046875,4403.89990234375,4416.2998046875,162
2026-03-26T20:40:00,4415.10009765625,4415.10009765625,4410.0,4413.39990234375,203
2026-03-26T20:41:00,4413.2998046875,4415.2998046875,4407.2001953125,4408.2001953125,118
2026-03-26T20:42:00,4407.39990234375,4407.7998046875,4403.2998046875,4403.2998046875,60
2026-03-26T20:43:00,4403.5,4406.0,4402.7001953125,4403.7998046875,61
2026-03-26T20:44:00,4403.7001953125,4403.89990234375,4401.2998046875,4401.2998046875,20
2026-03-26T20:45:00,4402.2001953125,4406.60009765625,4401.2001953125,4403.39990234375,62
2026-03-26T20:46:00,4403.2001953125,4404.60009765625,4400.89990234375,4403.39990234375,81
2026-03-26T20:47:00,4403.39990234375,4404.7998046875,4401.2001953125,4401.2001953125,33
2026-03-26T20:48:00,4401.2998046875,4401.2998046875,4398.10009765625,4399.2001953125,41
2026-03-26T20:49:00,4399.0,4399.5,4393.39990234375,4397.2998046875,141
2026-03-26T20:50:00,4397.60009765625,4399.2998046875,4390.7998046875,4391.2998046875,145
2026-03-26T20:51:00,4391.39990234375,4392.2998046875,4374.89990234375,4375.60009765625,306
2026-03-26T20:52:00,4376.5,4383.10009765625,4373.0,4374.39990234375,258
2026-03-26T20:53:00,4375.7001953125,4376.2998046875,4369.0,4371.60009765625,220
2026-03-26T20:54:00,4371.0,4375.2998046875,4368.39990234375,4371.60009765625,251
2026-03-26T20:55:00,4370.7998046875,4374.10009765625,4368.7998046875,4371.2001953125,167
2026-03-26T20:56:00,4371.7001953125,4377.7998046875,4371.7001953125,4375.89990234375,54
2026-03-26T20:57:00,4376.2001953125,4376.5,4375.10009765625,4375.7001953125,33
2026-03-26T20:58:00,4375.7001953125,4377.10009765625,4371.5,4373.60009765625,128
2026-03-26T20:59:00,4373.2001953125,4376.89990234375,4370.89990234375,4376.89990234375,107
2026-03-26T22:00:00,4371.7998046875,4390.5,4369.10009765625,4377.7998046875,0
2026-03-26T22:01:00,4378.2001953125,4380.0,4375.7998046875,4378.7998046875,96
2026-03-26T22:02:00,4377.60009765625,4383.10009765625,4376.2001953125,4383.10009765625,40
2026-03-26T22:03:00,4380.5,4380.5,4377.7001953125,4377.7001953125,19
2026-03-26T22:04:00,4380.89990234375,4382.39990234375,4379.0,4382.2998046875,30
2026-03-26T22:05:00,4382.2998046875,4386.10009765625,4382.0,4385.2001953125,35
2026-03-26T22:06:00,4389.0,4393.7998046875,4389.0,4392.2001953125,44
2026-03-26T22:07:00,4390.10009765625,4393.10009765625,4386.60009765625,4390.7001953125,32
2026-03-26T22:08:00,4389.39990234375,4392.2998046875,4389.39990234375,4390.7001953125,18
2026-03-26T22:09:00,4389.0,4389.5,4388.0,4388.0,5
2026-03-26T22:10:00,4388.7001953125,4393.39990234375,4387.0,4387.39990234375,73
2026-03-26T22:11:00,4387.5,4388.5,4387.5,4388.2998046875,8
2026-03-26T22:12:00,4388.60009765625,4396.2998046875,4388.60009765625,4395.39990234375,70
2026-03-26T22:13:00,4395.2998046875,4399.0,4395.2998046875,4396.60009765625,36
2026-03-26T22:14:00,4396.89990234375,4396.89990234375,4395.0,4396.10009765625,25
2026-03-26T22:15:00,4396.10009765625,4403.10009765625,4396.10009765625,4398.5,67
2026-03-26T22:16:00,4398.60009765625,4400.0,4396.2998046875,4399.39990234375,19
2026-03-26T22:17:00,4397.2001953125,4397.2001953125,4397.2001953125,4397.2001953125,1
2026-03-26T22:18:00,4399.7001953125,4401.2001953125,4399.7001953125,4401.2001953125,13
2026-03-26T22:19:00,4402.0,4402.2998046875,4401.2998046875,4401.2998046875,4
2026-03-26T22:21:00,4399.60009765625,4400.0,4398.7998046875,4399.2998046875,18
2026-03-26T22:22:00,4398.7001953125,4399.2998046875,4398.39990234375,4399.2001953125,11
2026-03-26T22:23:00,4398.89990234375,4398.89990234375,4393.7001953125,4393.7001953125,40
2026-03-26T22:24:00,4394.2001953125,4395.0,4393.7001953125,4395.0,4
2026-03-26T22:25:00,4394.5,4395.0,4394.5,4394.5,8
2026-03-26T22:26:00,4391.39990234375,4391.39990234375,4390.10009765625,4390.5,6
2026-03-26T22:27:00,4390.7998046875,4390.7998046875,4390.2001953125,4390.2001953125,2
2026-03-26T22:28:00,4390.0,4390.39990234375,4389.2998046875,4390.39990234375,7
2026-03-26T22:29:00,4392.89990234375,4393.5,4392.89990234375,4393.5,3
2026-03-26T22:30:00,4391.0,4391.0,4390.89990234375,4391.0,4
2026-03-26T22:31:00,4390.7001953125,4397.2001953125,4390.7001953125,4397.2001953125,10
2026-03-26T22:32:00,4398.0,4402.10009765625,4397.89990234375,4401.60009765625,23
2026-03-26T22:33:00,4402.10009765625,4405.2001953125,4402.0,4402.2001953125,17
2026-03-26T22:34:00,4399.0,4402.39990234375,4399.0,4401.2001953125,8
2026-03-26T22:35:00,4400.2998046875,4404.2998046875,4400.2998046875,4401.5,16
2026-03-26T22:36:00,4402.0,4402.39990234375,4401.2001953125,4401.2001953125,23
2026-03-26T22:37:00,4400.39990234375,4401.10009765625,4399.2998046875,4400.39990234375,7
2026-03-26T22:39:00,4402.89990234375,4404.7998046875,4402.7998046875,4403.39990234375,57
2026-03-26T22:40:00,4403.10009765625,4404.60009765625,4403.10009765625,4404.60009765625,6
2026-03-26T22:41:00,4404.7998046875,4408.60009765625,4403.89990234375,4407.60009765625,51
2026-03-26T22:42:00,4406.5,4409.60009765625,4406.5,4408.39990234375,25
2026-03-26T22:43:00,4406.5,4407.0,4405.2001953125,4407.0,28
2026-03-26T22:44:00,4406.39990234375,4406.39990234375,4401.2998046875,4401.2998046875,47
2026-03-26T22:45:00,4399.89990234375,4400.7998046875,4397.60009765625,4397.89990234375,22
2026-03-26T22:46:00,4396.89990234375,4399.60009765625,4394.39990234375,4399.60009765625,50
2026-03-26T22:47:00,4400.5,4400.60009765625,4400.2001953125,4400.2001953125,12
2026-03-26T22:48:00,4400.39990234375,4402.39990234375,4400.39990234375,4401.2001953125,11
2026-03-26T22:49:00,4401.89990234375,4403.2001953125,4401.10009765625,4401.7001953125,24
2026-03-26T22:50:00,4403.0,4406.2001953125,4403.0,4405.39990234375,15
2026-03-26T22:51:00,4404.7998046875,4406.2998046875,4404.7998046875,4406.2998046875,14
2026-03-26T22:53:00,4406.2998046875,4406.39990234375,4406.2998046875,4406.2998046875,6
2026-03-26T22:54:00,4404.39990234375,4404.39990234375,4401.2001953125,4401.2998046875,38
2026-03-26T22:55:00,4401.7998046875,4402.7998046875,4401.7998046875,4402.2998046875,4
2026-03-26T22:56:00,4402.0,4402.0,4399.5,4399.5,9
2026-03-26T22:57:00,4399.10009765625,4402.7998046875,4399.10009765625,4402.7998046875,6
2026-03-26T22:58:00,4403.89990234375,4403.89990234375,4401.39990234375,4401.39990234375,4
2026-03-26T22:59:00,4401.2998046875,4406.5,4401.2998046875,4406.5,15
2026-03-26T23:00:00,4404.89990234375,4408.5,4404.89990234375,4406.39990234375,16
2026-03-26T23:01:00,4406.5,4406.5,4403.2001953125,4404.89990234375,10
2026-03-26T23:02:00,4403.60009765625,4403.60009765625,4399.39990234375,4399.7001953125,45
2026-03-26T23:03:00,4399.7001953125,4403.60009765625,4399.7001953125,4401.10009765625,46
2026-03-26T23:04:00,4401.0,4401.2001953125,4396.39990234375,4397.0,100
2026-03-26T23:05:00,4397.0,4398.0,4391.5,4391.89990234375,65
2026-03-26T23:06:00,4392.10009765625,4393.10009765625,4391.7001953125,4392.0,13
2026-03-26T23:07:00,4392.2998046875,4393.10009765625,4390.7001953125,4391.2998046875,11
2026-03-26T23:08:00,4390.89990234375,4392.39990234375,4386.0,4388.2998046875,50
2026-03-26T23:09:00,4388.39990234375,4389.7001953125,4386.39990234375,4386.39990234375,41
2026-03-26T23:10:00,4386.60009765625,4387.89990234375,4383.7998046875,4386.89990234375,46
2026-03-26T23:11:00,4387.10009765625,4391.10009765625,4386.7998046875,4391.10009765625,8
2026-03-26T23:12:00,4390.89990234375,4390.89990234375,4389.60009765625,4390.2001953125,5
2026-03-26T23:13:00,4389.0,4389.39990234375,4387.2998046875,4387.2998046875,14
2026-03-26T23:14:00,4387.89990234375,4388.0,4387.7998046875,4387.89990234375,10
2026-03-26T23:15:00,4385.7998046875,4387.39990234375,4385.7998046875,4387.39990234375,4
2026-03-26T23:16:00,4389.2001953125,4390.7998046875,4389.2001953125,4390.7998046875,5
2026-03-26T23:17:00,4392.39990234375,4392.39990234375,4392.10009765625,4392.10009765625,2
2026-03-26T23:18:00,4393.0,4393.2998046875,4392.7998046875,4393.2998046875,5
2026-03-26T23:19:00,4392.7001953125,4392.7001953125,4392.7001953125,4392.7001953125,68
2026-03-26T23:20:00,4394.7998046875,4394.7998046875,4393.10009765625,4393.7001953125,26
2026-03-26T23:21:00,4390.0,4390.2998046875,4389.39990234375,4389.39990234375,18
2026-03-26T23:22:00,4389.10009765625,4389.5,4388.0,4388.5,7
2026-03-26T23:23:00,4387.89990234375,4391.39990234375,4387.89990234375,4391.39990234375,14
2026-03-26T23:24:00,4391.89990234375,4391.89990234375,4391.39990234375,4391.39990234375,3
2026-03-26T23:25:00,4391.0,4391.0,4388.5,4388.7001953125,19
2026-03-26T23:26:00,4391.89990234375,4392.0,4391.89990234375,4392.0,3
2026-03-26T23:27:00,4393.7998046875,4393.7998046875,4392.7998046875,4392.7998046875,3
2026-03-26T23:28:00,4393.0,4393.0,4390.5,4391.10009765625,13
2026-03-26T23:29:00,4391.0,4393.60009765625,4391.0,4393.60009765625,14
2026-03-26T23:30:00,4394.0,4395.10009765625,4394.0,4394.7001953125,11
2026-03-26T23:31:00,4396.2001953125,4397.10009765625,4393.7001953125,4395.0,11
2026-03-26T23:32:00,4396.2001953125,4396.2001953125,4396.10009765625,4396.10009765625,2
2026-03-26T23:33:00,4392.7001953125,4394.89990234375,4390.0,4394.89990234375,64
2026-03-26T23:34:00,4394.7001953125,4395.7001953125,4393.2998046875,4393.2998046875,14
2026-03-26T23:35:00,4394.60009765625,4396.0,4394.60009765625,4396.0,7
2026-03-26T23:36:00,4395.2001953125,4398.7001953125,4395.10009765625,4398.5,128
2026-03-26T23:37:00,4399.2001953125,4400.2001953125,4398.7001953125,4398.7998046875,8
2026-03-26T23:38:00,4401.60009765625,4402.2998046875,4399.60009765625,4401.2001953125,99
2026-03-26T23:39:00,4399.89990234375,4400.2998046875,4399.7998046875,4399.7998046875,26
2026-03-26T23:40:00,4400.39990234375,4400.5,4400.39990234375,4400.5,4
2026-03-26T23:41:00,4399.10009765625,4399.60009765625,4399.0,4399.0,4
2026-03-26T23:42:00,4398.2998046875,4398.2998046875,4398.2998046875,4398.2998046875,47
2026-03-26T23:43:00,4393.10009765625,4393.7998046875,4392.2001953125,4392.2001953125,14
2026-03-26T23:44:00,4391.0,4395.0,4391.0,4395.0,8
2026-03-26T23:45:00,4396.89990234375,4398.0,4395.0,4395.0,3
2026-03-26T23:46:00,4395.60009765625,4396.7998046875,4394.60009765625,4396.10009765625,34
2026-03-26T23:47:00,4394.89990234375,4394.89990234375,4391.2001953125,4391.2001953125,337
2026-03-26T23:48:00,4392.39990234375,4392.5,4391.60009765625,4392.5,3
2026-03-26T23:49:00,4391.39990234375,4391.39990234375,4391.39990234375,4391.39990234375,1
2026-03-26T23:50:00,4393.39990234375,4396.7998046875,4393.39990234375,4396.10009765625,3
2026-03-26T23:51:00,4396.39990234375,4399.60009765625,4396.39990234375,4399.60009765625,26
2026-03-26T23:52:00,4395.2001953125,4396.89990234375,4395.2001953125,4396.89990234375,2
2026-03-26T23:53:00,4398.5,4399.5,4397.7998046875,4399.39990234375,8
2026-03-26T23:54:00,4399.0,4399.60009765625,4399.0,4399.60009765625,5
2026-03-26T23:55:00,4399.60009765625,4399.89990234375,4398.60009765625,4399.7998046875,10
2026-03-26T23:57:00,4397.60009765625,4397.7001953125,4397.60009765625,4397.7001953125,8
2026-03-26T23:58:00,4397.7001953125,4400.10009765625,4397.5,4399.2001953125,31
2026-03-26T23:59:00,4399.2998046875,4400.2998046875,4399.2001953125,4400.2998046875,9
2026-03-27T00:00:00,4399.39990234375,4403.2001953125,4398.7001953125,4403.2001953125,35
2026-03-27T00:01:00,4402.39990234375,4402.60009765625,4401.89990234375,4402.0,38
2026-03-27T00:02:00,4402.2998046875,4404.60009765625,4402.2998046875,4403.7998046875,18
2026-03-27T00:03:00,4403.89990234375,4405.2998046875,4403.2998046875,4403.2998046875,44
2026-03-27T00:04:00,4404.10009765625,4404.89990234375,4404.0,4404.0,16
2026-03-27T00:05:00,4403.60009765625,4404.10009765625,4402.2998046875,4404.10009765625,22
2026-03-27T00:06:00,4403.2998046875,4403.2998046875,4400.60009765625,4400.60009765625,29
2026-03-27T00:07:00,4399.39990234375,4399.39990234375,4399.10009765625,4399.39990234375,3
2026-03-27T00:08:00,4398.2998046875,4400.2998046875,4398.2998046875,4400.2998046875,8
2026-03-27T00:09:00,4401.60009765625,4401.7001953125,4401.60009765625,4401.7001953125,7
2026-03-27T00:10:00,4401.0,4401.0,4401.0,4401.0,9
2026-03-27T00:11:00,4400.0,4400.0,4400.0,4400.0,1
2026-03-27T00:12:00,4401.2998046875,4403.2001953125,4401.2998046875,4403.2001953125,5
2026-03-27T00:13:00,4401.2001953125,4401.2001953125,4399.89990234375,4399.89990234375,51
2026-03-27T00:15:00,4398.10009765625,4398.10009765625,4397.39990234375,4397.39990234375,16
2026-03-27T00:16:00,4397.2001953125,4397.2001953125,4395.2998046875,4395.60009765625,11
2026-03-27T00:17:00,4395.60009765625,4395.60009765625,4394.0,4394.0,15
2026-03-27T00:18:00,4394.60009765625,4395.5,4393.39990234375,4395.5,18
2026-03-27T00:20:00,4391.5,4391.89990234375,4388.89990234375,4389.0,44
2026-03-27T00:21:00,4388.89990234375,4388.89990234375,4388.39990234375,4388.39990234375,12
2026-03-27T00:22:00,4386.7001953125,4387.7001953125,4380.7998046875,4382.0,107
2026-03-27T00:23:00,4382.0,4382.0,4377.10009765625,4379.5,35
2026-03-27T00:24:00,4381.0,4384.10009765625,4381.0,4384.10009765625,4
2026-03-27T00:25:00,4384.0,4386.2001953125,4383.2998046875,4384.5,9
2026-03-27T00:26:00,4384.60009765625,4384.60009765625,4381.7001953125,4383.60009765625,17
2026-03-27T00:27:00,4382.2998046875,4382.2998046875,4382.0,4382.0,8
2026-03-27T00:28:00,4381.2998046875,4384.10009765625,4380.7001953125,4384.10009765625,16
2026-03-27T00:29:00,4383.10009765625,4385.89990234375,4383.10009765625,4385.39990234375,8
2026-03-27T00:30:00,4387.7001953125,4389.60009765625,4387.7001953125,4388.39990234375,16
2026-03-27T00:31:00,4389.89990234375,4390.7001953125,4389.7001953125,4390.60009765625,15
2026-03-27T00:32:00,4388.5,4389.2001953125,4387.89990234375,4387.89990234375,53
2026-03-27T00:33:00,4388.5,4388.5,4387.89990234375,4388.5,7
2026-03-27T00:34:00,4387.60009765625,4390.10009765625,4387.60009765625,4390.10009765625,84
2026-03-27T00:35:00,4389.5,4389.5,4384.2998046875,4384.2998046875,7
2026-03-27T00:36:00,4387.10009765625,4387.10009765625,4387.10009765625,4387.10009765625,1
2026-03-27T00:37:00,4383.10009765625,4384.10009765625,4382.7001953125,4382.7001953125,17
2026-03-27T00:38:00,4383.0,4386.10009765625,4383.0,4383.60009765625,9
2026-03-27T00:39:00,4382.39990234375,4384.39990234375,4382.39990234375,4384.39990234375,14
2026-03-27T00:40:00,4383.60009765625,4385.10009765625,4383.60009765625,4384.10009765625,8
2026-03-27T00:41:00,4384.89990234375,4384.89990234375,4384.10009765625,4384.10009765625,4
2026-03-27T00:42:00,4383.60009765625,4386.0,4383.60009765625,4383.7001953125,65
2026-03-27T00:43:00,4384.2001953125,4385.89990234375,4382.7001953125,4382.89990234375,9
2026-03-27T00:44:00,4381.60009765625,4386.2998046875,4381.60009765625,4385.60009765625,21
2026-03-27T00:45:00,4385.7001953125,4385.7001953125,4380.0,4380.5,13
2026-03-27T00:46:00,4381.7001953125,4381.7001953125,4379.89990234375,4380.2001953125,21
2026-03-27T00:47:00,4379.0,4382.60009765625,4379.0,4380.7001953125,8
2026-03-27T00:48:00,4380.7001953125,4380.7001953125,4378.5,4378.5,3
2026-03-27T00:49:00,4378.7998046875,4379.60009765625,4378.2001953125,4378.2001953125,12
2026-03-27T00:50:00,4378.89990234375,4378.89990234375,4374.60009765625,4374.60009765625,17
2026-03-27T00:51:00,4375.2998046875,4375.2998046875,4373.5,4373.5,9
2026-03-27T00:52:00,4373.2998046875,4376.0,4373.0,4376.0,15
2026-03-27T00:53:00,4377.0,4378.89990234375,4377.0,4378.89990234375,6
2026-03-27T00:54:00,4378.7001953125,4378.7001953125,4374.60009765625,4374.60009765625,6
2026-03-27T00:55:00,4375.7998046875,4375.7998046875,4374.7998046875,4375.39990234375,4
2026-03-27T00:56:00,4376.39990234375,4377.5,4376.10009765625,4376.10009765625,9
2026-03-27T00:57:00,4375.60009765625,4375.7998046875,4375.2001953125,4375.7998046875,5
2026-03-27T00:59:00,4370.89990234375,4376.0,4370.5,4374.0,104
2026-03-27T01:00:00,4372.2998046875,4382.39990234375,4372.2998046875,4380.89990234375,50
2026-03-27T01:01:00,4378.39990234375,4378.39990234375,4375.2998046875,4375.2998046875,13
2026-03-27T01:02:00,4379.5,4379.5,4377.10009765625,4377.10009765625,10
2026-03-27T01:03:00,4376.2001953125,4382.2998046875,4376.2001953125,4381.7001953125,9
2026-03-27T01:04:00,4382.39990234375,4384.0,4381.7001953125,4382.0,48
2026-03-27T01:05:00,4382.7001953125,4386.60009765625,4382.7001953125,4385.89990234375,17
2026-03-27T01:06:00,4387.0,4387.0,4385.5,4385.60009765625,21
2026-03-27T01:07:00,4384.89990234375,4384.89990234375,4383.7001953125,4383.7001953125,5
2026-03-27T01:08:00,4384.5,4384.5,4383.2001953125,4384.0,6
2026-03-27T01:09:00,4386.10009765625,4387.0,4386.10009765625,4387.0,8
2026-03-27T01:10:00,4386.89990234375,4392.39990234375,4386.89990234375,4392.39990234375,16
2026-03-27T01:11:00,4391.0,4392.2998046875,4390.60009765625,4392.2998046875,16
2026-03-27T01:12:00,4393.0,4393.89990234375,4390.39990234375,4391.10009765625,116
2026-03-27T01:13:00,4391.0,4391.89990234375,4390.39990234375,4391.89990234375,3
2026-03-27T01:14:00,4387.7998046875,4388.0,4387.2001953125,4387.60009765625,66
2026-03-27T01:15:00,4388.7001953125,4390.7001953125,4388.10009765625,4389.7001953125,21
2026-03-27T01:16:00,4390.7001953125,4390.7001953125,4388.60009765625,4389.39990234375,4
2026-03-27T01:17:00,4389.2998046875,4393.7998046875,4389.2998046875,4393.7998046875,15
2026-03-27T01:18:00,4390.39990234375,4390.39990234375,4388.2998046875,4388.2998046875,6
2026-03-27T01:19:00,4386.39990234375,4387.7998046875,4386.39990234375,4387.10009765625,14
2026-03-27T01:20:00,4387.39990234375,4388.2001953125,4387.39990234375,4388.0,109
2026-03-27T01:21:00,4388.60009765625,4389.2998046875,4387.10009765625,4389.2998046875,13
2026-03-27T01:22:00,4389.60009765625,4391.5,4389.60009765625,4390.7998046875,4
2026-03-27T01:23:00,4391.0,4392.0,4391.0,4391.7001953125,7
2026-03-27T01:24:00,4392.39990234375,4395.2001953125,4392.39990234375,4395.10009765625,9
2026-03-27T01:25:00,4395.2001953125,4396.60009765625,4394.2001953125,4396.60009765625,7
2026-03-27T01:26:00,4395.7001953125,4398.0,4395.7001953125,4398.0,7
2026-03-27T01:27:00,4397.89990234375,4400.0,4397.89990234375,4400.0,15
2026-03-27T01:28:00,4399.89990234375,4400.5,4399.39990234375,4400.39990234375,43
2026-03-27T01:29:00,4399.7001953125,4400.39990234375,4399.60009765625,4400.2998046875,18
2026-03-27T01:30:00,4400.60009765625,4403.2001953125,4397.89990234375,4399.7998046875,33
2026-03-27T01:31:00,4399.2998046875,4410.0,4399.2998046875,4409.7998046875,79
2026-03-27T01:32:00,4410.2998046875,4411.60009765625,4408.0,4410.2998046875,108
2026-03-27T01:33:00,4408.39990234375,4411.0,4408.39990234375,4409.89990234375,13
2026-03-27T01:34:00,4406.7001953125,4406.7001953125,4404.5,4404.89990234375,20
2026-03-27T01:35:00,4405.60009765625,4405.60009765625,4404.89990234375,4404.89990234375,8
2026-03-27T01:36:00,4408.2998046875,4408.39990234375,4407.60009765625,4407.60009765625,15
2026-03-27T01:37:00,4406.2998046875,4407.60009765625,4406.2998046875,4406.7998046875,11
2026-03-27T01:38:00,4405.39990234375,4407.0,4404.0,4407.0,7
2026-03-27T01:39:00,4407.89990234375,4411.39990234375,4407.89990234375,4411.39990234375,26
2026-03-27T01:40:00,4411.5,4412.5,4411.2998046875,4411.2998046875,73
2026-03-27T01:41:00,4412.10009765625,4413.89990234375,4412.10009765625,4413.89990234375,6
2026-03-27T01:42:00,4413.10009765625,4414.0,4412.10009765625,4413.39990234375,37
2026-03-27T01:43:00,4413.5,4414.2998046875,4412.7001953125,4414.2998046875,16
2026-03-27T01:44:00,4413.89990234375,4413.89990234375,4413.89990234375,4413.89990234375,1
2026-03-27T01:45:00,4412.7998046875,4413.2998046875,4412.2001953125,4413.2998046875,8
2026-03-27T01:46:00,4412.60009765625,4413.0,4409.2998046875,4409.5,49
2026-03-27T01:47:00,4409.60009765625,4410.0,4408.7998046875,4410.0,5
2026-03-27T01:48:00,4409.5,4410.5,4407.0,4407.89990234375,22
2026-03-27T01:49:00,4407.0,4407.7998046875,4405.5,4406.60009765625,57
2026-03-27T01:50:00,4406.5,4408.60009765625,4406.5,4408.60009765625,33
2026-03-27T01:51:00,4409.89990234375,4409.89990234375,4408.5,4409.2001953125,7
2026-03-27T01:52:00,4409.2001953125,4409.39990234375,4408.2001953125,4408.39990234375,14
2026-03-27T01:53:00,4407.0,4407.7001953125,4406.7998046875,4407.7001953125,5
2026-03-27T01:54:00,4408.7998046875,4408.7998046875,4408.7998046875,4408.7998046875,1
2026-03-27T01:55:00,4408.60009765625,4411.2998046875,4408.60009765625,4411.2998046875,15
2026-03-27T01:56:00,4409.2998046875,4414.0,4409.2998046875,4414.0,12
2026-03-27T01:57:00,4412.0,4412.2998046875,4410.7001953125,4412.2998046875,21
2026-03-27T01:58:00,4412.39990234375,4412.39990234375,4412.39990234375,4412.39990234375,1
2026-03-27T01:59:00,4411.39990234375,4411.39990234375,4411.39990234375,4411.39990234375,1
2026-03-27T02:00:00,4413.39990234375,4416.7001953125,4413.39990234375,4416.10009765625,86
2026-03-27T02:01:00,4416.10009765625,4424.60009765625,4415.7998046875,4424.2001953125,78
2026-03-27T02:02:00,4423.2001953125,4426.39990234375,4423.2001953125,4426.39990234375,45
2026-03-27T02:03:00,4424.89990234375,4428.0,4424.89990234375,4427.10009765625,16
2026-03-27T02:04:00,4424.2998046875,4425.39990234375,4423.2001953125,4425.10009765625,9
2026-03-27T02:05:00,4424.60009765625,4426.2001953125,4424.60009765625,4426.2001953125,10
2026-03-27T02:06:00,4421.89990234375,4421.89990234375,4420.0,4420.0,19
2026-03-27T02:07:00,4421.39990234375,4422.39990234375,4420.89990234375,4422.2998046875,12
2026-03-27T02:08:00,4426.2998046875,4428.7998046875,4426.2001953125,4426.2001953125,16
2026-03-27T02:09:00,4427.60009765625,4431.7001953125,4427.60009765625,4431.2998046875,10
2026-03-27T02:10:00,4430.7998046875,4433.60009765625,4430.10009765625,4433.5,20
2026-03-27T02:11:00,4430.39990234375,4430.7998046875,4426.60009765625,4427.7001953125,38
2026-03-27T02:12:00,4428.89990234375,4428.89990234375,4427.39990234375,4427.39990234375,5
2026-03-27T02:13:00,4427.10009765625,4427.2998046875,4426.5,4427.2998046875,6
2026-03-27T02:14:00,4426.39990234375,4429.0,4426.2001953125,4429.0,20
2026-03-27T02:15:00,4428.7001953125,4430.7001953125,4428.7001953125,4430.7001953125,34
2026-03-27T02:16:00,4429.7001953125,4429.7001953125,4429.10009765625,4429.10009765625,4
2026-03-27T02:17:00,4429.2998046875,4430.2001953125,4427.7998046875,4427.7998046875,28
2026-03-27T02:18:00,4426.7001953125,4427.2001953125,4425.7001953125,4425.7001953125,4
2026-03-27T02:19:00,4425.7998046875,4425.7998046875,4422.89990234375,4423.39990234375,30
2026-03-27T02:20:00,4424.89990234375,4425.10009765625,4424.89990234375,4425.10009765625,4
2026-03-27T02:21:00,4425.10009765625,4425.60009765625,4424.0,4424.0,7
2026-03-27T02:22:00,4423.7998046875,4423.7998046875,4423.7998046875,4423.7998046875,2
2026-03-27T02:23:00,4422.39990234375,4422.39990234375,4421.0,4421.2998046875,11
2026-03-27T02:24:00,4421.10009765625,4424.0,4421.10009765625,4424.0,48
2026-03-27T02:25:00,4423.10009765625,4429.10009765625,4422.60009765625,4427.0,17
2026-03-27T02:26:00,4426.7001953125,4426.89990234375,4422.60009765625,4422.60009765625,27
2026-03-27T02:27:00,4422.5,4422.89990234375,4421.60009765625,4422.89990234375,11
2026-03-27T02:28:00,4424.2001953125,4425.0,4424.0,4424.0,37
2026-03-27T02:29:00,4425.7998046875,4425.7998046875,4425.7998046875,4425.7998046875,1
2026-03-27T02:30:00,4425.7001953125,4425.7001953125,4419.7998046875,4421.7998046875,22
2026-03-27T02:31:00,4422.7001953125,4422.7001953125,4422.60009765625,4422.60009765625,6
2026-03-27T02:33:00,4424.89990234375,4428.0,4424.89990234375,4428.0,18
2026-03-27T02:35:00,4427.39990234375,4427.39990234375,4427.10009765625,4427.10009765625,3
2026-03-27T02:36:00,4426.0,4426.39990234375,4425.60009765625,4425.89990234375,17
2026-03-27T02:37:00,4423.5,4423.60009765625,4423.5,4423.60009765625,2
2026-03-27T02:38:00,4421.60009765625,4422.5,4421.0,4422.39990234375,11
2026-03-27T02:39:00,4422.0,4423.7998046875,4421.89990234375,4423.2001953125,18
2026-03-27T02:40:00,4424.5,4425.60009765625,4424.5,4425.60009765625,5
2026-03-27T02:41:00,4425.10009765625,4425.10009765625,4422.39990234375,4422.39990234375,18
2026-03-27T02:42:00,4422.5,4423.39990234375,4422.5,4423.39990234375,5
2026-03-27T02:44:00,4424.89990234375,4425.60009765625,4424.39990234375,4424.39990234375,7
2026-03-27T02:45:00,4424.39990234375,4424.7998046875,4424.39990234375,4424.7998046875,3
2026-03-27T02:46:00,4425.60009765625,4427.7998046875,4425.60009765625,4427.7998046875,8
2026-03-27T02:47:00,4428.89990234375,4434.60009765625,4428.89990234375,4434.60009765625,48
2026-03-27T02:48:00,4432.7001953125,4433.10009765625,4427.60009765625,4427.60009765625,17
2026-03-27T02:49:00,4426.89990234375,4426.89990234375,4423.2998046875,4423.89990234375,22
2026-03-27T02:50:00,4424.89990234375,4426.0,4424.89990234375,4426.0,15
2026-03-27T02:51:00,4426.2998046875,4426.2998046875,4426.2998046875,4426.2998046875,1
2026-03-27T02:52:00,4429.5,4429.5,4426.7001953125,4427.0,7
2026-03-27T02:53:00,4427.2998046875,4429.10009765625,4427.0,4427.2001953125,16
2026-03-27T02:54:00,4424.7998046875,4424.7998046875,4424.7001953125,4424.7001953125,3
2026-03-27T02:55:00,4424.7998046875,4424.7998046875,4424.39990234375,4424.7998046875,6
2026-03-27T02:56:00,4425.60009765625,4426.10009765625,4424.7001953125,4426.10009765625,9
2026-03-27T02:58:00,4425.5,4426.2998046875,4425.10009765625,4425.10009765625,3
2026-03-27T02:59:00,4426.0,4426.39990234375,4426.0,4426.10009765625,14
2026-03-27T03:00:00,4427.0,4428.7998046875,4427.0,4428.7998046875,5
2026-03-27T03:01:00,4427.2001953125,4427.2001953125,4427.2001953125,4427.2001953125,1
2026-03-27T03:02:00,4426.2001953125,4426.2998046875,4426.2001953125,4426.2998046875,2
2026-03-27T03:03:00,4425.7001953125,4425.7001953125,4424.60009765625,4424.60009765625,2
2026-03-27T03:04:00,4423.5,4423.5,4420.10009765625,4420.2998046875,8
2026-03-27T03:05:00,4419.7998046875,4419.7998046875,4415.0,4418.7998046875,39
2026-03-27T03:06:00,4419.7001953125,4420.7001953125,4419.7001953125,4420.7001953125,6
2026-03-27T03:07:00,4421.89990234375,4423.7001953125,4421.89990234375,4422.7998046875,12
2026-03-27T03:08:00,4421.5,4421.5,4421.39990234375,4421.39990234375,3
2026-03-27T03:09:00,4419.7998046875,4419.7998046875,4415.7001953125,4419.2001953125,58
2026-03-27T03:10:00,4419.39990234375,4419.7001953125,4417.89990234375,4417.89990234375,10
2026-03-27T03:11:00,4418.0,4418.0,4418.0,4418.0,28
2026-03-27T03:12:00,4420.2998046875,4421.0,4420.2998046875,4421.0,2
2026-03-27T03:13:00,4423.5,4423.5,4423.5,4423.5,5
2026-03-27T03:14:00,4423.7998046875,4423.7998046875,4423.7998046875,4423.7998046875,3
2026-03-27T03:16:00,4423.2001953125,4423.2001953125,4423.2001953125,4423.2001953125,2
2026-03-27T03:17:00,4423.5,4423.5,4422.7001953125,4422.7001953125,2
2026-03-27T03:18:00,4422.7001953125,4422.7001953125,4422.7001953125,4422.7001953125,3
2026-03-27T03:19:00,4425.0,4425.0,4424.10009765625,4424.10009765625,2
2026-03-27T03:20:00,4424.10009765625,4424.7001953125,4424.10009765625,4424.7001953125,6
2026-03-27T03:21:00,4426.39990234375,4426.5,4425.39990234375,4425.39990234375,6
2026-03-27T03:22:00,4425.2001953125,4425.5,4423.39990234375,4425.5,7
2026-03-27T03:25:00,4426.39990234375,4426.5,4424.89990234375,4424.89990234375,21
2026-03-27T03:26:00,4425.2998046875,4425.39990234375,4423.2001953125,4423.2001953125,9
2026-03-27T03:27:00,4424.0,4424.0,4423.5,4423.60009765625,3
2026-03-27T03:28:00,4422.89990234375,4426.0,4422.7001953125,4426.0,7
2026-03-27T03:29:00,4426.60009765625,4430.7998046875,4426.60009765625,4430.0,62
2026-03-27T03:30:00,4430.2001953125,4433.10009765625,4430.2001953125,4433.10009765625,19
2026-03-27T03:31:00,4430.0,4430.2001953125,4426.2001953125,4427.2998046875,17
2026-03-27T03:32:00,4427.89990234375,4427.89990234375,4427.10009765625,4427.5,4
2026-03-27T03:34:00,4427.7001953125,4428.0,4427.7001953125,4428.0,2
2026-03-27T03:35:00,4428.7001953125,4429.2001953125,4428.2998046875,4428.5,6
2026-03-27T03:36:00,4428.39990234375,4429.2001953125,4428.0,4429.2001953125,3
2026-03-27T03:37:00,4430.0,4431.5,4429.89990234375,4431.0,31
2026-03-27T03:38:00,4431.60009765625,4432.2998046875,4431.60009765625,4432.2998046875,10
2026-03-27T03:39:00,4434.7998046875,4439.5,4434.2001953125,4439.5,24
2026-03-27T03:40:00,4438.7001953125,4440.2001953125,4434.39990234375,4434.60009765625,25
2026-03-27T03:41:00,4434.0,4434.10009765625,4433.89990234375,4434.10009765625,5
2026-03-27T03:42:00,4436.2001953125,4436.2998046875,4435.10009765625,4435.10009765625,3
2026-03-27T03:43:00,4434.2998046875,4434.2998046875,4433.39990234375,4434.0,11
2026-03-27T03:44:00,4433.5,4433.5,4433.5,4433.5,5
2026-03-27T03:45:00,4430.39990234375,4430.39990234375,4428.0,4428.2998046875,16
2026-03-27T03:49:00,4430.2001953125,4430.39990234375,4429.89990234375,4429.89990234375,6
2026-03-27T03:50:00,4430.60009765625,4431.0,4429.10009765625,4429.10009765625,6
2026-03-27T03:51:00,4429.2001953125,4431.7998046875,4429.2001953125,4431.7998046875,3
2026-03-27T03:52:00,4433.0,4433.2001953125,4431.89990234375,4431.89990234375,23
2026-03-27T03:53:00,4432.0,4432.60009765625,4432.0,4432.60009765625,3
2026-03-27T03:54:00,4431.5,4432.39990234375,4429.10009765625,4432.39990234375,6
2026-03-27T03:55:00,4432.60009765625,4432.60009765625,4432.0,4432.60009765625,7
2026-03-27T03:56:00,4431.5,4431.5,4431.5,4431.5,2
2026-03-27T03:58:00,4431.7998046875,4432.0,4431.7998046875,4432.0,14
2026-03-27T04:00:00,4431.7998046875,4434.2001953125,4431.7998046875,4434.2001953125,3
2026-03-27T04:01:00,4431.10009765625,4432.7001953125,4431.10009765625,4431.89990234375,6
2026-03-27T04:02:00,4431.60009765625,4431.60009765625,4430.2998046875,4431.0,7
2026-03-27T04:03:00,4431.89990234375,4431.89990234375,4431.5,4431.5,4
2026-03-27T04:04:00,4432.0,4432.0,4432.0,4432.0,21
2026-03-27T04:07:00,4429.0,4429.10009765625,4428.7998046875,4429.10009765625,4
2026-03-27T04:08:00,4428.2998046875,4429.0,4427.5,4429.0,6
2026-03-27T04:09:00,4428.7001953125,4428.7001953125,4428.7001953125,4428.7001953125,2
2026-03-27T04:10:00,4430.0,4430.0,4428.7998046875,4428.7998046875,3
2026-03-27T04:11:00,4429.0,4429.2001953125,4429.0,4429.2001953125,2
2026-03-27T04:12:00,4428.7001953125,4429.7001953125,4428.60009765625,4429.7001953125,3
2026-03-27T04:13:00,4428.7998046875,4428.7998046875,4428.7001953125,4428.7001953125,2
2026-03-27T04:14:00,4428.89990234375,4428.89990234375,4428.89990234375,4428.89990234375,2
2026-03-27T04:17:00,4427.0,4427.0,4426.2998046875,4426.2998046875,3
2026-03-27T04:18:00,4427.0,4427.39990234375,4427.0,4427.39990234375,5
2026-03-27T04:19:00,4427.0,4427.60009765625,4426.2001953125,4427.60009765625,11
2026-03-27T04:21:00,4429.10009765625,4429.5,4427.7001953125,4427.7001953125,24
2026-03-27T04:22:00,4429.89990234375,4429.89990234375,4429.89990234375,4429.89990234375,1
2026-03-27T04:23:00,4432.0,4432.0,4431.2998046875,4431.2998046875,4
2026-03-27T04:25:00,4430.7001953125,4430.7998046875,4430.7001953125,4430.7998046875,2
2026-03-27T04:27:00,4428.2998046875,4428.7001953125,4428.2998046875,4428.7001953125,2
2026-03-27T04:28:00,4428.2001953125,4428.5,4428.0,4428.0,22
2026-03-27T04:30:00,4429.39990234375,4429.39990234375,4428.7998046875,4428.7998046875,12
2026-03-27T04:32:00,4429.0,4432.2001953125,4429.0,4432.2001953125,24
2026-03-27T04:33:00,4429.0,4429.89990234375,4429.0,4429.89990234375,3
2026-03-27T04:34:00,4434.7001953125,4434.7998046875,4434.7001953125,4434.7998046875,6
2026-03-27T04:35:00,4435.2998046875,4436.2998046875,4435.2998046875,4436.2998046875,25
2026-03-27T04:36:00,4436.0,4436.0,4434.7001953125,4434.7001953125,7
2026-03-27T04:37:00,4433.5,4433.5,4433.5,4433.5,1
2026-03-27T04:38:00,4433.60009765625,4433.7001953125,4433.39990234375,4433.7001953125,3
2026-03-27T04:40:00,4434.5,4434.60009765625,4434.5,4434.60009765625,2
2026-03-27T04:41:00,4434.7998046875,4434.7998046875,4434.7998046875,4434.7998046875,4
2026-03-27T04:45:00,4436.2001953125,4436.2001953125,4436.2001953125,4436.2001953125,1
2026-03-27T04:46:00,4437.0,4437.0,4437.0,4437.0,8
2026-03-27T04:47:00,4437.0,4437.89990234375,4437.0,4437.10009765625,10
2026-03-27T04:48:00,4437.89990234375,4438.10009765625,4437.2001953125,4437.2001953125,5
2026-03-27T04:49:00,4436.89990234375,4436.89990234375,4436.89990234375,4436.89990234375,2
2026-03-27T04:50:00,4438.10009765625,4438.10009765625,4438.10009765625,4438.10009765625,1
2026-03-27T04:51:00,4438.2998046875,4439.0,4438.2998046875,4439.0,5
2026-03-27T04:52:00,4440.2001953125,4440.2998046875,4440.10009765625,4440.10009765625,6
2026-03-27T04:53:00,4440.2998046875,4440.2998046875,4439.39990234375,4439.39990234375,4
2026-03-27T04:54:00,4439.2998046875,4440.5,4439.2998046875,4440.5,79
2026-03-27T04:55:00,4440.5,4441.5,4440.5,4441.5,4
2026-03-27T04:56:00,4442.0,4442.7998046875,4441.2998046875,4441.7998046875,23
2026-03-27T04:58:00,4443.2998046875,4444.2001953125,4443.2998046875,4443.89990234375,18
2026-03-27T04:59:00,4444.2001953125,4444.2001953125,4440.89990234375,4440.89990234375,7
2026-03-27T05:00:00,4440.10009765625,4440.60009765625,4438.5,4438.5,210
2026-03-27T05:01:00,4439.2001953125,4440.0,4438.5,4440.0,71
2026-03-27T05:02:00,4438.2998046875,4438.2998046875,4438.10009765625,4438.10009765625,16
2026-03-27T05:03:00,4438.10009765625,4438.10009765625,4438.10009765625,4438.10009765625,11
2026-03-27T05:04:00,4437.2998046875,4437.2998046875,4437.2998046875,4437.2998046875,2
2026-03-27T05:05:00,4437.39990234375,4437.39990234375,4437.39990234375,4437.39990234375,9
2026-03-27T05:06:00,4438.7998046875,4440.7001953125,4438.60009765625,4440.7001953125,12
2026-03-27T05:07:00,4440.7001953125,4441.0,4440.7001953125,4440.89990234375,8
2026-03-27T05:08:00,4441.0,4441.0,4441.0,4441.0,2
2026-03-27T05:09:00,4440.10009765625,4440.10009765625,4439.7001953125,4439.7001953125,2
2026-03-27T05:10:00,4439.0,4439.0,4439.0,4439.0,1
2026-03-27T05:12:00,4439.60009765625,4439.60009765625,4439.60009765625,4439.60009765625,1
2026-03-27T05:13:00,4439.89990234375,4439.89990234375,4439.89990234375,4439.89990234375,2
2026-03-27T05:14:00,4439.2001953125,4441.2001953125,4439.10009765625,4439.60009765625,19
2026-03-27T05:15:00,4439.0,4439.0,4439.0,4439.0,4
2026-03-27T05:16:00,4439.39990234375,4441.5,4439.2998046875,4441.5,6
2026-03-27T05:17:00,4439.89990234375,4439.89990234375,4439.2001953125,4439.2001953125,12
2026-03-27T05:19:00,4441.5,4441.5,4440.7001953125,4440.7001953125,26
2026-03-27T05:20:00,4438.89990234375,4439.2998046875,4438.2001953125,4438.2001953125,22
2026-03-27T05:21:00,4438.2001953125,4438.2001953125,4438.0,4438.0,0
