timestamp,open,high,low,close,volume
2026-01-15T05:00:00,4595.7001953125,4596.60009765625,4584.60009765625,4596.5,2383
2026-01-15T05:30:00,4597.0,4602.60009765625,4584.89990234375,4599.10009765625,3706
2026-01-15T06:00:00,4598.89990234375,4614.0,4597.39990234375,4607.89990234375,3906
2026-01-15T06:30:00,4607.60009765625,4616.39990234375,4604.39990234375,4614.5,3023
2026-01-15T07:00:00,4614.89990234375,4618.0,4610.2998046875,4614.7998046875,2537
2026-01-15T07:30:00,4615.0,4615.7998046875,4603.5,4606.10009765625,2843
2026-01-15T08:00:00,4606.39990234375,4610.5,4602.2001953125,4606.2998046875,3828
2026-01-15T08:30:00,4606.2001953125,4611.5,4603.2001953125,4608.2001953125,2369
2026-01-15T09:00:00,4608.10009765625,4609.7998046875,4604.60009765625,4608.7001953125,1968
2026-01-15T09:30:00,4608.89990234375,4617.2001953125,4607.0,4616.89990234375,3985
2026-01-15T10:00:00,4616.7001953125,4620.10009765625,4613.39990234375,4616.2001953125,4443
2026-01-15T10:30:00,4616.2001953125,4624.89990234375,4614.39990234375,4624.2001953125,2861
2026-01-15T11:00:00,4624.2998046875,4625.89990234375,4621.2998046875,4623.39990234375,2879
2026-01-15T11:30:00,4623.39990234375,4627.0,4619.60009765625,4623.39990234375,2551
2026-01-15T12:00:00,4623.2998046875,4624.89990234375,4618.0,4620.7001953125,2572
2026-01-15T12:30:00,4620.60009765625,4622.7998046875,4615.7001953125,4617.89990234375,2417
2026-01-15T13:00:00,4618.0,4620.2001953125,4606.2998046875,4609.89990234375,5106
2026-01-15T13:30:00,4609.39990234375,4609.7001953125,4584.0,4591.60009765625,16223
2026-01-15T14:00:00,4591.60009765625,4610.60009765625,4586.2998046875,4606.10009765625,11534
2026-01-15T14:30:00,4606.2001953125,4618.7998046875,4603.89990234375,4614.89990234375,10393
2026-01-15T15:00:00,4614.7998046875,4622.2998046875,4608.2001953125,4621.0,9037
2026-01-15T15:30:00,4621.0,4622.2998046875,4614.0,4620.2001953125,6141
2026-01-15T16:00:00,4620.0,4630.10009765625,4613.0,4616.5,11372
2026-01-15T16:30:00,4616.5,4618.10009765625,4605.7001953125,4610.2001953125,7091
2026-01-15T17:00:00,4610.39990234375,4618.89990234375,4610.2998046875,4615.5,5493
2026-01-15T17:30:00,4615.39990234375,4621.7998046875,4614.89990234375,4621.5,4158
2026-01-15T18:00:00,4621.39990234375,4626.0,4621.2998046875,4624.10009765625,9284
2026-01-15T18:30:00,4624.0,4624.2998046875,4617.60009765625,4622.10009765625,3583
2026-01-15T19:00:00,4622.2001953125,4626.5,4621.89990234375,4622.7001953125,3716
2026-01-15T19:30:00,4622.7001953125,4623.7001953125,4616.7998046875,4620.0,2683
2026-01-15T20:00:00,4620.2001953125,4620.7001953125,4604.2001953125,4609.0,5009
2026-01-15T20:30:00,4609.0,4613.39990234375,4607.39990234375,4609.7998046875,2879
2026-01-15T21:00:00,4609.5,4619.60009765625,4608.5,4618.2001953125,1812
2026-01-15T21:30:00,4618.2001953125,4620.60009765625,4617.7001953125,4620.5,1162
2026-01-15T23:00:00,4621.60009765625,4625.5,4613.10009765625,4613.7001953125,1880
2026-01-15T23:30:00,4613.60009765625,4615.5,4610.60009765625,4614.60009765625,1833
2026-01-16T00:00:00,4614.2001953125,4615.10009765625,4607.5,4611.89990234375,2098
2026-01-16T00:30:00,4611.89990234375,4612.2998046875,4602.39990234375,4604.39990234375,2141
2026-01-16T01:00:00,4603.7998046875,4611.2998046875,4597.7998046875,4609.7998046875,4044
2026-01-16T01:30:00,4609.89990234375,4612.2998046875,4603.2001953125,4604.7998046875,3315
2026-01-16T02:00:00,4604.7998046875,4607.7001953125,4600.10009765625,4603.5,5110
2026-01-16T02:30:00,4603.5,4604.7001953125,4594.60009765625,4598.39990234375,3761
2026-01-16T03:00:00,4598.2001953125,4603.2001953125,4597.60009765625,4598.7998046875,1618
2026-01-16T03:30:00,4598.60009765625,4600.7998046875,4595.7998046875,4599.39990234375,1161
2026-01-16T04:00:00,4599.39990234375,4604.7001953125,4599.2001953125,4601.89990234375,1542
2026-01-16T04:30:00,4601.89990234375,4605.5,4600.7001953125,4604.60009765625,835
2026-01-16T05:00:00,4604.5,4605.0,4598.60009765625,4604.39990234375,1031
2026-01-16T05:30:00,4604.39990234375,4620.2001953125,4599.60009765625,4615.39990234375,4022
2026-01-16T06:00:00,4615.5,4616.2998046875,4607.2001953125,4608.2001953125,2699
2026-01-16T06:30:00,4608.0,4612.10009765625,4597.10009765625,4601.7998046875,5172
2026-01-16T07:00:00,4601.5,4616.10009765625,4600.5,4609.89990234375,3880
2026-01-16T07:30:00,4609.89990234375,4616.2001953125,4605.2998046875,4611.5,4734
2026-01-16T08:00:00,4611.2001953125,4614.7998046875,4608.60009765625,4611.39990234375,2144
2026-01-16T08:30:00,4611.2001953125,4613.0,4605.2001953125,4606.7998046875,2393
2026-01-16T09:00:00,4606.7998046875,4612.2001953125,4603.2998046875,4604.60009765625,1709
2026-01-16T09:30:00,4605.0,4607.39990234375,4602.7001953125,4604.2001953125,1493
2026-01-16T10:00:00,4604.10009765625,4615.10009765625,4604.10009765625,4611.5,2946
2026-01-16T10:30:00,4611.2998046875,4613.39990234375,4603.60009765625,4604.10009765625,2642
2026-01-16T11:00:00,4604.10009765625,4615.5,4602.2998046875,4615.10009765625,2736
2026-01-16T11:30:00,4614.89990234375,4620.5,4613.39990234375,4616.5,3611
2026-01-16T12:00:00,4616.39990234375,4617.0,4608.60009765625,4610.39990234375,2744
2026-01-16T12:30:00,4610.5,4610.7001953125,4601.0,4605.7001953125,3984
2026-01-16T13:00:00,4605.7998046875,4609.89990234375,4586.0,4590.5,13981
2026-01-16T13:30:00,4590.7001953125,4607.0,4588.5,4605.7001953125,9019
2026-01-16T14:00:00,4605.7001953125,4613.2998046875,4602.10009765625,4603.0,6234
2026-01-16T14:30:00,4602.7998046875,4618.89990234375,4599.89990234375,4611.89990234375,10881
2026-01-16T15:00:00,4611.39990234375,4624.60009765625,4567.2998046875,4568.10009765625,29536
2026-01-16T15:30:00,4567.7998046875,4579.0,4539.10009765625,4574.7998046875,36066
2026-01-16T16:00:00,4574.60009765625,4601.7001953125,4570.7998046875,4596.39990234375,16089
2026-01-16T16:30:00,4597.0,4603.89990234375,4586.7001953125,4595.7998046875,8741
2026-01-16T17:00:00,4596.2001953125,4597.89990234375,4581.0,4583.5,5616
2026-01-16T17:30:00,4583.2998046875,4591.10009765625,4581.60009765625,4586.0,3217
2026-01-16T18:00:00,4586.0,4596.89990234375,4584.7001953125,4595.2998046875,5380
2026-01-16T18:30:00,4595.2998046875,4601.10009765625,4587.39990234375,4587.89990234375,4848
2026-01-16T19:00:00,4587.7998046875,4593.60009765625,4585.7998046875,4588.89990234375,2474
2026-01-16T19:30:00,4588.89990234375,4597.2001953125,4588.89990234375,4595.2001953125,1961
2026-01-16T20:00:00,4595.2998046875,4600.2001953125,4592.10009765625,4593.0,2341
2026-01-16T20:30:00,4592.60009765625,4593.89990234375,4585.0,4587.2998046875,5616
2026-01-16T21:00:00,4587.2001953125,4602.10009765625,4587.2001953125,4596.2001953125,2300
2026-01-16T21:30:00,4596.10009765625,4601.2001953125,4595.39990234375,4595.39990234375,1458
2026-01-19T04:30:00,4595.39990234375,4672.2998046875,4595.39990234375,4671.2001953125,997
2026-01-20T05:00:00,4700.89990234375,4707.7001953125,4700.60009765625,4702.10009765625,5305
2026-01-20T05:30:00,4702.2998046875,4722.7998046875,4700.0,4720.60009765625,9845
2026-01-20T06:00:00,4720.7001953125,4723.39990234375,4713.7001953125,4718.0,6013
2026-01-20T06:30:00,4717.89990234375,4721.5,4711.2998046875,4718.60009765625,4900
2026-01-20T07:00:00,4718.39990234375,4727.60009765625,4717.5,4723.7001953125,4891
2026-01-20T07:30:00,4724.0,4728.0,4720.2001953125,4721.39990234375,4708
2026-01-20T08:00:00,4721.39990234375,4731.2998046875,4720.39990234375,4724.2001953125,4914
2026-01-20T08:30:00,4724.39990234375,4738.0,4721.39990234375,4735.60009765625,6176
2026-01-20T09:00:00,4735.5,4740.0,4727.2001953125,4739.39990234375,5896
2026-01-20T09:30:00,4738.89990234375,4742.89990234375,4737.2998046875,4737.60009765625,5867
2026-01-20T10:00:00,4737.5,4740.39990234375,4733.2001953125,4733.2998046875,3470
2026-01-20T10:30:00,4733.2001953125,4734.60009765625,4728.7001953125,4732.2998046875,3821
2026-01-20T11:00:00,4732.2998046875,4735.0,4727.2998046875,4732.39990234375,2433
2026-01-20T11:30:00,4732.5,4740.7998046875,4731.39990234375,4738.60009765625,2932
2026-01-20T12:00:00,4738.60009765625,4738.60009765625,4732.0,4732.39990234375,2758
2026-01-20T12:30:00,4732.2998046875,4735.39990234375,4729.5,4733.2998046875,5104
2026-01-20T13:00:00,4733.39990234375,4734.2001953125,4721.2001953125,4724.60009765625,7622
2026-01-20T13:30:00,4724.7998046875,4743.7998046875,4720.0,4742.2998046875,14190
2026-01-20T14:00:00,4742.2998046875,4756.2001953125,4737.2998046875,4755.7998046875,16023
2026-01-20T14:30:00,4755.89990234375,4756.60009765625,4733.39990234375,4746.39990234375,16135
2026-01-20T15:00:00,4745.89990234375,4753.7001953125,4726.7001953125,4728.60009765625,17265
2026-01-20T15:30:00,4728.39990234375,4743.7001953125,4726.7998046875,4742.0,11659
2026-01-20T16:00:00,4742.10009765625,4748.60009765625,4733.39990234375,4745.7998046875,10016
2026-01-20T16:30:00,4745.39990234375,4762.0,4745.10009765625,4758.0,9657
2026-01-20T17:00:00,4757.7001953125,4761.7998046875,4750.2998046875,4759.39990234375,7974
2026-01-20T17:30:00,4759.60009765625,4767.0,4756.2998046875,4763.7001953125,7305
2026-01-20T18:00:00,4763.7998046875,4771.2001953125,4763.10009765625,4766.2998046875,11112
2026-01-20T18:30:00,4766.2001953125,4767.60009765625,4757.5,4764.2001953125,6261
2026-01-20T19:00:00,4764.39990234375,4771.5,4761.2998046875,4764.60009765625,4036
2026-01-20T19:30:00,4764.60009765625,4769.2001953125,4761.7001953125,4765.89990234375,2922
2026-01-20T20:00:00,4765.7998046875,4766.60009765625,4752.60009765625,4755.60009765625,4992
2026-01-20T20:30:00,4755.60009765625,4762.89990234375,4754.10009765625,4761.39990234375,4299
2026-01-20T21:00:00,4761.5,4766.2998046875,4761.10009765625,4765.2998046875,1575
2026-01-20T21:30:00,4765.0,4769.2998046875,4762.5,4769.10009765625,1012
2026-01-20T23:00:00,4767.5,4771.2998046875,4761.5,4763.5,1484
2026-01-20T23:30:00,4763.39990234375,4784.89990234375,4762.5,4779.7998046875,3639
2026-01-21T00:00:00,4779.60009765625,4784.89990234375,4774.5,4782.2001953125,2405
2026-01-21T00:30:00,4782.0,4792.89990234375,4781.60009765625,4789.60009765625,3988
2026-01-21T01:00:00,4789.60009765625,4831.0,4788.5,4830.5,13293
2026-01-21T01:30:00,4830.39990234375,4847.7001953125,4818.10009765625,4838.5,13564
2026-01-21T02:00:00,4838.60009765625,4845.2998046875,4820.39990234375,4827.7001953125,6889
2026-01-21T02:30:00,4827.7001953125,4842.7998046875,4824.7998046875,4839.39990234375,5329
2026-01-21T03:00:00,4839.2001953125,4852.60009765625,4829.5,4836.10009765625,7999
2026-01-21T03:30:00,4836.2998046875,4849.7001953125,4834.2001953125,4847.60009765625,3761
2026-01-21T04:00:00,4847.2998046875,4856.7998046875,4840.0,4852.39990234375,3485
2026-01-21T04:30:00,4852.60009765625,4873.60009765625,4852.60009765625,4867.5,5063
2026-01-21T05:00:00,4868.39990234375,4876.89990234375,4861.7001953125,4871.39990234375,4662
2026-01-21T05:30:00,4871.60009765625,4880.89990234375,4866.0,4872.39990234375,4849
2026-01-21T06:00:00,4872.60009765625,4891.10009765625,4866.7998046875,4886.39990234375,5771
2026-01-21T06:30:00,4886.5,4890.2001953125,4848.0,4850.2001953125,11141
2026-01-21T07:00:00,4849.89990234375,4852.5,4835.2001953125,4851.39990234375,9939
2026-01-21T07:30:00,4851.2998046875,4859.39990234375,4840.60009765625,4857.5,6659
2026-01-21T08:00:00,4856.89990234375,4871.60009765625,4855.7001953125,4869.0,4884
2026-01-21T08:30:00,4868.7998046875,4870.2001953125,4853.7001953125,4856.89990234375,5118
2026-01-21T09:00:00,4856.89990234375,4878.7998046875,4854.5,4878.0,6539
2026-01-21T09:30:00,4877.89990234375,4879.39990234375,4861.10009765625,4862.39990234375,4389
2026-01-21T10:00:00,4862.5,4868.89990234375,4861.60009765625,4862.7001953125,4021
2026-01-21T10:30:00,4862.39990234375,4869.2001953125,4862.0,4864.39990234375,3253
2026-01-21T11:00:00,4864.2998046875,4874.0,4863.10009765625,4869.0,4286
2026-01-21T11:30:00,4869.2001953125,4869.5,4857.39990234375,4869.10009765625,5323
2026-01-21T12:00:00,4869.2998046875,4869.7998046875,4858.10009765625,4867.60009765625,4800
2026-01-21T12:30:00,4867.89990234375,4873.5,4859.5,4868.0,6758
2026-01-21T13:00:00,4868.2001953125,4874.2998046875,4861.0,4870.7998046875,7352
2026-01-21T13:30:00,4870.7001953125,4883.2998046875,4869.7001953125,4882.2998046875,10477
2026-01-21T14:00:00,4882.60009765625,4884.5,4840.7998046875,4862.5,30168
2026-01-21T14:30:00,4862.39990234375,4874.89990234375,4848.2998046875,4853.7001953125,15345
2026-01-21T15:00:00,4853.7001953125,4871.2001953125,4813.7998046875,4833.2998046875,26221
2026-01-21T15:30:00,4833.5,4856.60009765625,4831.39990234375,4850.0,12658
2026-01-21T16:00:00,4850.0,4858.7001953125,4831.60009765625,4843.2998046875,10668
2026-01-21T16:30:00,4842.7001953125,4852.7001953125,4821.60009765625,4836.5,11028
2026-01-21T17:00:00,4836.7001953125,4837.0,4816.60009765625,4823.5,15454
2026-01-21T17:30:00,4823.60009765625,4830.39990234375,4804.60009765625,4829.0,10676
2026-01-21T18:00:00,4828.60009765625,4839.7998046875,4822.60009765625,4836.60009765625,10498
2026-01-21T18:30:00,4836.7998046875,4853.5,4833.2001953125,4853.2001953125,5222
2026-01-21T19:00:00,4853.10009765625,4857.2001953125,4807.10009765625,4817.7998046875,8772
2026-01-21T19:30:00,4818.7001953125,4823.7001953125,4757.10009765625,4783.39990234375,24301
2026-01-21T20:00:00,4783.0,4803.5,4774.5,4800.0,10110
2026-01-21T20:30:00,4799.7998046875,4830.89990234375,4799.0,4830.0,11339
2026-01-21T21:00:00,4829.60009765625,4841.5,4816.0,4835.60009765625,3635
2026-01-21T21:30:00,4835.7998046875,4842.7998046875,4830.7998046875,4836.2001953125,2472
2026-01-21T23:00:00,4836.2001953125,4837.7001953125,4786.2998046875,4795.89990234375,3717
2026-01-21T23:30:00,4796.5,4803.10009765625,4779.2998046875,4779.60009765625,3528
2026-01-22T00:00:00,4779.89990234375,4795.89990234375,4779.39990234375,4784.2998046875,3435
2026-01-22T00:30:00,4784.2998046875,4799.7998046875,4781.5,4798.7998046875,2608
2026-01-22T01:00:00,4798.39990234375,4810.60009765625,4772.7001953125,4796.7001953125,7006
2026-01-22T01:30:00,4797.0,4806.39990234375,4794.2998046875,4799.2001953125,3071
2026-01-22T02:00:00,4798.89990234375,4799.7998046875,4787.39990234375,4788.39990234375,3520
2026-01-22T02:30:00,4788.7001953125,4793.60009765625,4775.2998046875,4789.89990234375,4418
2026-01-22T03:00:00,4790.2001953125,4797.10009765625,4785.0,4794.0,2187
2026-01-22T03:30:00,4794.0,4798.10009765625,4791.0,4797.39990234375,1026
2026-01-22T04:00:00,4797.89990234375,4801.7998046875,4795.7001953125,4797.2001953125,1862
2026-01-22T04:30:00,4797.2998046875,4799.60009765625,4794.7001953125,4797.7001953125,1379
2026-01-22T05:00:00,4798.10009765625,4802.5,4794.7001953125,4796.10009765625,1648
2026-01-22T05:30:00,4796.10009765625,4822.10009765625,4796.0,4821.7998046875,4213
2026-01-22T06:00:00,4821.60009765625,4829.60009765625,4816.60009765625,4825.89990234375,4791
2026-01-22T06:30:00,4825.7998046875,4828.5,4821.89990234375,4827.2998046875,2004
2026-01-22T07:00:00,4827.39990234375,4839.2001953125,4826.39990234375,4838.2998046875,4589
2026-01-22T07:30:00,4838.5,4841.10009765625,4831.5,4833.5,2958
2026-01-22T08:00:00,4833.39990234375,4836.7998046875,4825.5,4827.2998046875,2872
2026-01-22T08:30:00,4827.5,4833.2001953125,4823.2998046875,4832.2001953125,3701
2026-01-22T09:00:00,4832.2001953125,4839.5,4829.39990234375,4831.10009765625,7411
2026-01-22T09:30:00,4830.7998046875,4832.60009765625,4815.2998046875,4824.39990234375,5712
2026-01-22T10:00:00,4824.7998046875,4829.2001953125,4820.7998046875,4828.39990234375,2998
2026-01-22T10:30:00,4828.2998046875,4833.7001953125,4825.60009765625,4831.0,2415
2026-01-22T11:00:00,4830.7998046875,4833.7998046875,4826.2001953125,4829.60009765625,2738
2026-01-22T11:30:00,4829.5,4838.5,4827.10009765625,4833.2001953125,3390
2026-01-22T12:00:00,4832.89990234375,4834.60009765625,4825.39990234375,4833.89990234375,3756
2026-01-22T12:30:00,4833.39990234375,4834.60009765625,4820.5,4821.5,3585
2026-01-22T13:00:00,4821.60009765625,4837.39990234375,4817.60009765625,4828.5,6490
2026-01-22T13:30:00,4827.60009765625,4829.89990234375,4809.60009765625,4823.7998046875,11559
2026-01-22T14:00:00,4823.5,4832.10009765625,4821.7001953125,4831.2998046875,9111
2026-01-22T14:30:00,4831.10009765625,4849.39990234375,4829.5,4836.7001953125,16049
2026-01-22T15:00:00,4836.7001953125,4858.89990234375,4826.39990234375,4856.5,14951
2026-01-22T15:30:00,4856.2998046875,4876.7998046875,4856.10009765625,4874.0,12556
2026-01-22T16:00:00,4874.2001953125,4883.60009765625,4870.10009765625,4878.89990234375,11414
2026-01-22T16:30:00,4879.0,4888.10009765625,4876.0,4880.7998046875,9364
2026-01-22T17:00:00,4880.7998046875,4896.89990234375,4871.0,4892.89990234375,14030
2026-01-22T17:30:00,4893.2001953125,4909.5,4892.5,4907.7998046875,10703
2026-01-22T18:00:00,4907.7001953125,4918.5,4904.60009765625,4913.39990234375,13093
2026-01-22T18:30:00,4913.5,4922.5,4910.39990234375,4918.7001953125,6805
2026-01-22T19:00:00,4918.7001953125,4927.60009765625,4912.89990234375,4917.60009765625,7043
2026-01-22T19:30:00,4918.0,4921.5,4909.2998046875,4915.2001953125,4442
2026-01-22T20:00:00,4915.5,4932.2001953125,4914.7998046875,4929.2001953125,5300
2026-01-22T20:30:00,4929.2998046875,4930.60009765625,4917.7001953125,4920.5,4321
2026-01-22T21:00:00,4920.7001953125,4929.0,4918.2998046875,4928.89990234375,2134
2026-01-22T21:30:00,4928.60009765625,4944.2998046875,4927.7001953125,4938.39990234375,3535
2026-01-22T23:00:00,4940.0,4964.0,4938.89990234375,4942.7001953125,4854
2026-01-22T23:30:00,4942.7001953125,4963.0,4932.39990234375,4960.7998046875,5214
2026-01-23T00:00:00,4961.2001953125,4965.39990234375,4950.10009765625,4954.7998046875,3165
2026-01-23T00:30:00,4956.60009765625,4968.5,4949.7001953125,4967.60009765625,3859
2026-01-23T01:00:00,4968.0,4970.0,4938.0,4949.7001953125,7510
2026-01-23T01:30:00,4950.2998046875,4966.0,4949.0,4956.7998046875,4164
2026-01-23T02:00:00,4956.0,4959.89990234375,4948.39990234375,4954.5,3147
2026-01-23T02:30:00,4954.5,4964.5,4954.39990234375,4957.7001953125,2730
2026-01-23T03:00:00,4957.39990234375,4961.10009765625,4939.5,4945.0,5000
2026-01-23T03:30:00,4945.5,4955.60009765625,4944.2001953125,4953.0,3448
2026-01-23T04:00:00,4952.7001953125,4954.2998046875,4951.0,4953.7001953125,846
2026-01-23T04:30:00,4953.5,4960.0,4952.5,4958.0,2745
2026-01-23T05:00:00,4957.7998046875,4961.2998046875,4955.7001953125,4958.60009765625,1459
2026-01-23T05:30:00,4958.7001953125,4969.0,4957.7001953125,4962.10009765625,3432
2026-01-23T06:00:00,4962.2998046875,4964.2998046875,4946.2001953125,4953.7001953125,5719
2026-01-23T06:30:00,4953.10009765625,4956.7001953125,4950.89990234375,4954.10009765625,2800
2026-01-23T07:00:00,4954.5,4960.7001953125,4952.2998046875,4958.0,3296
2026-01-23T07:30:00,4958.0,4959.5,4944.2998046875,4945.5,3785
2026-01-23T08:00:00,4945.2001953125,4948.7001953125,4901.89990234375,4914.7998046875,11446
2026-01-23T08:30:00,4914.7998046875,4926.89990234375,4909.7998046875,4915.2998046875,7081
2026-01-23T09:00:00,4914.7998046875,4921.7001953125,4901.2001953125,4906.89990234375,6139
2026-01-23T09:30:00,4907.10009765625,4922.7001953125,4905.10009765625,4919.39990234375,5701
2026-01-23T10:00:00,4919.60009765625,4933.2998046875,4916.60009765625,4930.5,4113
2026-01-23T10:30:00,4930.2001953125,4932.0,4925.60009765625,4931.0,2983
2026-01-23T11:00:00,4930.89990234375,4931.5,4912.7998046875,4921.7998046875,4594
2026-01-23T11:30:00,4922.0,4927.2998046875,4920.5,4923.2998046875,2772
2026-01-23T12:00:00,4923.7001953125,4938.0,4918.7998046875,4934.7001953125,3046
2026-01-23T12:30:00,4935.10009765625,4943.39990234375,4933.0,4940.0,4684
2026-01-23T13:00:00,4940.2001953125,4948.60009765625,4924.2998046875,4931.60009765625,10230
2026-01-23T13:30:00,4931.39990234375,4942.2998046875,4928.10009765625,4939.7998046875,8394
2026-01-23T14:00:00,4940.2998046875,4948.7001953125,4935.60009765625,4940.7998046875,6426
2026-01-23T14:30:00,4940.7001953125,4957.2998046875,4933.5,4944.10009765625,13168
2026-01-23T15:00:00,4943.60009765625,4956.60009765625,4938.89990234375,4945.0,12519
2026-01-23T15:30:00,4945.2001953125,4964.0,4944.39990234375,4961.89990234375,11347
2026-01-23T16:00:00,4961.89990234375,4987.89990234375,4960.0,4986.5,18244
2026-01-23T16:30:00,4986.60009765625,4989.89990234375,4976.7001953125,4981.39990234375,12973
2026-01-23T17:00:00,4981.7001953125,4988.89990234375,4978.2001953125,4983.7998046875,8011
2026-01-23T17:30:00,4983.89990234375,4989.39990234375,4963.0,4966.89990234375,9643
2026-01-23T18:00:00,4967.2001953125,4985.39990234375,4966.2998046875,4979.60009765625,9156
2026-01-23T18:30:00,4979.7998046875,4981.2001953125,4959.5,4967.7998046875,6775
2026-01-23T19:00:00,4968.2001953125,4980.2001953125,4968.2001953125,4978.7998046875,5374
2026-01-23T19:30:00,4978.5,4991.39990234375,4975.5,4985.2001953125,5838
2026-01-23T20:00:00,4985.10009765625,4986.7001953125,4971.7001953125,4981.2001953125,4824
2026-01-23T20:30:00,4981.39990234375,4984.5,4976.0,4981.39990234375,4100
2026-01-23T21:00:00,4981.39990234375,4986.5,4978.60009765625,4982.60009765625,2528
2026-01-23T21:30:00,4982.2001953125,4990.2001953125,4979.7001953125,4979.7001953125,2686
2026-01-25T23:00:00,5023.7998046875,5031.0,5010.89990234375,5017.7001953125,5341
2026-01-25T23:30:00,5017.5,5039.39990234375,5015.39990234375,5038.7001953125,6046
2026-01-26T00:00:00,5039.39990234375,5043.10009765625,5029.2998046875,5042.0,4456
2026-01-26T00:30:00,5042.0,5051.39990234375,5037.39990234375,5041.0,5027
2026-01-26T01:00:00,5040.7998046875,5073.7998046875,5028.0,5072.7998046875,11812
2026-01-26T01:30:00,5072.7001953125,5082.89990234375,5065.2001953125,5068.7998046875,10533
2026-01-26T02:00:00,5068.89990234375,5087.7998046875,5064.2001953125,5086.39990234375,5567
2026-01-26T02:30:00,5086.39990234375,5091.5,5077.10009765625,5078.89990234375,5033
2026-01-26T03:00:00,5078.5,5086.5,5069.5,5077.39990234375,4522
2026-01-26T03:30:00,5077.7998046875,5082.0,5067.5,5073.89990234375,3884
2026-01-26T04:00:00,5074.10009765625,5076.0,5069.2998046875,5070.2001953125,2821
2026-01-26T04:30:00,5070.2001953125,5071.0,5055.60009765625,5068.60009765625,4836
2026-01-26T05:00:00,5067.89990234375,5070.60009765625,5049.7001953125,5062.7001953125,5907
2026-01-26T05:30:00,5062.7998046875,5074.2998046875,5050.39990234375,5072.10009765625,6689
2026-01-26T06:00:00,5071.7998046875,5080.2001953125,5063.0,5072.7998046875,5747
2026-01-26T06:30:00,5072.39990234375,5107.89990234375,5072.10009765625,5074.2001953125,11685
2026-01-26T07:00:00,5074.5,5092.39990234375,5070.0,5091.89990234375,5489
2026-01-26T07:30:00,5092.0,5092.2998046875,5082.60009765625,5086.39990234375,2564
2026-01-26T08:00:00,5086.2998046875,5095.7998046875,5084.7998046875,5094.2998046875,4053
2026-01-26T08:30:00,5094.39990234375,5096.10009765625,5077.39990234375,5081.2998046875,8545
2026-01-26T09:00:00,5081.2998046875,5094.7001953125,5079.89990234375,5094.7001953125,5993
2026-01-26T09:30:00,5094.7001953125,5097.39990234375,5073.10009765625,5082.2001953125,6733
2026-01-26T10:00:00,5082.39990234375,5089.2001953125,5076.5,5085.0,4973
2026-01-26T10:30:00,5085.39990234375,5093.0,5083.60009765625,5090.10009765625,3824
2026-01-26T11:00:00,5090.10009765625,5091.2998046875,5076.5,5085.39990234375,4182
2026-01-26T11:30:00,5085.60009765625,5090.7001953125,5081.7001953125,5089.7998046875,3842
2026-01-26T12:00:00,5089.60009765625,5095.39990234375,5083.7001953125,5087.89990234375,5731
2026-01-26T12:30:00,5087.89990234375,5087.89990234375,5074.5,5076.2001953125,7323
2026-01-26T13:00:00,5076.60009765625,5080.89990234375,5063.2001953125,5068.89990234375,13123
2026-01-26T13:30:00,5070.2001953125,5073.60009765625,5052.0,5065.89990234375,13595
2026-01-26T14:00:00,5065.7001953125,5080.10009765625,5055.5,5075.60009765625,13513
2026-01-26T14:30:00,5075.60009765625,5094.7001953125,5071.89990234375,5093.7001953125,23406
2026-01-26T15:00:00,5094.10009765625,5095.2001953125,5081.5,5088.2001953125,19715
2026-01-26T15:30:00,5088.10009765625,5092.7998046875,5071.2998046875,5088.39990234375,19934
2026-01-26T16:00:00,5088.39990234375,5103.0,5067.2001953125,5072.89990234375,19242
2026-01-26T16:30:00,5073.2998046875,5092.10009765625,5062.0,5086.39990234375,13913
2026-01-26T17:00:00,5087.0,5094.5,5076.7001953125,5085.2998046875,8892
2026-01-26T17:30:00,5085.0,5102.10009765625,5078.7998046875,5098.10009765625,10253
2026-01-26T18:00:00,5097.89990234375,5100.2998046875,5072.60009765625,5081.39990234375,15428
2026-01-26T18:30:00,5081.5,5081.60009765625,5053.39990234375,5064.60009765625,12856
2026-01-26T19:00:00,5065.2001953125,5065.5,5014.7998046875,5022.60009765625,19333
2026-01-26T19:30:00,5022.2998046875,5039.5,5002.7001953125,5023.60009765625,13304
2026-01-26T20:00:00,5023.60009765625,5052.5,5022.0,5052.0,8935
2026-01-26T20:30:00,5052.2001953125,5058.2998046875,5030.5,5049.39990234375,9968
2026-01-26T21:00:00,5049.60009765625,5053.89990234375,5003.7001953125,5015.0,7122
2026-01-26T21:30:00,5013.0,5015.39990234375,4983.60009765625,5004.7998046875,7428
2026-01-26T23:00:00,5005.5,5044.7001953125,5004.5,5039.2998046875,3321
2026-01-26T23:30:00,5038.7998046875,5056.0,5034.2001953125,5037.7001953125,3199
2026-01-27T00:00:00,5037.7001953125,5048.7001953125,5032.60009765625,5039.89990234375,1995
2026-01-27T00:30:00,5040.10009765625,5044.7001953125,5008.2998046875,5027.10009765625,4866
2026-01-27T01:00:00,5027.2998046875,5071.5,5013.0,5060.5,9801
2026-01-27T01:30:00,5060.2001953125,5064.7001953125,5049.0,5055.2998046875,3175
2026-01-27T02:00:00,5054.7001953125,5065.89990234375,5043.89990234375,5063.2998046875,3379
2026-01-27T02:30:00,5063.2001953125,5074.7998046875,5060.2001953125,5067.39990234375,2924
2026-01-27T03:00:00,5067.89990234375,5068.7998046875,5054.39990234375,5059.39990234375,2249
2026-01-27T03:30:00,5059.0,5074.2998046875,5058.5,5071.89990234375,2020
2026-01-27T04:00:00,5071.7001953125,5073.60009765625,5063.7001953125,5069.60009765625,1523
2026-01-27T04:30:00,5069.2998046875,5070.2001953125,5056.39990234375,5061.10009765625,2006
2026-01-27T05:00:00,5062.60009765625,5063.7001953125,5051.89990234375,5059.39990234375,2803
2026-01-27T05:30:00,5058.89990234375,5080.2998046875,5054.2998046875,5078.10009765625,3895
2026-01-27T06:00:00,5077.89990234375,5083.2001953125,5071.60009765625,5077.7001953125,2622
2026-01-27T06:30:00,5077.60009765625,5089.60009765625,5074.2998046875,5081.5,3831
2026-01-27T07:00:00,5081.39990234375,5090.0,5077.10009765625,5083.2998046875,6806
2026-01-27T07:30:00,5083.60009765625,5097.2998046875,5081.2998046875,5081.60009765625,5591
2026-01-27T08:00:00,5081.5,5084.10009765625,5071.2001953125,5073.39990234375,5413
2026-01-27T08:30:00,5073.7001953125,5082.0,5068.5,5075.60009765625,5659
2026-01-27T09:00:00,5075.0,5084.5,5074.10009765625,5084.39990234375,3400
2026-01-27T09:30:00,5084.39990234375,5096.2998046875,5079.10009765625,5095.2998046875,4989
2026-01-27T10:00:00,5095.2001953125,5095.2998046875,5084.2001953125,5084.89990234375,4931
2026-01-27T10:30:00,5084.7001953125,5085.7001953125,5078.2001953125,5082.5,3402
2026-01-27T11:00:00,5082.7001953125,5087.0,5080.0,5082.89990234375,3280
2026-01-27T11:30:00,5083.89990234375,5084.60009765625,5062.2001953125,5073.10009765625,5519
2026-01-27T12:00:00,5072.89990234375,5079.2001953125,5069.5,5075.5,4308
2026-01-27T12:30:00,5074.7998046875,5087.39990234375,5074.60009765625,5081.60009765625,4421
2026-01-27T13:00:00,5081.5,5089.39990234375,5072.0,5076.7998046875,11369
2026-01-27T13:30:00,5077.2998046875,5082.39990234375,5065.7998046875,5073.7998046875,9784
2026-01-27T14:00:00,5073.7001953125,5073.7001953125,5042.0,5055.10009765625,16333
2026-01-27T14:30:00,5055.2001953125,5077.89990234375,5046.0,5049.60009765625,19967
2026-01-27T15:00:00,5049.2001953125,5073.39990234375,5042.2998046875,5065.7001953125,19770
2026-01-27T15:30:00,5065.39990234375,5088.2998046875,5065.10009765625,5087.60009765625,13777
2026-01-27T16:00:00,5087.5,5100.2998046875,5080.5,5095.7001953125,14156
2026-01-27T16:30:00,5095.60009765625,5096.60009765625,5080.60009765625,5085.10009765625,10234
2026-01-27T17:00:00,5085.2001953125,5092.0,5076.5,5085.7998046875,9944
2026-01-27T17:30:00,5085.2998046875,5087.39990234375,5074.7001953125,5079.2001953125,8299
2026-01-27T18:00:00,5079.10009765625,5087.0,5074.0,5082.7001953125,9004
2026-01-27T18:30:00,5082.7001953125,5093.5,5082.60009765625,5085.89990234375,5217
2026-01-27T19:00:00,5085.5,5089.2001953125,5078.60009765625,5086.2001953125,3819
2026-01-27T19:30:00,5086.7001953125,5098.2998046875,5085.7001953125,5097.2998046875,4529
2026-01-27T20:00:00,5097.10009765625,5151.39990234375,5096.2001953125,5141.10009765625,20531
2026-01-27T20:30:00,5141.0,5184.2001953125,5132.10009765625,5174.7001953125,17309
2026-01-27T21:00:00,5175.0,5187.2001953125,5169.10009765625,5173.89990234375,7681
2026-01-27T21:30:00,5173.5,5190.7998046875,5171.0,5179.60009765625,4253
2026-01-27T23:00:00,5179.0,5181.89990234375,5156.39990234375,5167.60009765625,2613
2026-01-27T23:30:00,5166.2001953125,5173.89990234375,5160.7998046875,5169.2001953125,1745
2026-01-28T00:00:00,5169.2998046875,5169.7001953125,5154.7998046875,5160.2001953125,1626
2026-01-28T00:30:00,5160.7001953125,5177.0,5160.7001953125,5168.5,1011
2026-01-28T01:00:00,5168.89990234375,5199.0,5165.10009765625,5190.10009765625,2913
2026-01-28T01:30:00,5190.2001953125,5220.7001953125,5182.7998046875,5199.5,2486
2026-01-28T02:00:00,5199.0,5215.2998046875,5196.60009765625,5213.0,2276
2026-01-28T02:30:00,5213.2001953125,5228.89990234375,5211.5,5226.39990234375,1446
2026-01-28T03:00:00,5226.2998046875,5242.2001953125,5225.2001953125,5231.2001953125,2126
2026-01-28T03:30:00,5231.7001953125,5238.2001953125,5218.7001953125,5229.2001953125,1495
2026-01-28T04:00:00,5228.7998046875,5235.7998046875,5227.39990234375,5233.39990234375,826
2026-01-28T04:30:00,5233.2001953125,5244.0,5229.89990234375,5242.7001953125,1176
2026-01-28T05:00:00,5240.89990234375,5255.5,5237.10009765625,5252.2001953125,1293
2026-01-28T05:30:00,5252.60009765625,5259.2998046875,5244.0,5253.89990234375,1005
2026-01-28T06:00:00,5253.10009765625,5258.2998046875,5245.0,5248.60009765625,1052
2026-01-28T06:30:00,5248.39990234375,5264.39990234375,5247.39990234375,5262.7001953125,1098
2026-01-28T07:00:00,5263.2001953125,5277.2001953125,5255.7001953125,5274.60009765625,1997
2026-01-28T07:30:00,5274.60009765625,5288.0,5265.5,5286.2001953125,1637
2026-01-28T08:00:00,5285.39990234375,5296.0,5282.0,5295.39990234375,1851
2026-01-28T08:30:00,5295.39990234375,5345.0,5293.7001953125,5327.0,79142
2026-01-28T09:00:00,5326.7998046875,5331.2001953125,5302.7001953125,5310.10009765625,7633
2026-01-28T09:30:00,5309.7998046875,5314.7998046875,5296.7998046875,5311.7998046875,5318
2026-01-28T10:00:00,5311.89990234375,5319.89990234375,5306.60009765625,5312.2998046875,3905
2026-01-28T10:30:00,5312.0,5314.2001953125,5302.5,5303.7001953125,5169
2026-01-28T11:00:00,5304.2998046875,5305.0,5271.0,5292.0,9451
2026-01-28T11:30:00,5292.2001953125,5300.2998046875,5284.2001953125,5294.2001953125,4285
2026-01-28T12:00:00,5294.39990234375,5301.60009765625,5284.2998046875,5293.7998046875,6755
2026-01-28T12:30:00,5293.7998046875,5311.7998046875,5293.5,5311.7001953125,6250
2026-01-28T13:00:00,5311.60009765625,5322.10009765625,5300.60009765625,5314.60009765625,12301
2026-01-28T13:30:00,5315.10009765625,5318.89990234375,5288.7001953125,5298.60009765625,10558
2026-01-28T14:00:00,5299.0,5303.60009765625,5280.7001953125,5291.5,11565
2026-01-28T14:30:00,5291.89990234375,5321.39990234375,5282.2998046875,5318.7998046875,19974
2026-01-28T15:00:00,5318.7001953125,5331.0,5266.5,5302.0,38502
2026-01-28T15:30:00,5302.2001953125,5317.39990234375,5299.5,5311.2998046875,14041
2026-01-28T16:00:00,5311.60009765625,5327.0,5307.5,5321.39990234375,12160
2026-01-28T16:30:00,5321.60009765625,5334.5,5310.2001953125,5333.60009765625,16720
2026-01-28T17:00:00,5334.0,5341.2001953125,5322.0,5335.89990234375,12202
2026-01-28T17:30:00,5336.10009765625,5338.60009765625,5316.10009765625,5332.2001953125,10236
2026-01-28T18:00:00,5332.39990234375,5360.60009765625,5326.7001953125,5339.39990234375,16297
2026-01-28T18:30:00,5339.7001953125,5343.39990234375,5301.10009765625,5317.2998046875,13514
2026-01-28T19:00:00,5315.0,5335.39990234375,5301.0,5316.39990234375,10312
2026-01-28T19:30:00,5316.2998046875,5365.89990234375,5314.0,5359.10009765625,10315
2026-01-28T20:00:00,5358.60009765625,5389.60009765625,5353.39990234375,5388.10009765625,10798
2026-01-28T20:30:00,5388.2998046875,5425.10009765625,5386.89990234375,5409.39990234375,14298
2026-01-28T21:00:00,5409.7998046875,5429.7001953125,5409.39990234375,5417.0,5341
2026-01-28T21:30:00,5416.89990234375,5452.7998046875,5413.7001953125,5447.7998046875,5130
2026-01-28T23:00:00,5449.89990234375,5525.89990234375,5449.39990234375,5519.5,11218
2026-01-28T23:30:00,5520.0,5626.7998046875,5510.7998046875,5539.39990234375,28101
2026-01-29T00:00:00,5539.89990234375,5540.7001953125,5481.39990234375,5526.10009765625,11122
2026-01-29T00:30:00,5526.7001953125,5555.0,5520.7998046875,5548.5,8511
2026-01-29T01:00:00,5548.89990234375,5555.0,5472.39990234375,5537.5,14881
2026-01-29T01:30:00,5537.39990234375,5580.5,5537.39990234375,5574.0,11005
2026-01-29T02:00:00,5574.10009765625,5574.7001953125,5532.60009765625,5553.7001953125,8632
2026-01-29T02:30:00,5554.39990234375,5578.39990234375,5547.7001953125,5565.7001953125,7239
2026-01-29T03:00:00,5565.2001953125,5578.5,5538.2001953125,5551.10009765625,7336
2026-01-29T03:30:00,5551.60009765625,5579.2998046875,5549.60009765625,5576.89990234375,4940
2026-01-29T04:00:00,5570.7998046875,5582.5,5563.7001953125,5577.7001953125,4912
2026-01-29T04:30:00,5577.7998046875,5595.0,5575.2001953125,5589.7998046875,5802
2026-01-29T05:00:00,5585.5,5590.7998046875,5544.5,5570.0,8007
2026-01-29T05:30:00,5570.5,5593.2998046875,5569.10009765625,5590.89990234375,5789
2026-01-29T06:00:00,5591.10009765625,5625.89990234375,5591.10009765625,5615.7998046875,9287
2026-01-29T06:30:00,5615.2998046875,5617.60009765625,5583.7998046875,5591.0,6572
2026-01-29T07:00:00,5591.0,5604.0,5566.2001953125,5570.2001953125,8389
2026-01-29T07:30:00,5571.2998046875,5586.89990234375,5571.2998046875,5578.39990234375,4566
2026-01-29T08:00:00,5578.39990234375,5584.7998046875,5553.2001953125,5560.5,9823
2026-01-29T08:30:00,5560.5,5561.39990234375,5503.89990234375,5540.60009765625,13854
2026-01-29T09:00:00,5540.10009765625,5549.39990234375,5528.10009765625,5547.0,8209
2026-01-29T09:30:00,5547.0,5560.2998046875,5541.7998046875,5544.7998046875,5177
2026-01-29T10:00:00,5544.7001953125,5556.39990234375,5532.5,5542.0,5689
2026-01-29T10:30:00,5541.7998046875,5541.7998046875,5513.0,5514.10009765625,6605
2026-01-29T11:00:00,5514.5,5546.89990234375,5501.0,5546.2998046875,7286
2026-01-29T11:30:00,5546.10009765625,5559.89990234375,5538.7001953125,5553.5,4954
2026-01-29T12:00:00,5553.2001953125,5573.2998046875,5549.2001953125,5570.7998046875,5141
2026-01-29T12:30:00,5571.0,5573.0,5555.7001953125,5564.5,5271
2026-01-29T13:00:00,5565.2001953125,5571.5,5537.7001953125,5550.10009765625,8754
2026-01-29T13:30:00,5549.89990234375,5560.7001953125,5528.7998046875,5540.2998046875,10569
2026-01-29T14:00:00,5540.7001953125,5581.2998046875,5540.7001953125,5575.7998046875,17036
2026-01-29T14:30:00,5575.2998046875,5578.2998046875,5519.2998046875,5525.2998046875,25672
2026-01-29T15:00:00,5525.2998046875,5525.2998046875,5126.0,5223.7998046875,81724
2026-01-29T15:30:00,5225.5,5293.5,5137.2998046875,5212.89990234375,42425
2026-01-29T16:00:00,5210.7001953125,5324.7001953125,5201.5,5317.2001953125,25727
2026-01-29T16:30:00,5316.5,5338.89990234375,5255.60009765625,5292.5,16113
2026-01-29T17:00:00,5292.89990234375,5397.89990234375,5292.2001953125,5391.89990234375,14626
2026-01-29T17:30:00,5391.39990234375,5404.2001953125,5343.89990234375,5364.2998046875,13969
2026-01-29T18:00:00,5364.0,5387.89990234375,5336.0,5359.89990234375,11522
2026-01-29T18:30:00,5360.0,5390.60009765625,5350.7998046875,5367.7001953125,7960
2026-01-29T19:00:00,5368.60009765625,5374.2998046875,5330.0,5346.39990234375,6064
2026-01-29T19:30:00,5347.60009765625,5356.7998046875,5318.7001953125,5334.10009765625,7227
2026-01-29T20:00:00,5334.7998046875,5355.0,5311.0,5348.60009765625,7299
2026-01-29T20:30:00,5349.0,5438.60009765625,5339.0,5423.2998046875,10660
2026-01-29T21:00:00,5422.89990234375,5456.2001953125,5412.0,5441.89990234375,5171
2026-01-29T21:30:00,5443.0,5443.0,5400.0,5410.7998046875,3220
2026-01-29T23:00:00,5410.0,5478.60009765625,5407.5,5447.0,4582
2026-01-29T23:30:00,5446.7001953125,5477.5,5436.89990234375,5467.60009765625,3816
2026-01-30T00:00:00,5467.5,5480.2001953125,5448.0,5456.0,6003
2026-01-30T00:30:00,5456.2998046875,5466.2001953125,5418.2001953125,5435.2998046875,5359
2026-01-30T01:00:00,5436.0,5438.89990234375,5332.2001953125,5388.10009765625,13333
2026-01-30T01:30:00,5387.89990234375,5404.2001953125,5320.39990234375,5331.7001953125,7249
2026-01-30T02:00:00,5330.2998046875,5345.7998046875,5145.7998046875,5205.89990234375,23659
2026-01-30T02:30:00,5205.10009765625,5275.60009765625,5171.0,5255.0,12320
2026-01-30T03:00:00,5254.7998046875,5259.7998046875,5195.0,5230.10009765625,6104
2026-01-30T03:30:00,5229.0,5253.2001953125,5176.89990234375,5225.10009765625,6581
2026-01-30T04:00:00,5224.2001953125,5260.0,5222.0,5239.7001953125,3732
2026-01-30T04:30:00,5239.60009765625,5354.7998046875,5227.60009765625,5243.10009765625,2151
2026-01-30T05:00:00,5242.10009765625,5269.2001953125,5231.0,5257.2998046875,2879
2026-01-30T05:30:00,5256.7998046875,5268.5,5208.0,5212.39990234375,3407
2026-01-30T06:00:00,5210.7001953125,5232.7001953125,5183.7998046875,5184.0,4273
2026-01-30T06:30:00,5185.2001953125,5209.0,5171.39990234375,5183.89990234375,4637
2026-01-30T07:00:00,5184.10009765625,5215.0,5150.0,5202.2001953125,6088
2026-01-30T07:30:00,5202.10009765625,5212.39990234375,5143.7001953125,5209.2001953125,6030
2026-01-30T08:00:00,5208.7998046875,5208.7998046875,5160.0,5180.39990234375,5715
2026-01-30T08:30:00,5179.7998046875,5183.10009765625,5075.10009765625,5145.0,13417
2026-01-30T09:00:00,5143.7998046875,5161.5,5040.7001953125,5055.0,14660
2026-01-30T09:30:00,5055.2001953125,5096.39990234375,4962.7001953125,5040.0,17170
2026-01-30T10:00:00,5039.2998046875,5104.60009765625,5027.0,5086.39990234375,7547
2026-01-30T10:30:00,5086.39990234375,5150.2001953125,5081.89990234375,5147.7001953125,7603
2026-01-30T11:00:00,5146.0,5158.7001953125,5117.7001953125,5152.2998046875,5892
2026-01-30T11:30:00,5152.7001953125,5173.89990234375,5114.7001953125,5164.7001953125,7663
2026-01-30T12:00:00,5165.2998046875,5175.60009765625,5138.39990234375,5149.10009765625,4933
2026-01-30T12:30:00,5149.2001953125,5165.39990234375,5082.60009765625,5092.0,8625
2026-01-30T13:00:00,5093.10009765625,5127.7998046875,5040.10009765625,5054.7001953125,12078
2026-01-30T13:30:00,5058.5,5076.7001953125,5018.2998046875,5045.60009765625,10967
2026-01-30T14:00:00,5046.7001953125,5115.60009765625,5044.39990234375,5100.0,10704
2026-01-30T14:30:00,5099.7998046875,5142.2998046875,5039.60009765625,5061.0,19284
2026-01-30T15:00:00,5059.7001953125,5088.0,5006.2998046875,5073.5,21355
2026-01-30T15:30:00,5073.0,5104.0,5066.39990234375,5078.7998046875,10253
2026-01-30T16:00:00,5079.2998046875,5080.7001953125,5012.0,5023.0,10728
2026-01-30T16:30:00,5023.5,5045.0,4961.10009765625,5011.7001953125,19296
2026-01-30T17:00:00,5009.60009765625,5012.2998046875,4921.0,4950.2998046875,21807
2026-01-30T17:30:00,4949.7001953125,4950.39990234375,4825.0,4874.5,24390
2026-01-30T18:00:00,4874.39990234375,4916.0,4714.5,4766.89990234375,40408
2026-01-30T18:30:00,4768.10009765625,4917.0,4700.39990234375,4899.60009765625,29262
2026-01-30T19:00:00,4898.2998046875,4941.10009765625,4860.0,4918.7998046875,13658
2026-01-30T19:30:00,4918.60009765625,4971.89990234375,4905.60009765625,4954.89990234375,7473
2026-01-30T20:00:00,4955.2998046875,4956.60009765625,4901.0,4913.39990234375,6622
2026-01-30T20:30:00,4916.7998046875,4917.0,4828.5,4870.7998046875,10571
2026-01-30T21:00:00,4871.2001953125,4913.60009765625,4855.5,4898.10009765625,4889
2026-01-30T21:30:00,4899.0,4917.89990234375,4872.7998046875,4907.5,3264
2026-02-01T23:00:00,4828.5,4834.0,4705.2998046875,4745.0,7672
2026-02-01T23:30:00,4744.0,4806.0,4731.7001953125,4764.7001953125,7695
2026-02-02T00:00:00,4765.60009765625,4905.60009765625,4763.2998046875,4867.10009765625,9074
2026-02-02T00:30:00,4868.39990234375,4871.5,4783.2998046875,4790.60009765625,6976
2026-02-02T01:00:00,4791.2998046875,4809.2001953125,4604.2998046875,4719.7998046875,22444
2026-02-02T01:30:00,4718.5,4773.89990234375,4686.10009765625,4764.7998046875,8161
2026-02-02T02:00:00,4758.7001953125,4774.7998046875,4721.10009765625,4763.60009765625,6273
2026-02-02T02:30:00,4763.5,4797.0,4720.0,4733.2998046875,6338
2026-02-02T03:00:00,4733.39990234375,4752.7001953125,4680.2998046875,4718.0,5908
2026-02-02T03:30:00,4718.60009765625,4722.39990234375,4650.0,4665.60009765625,7641
2026-02-02T04:00:00,4667.0,4725.39990234375,4622.60009765625,4690.39990234375,7825
2026-02-02T04:30:00,4692.60009765625,4734.5,4674.0,4701.39990234375,3211
2026-02-02T05:00:00,4698.0,4717.10009765625,4667.89990234375,4677.39990234375,3002
2026-02-02T05:30:00,4677.2998046875,4678.5,4515.0,4571.5,17291
2026-02-02T06:00:00,4573.0,4596.7001953125,4455.0,4510.5,10783
2026-02-02T06:30:00,4508.5,4545.0,4423.2001953125,4526.2001953125,11785
2026-02-02T07:00:00,4525.7998046875,4596.39990234375,4504.89990234375,4582.39990234375,8227
2026-02-02T07:30:00,4582.7001953125,4641.0,4546.5,4609.5,7434
2026-02-02T08:00:00,4609.5,4674.0,4579.39990234375,4667.39990234375,8292
2026-02-02T08:30:00,4666.89990234375,4674.10009765625,4628.60009765625,4662.10009765625,5420
2026-02-02T09:00:00,4661.5,4723.0,4623.0,4712.0,6220
2026-02-02T09:30:00,4710.5,4754.0,4700.7001953125,4743.10009765625,5935
2026-02-02T10:00:00,4740.0,4757.60009765625,4692.0,4705.0,5353
2026-02-02T10:30:00,4705.89990234375,4734.0,4678.0,4727.2998046875,5224
2026-02-02T11:00:00,4728.39990234375,4787.2001953125,4726.10009765625,4778.2001953125,5644
2026-02-02T11:30:00,4778.5,4805.10009765625,4772.2998046875,4790.2998046875,6524
2026-02-02T12:00:00,4791.2001953125,4817.60009765625,4767.39990234375,4803.10009765625,5052
2026-02-02T12:30:00,4803.5,4837.60009765625,4795.0,4816.10009765625,6158
2026-02-02T13:00:00,4816.0,4828.0,4741.2001953125,4763.2001953125,13981
2026-02-02T13:30:00,4763.2998046875,4765.7998046875,4692.10009765625,4729.0,14238
2026-02-02T14:00:00,4729.60009765625,4763.7001953125,4703.39990234375,4745.0,9698
2026-02-02T14:30:00,4745.7001953125,4818.0,4722.0,4744.0,17038
2026-02-02T15:00:00,4739.5,4768.0,4695.39990234375,4703.5,12129
2026-02-02T15:30:00,4703.0,4727.2001953125,4638.0,4641.7001953125,12244
2026-02-02T16:00:00,4642.89990234375,4733.10009765625,4617.60009765625,4693.89990234375,12912
2026-02-02T16:30:00,4694.2001953125,4710.7001953125,4666.0,4687.5,7706
2026-02-02T17:00:00,4687.5,4737.7001953125,4681.5,4689.2001953125,8461
2026-02-02T17:30:00,4688.89990234375,4710.2998046875,4678.10009765625,4696.0,9311
2026-02-02T18:00:00,4695.89990234375,4696.0,4639.60009765625,4653.89990234375,12044
2026-02-02T18:30:00,4654.2001953125,4696.10009765625,4654.2001953125,4679.5,4473
2026-02-02T19:00:00,4679.5,4684.5,4653.5,4665.89990234375,3231
2026-02-02T19:30:00,4664.7001953125,4736.0,4659.0,4707.39990234375,5220
2026-02-02T20:00:00,4707.39990234375,4723.2998046875,4673.2001953125,4693.7001953125,3921
2026-02-02T20:30:00,4694.5,4716.60009765625,4671.2998046875,4676.2998046875,3913
2026-02-02T21:00:00,4677.89990234375,4712.0,4667.0,4705.5,1930
2026-02-02T21:30:00,4705.89990234375,4710.10009765625,4671.60009765625,4680.89990234375,1305
2026-02-02T23:00:00,4691.0,4788.0,4690.2001953125,4761.2001953125,2500
2026-02-02T23:30:00,4762.2001953125,4799.89990234375,4740.2001953125,4798.5,2427
2026-02-03T00:00:00,4798.7001953125,4851.89990234375,4788.10009765625,4842.7001953125,4630
2026-02-03T00:30:00,4841.5,4853.7001953125,4796.0,4802.7001953125,4001
2026-02-03T01:00:00,4803.10009765625,4880.10009765625,4788.0,4877.0,6445
2026-02-03T01:30:00,4875.7001953125,4882.0,4840.2998046875,4862.7001953125,4078
2026-02-03T02:00:00,4863.2001953125,4864.0,4776.60009765625,4796.2998046875,5937
2026-02-03T02:30:00,4797.0,4811.89990234375,4768.5,4806.2001953125,4356
2026-02-03T03:00:00,4806.10009765625,4816.7001953125,4774.2998046875,4795.7998046875,2894
2026-02-03T03:30:00,4795.39990234375,4836.10009765625,4792.39990234375,4831.60009765625,2509
2026-02-03T04:00:00,4831.0,4848.0,4822.60009765625,4828.0,1420
2026-02-03T04:30:00,4829.0,4848.39990234375,4828.10009765625,4832.60009765625,1400
2026-02-03T05:00:00,4832.7998046875,4865.5,4831.2998046875,4861.89990234375,1823
2026-02-03T05:30:00,4861.7998046875,4863.10009765625,4835.0,4846.2998046875,2345
2026-02-03T06:00:00,4848.0,4897.5,4838.0,4893.7001953125,3385
2026-02-03T06:30:00,4892.5,4916.0,4885.7998046875,4903.0,5058
2026-02-03T07:00:00,4901.2001953125,4924.0,4893.0,4922.5,4134
2026-02-03T07:30:00,4922.39990234375,4956.0,4920.60009765625,4940.0,6716
2026-02-03T08:00:00,4940.2001953125,4965.39990234375,4921.0,4959.39990234375,6952
2026-02-03T08:30:00,4959.2998046875,4975.5,4934.7001953125,4935.7998046875,5657
2026-02-03T09:00:00,4935.7998046875,4947.2998046875,4914.2001953125,4915.2001953125,6028
2026-02-03T09:30:00,4915.2001953125,4950.0,4908.7001953125,4939.7998046875,4261
2026-02-03T10:00:00,4939.60009765625,4953.0,4935.0,4936.89990234375,3292
2026-02-03T10:30:00,4936.39990234375,4946.5,4922.39990234375,4924.7998046875,4120
2026-02-03T11:00:00,4925.2001953125,4935.2001953125,4905.2001953125,4923.0,3592
2026-02-03T11:30:00,4923.10009765625,4941.89990234375,4920.0,4938.89990234375,2317
2026-02-03T12:00:00,4939.60009765625,4959.5,4915.0,4926.7001953125,5130
2026-02-03T12:30:00,4926.39990234375,4942.89990234375,4923.10009765625,4938.2001953125,3201
2026-02-03T13:00:00,4938.39990234375,4965.39990234375,4926.7001953125,4960.7998046875,8593
2026-02-03T13:30:00,4961.2998046875,4977.7001953125,4946.60009765625,4958.0,11820
2026-02-03T14:00:00,4958.7001953125,4963.10009765625,4920.0,4948.2001953125,10040
2026-02-03T14:30:00,4948.60009765625,4954.10009765625,4917.60009765625,4939.2001953125,11626
2026-02-03T15:00:00,4939.10009765625,4971.2001953125,4926.89990234375,4947.60009765625,11289
2026-02-03T15:30:00,4947.7001953125,4958.39990234375,4929.0,4957.7001953125,5592
2026-02-03T16:00:00,4957.2001953125,5004.7001953125,4952.10009765625,4995.89990234375,10076
2026-02-03T16:30:00,4995.7998046875,5018.10009765625,4974.60009765625,4978.2001953125,10484
2026-02-03T17:00:00,4978.2998046875,4992.7001953125,4945.2001953125,4971.60009765625,11124
2026-02-03T17:30:00,4971.10009765625,4987.7998046875,4929.7001953125,4951.5,8743
2026-02-03T18:00:00,4951.10009765625,4977.2998046875,4926.7998046875,4931.39990234375,10160
2026-02-03T18:30:00,4931.0,4940.7998046875,4900.5,4930.5,8791
2026-02-03T19:00:00,4930.2001953125,4956.39990234375,4902.0,4953.2001953125,6857
2026-02-03T19:30:00,4952.5,4971.89990234375,4938.89990234375,4949.2998046875,4189
2026-02-03T20:00:00,4949.89990234375,4965.0,4924.5,4961.7001953125,3841
2026-02-03T20:30:00,4962.2998046875,4980.0,4955.2001953125,4967.5,4079
2026-02-03T21:00:00,4967.10009765625,4987.5,4961.2998046875,4974.2001953125,1631
2026-02-03T21:30:00,4974.10009765625,4981.89990234375,4957.2998046875,4970.5,982
2026-02-03T23:00:00,4966.10009765625,4997.7998046875,4930.39990234375,4946.10009765625,2087
2026-02-03T23:30:00,4945.0,4977.10009765625,4942.7001953125,4968.7001953125,1260
2026-02-04T00:00:00,4969.89990234375,5023.2001953125,4966.89990234375,5002.2001953125,3648
2026-02-04T00:30:00,5002.89990234375,5039.7001953125,4990.5,5038.10009765625,3954
2026-02-04T01:00:00,5038.60009765625,5075.5,5006.39990234375,5058.7998046875,7931
2026-02-04T01:30:00,5058.60009765625,5071.60009765625,5030.7998046875,5067.2001953125,4571
2026-02-04T02:00:00,5067.89990234375,5086.7998046875,5067.7998046875,5078.5,3657
2026-02-04T02:30:00,5078.2998046875,5082.89990234375,5055.10009765625,5061.60009765625,3137
2026-02-04T03:00:00,5060.89990234375,5077.10009765625,5056.2001953125,5072.0,2221
2026-02-04T03:30:00,5071.89990234375,5094.0,5071.89990234375,5090.2998046875,2647
2026-02-04T04:00:00,5090.7001953125,5094.60009765625,5076.2998046875,5082.2001953125,1547
2026-02-04T04:30:00,5082.0,5101.0,5080.5,5100.2001953125,1717
2026-02-04T05:00:00,5100.10009765625,5105.0,5096.39990234375,5099.2001953125,1870
2026-02-04T05:30:00,5099.2998046875,5109.2998046875,5088.5,5098.2998046875,3690
2026-02-04T06:00:00,5099.39990234375,5102.5,5071.0,5075.2998046875,4103
2026-02-04T06:30:00,5075.5,5100.39990234375,5073.7001953125,5096.60009765625,3252
2026-02-04T07:00:00,5098.0,5110.0,5082.5,5109.89990234375,3420
2026-02-04T07:30:00,5110.0,5113.5,5086.60009765625,5106.7998046875,4012
2026-02-04T08:00:00,5106.2998046875,5113.89990234375,5096.7001953125,5106.5,3334
2026-02-04T08:30:00,5106.60009765625,5108.39990234375,5091.10009765625,5106.5,3102
2026-02-04T09:00:00,5105.89990234375,5109.7001953125,5076.0,5080.0,4688
2026-02-04T09:30:00,5079.5,5089.89990234375,5065.0,5082.2998046875,3341
2026-02-04T10:00:00,5083.10009765625,5086.89990234375,5064.7001953125,5067.10009765625,2819
2026-02-04T10:30:00,5066.7998046875,5084.7998046875,5066.7998046875,5072.2001953125,3552
2026-02-04T11:00:00,5070.7001953125,5076.89990234375,5036.0,5047.60009765625,4417
2026-02-04T11:30:00,5047.89990234375,5074.2998046875,5045.2001953125,5071.2998046875,2230
2026-02-04T12:00:00,5070.60009765625,5078.7998046875,5060.60009765625,5070.7001953125,2410
2026-02-04T12:30:00,5070.7998046875,5088.10009765625,5058.60009765625,5064.60009765625,2761
2026-02-04T13:00:00,5064.2998046875,5076.89990234375,5045.0,5072.0,5483
2026-02-04T13:30:00,5072.5,5087.0,5056.0,5077.0,4760
2026-02-04T14:00:00,5077.7998046875,5082.5,5051.2001953125,5054.2001953125,6460
2026-02-04T14:30:00,5054.2998046875,5061.10009765625,4988.39990234375,5008.39990234375,21339
2026-02-04T15:00:00,5007.2998046875,5030.7001953125,4970.2001953125,4981.39990234375,13480
2026-02-04T15:30:00,4981.7998046875,4985.89990234375,4909.0,4943.10009765625,19903
2026-02-04T16:00:00,4943.10009765625,4964.10009765625,4913.0,4947.2998046875,12209
2026-02-04T16:30:00,4948.0,4958.0,4867.7001953125,4926.89990234375,13629
2026-02-04T17:00:00,4926.5,4948.0,4909.60009765625,4939.5,8819
2026-02-04T17:30:00,4938.60009765625,4953.0,4916.7001953125,4921.2998046875,8671
2026-02-04T18:00:00,4919.60009765625,4956.89990234375,4893.89990234375,4948.2001953125,10836
2026-02-04T18:30:00,4948.2001953125,4954.0,4926.0,4949.7001953125,4633
2026-02-04T19:00:00,4949.7998046875,4972.2998046875,4936.7001953125,4955.0,5518
2026-02-04T19:30:00,4955.0,4979.39990234375,4950.0,4963.5,3784
2026-02-04T20:00:00,4963.60009765625,4968.5,4941.10009765625,4944.39990234375,2629
2026-02-04T20:30:00,4945.10009765625,4973.39990234375,4936.0,4961.60009765625,3438
2026-02-04T21:00:00,4960.89990234375,4982.7001953125,4960.0,4981.7001953125,844
2026-02-04T21:30:00,4981.60009765625,4994.10009765625,4975.89990234375,4986.39990234375,992
2026-02-04T23:00:00,4986.60009765625,5043.2001953125,4986.60009765625,5040.89990234375,2223
2026-02-04T23:30:00,5039.7001953125,5045.0,5028.60009765625,5033.39990234375,2018
2026-02-05T00:00:00,5033.2001953125,5040.7001953125,5017.60009765625,5037.39990234375,2280
2026-02-05T00:30:00,5037.5,5041.89990234375,5025.10009765625,5028.10009765625,2008
2026-02-05T01:00:00,5028.7001953125,5033.7001953125,4957.0,4973.2001953125,8225
2026-02-05T01:30:00,4974.2001953125,5007.89990234375,4974.2001953125,4978.2998046875,3641
2026-02-05T02:00:00,4979.2001953125,4982.10009765625,4911.0,4956.0,9519
2026-02-05T02:30:00,4956.10009765625,4960.7998046875,4822.60009765625,4831.0,13393
2026-02-05T03:00:00,4830.39990234375,4907.10009765625,4805.0,4876.7998046875,8730
2026-02-05T03:30:00,4878.7001953125,4904.7998046875,4856.2001953125,4898.5,3761
2026-02-05T04:00:00,4898.39990234375,4910.7998046875,4880.7998046875,4905.39990234375,2416
2026-02-05T04:30:00,4905.39990234375,4908.0,4883.2001953125,4888.5,1477
2026-02-05T05:00:00,4881.7001953125,4894.39990234375,4858.60009765625,4887.10009765625,2710
2026-02-05T05:30:00,4887.0,4923.7001953125,4842.0,4911.7998046875,4698
2026-02-05T06:00:00,4914.10009765625,4947.39990234375,4893.0,4947.0,3057
2026-02-05T06:30:00,4947.0,4951.89990234375,4915.0,4938.7998046875,2832
2026-02-05T07:00:00,4937.2001953125,4960.2001953125,4929.2001953125,4950.7998046875,3682
2026-02-05T07:30:00,4951.2998046875,4953.10009765625,4914.7001953125,4934.2998046875,2825
2026-02-05T08:00:00,4934.10009765625,4962.0,4932.0,4940.60009765625,2831
2026-02-05T08:30:00,4941.39990234375,4949.89990234375,4921.39990234375,4934.0,2983
2026-02-05T09:00:00,4934.39990234375,4937.10009765625,4876.60009765625,4896.5,6096
2026-02-05T09:30:00,4896.5,4916.0,4871.10009765625,4876.89990234375,3020
2026-02-05T10:00:00,4875.89990234375,4900.0,4868.0,4883.10009765625,2517
2026-02-05T10:30:00,4883.2998046875,4907.60009765625,4872.7001953125,4897.89990234375,2396
2026-02-05T11:00:00,4896.7998046875,4915.5,4896.60009765625,4911.7001953125,1904
2026-02-05T11:30:00,4912.60009765625,4913.2998046875,4885.60009765625,4889.10009765625,2236
2026-02-05T12:00:00,4889.2998046875,4899.89990234375,4831.0,4869.10009765625,6726
2026-02-05T12:30:00,4868.7998046875,4893.89990234375,4857.89990234375,4876.2001953125,6190
2026-02-05T13:00:00,4876.10009765625,4888.39990234375,4822.0,4873.60009765625,9057
2026-02-05T13:30:00,4876.0,4893.10009765625,4842.60009765625,4858.2001953125,5861
2026-02-05T14:00:00,4858.0,4872.0,4831.2001953125,4857.0,7300
2026-02-05T14:30:00,4857.10009765625,4891.10009765625,4827.2001953125,4867.7998046875,13983
2026-02-05T15:00:00,4866.5,4888.0,4834.0,4840.89990234375,11415
2026-02-05T15:30:00,4839.5,4859.2001953125,4820.7998046875,4838.60009765625,9415
2026-02-05T16:00:00,4837.7998046875,4879.7998046875,4833.5,4871.2998046875,7476
2026-02-05T16:30:00,4872.2001953125,4930.0,4867.0,4912.0,8707
2026-02-05T17:00:00,4910.89990234375,4913.2998046875,4881.5,4889.7998046875,4296
2026-02-05T17:30:00,4889.60009765625,4907.5,4882.10009765625,4891.5,3199
2026-02-05T18:00:00,4891.39990234375,4898.39990234375,4872.7998046875,4892.10009765625,5996
2026-02-05T18:30:00,4891.5,4895.89990234375,4874.10009765625,4880.39990234375,2477
2026-02-05T19:00:00,4881.2001953125,4889.0,4860.10009765625,4874.39990234375,2401
2026-02-05T19:30:00,4875.2001953125,4878.0,4847.0,4852.5,3055
2026-02-05T20:00:00,4853.0,4866.2001953125,4832.0,4847.2001953125,3132
2026-02-05T20:30:00,4848.2001953125,4854.39990234375,4814.60009765625,4833.60009765625,5062
2026-02-05T21:00:00,4833.2001953125,4848.5,4817.2998046875,4824.7998046875,2260
2026-02-05T21:30:00,4824.7998046875,4826.10009765625,4779.60009765625,4798.10009765625,6610
2026-02-05T23:00:00,4800.0,4815.89990234375,4766.0,4769.10009765625,4297
2026-02-05T23:30:00,4770.0,4774.7001953125,4721.2001953125,4722.0,5391
2026-02-06T00:00:00,4722.0,4748.10009765625,4670.0,4742.0,10965
2026-02-06T00:30:00,4742.0,4781.7001953125,4724.7998046875,4779.89990234375,6145
2026-02-06T01:00:00,4779.10009765625,4781.10009765625,4710.0,4730.0,7875
2026-02-06T01:30:00,4730.10009765625,4803.39990234375,4723.60009765625,4792.10009765625,3959
2026-02-06T02:00:00,4792.7001953125,4838.7998046875,4777.7998046875,4837.60009765625,4428
2026-02-06T02:30:00,4836.7001953125,4863.5,4826.10009765625,4833.5,5676
2026-02-06T03:00:00,4832.5,4856.39990234375,4816.7001953125,4829.0,2489
2026-02-06T03:30:00,4829.2998046875,4846.0,4817.39990234375,4841.10009765625,1574
2026-02-06T04:00:00,4842.0,4845.60009765625,4823.89990234375,4843.2998046875,847
2026-02-06T04:30:00,4843.5,4848.89990234375,4828.10009765625,4831.89990234375,818
2026-02-06T05:00:00,4830.39990234375,4870.0,4824.5,4868.89990234375,1578
2026-02-06T05:30:00,4868.7998046875,4916.2001953125,4853.7001953125,4915.2998046875,5764
2026-02-06T06:00:00,4916.2998046875,4921.60009765625,4867.7001953125,4873.89990234375,4545
2026-02-06T06:30:00,4871.89990234375,4885.89990234375,4841.0,4865.60009765625,3079
2026-02-06T07:00:00,4865.0,4881.89990234375,4856.7998046875,4878.39990234375,2468
2026-02-06T07:30:00,4878.2001953125,4880.60009765625,4861.2001953125,4862.2998046875,1688
2026-02-06T08:00:00,4861.60009765625,4896.60009765625,4849.5,4890.0,3474
2026-02-06T08:30:00,4888.7001953125,4904.5,4875.0,4884.7998046875,2524
2026-02-06T09:00:00,4884.10009765625,4894.39990234375,4862.2001953125,4887.39990234375,2758
2026-02-06T09:30:00,4887.2998046875,4896.5,4878.39990234375,4889.5,1825
2026-02-06T10:00:00,4888.0,4900.0,4872.60009765625,4876.60009765625,1850
2026-02-06T10:30:00,4876.0,4901.7001953125,4874.7001953125,4899.89990234375,1846
2026-02-06T11:00:00,4899.7001953125,4916.2998046875,4885.60009765625,4912.2001953125,2418
2026-02-06T11:30:00,4912.60009765625,4918.7001953125,4900.2001953125,4909.10009765625,2141
2026-02-06T12:00:00,4910.10009765625,4925.7001953125,4892.0,4898.60009765625,3179
2026-02-06T12:30:00,4899.5,4926.0,4898.39990234375,4921.7001953125,3862
2026-02-06T13:00:00,4922.0,4951.2998046875,4918.2001953125,4931.2001953125,6944
2026-02-06T13:30:00,4930.10009765625,4961.0,4930.10009765625,4951.0,4520
2026-02-06T14:00:00,4951.7001953125,4955.0,4916.2001953125,4926.89990234375,5201
2026-02-06T14:30:00,4926.7001953125,4973.7001953125,4918.5,4972.5,9511
2026-02-06T15:00:00,4970.7998046875,4988.7998046875,4960.0,4980.5,7377
2026-02-06T15:30:00,4980.5,4985.0,4951.2001953125,4967.60009765625,4922
2026-02-06T16:00:00,4967.7998046875,4974.7001953125,4945.0,4962.5,4091
2026-02-06T16:30:00,4961.7998046875,4978.0,4953.2998046875,4975.2998046875,3410
2026-02-06T17:00:00,4975.2998046875,4984.60009765625,4973.0,4978.2998046875,3121
2026-02-06T17:30:00,4978.7998046875,4992.89990234375,4972.2001953125,4984.2998046875,3886
2026-02-06T18:00:00,4984.7998046875,4995.60009765625,4967.89990234375,4980.0,6142
2026-02-06T18:30:00,4979.60009765625,4992.2001953125,4975.5,4986.2998046875,1701
2026-02-06T19:00:00,4986.2998046875,4987.0,4976.89990234375,4980.7998046875,1412
2026-02-06T19:30:00,4980.7998046875,4987.0,4971.7998046875,4980.7001953125,1671
2026-02-06T20:00:00,4980.39990234375,4983.0,4970.0,4979.0,1545
2026-02-06T20:30:00,4979.0,4979.0,4960.39990234375,4977.2001953125,2979
2026-02-06T21:00:00,4977.2001953125,4981.5,4970.10009765625,4977.5,1077
2026-02-06T21:30:00,4977.2998046875,4992.10009765625,4977.2001953125,4979.7998046875,1284
2026-02-08T23:00:00,5000.0,5049.10009765625,4991.2998046875,5046.7998046875,2949
2026-02-08T23:30:00,5046.10009765625,5069.0,5041.7001953125,5057.39990234375,3508
2026-02-09T00:00:00,5057.5,5068.0,5043.60009765625,5056.89990234375,2374
2026-02-09T00:30:00,5057.7001953125,5059.60009765625,5033.10009765625,5041.2001953125,1497
2026-02-09T01:00:00,5042.10009765625,5064.2001953125,5026.2001953125,5038.5,3413
2026-02-09T01:30:00,5038.39990234375,5044.2001953125,4997.0,5002.2998046875,3658
2026-02-09T02:00:00,5002.39990234375,5022.2998046875,4989.2998046875,5021.2001953125,2207
2026-02-09T02:30:00,5021.0,5037.2001953125,5005.7998046875,5026.60009765625,2652
2026-02-09T03:00:00,5026.5,5046.7998046875,5025.7998046875,5045.10009765625,1563
2026-02-09T03:30:00,5044.5,5051.7998046875,5032.2998046875,5037.10009765625,1254
2026-02-09T04:00:00,5036.5,5045.60009765625,5029.2001953125,5037.89990234375,940
2026-02-09T04:30:00,5038.10009765625,5044.60009765625,5028.7001953125,5034.7001953125,698
2026-02-09T05:00:00,5034.0,5053.0,5032.39990234375,5050.7998046875,829
2026-02-09T05:30:00,5051.10009765625,5063.10009765625,5044.2001953125,5058.0,1837
2026-02-09T06:00:00,5058.60009765625,5067.60009765625,5035.10009765625,5047.5,2208
2026-02-09T06:30:00,5045.60009765625,5062.0,5042.60009765625,5052.39990234375,1714
2026-02-09T07:00:00,5052.5,5052.5,5015.2001953125,5030.0,2705
2026-02-09T07:30:00,5029.0,5036.5,5021.7998046875,5027.2001953125,1384
2026-02-09T08:00:00,5026.7998046875,5053.10009765625,5023.89990234375,5046.2001953125,2076
2026-02-09T08:30:00,5046.10009765625,5057.0,5042.0,5048.10009765625,1440
2026-02-09T09:00:00,5048.7001953125,5062.60009765625,5038.0,5044.7998046875,1985
2026-02-09T09:30:00,5044.7998046875,5048.5,5023.60009765625,5028.2001953125,1829
2026-02-09T10:00:00,5028.5,5036.89990234375,5006.5,5012.5,2811
2026-02-09T10:30:00,5012.7998046875,5020.39990234375,5002.60009765625,5011.2998046875,2749
2026-02-09T11:00:00,5011.5,5028.10009765625,5009.2001953125,5026.7001953125,1652
2026-02-09T11:30:00,5027.39990234375,5040.0,5022.5,5031.10009765625,1311
2026-02-09T12:00:00,5032.0,5039.7001953125,5028.2998046875,5035.5,1260
2026-02-09T12:30:00,5035.39990234375,5043.60009765625,5029.5,5035.7001953125,1549
2026-02-09T13:00:00,5035.39990234375,5046.7998046875,5025.10009765625,5026.39990234375,3686
2026-02-09T13:30:00,5027.0,5037.2001953125,5016.89990234375,5028.89990234375,2814
2026-02-09T14:00:00,5028.39990234375,5046.39990234375,5023.7998046875,5042.89990234375,2625
2026-02-09T14:30:00,5042.89990234375,5063.2998046875,5036.0,5059.60009765625,7192
2026-02-09T15:00:00,5059.5,5064.5,5045.60009765625,5056.0,4567
2026-02-09T15:30:00,5056.0,5084.39990234375,5056.0,5082.2001953125,5744
2026-02-09T16:00:00,5082.60009765625,5105.10009765625,5079.7998046875,5096.2998046875,6644
2026-02-09T16:30:00,5096.60009765625,5106.7998046875,5090.60009765625,5096.89990234375,3782
2026-02-09T17:00:00,5097.7998046875,5099.7001953125,5085.0,5092.7001953125,2829
2026-02-09T17:30:00,5092.60009765625,5094.89990234375,5064.39990234375,5069.7998046875,3298
2026-02-09T18:00:00,5070.60009765625,5084.10009765625,5068.5,5078.7998046875,5139
2026-02-09T18:30:00,5078.5,5088.39990234375,5072.7001953125,5087.0,1926
2026-02-09T19:00:00,5086.89990234375,5098.7001953125,5086.5,5098.10009765625,1716
2026-02-09T19:30:00,5098.89990234375,5104.0,5096.89990234375,5098.39990234375,1494
2026-02-09T20:00:00,5098.2998046875,5105.89990234375,5097.60009765625,5104.0,1622
2026-02-09T20:30:00,5104.0,5111.10009765625,5096.60009765625,5102.89990234375,2393
2026-02-09T21:00:00,5103.60009765625,5107.10009765625,5072.5,5079.2998046875,1463
2026-02-09T21:30:00,5079.7001953125,5091.10009765625,5078.2998046875,5084.2001953125,888
2026-02-09T23:00:00,5084.2998046875,5100.89990234375,5011.0,5047.0,3334
2026-02-09T23:30:00,5046.7998046875,5068.10009765625,5037.89990234375,5055.2998046875,1373
2026-02-10T00:00:00,5056.39990234375,5073.0,5055.0,5057.2001953125,1093
2026-02-10T00:30:00,5058.5,5064.5,5031.0,5042.60009765625,1636
2026-02-10T01:00:00,5042.89990234375,5062.0,5035.5,5040.60009765625,1960
2026-02-10T01:30:00,5037.5,5059.2001953125,5037.5,5054.89990234375,1649
2026-02-10T02:00:00,5055.10009765625,5079.0,5053.2001953125,5069.39990234375,1569
2026-02-10T02:30:00,5070.10009765625,5075.60009765625,5056.7001953125,5061.2001953125,1370
2026-02-10T03:00:00,5059.0,5060.7001953125,5039.0,5044.2001953125,1418
2026-02-10T03:30:00,5043.89990234375,5054.10009765625,5036.5,5051.5,1033
2026-02-10T04:00:00,5052.39990234375,5052.89990234375,5039.5,5050.60009765625,725
2026-02-10T04:30:00,5049.89990234375,5056.2998046875,5044.0,5052.7998046875,559
2026-02-10T05:00:00,5052.89990234375,5057.39990234375,5032.7998046875,5041.2998046875,923
2026-02-10T05:30:00,5040.5,5064.0,5034.5,5061.89990234375,1577
2026-02-10T06:00:00,5061.39990234375,5068.39990234375,5052.7001953125,5053.60009765625,852
2026-02-10T06:30:00,5053.39990234375,5060.89990234375,5041.0,5045.7998046875,1338
2026-02-10T07:00:00,5045.7001953125,5055.7001953125,5040.0,5046.2998046875,1142
2026-02-10T07:30:00,5046.7998046875,5057.10009765625,5046.0,5055.2998046875,932
2026-02-10T08:00:00,5054.5,5063.0,5049.60009765625,5057.2998046875,1108
2026-02-10T08:30:00,5057.5,5077.10009765625,5056.0,5063.7998046875,2007
2026-02-10T09:00:00,5063.60009765625,5085.2998046875,5062.60009765625,5074.5,1723
2026-02-10T09:30:00,5074.5,5075.5,5063.39990234375,5068.5,1791
2026-02-10T10:00:00,5068.60009765625,5075.0,5059.89990234375,5069.7998046875,2408
2026-02-10T10:30:00,5069.7998046875,5081.2998046875,5066.7998046875,5070.2001953125,2438
2026-02-10T11:00:00,5069.5,5076.2001953125,5067.39990234375,5071.7001953125,782
2026-02-10T11:30:00,5070.39990234375,5081.0,5068.2001953125,5079.0,1628
2026-02-10T12:00:00,5079.7001953125,5080.7001953125,5064.39990234375,5069.0,1958
2026-02-10T12:30:00,5070.0,5070.89990234375,5042.0,5054.89990234375,3434
2026-02-10T13:00:00,5055.0,5069.0,5048.60009765625,5059.2998046875,3077
2026-02-10T13:30:00,5060.7001953125,5082.39990234375,5060.7001953125,5074.10009765625,3551
2026-02-10T14:00:00,5074.10009765625,5098.2998046875,5069.39990234375,5093.89990234375,4022
2026-02-10T14:30:00,5093.5,5102.7001953125,5043.2001953125,5063.0,9109
2026-02-10T15:00:00,5062.0,5070.89990234375,5051.39990234375,5055.10009765625,4935
2026-02-10T15:30:00,5054.2998046875,5060.0,5021.2998046875,5041.60009765625,7542
2026-02-10T16:00:00,5042.7001953125,5047.2998046875,5028.2001953125,5033.10009765625,4197
2026-02-10T16:30:00,5032.39990234375,5049.7001953125,5031.0,5046.5,2233
2026-02-10T17:00:00,5046.39990234375,5062.0,5043.60009765625,5060.0,2400
2026-02-10T17:30:00,5060.0,5064.0,5048.2998046875,5049.7001953125,1721
2026-02-10T18:00:00,5049.10009765625,5051.2998046875,5026.7001953125,5031.39990234375,5041
2026-02-10T18:30:00,5031.39990234375,5039.89990234375,5027.2001953125,5036.0,1948
2026-02-10T19:00:00,5035.2998046875,5044.7998046875,5031.39990234375,5043.60009765625,1468
2026-02-10T19:30:00,5044.10009765625,5053.2001953125,5044.10009765625,5050.7998046875,1354
2026-02-10T20:00:00,5050.5,5056.7001953125,5042.89990234375,5051.0,1255
2026-02-10T20:30:00,5051.10009765625,5068.89990234375,5050.0,5052.89990234375,2740
2026-02-10T21:00:00,5052.0,5055.0,5045.2001953125,5048.39990234375,674
2026-02-10T21:30:00,5048.0,5050.7998046875,5043.0,5047.89990234375,415
2026-02-10T23:00:00,5048.0,5077.39990234375,5046.2998046875,5070.10009765625,1006
2026-02-10T23:30:00,5069.10009765625,5070.5,5061.0,5064.10009765625,502
2026-02-11T00:00:00,5064.7001953125,5067.60009765625,5050.89990234375,5061.89990234375,1303
2026-02-11T00:30:00,5063.2998046875,5072.10009765625,5057.60009765625,5060.89990234375,863
2026-02-11T01:00:00,5060.39990234375,5070.2001953125,5053.39990234375,5060.39990234375,1164
2026-02-11T01:30:00,5060.5,5075.89990234375,5055.2001953125,5075.0,1201
2026-02-11T02:00:00,5075.60009765625,5079.89990234375,5055.60009765625,5065.0,1386
2026-02-11T02:30:00,5064.7998046875,5081.0,5064.7001953125,5079.2001953125,1117
2026-02-11T03:00:00,5078.60009765625,5082.7998046875,5068.2001953125,5080.39990234375,1126
2026-02-11T03:30:00,5080.2998046875,5085.0,5077.10009765625,5079.0,898
2026-02-11T04:00:00,5078.60009765625,5083.7001953125,5077.2998046875,5082.7001953125,533
2026-02-11T04:30:00,5082.89990234375,5083.5,5070.0,5073.2001953125,739
2026-02-11T05:00:00,5071.2001953125,5078.2001953125,5067.60009765625,5077.10009765625,802
2026-02-11T05:30:00,5077.60009765625,5088.10009765625,5070.10009765625,5076.7998046875,1628
2026-02-11T06:00:00,5076.60009765625,5086.0,5073.60009765625,5080.89990234375,774
2026-02-11T06:30:00,5079.7998046875,5088.7998046875,5076.0,5088.2998046875,1395
2026-02-11T07:00:00,5088.39990234375,5093.2998046875,5076.39990234375,5083.89990234375,3804
2026-02-11T07:30:00,5083.60009765625,5086.2001953125,5072.2001953125,5078.7001953125,2126
2026-02-11T08:00:00,5078.89990234375,5084.10009765625,5073.89990234375,5075.0,1014
2026-02-11T08:30:00,5075.2998046875,5078.5,5068.7998046875,5077.0,1204
2026-02-11T09:00:00,5077.39990234375,5079.2001953125,5070.39990234375,5078.10009765625,973
2026-02-11T09:30:00,5078.0,5095.89990234375,5077.2998046875,5086.60009765625,2797
2026-02-11T10:00:00,5086.5,5100.7001953125,5086.0,5095.0,2459
2026-02-11T10:30:00,5094.7998046875,5128.7998046875,5092.0,5118.60009765625,6966
2026-02-11T11:00:00,5118.7998046875,5133.60009765625,5107.39990234375,5132.39990234375,3639
2026-02-11T11:30:00,5133.10009765625,5141.7998046875,5125.7998046875,5136.7998046875,2973
2026-02-11T12:00:00,5137.39990234375,5144.5,5111.5,5119.89990234375,3435
2026-02-11T12:30:00,5120.60009765625,5124.0,5071.39990234375,5107.2001953125,8019
2026-02-11T13:00:00,5107.5,5115.0,5087.10009765625,5108.89990234375,4396
2026-02-11T13:30:00,5104.39990234375,5104.39990234375,5036.2998046875,5089.60009765625,12056
2026-02-11T14:00:00,5088.2001953125,5107.10009765625,5084.2998046875,5094.0,4450
2026-02-11T14:30:00,5093.89990234375,5100.10009765625,5058.7001953125,5082.2998046875,6470
2026-02-11T15:00:00,5082.2998046875,5105.5,5066.7001953125,5072.60009765625,6413
2026-02-11T15:30:00,5071.10009765625,5085.89990234375,5062.0,5084.2001953125,4411
2026-02-11T16:00:00,5083.10009765625,5087.89990234375,5065.5,5085.2001953125,3122
2026-02-11T16:30:00,5084.0,5101.7998046875,5078.60009765625,5099.2001953125,3870
2026-02-11T17:00:00,5098.7001953125,5116.7998046875,5091.39990234375,5112.39990234375,4233
2026-02-11T17:30:00,5111.60009765625,5123.39990234375,5106.0,5116.5,3369
2026-02-11T18:00:00,5115.7998046875,5117.89990234375,5090.10009765625,5098.2001953125,5883
2026-02-11T18:30:00,5097.89990234375,5112.2998046875,5095.2001953125,5107.39990234375,3480
2026-02-11T19:00:00,5107.7998046875,5119.39990234375,5106.60009765625,5116.0,1641
2026-02-11T19:30:00,5116.0,5116.60009765625,5101.10009765625,5106.5,1870
2026-02-11T20:00:00,5106.2001953125,5113.39990234375,5104.39990234375,5109.2001953125,715
2026-02-11T20:30:00,5108.7998046875,5114.7998046875,5102.39990234375,5111.39990234375,1130
2026-02-11T21:00:00,5111.39990234375,5118.0,5101.89990234375,5106.89990234375,1013
2026-02-11T21:30:00,5107.2001953125,5109.89990234375,5094.10009765625,5107.7998046875,787
2026-02-11T23:00:00,5107.2998046875,5122.7998046875,5074.0,5091.39990234375,1872
2026-02-11T23:30:00,5090.7001953125,5098.5,5081.60009765625,5083.5,748
2026-02-12T00:00:00,5083.5,5090.0,5071.0,5081.5,1611
2026-02-12T00:30:00,5083.0,5088.0,5077.10009765625,5084.89990234375,736
2026-02-12T01:00:00,5083.0,5084.89990234375,5065.0,5080.0,1559
2026-02-12T01:30:00,5079.2998046875,5085.7998046875,5074.2998046875,5084.7998046875,1262
2026-02-12T02:00:00,5084.89990234375,5094.0,5082.7998046875,5087.2998046875,1094
2026-02-12T02:30:00,5087.39990234375,5090.7001953125,5075.5,5086.7001953125,934
2026-02-12T03:00:00,5085.7001953125,5096.0,5075.7001953125,5081.2998046875,1171
2026-02-12T03:30:00,5081.2001953125,5088.0,5076.2001953125,5078.2001953125,626
2026-02-12T04:00:00,5077.7001953125,5080.7998046875,5072.2001953125,5077.7001953125,620
2026-02-12T04:30:00,5076.60009765625,5091.10009765625,5075.2001953125,5090.39990234375,495
2026-02-12T05:00:00,5090.0,5099.2998046875,5086.2001953125,5092.2998046875,1424
2026-02-12T05:30:00,5092.7001953125,5097.39990234375,5085.7001953125,5096.2998046875,985
2026-02-12T06:00:00,5097.2001953125,5097.7998046875,5077.0,5077.0,1144
2026-02-12T06:30:00,5076.89990234375,5083.60009765625,5068.89990234375,5081.10009765625,2132
2026-02-12T07:00:00,5080.89990234375,5087.5,5073.60009765625,5083.60009765625,1407
2026-02-12T07:30:00,5083.60009765625,5087.0,5078.10009765625,5085.2998046875,791
2026-02-12T08:00:00,5085.7001953125,5095.0,5082.0,5082.0,1446
2026-02-12T08:30:00,5081.7998046875,5093.60009765625,5073.5,5090.0,1584
2026-02-12T09:00:00,5089.5,5099.2001953125,5087.2998046875,5092.7998046875,1739
2026-02-12T09:30:00,5093.2998046875,5102.5,5090.0,5095.0,1452
2026-02-12T10:00:00,5094.7998046875,5099.2998046875,5085.10009765625,5086.10009765625,1726
2026-02-12T10:30:00,5084.7998046875,5085.7001953125,5077.0,5083.7998046875,2379
2026-02-12T11:00:00,5084.0,5087.7998046875,5080.60009765625,5084.7001953125,801
2026-02-12T11:30:00,5084.7001953125,5090.2001953125,5083.0,5085.60009765625,752
2026-02-12T12:00:00,5086.5,5088.39990234375,5078.2998046875,5084.2998046875,1294
2026-02-12T12:30:00,5084.60009765625,5090.7998046875,5070.60009765625,5074.2001953125,2379
2026-02-12T13:00:00,5074.39990234375,5096.5,5073.10009765625,5086.7001953125,3327
2026-02-12T13:30:00,5087.10009765625,5106.7001953125,5082.5,5098.2001953125,3528
2026-02-12T14:00:00,5098.2001953125,5101.10009765625,5078.0,5082.60009765625,5111
2026-02-12T14:30:00,5083.10009765625,5094.7998046875,5061.2998046875,5067.0,6600
2026-02-12T15:00:00,5066.39990234375,5092.10009765625,5061.7001953125,5088.39990234375,6168
2026-02-12T15:30:00,5088.2998046875,5098.0,5082.7998046875,5083.89990234375,4286
2026-02-12T16:00:00,5083.5,5091.60009765625,4900.0,4919.2001953125,33645
2026-02-12T16:30:00,4918.0,4990.7998046875,4915.89990234375,4976.2998046875,17867
2026-02-12T17:00:00,4974.5,5004.39990234375,4960.5,4985.5,8175
2026-02-12T17:30:00,4985.2001953125,4996.2001953125,4959.89990234375,4961.5,5792
2026-02-12T18:00:00,4961.7001953125,4972.0,4926.89990234375,4948.5,9154
2026-02-12T18:30:00,4949.2998046875,4972.39990234375,4945.7001953125,4955.89990234375,3960
2026-02-12T19:00:00,4956.10009765625,4965.0,4947.10009765625,4951.5,2264
2026-02-12T19:30:00,4952.10009765625,4978.2998046875,4951.5,4965.0,2255
2026-02-12T20:00:00,4965.2998046875,4968.39990234375,4941.39990234375,4943.2998046875,1783
2026-02-12T20:30:00,4942.5,4948.7001953125,4931.0,4935.10009765625,2848
2026-02-12T21:00:00,4935.7001953125,4945.0,4932.0,4940.60009765625,1442
2026-02-12T21:30:00,4940.2001953125,4947.2998046875,4935.7998046875,4941.39990234375,872
2026-02-12T23:00:00,4950.0,4951.5,4907.10009765625,4940.2998046875,1685
2026-02-12T23:30:00,4939.2998046875,4946.0,4924.60009765625,4939.7001953125,1321
2026-02-13T00:00:00,4938.5,4967.7001953125,4932.10009765625,4955.39990234375,1806
2026-02-13T00:30:00,4955.60009765625,4965.0,4945.2001953125,4946.7001953125,1337
2026-02-13T01:00:00,4946.7001953125,4998.89990234375,4945.60009765625,4988.5,2945
2026-02-13T01:30:00,4987.7001953125,5007.7998046875,4983.0,4999.7998046875,2584
2026-02-13T02:00:00,5000.2998046875,5005.2001953125,4991.10009765625,5005.2001953125,1041
2026-02-13T02:30:00,5004.60009765625,5011.0,4991.0,5008.0,1925
2026-02-13T03:00:00,5007.7998046875,5008.5,4992.0,4996.2998046875,923
2026-02-13T03:30:00,4996.60009765625,5003.39990234375,4993.7001953125,5001.60009765625,560
2026-02-13T04:00:00,5000.0,5016.39990234375,4994.5,5004.10009765625,888
2026-02-13T04:30:00,5004.60009765625,5005.0,4991.7001953125,4994.0,527
2026-02-13T05:00:00,4996.10009765625,5005.39990234375,4984.10009765625,4999.2001953125,1086
2026-02-13T05:30:00,4999.10009765625,4999.10009765625,4963.2001953125,4965.39990234375,2398
2026-02-13T06:00:00,4964.60009765625,4980.89990234375,4964.39990234375,4972.39990234375,1610
2026-02-13T06:30:00,4971.2998046875,4988.0,4969.10009765625,4986.7001953125,1472
2026-02-13T07:00:00,4985.89990234375,4996.0,4970.0,4987.39990234375,2612
2026-02-13T07:30:00,4988.0,5001.89990234375,4985.2998046875,4994.60009765625,1633
2026-02-13T08:00:00,4995.0,5009.5,4991.2001953125,5001.7998046875,1676
2026-02-13T08:30:00,5001.89990234375,5006.60009765625,4990.0,5001.89990234375,1497
2026-02-13T09:00:00,5002.7998046875,5002.7998046875,4984.0,4984.89990234375,1611
2026-02-13T09:30:00,4984.0,4997.0,4981.2001953125,4990.10009765625,1379
2026-02-13T10:00:00,4990.0,5000.89990234375,4986.7998046875,4997.2001953125,2110
2026-02-13T10:30:00,4998.2001953125,4998.5,4967.2001953125,4970.7998046875,2630
2026-02-13T11:00:00,4970.7998046875,4974.2001953125,4952.7998046875,4965.0,3769
2026-02-13T11:30:00,4965.60009765625,4975.0,4955.2998046875,4973.39990234375,1914
2026-02-13T12:00:00,4973.10009765625,4993.0,4971.7998046875,4987.5,2365
2026-02-13T12:30:00,4987.7001953125,4994.0,4983.60009765625,4988.7998046875,1561
2026-02-13T13:00:00,4990.0,4996.2998046875,4977.10009765625,4988.2001953125,2199
2026-02-13T13:30:00,4988.2001953125,5024.5,4987.0,5008.39990234375,8037
2026-02-13T14:00:00,5007.2001953125,5029.5,5006.10009765625,5024.10009765625,4171
2026-02-13T14:30:00,5024.5,5036.7001953125,4986.10009765625,5017.39990234375,9654
2026-02-13T15:00:00,5017.39990234375,5034.39990234375,5014.0,5032.2998046875,5844
2026-02-13T15:30:00,5032.0,5043.2998046875,4995.2001953125,4998.7001953125,6160
2026-02-13T16:00:00,4999.0,5056.7998046875,4997.39990234375,5050.60009765625,6898
2026-02-13T16:30:00,5050.7001953125,5051.2998046875,5027.2001953125,5030.0,4293
2026-02-13T17:00:00,5030.0,5045.5,5027.7998046875,5039.5,2360
2026-02-13T17:30:00,5039.5,5051.5,5038.0,5043.5,2565
2026-02-13T18:00:00,5043.5,5054.0,5038.0,5044.7001953125,3528
2026-02-13T18:30:00,5045.0,5058.89990234375,5042.7001953125,5054.10009765625,2816
2026-02-13T19:00:00,5054.7001953125,5069.10009765625,5053.10009765625,5063.7001953125,2468
2026-02-13T19:30:00,5063.89990234375,5065.5,5046.39990234375,5046.39990234375,2068
2026-02-13T20:00:00,5046.2001953125,5057.10009765625,5045.10009765625,5051.2998046875,2097
2026-02-13T20:30:00,5050.7998046875,5056.39990234375,5043.2998046875,5054.0,2090
2026-02-13T21:00:00,5053.89990234375,5057.89990234375,5051.39990234375,5055.0,711
2026-02-13T21:30:00,5054.2001953125,5067.39990234375,5046.2998046875,5046.2998046875,1001
2026-02-15T23:00:00,5046.2998046875,5050.2998046875,5040.2998046875,5048.10009765625,134
2026-02-15T23:30:00,5047.89990234375,5051.60009765625,5031.60009765625,5038.5,783
2026-02-16T00:00:00,5038.39990234375,5040.7998046875,5018.2001953125,5031.0,1285
2026-02-16T00:30:00,5031.7001953125,5043.0,5027.60009765625,5035.0,428
2026-02-16T01:00:00,5034.10009765625,5051.39990234375,5026.39990234375,5048.7001953125,942
2026-02-16T01:30:00,5049.0,5050.5,5044.2998046875,5047.60009765625,445
2026-02-16T02:00:00,5048.39990234375,5051.0,5037.5,5038.2998046875,435
2026-02-16T02:30:00,5038.7001953125,5040.7998046875,5011.2998046875,5014.7998046875,1673
2026-02-16T03:00:00,5013.7001953125,5019.5,5007.10009765625,5014.2001953125,1096
2026-02-16T03:30:00,5014.0,5016.5,4986.0,5007.2001953125,1556
2026-02-16T04:00:00,5006.2001953125,5012.2001953125,4988.0,4995.60009765625,1453
2026-02-16T04:30:00,4994.10009765625,4999.10009765625,4991.2998046875,4994.7001953125,629
2026-02-17T05:00:00,4970.7998046875,4972.2998046875,4906.10009765625,4919.2001953125,5224
2026-02-17T05:30:00,4919.89990234375,4921.10009765625,4875.2001953125,4906.89990234375,5168
2026-02-17T06:00:00,4906.7001953125,4921.89990234375,4905.10009765625,4913.10009765625,1457
2026-02-17T06:30:00,4912.7001953125,4932.89990234375,4910.0,4930.0,2349
2026-02-17T07:00:00,4928.5,4937.60009765625,4922.39990234375,4926.89990234375,1429
2026-02-17T07:30:00,4926.7001953125,4941.7001953125,4922.2998046875,4935.7998046875,1400
2026-02-17T08:00:00,4936.0,4949.39990234375,4934.7998046875,4939.2998046875,1618
2026-02-17T08:30:00,4938.7998046875,4944.2001953125,4935.0,4939.5,1100
2026-02-17T09:00:00,4939.0,4948.39990234375,4936.7001953125,4937.89990234375,1071
2026-02-17T09:30:00,4937.89990234375,4951.60009765625,4926.2998046875,4945.2001953125,2001
2026-02-17T10:00:00,4944.60009765625,4959.5,4942.5,4947.5,1757
2026-02-17T10:30:00,4947.2001953125,4947.7998046875,4927.10009765625,4932.10009765625,2633
2026-02-17T11:00:00,4932.5,4950.2998046875,4932.5,4947.10009765625,1312
2026-02-17T11:30:00,4947.60009765625,4950.2001953125,4940.60009765625,4948.7001953125,1273
2026-02-17T12:00:00,4948.39990234375,4964.0,4947.5,4962.2001953125,2197
2026-02-17T12:30:00,4962.0,4963.60009765625,4948.5,4951.60009765625,1668
2026-02-17T13:00:00,4951.2998046875,4953.0,4930.7001953125,4939.2001953125,3213
2026-02-17T13:30:00,4940.7998046875,4944.7001953125,4887.7998046875,4889.39990234375,8656
2026-02-17T14:00:00,4888.7001953125,4923.5,4854.2001953125,4917.0,13263
2026-02-17T14:30:00,4916.39990234375,4926.2998046875,4874.10009765625,4881.2998046875,7983
2026-02-17T15:00:00,4880.7998046875,4896.89990234375,4867.0,4880.39990234375,6104
2026-02-17T15:30:00,4880.0,4902.10009765625,4871.0,4897.2001953125,3619
2026-02-17T16:00:00,4897.10009765625,4913.0,4894.10009765625,4902.5,4035
2026-02-17T16:30:00,4902.39990234375,4906.60009765625,4886.7998046875,4887.7001953125,3187
2026-02-17T17:00:00,4887.5,4890.0,4868.0,4883.5,4060
2026-02-17T17:30:00,4883.2998046875,4887.0,4872.39990234375,4884.0,2872
2026-02-17T18:00:00,4883.5,4910.7001953125,4881.10009765625,4906.10009765625,5245
2026-02-17T18:30:00,4905.5,4931.0,4898.7001953125,4917.7001953125,3711
2026-02-17T19:00:00,4917.89990234375,4920.60009765625,4900.39990234375,4902.7998046875,2030
2026-02-17T19:30:00,4902.5,4907.2001953125,4895.2001953125,4899.2998046875,1100
2026-02-17T20:00:00,4899.2001953125,4901.2001953125,4891.7001953125,4896.89990234375,910
2026-02-17T20:30:00,4895.60009765625,4902.60009765625,4892.2001953125,4896.7001953125,1162
2026-02-17T21:00:00,4896.2001953125,4905.2001953125,4893.5,4898.2998046875,738
2026-02-17T21:30:00,4898.0,4900.2998046875,4894.60009765625,4896.10009765625,359
2026-02-17T23:00:00,4898.5,4902.2001953125,4868.5,4896.5,812
2026-02-17T23:30:00,4895.7998046875,4901.7001953125,4871.2998046875,4876.89990234375,1191
2026-02-18T00:00:00,4876.0,4890.0,4875.7998046875,4886.89990234375,961
2026-02-18T00:30:00,4886.7998046875,4901.2001953125,4885.7998046875,4891.7998046875,787
2026-02-18T01:00:00,4891.7998046875,4909.7998046875,4891.7998046875,4905.2001953125,1467
2026-02-18T01:30:00,4904.5,4911.7001953125,4900.2998046875,4908.0,665
2026-02-18T02:00:00,4907.2998046875,4923.0,4904.60009765625,4919.0,1263
2026-02-18T02:30:00,4919.2998046875,4925.7998046875,4919.0,4923.7998046875,487
2026-02-18T03:00:00,4924.0,4938.89990234375,4922.7001953125,4937.89990234375,1072
2026-02-18T03:30:00,4938.10009765625,4940.60009765625,4935.0,4939.5,670
2026-02-18T04:00:00,4939.10009765625,4952.2998046875,4937.0,4952.0,1012
2026-02-18T04:30:00,4952.2998046875,4961.7998046875,4950.2001953125,4951.60009765625,780
2026-02-18T05:00:00,4953.5,4958.60009765625,4949.2001953125,4954.7001953125,687
2026-02-18T05:30:00,4954.89990234375,4959.10009765625,4952.0,4952.39990234375,363
2026-02-18T06:00:00,4952.7001953125,4952.89990234375,4944.2001953125,4949.60009765625,784
2026-02-18T06:30:00,4949.2998046875,4955.2998046875,4945.7998046875,4949.7001953125,664
2026-02-18T07:00:00,4949.60009765625,4962.2001953125,4949.5,4958.5,1181
2026-02-18T07:30:00,4957.89990234375,4960.0,4948.60009765625,4949.5,877
2026-02-18T08:00:00,4950.2001953125,4953.2001953125,4942.39990234375,4946.0,1770
2026-02-18T08:30:00,4946.10009765625,4947.10009765625,4936.2998046875,4937.7001953125,1738
2026-02-18T09:00:00,4937.5,4943.2998046875,4933.10009765625,4941.2001953125,2098
2026-02-18T09:30:00,4941.2001953125,4943.5,4936.2998046875,4937.89990234375,1069
2026-02-18T10:00:00,4937.39990234375,4945.39990234375,4937.2001953125,4942.10009765625,2030
2026-02-18T10:30:00,4941.7998046875,4941.7998046875,4929.2998046875,4935.0,1806
2026-02-18T11:00:00,4934.5,4938.2001953125,4932.5,4935.60009765625,944
2026-02-18T11:30:00,4935.60009765625,4937.10009765625,4925.89990234375,4933.39990234375,1223
2026-02-18T12:00:00,4932.7001953125,4950.0,4931.89990234375,4941.39990234375,3138
2026-02-18T12:30:00,4941.2998046875,4967.5,4938.10009765625,4963.5,3065
2026-02-18T13:00:00,4963.2998046875,4983.10009765625,4962.89990234375,4977.7001953125,5568
2026-02-18T13:30:00,4978.2001953125,4989.7998046875,4969.7001953125,4974.2001953125,4943
2026-02-18T14:00:00,4975.0,4984.39990234375,4972.60009765625,4980.89990234375,2554
2026-02-18T14:30:00,4981.39990234375,5015.5,4975.5,5012.2998046875,8392
2026-02-18T15:00:00,5012.10009765625,5029.60009765625,5011.7001953125,5025.10009765625,8085
2026-02-18T15:30:00,5025.5,5025.60009765625,5015.60009765625,5018.7998046875,3701
2026-02-18T16:00:00,5018.89990234375,5024.0,5011.5,5017.7001953125,3086
2026-02-18T16:30:00,5017.39990234375,5031.89990234375,5015.0,5021.2001953125,3192
2026-02-18T17:00:00,5021.39990234375,5022.7998046875,5016.39990234375,5020.2001953125,2241
2026-02-18T17:30:00,5020.2001953125,5021.89990234375,5014.2001953125,5020.10009765625,1781
2026-02-18T18:00:00,5020.2001953125,5024.2001953125,5007.7001953125,5009.5,3233
2026-02-18T18:30:00,5009.0,5014.2001953125,5001.2001953125,5008.2001953125,2880
2026-02-18T19:00:00,5007.60009765625,5016.39990234375,4993.7998046875,4999.7001953125,3278
2026-02-18T19:30:00,5000.0,5005.5,4993.7001953125,5000.7001953125,1768
2026-02-18T20:00:00,5000.7001953125,5005.2998046875,4995.89990234375,4998.0,1210
2026-02-18T20:30:00,4997.89990234375,5008.39990234375,4997.5,5005.2998046875,1528
2026-02-18T21:00:00,5004.89990234375,5006.7001953125,5001.0,5002.2001953125,430
2026-02-18T21:30:00,5002.2001953125,5002.5,4995.60009765625,4996.10009765625,416
2026-02-18T23:00:00,4993.7001953125,5003.0,4971.5,5000.89990234375,736
2026-02-18T23:30:00,5001.2001953125,5007.7998046875,4987.0,4994.7998046875,907
2026-02-19T00:00:00,4994.60009765625,4994.7998046875,4979.5,4986.60009765625,991
2026-02-19T00:30:00,4986.39990234375,4992.0,4978.5,4980.2001953125,693
2026-02-19T01:00:00,4980.2001953125,4988.0,4979.10009765625,4983.10009765625,619
2026-02-19T01:30:00,4983.5,4995.0,4980.2998046875,4992.10009765625,565
2026-02-19T02:00:00,4992.7001953125,4996.2001953125,4984.89990234375,4992.2001953125,657
2026-02-19T02:30:00,4992.10009765625,4992.60009765625,4986.2998046875,4986.89990234375,382
2026-02-19T03:00:00,4986.89990234375,4990.7001953125,4985.2001953125,4988.39990234375,387
2026-02-19T03:30:00,4988.7998046875,5002.60009765625,4988.5,5000.39990234375,1251
2026-02-19T04:00:00,5000.0,5003.7998046875,4996.7998046875,4998.39990234375,524
2026-02-19T04:30:00,4998.10009765625,5004.7001953125,4995.2998046875,5002.7998046875,638
2026-02-19T05:00:00,5002.5,5012.2001953125,5002.5,5007.5,693
2026-02-19T05:30:00,5007.7001953125,5017.60009765625,5007.2001953125,5015.5,837
2026-02-19T06:00:00,5015.10009765625,5020.60009765625,5014.39990234375,5019.2001953125,791
2026-02-19T06:30:00,5018.7998046875,5038.0,5018.7998046875,5035.39990234375,1803
2026-02-19T07:00:00,5036.5,5039.7998046875,5032.5,5036.0,1286
2026-02-19T07:30:00,5036.39990234375,5038.60009765625,5026.89990234375,5028.0,956
2026-02-19T08:00:00,5028.0,5033.39990234375,5023.89990234375,5033.39990234375,1272
2026-02-19T08:30:00,5033.2001953125,5040.89990234375,5028.5,5035.5,1370
2026-02-19T09:00:00,5035.7998046875,5039.10009765625,5016.2001953125,5019.5,2074
2026-02-19T09:30:00,5019.89990234375,5024.89990234375,5012.0,5014.39990234375,1972
2026-02-19T10:00:00,5014.39990234375,5015.2001953125,5002.2001953125,5006.2001953125,2246
2026-02-19T10:30:00,5006.0,5014.7998046875,5000.7001953125,5013.0,1939
2026-02-19T11:00:00,5013.0,5016.7998046875,4997.10009765625,5004.39990234375,2088
2026-02-19T11:30:00,5004.39990234375,5006.60009765625,4997.2001953125,5003.2998046875,1732
2026-02-19T12:00:00,5003.7998046875,5011.2998046875,4999.7998046875,5011.2998046875,1385
2026-02-19T12:30:00,5011.5,5012.0,5000.2998046875,5004.39990234375,1533
2026-02-19T13:00:00,5005.10009765625,5007.5,4994.10009765625,5003.0,1931
2026-02-19T13:30:00,5001.5,5018.5,4990.10009765625,5016.60009765625,3748
2026-02-19T14:00:00,5016.5,5016.89990234375,4990.5,4997.39990234375,3344
2026-02-19T14:30:00,4997.2001953125,5029.60009765625,4982.0,5024.60009765625,7649
2026-02-19T15:00:00,5025.2001953125,5035.7998046875,5014.7001953125,5035.7001953125,6254
2026-02-19T15:30:00,5035.2001953125,5042.7998046875,5026.2998046875,5033.39990234375,5297
2026-02-19T16:00:00,5033.89990234375,5034.2001953125,5011.5,5017.89990234375,4014
2026-02-19T16:30:00,5018.10009765625,5028.60009765625,5008.7998046875,5014.2001953125,2733
2026-02-19T17:00:00,5014.2001953125,5021.10009765625,5011.0,5013.2998046875,1951
2026-02-19T17:30:00,5013.5,5015.60009765625,5001.89990234375,5004.2001953125,1994
2026-02-19T18:00:00,5004.5,5008.7998046875,4995.0,4997.0,3305
2026-02-19T18:30:00,4997.2998046875,5003.7001953125,4994.0,5000.7001953125,1693
2026-02-19T19:00:00,5000.7001953125,5009.7001953125,4999.5,5008.10009765625,970
2026-02-19T19:30:00,5008.39990234375,5009.2001953125,4996.7998046875,5006.5,1249
2026-02-19T20:00:00,5006.89990234375,5016.0,5006.89990234375,5014.39990234375,901
2026-02-19T20:30:00,5014.5,5022.2001953125,5013.7998046875,5020.60009765625,1547
2026-02-19T21:00:00,5020.7001953125,5022.7998046875,5010.2001953125,5012.10009765625,1158
2026-02-19T21:30:00,5012.5,5018.5,5011.39990234375,5015.5,517
2026-02-19T23:00:00,5015.0,5026.5,5011.2998046875,5015.0,599
2026-02-19T23:30:00,5015.7998046875,5019.5,5003.5,5005.60009765625,684
2026-02-20T00:00:00,5006.39990234375,5015.0,5003.5,5009.2998046875,451
2026-02-20T00:30:00,5009.89990234375,5025.5,5005.10009765625,5024.5,573
2026-02-20T01:00:00,5024.60009765625,5033.39990234375,5014.2001953125,5017.7998046875,1436
2026-02-20T01:30:00,5018.0,5022.10009765625,5012.89990234375,5016.7998046875,675
2026-02-20T02:00:00,5015.5,5025.7001953125,5010.60009765625,5015.39990234375,1155
2026-02-20T02:30:00,5015.7998046875,5021.7998046875,5010.89990234375,5013.7001953125,592
2026-02-20T03:00:00,5013.7001953125,5016.7001953125,5006.60009765625,5010.0,530
2026-02-20T03:30:00,5010.60009765625,5017.2001953125,4999.2998046875,5006.0,1253
2026-02-20T04:00:00,5005.60009765625,5012.7001953125,5004.2001953125,5012.2998046875,307
2026-02-20T04:30:00,5012.7998046875,5021.2001953125,5011.5,5017.5,397
2026-02-20T05:00:00,5018.10009765625,5023.89990234375,5016.5,5019.2998046875,577
2026-02-20T05:30:00,5019.2998046875,5030.10009765625,5015.89990234375,5030.10009765625,870
2026-02-20T06:00:00,5030.5,5048.60009765625,5029.7001953125,5040.7998046875,1868
2026-02-20T06:30:00,5041.10009765625,5048.89990234375,5038.39990234375,5039.60009765625,1055
2026-02-20T07:00:00,5040.2998046875,5047.2998046875,5028.39990234375,5034.10009765625,1557
2026-02-20T07:30:00,5034.5,5036.7001953125,5024.60009765625,5025.2998046875,1822
2026-02-20T08:00:00,5025.60009765625,5039.0,5023.7998046875,5037.2001953125,1970
2026-02-20T08:30:00,5037.7998046875,5050.60009765625,5037.0,5048.7001953125,2103
2026-02-20T09:00:00,5048.5,5063.0,5047.2998046875,5053.89990234375,3091
2026-02-20T09:30:00,5053.7998046875,5055.5,5046.89990234375,5047.60009765625,1833
2026-02-20T10:00:00,5047.7998046875,5051.0,5038.5,5046.0,2145
2026-02-20T10:30:00,5046.5,5058.10009765625,5045.2998046875,5054.60009765625,2610
2026-02-20T11:00:00,5054.7001953125,5054.7998046875,5045.7998046875,5048.7001953125,1325
2026-02-20T11:30:00,5048.39990234375,5052.89990234375,5034.7001953125,5036.7998046875,3056
2026-02-20T12:00:00,5037.0,5042.7998046875,5030.10009765625,5030.60009765625,3011
2026-02-20T12:30:00,5030.7001953125,5045.60009765625,5025.7001953125,5044.5,2983
2026-02-20T13:00:00,5044.10009765625,5051.10009765625,5042.2998046875,5048.2998046875,1633
2026-02-20T13:30:00,5048.39990234375,5068.7001953125,5037.7001953125,5063.5,5565
2026-02-20T14:00:00,5063.10009765625,5067.10009765625,5056.7998046875,5061.10009765625,4483
2026-02-20T14:30:00,5060.7998046875,5081.2001953125,5057.2001953125,5074.7998046875,8805
2026-02-20T15:00:00,5073.60009765625,5084.5,5005.5,5044.60009765625,18446
2026-02-20T15:30:00,5045.0,5072.7998046875,5036.2001953125,5062.2998046875,6400
2026-02-20T16:00:00,5062.2998046875,5077.0,5058.2001953125,5073.7001953125,4364
2026-02-20T16:30:00,5073.7998046875,5089.7998046875,5072.89990234375,5087.0,4994
2026-02-20T17:00:00,5087.0,5094.2998046875,5075.2001953125,5085.2001953125,4990
2026-02-20T17:30:00,5085.0,5097.2998046875,5082.60009765625,5093.7001953125,3481
2026-02-20T18:00:00,5093.7001953125,5094.39990234375,5075.10009765625,5079.89990234375,5422
2026-02-20T18:30:00,5079.7998046875,5097.0,5078.2001953125,5094.0,5045
2026-02-20T19:00:00,5093.60009765625,5098.39990234375,5091.10009765625,5092.7001953125,2622
2026-02-20T19:30:00,5092.7001953125,5104.60009765625,5092.7001953125,5102.39990234375,1976
2026-02-20T20:00:00,5102.2998046875,5109.89990234375,5099.7998046875,5107.7001953125,2205
2026-02-20T20:30:00,5107.7001953125,5120.7001953125,5105.7001953125,5119.39990234375,3053
2026-02-20T21:00:00,5119.5,5121.7001953125,5114.2998046875,5120.89990234375,1861
2026-02-20T21:30:00,5120.89990234375,5131.0,5080.89990234375,5080.89990234375,1884
2026-02-22T23:00:00,5157.0,5174.0,5157.0,5168.10009765625,2120
2026-02-22T23:30:00,5167.7998046875,5194.2001953125,5166.5,5187.2001953125,3496
2026-02-23T00:00:00,5187.0,5188.5,5151.0,5175.10009765625,5429
2026-02-23T00:30:00,5175.2998046875,5182.7001953125,5156.0,5165.89990234375,2263
2026-02-23T01:00:00,5166.2998046875,5182.0,5161.60009765625,5181.2001953125,1876
2026-02-23T01:30:00,5181.5,5190.0,5177.2998046875,5179.39990234375,1593
2026-02-23T02:00:00,5179.10009765625,5189.7001953125,5178.7998046875,5183.10009765625,1329
2026-02-23T02:30:00,5183.60009765625,5198.7998046875,5183.2998046875,5195.0,1869
2026-02-23T03:00:00,5195.2001953125,5197.60009765625,5173.2001953125,5186.2998046875,2270
2026-02-23T03:30:00,5186.39990234375,5192.7998046875,5186.39990234375,5188.39990234375,902
2026-02-23T04:00:00,5188.2998046875,5190.2998046875,5177.2998046875,5181.39990234375,911
2026-02-23T04:30:00,5182.39990234375,5185.2998046875,5177.2998046875,5181.2998046875,785
2026-02-23T05:00:00,5182.0,5183.2998046875,5173.89990234375,5179.60009765625,1037
2026-02-23T05:30:00,5179.5,5181.60009765625,5175.2001953125,5179.89990234375,665
2026-02-23T06:00:00,5180.2998046875,5183.2001953125,5173.60009765625,5174.2001953125,777
2026-02-23T06:30:00,5174.89990234375,5178.60009765625,5166.10009765625,5167.2998046875,1732
2026-02-23T07:00:00,5167.39990234375,5176.2998046875,5145.10009765625,5158.0,3681
2026-02-23T07:30:00,5157.7001953125,5160.5,5146.39990234375,5157.60009765625,2346
2026-02-23T08:00:00,5157.5,5160.7998046875,5143.0,5146.10009765625,2229
2026-02-23T08:30:00,5146.0,5162.89990234375,5142.7998046875,5161.0,2312
2026-02-23T09:00:00,5160.7001953125,5170.2998046875,5159.39990234375,5169.89990234375,2720
2026-02-23T09:30:00,5170.0,5170.60009765625,5163.60009765625,5170.10009765625,1242
2026-02-23T10:00:00,5170.39990234375,5177.2998046875,5167.10009765625,5176.60009765625,2683
2026-02-23T10:30:00,5176.60009765625,5184.7998046875,5165.60009765625,5184.0,3396
2026-02-23T11:00:00,5184.0,5184.5,5167.2998046875,5171.10009765625,2017
2026-02-23T11:30:00,5171.2001953125,5175.2001953125,5168.5,5170.2998046875,1205
2026-02-23T12:00:00,5170.2998046875,5175.39990234375,5165.89990234375,5170.7001953125,1858
2026-02-23T12:30:00,5171.10009765625,5186.39990234375,5170.10009765625,5185.0,2745
2026-02-23T13:00:00,5185.0,5186.39990234375,5164.10009765625,5170.10009765625,3746
2026-02-23T13:30:00,5170.60009765625,5174.5,5165.2998046875,5166.2001953125,2793
2026-02-23T14:00:00,5165.89990234375,5185.7998046875,5161.5,5185.7998046875,3549
2026-02-23T14:30:00,5185.39990234375,5221.89990234375,5185.10009765625,5213.5,12327
2026-02-23T15:00:00,5213.10009765625,5225.0,5201.60009765625,5218.7998046875,7874
2026-02-23T15:30:00,5219.2998046875,5226.2001953125,5207.2998046875,5216.60009765625,5394
2026-02-23T16:00:00,5216.2998046875,5240.89990234375,5196.0,5236.39990234375,8550
2026-02-23T16:30:00,5236.60009765625,5238.7998046875,5227.39990234375,5230.39990234375,4288
2026-02-23T17:00:00,5231.10009765625,5234.5,5220.39990234375,5230.7001953125,3747
2026-02-23T17:30:00,5231.0,5231.5,5211.2001953125,5227.39990234375,3531
2026-02-23T18:00:00,5228.0,5235.89990234375,5220.7998046875,5226.2001953125,4374
2026-02-23T18:30:00,5226.10009765625,5233.2998046875,5225.0,5229.5,1793
2026-02-23T19:00:00,5229.0,5235.2998046875,5226.39990234375,5229.2998046875,1497
2026-02-23T19:30:00,5229.39990234375,5238.39990234375,5228.39990234375,5235.39990234375,1793
2026-02-23T20:00:00,5235.0,5246.10009765625,5234.60009765625,5245.2001953125,2657
2026-02-23T20:30:00,5245.10009765625,5257.2998046875,5244.60009765625,5255.60009765625,2677
2026-02-23T21:00:00,5255.2001953125,5256.5,5248.2001953125,5249.39990234375,1207
2026-02-23T21:30:00,5249.0,5252.2998046875,5245.89990234375,5247.89990234375,885
2026-02-23T23:00:00,5247.5,5269.39990234375,5241.0,5255.2998046875,1516
2026-02-23T23:30:00,5256.89990234375,5266.60009765625,5253.60009765625,5254.5,1045
2026-02-24T00:00:00,5254.10009765625,5257.39990234375,5236.7998046875,5246.7001953125,3630
2026-02-24T00:30:00,5247.0,5252.0,5239.2001953125,5243.10009765625,1855
2026-02-24T01:00:00,5243.0,5243.0,5164.10009765625,5184.2998046875,12102
2026-02-24T01:30:00,5184.7001953125,5199.0,5180.39990234375,5196.60009765625,3668
2026-02-24T02:00:00,5197.0,5200.7001953125,5184.5,5192.10009765625,1881
2026-02-24T02:30:00,5192.0,5210.89990234375,5192.0,5209.0,1989
2026-02-24T03:00:00,5209.39990234375,5212.2001953125,5201.39990234375,5201.7998046875,891
2026-02-24T03:30:00,5202.89990234375,5208.2998046875,5190.7001953125,5192.0,935
2026-02-24T04:00:00,5191.5,5195.2998046875,5181.0,5191.7998046875,1227
2026-02-24T04:30:00,5192.89990234375,5192.89990234375,5183.0,5188.39990234375,775
2026-02-24T05:00:00,5188.10009765625,5195.39990234375,5183.7001953125,5187.10009765625,1265
2026-02-24T05:30:00,5187.5,5205.60009765625,5184.10009765625,5203.0,1571
2026-02-24T06:00:00,5203.2001953125,5204.7998046875,5186.7998046875,5188.7998046875,1265
2026-02-24T06:30:00,5188.39990234375,5195.2001953125,5173.60009765625,5193.60009765625,2031
2026-02-24T07:00:00,5193.0,5203.0,5183.60009765625,5202.39990234375,3209
2026-02-24T07:30:00,5202.10009765625,5203.60009765625,5193.89990234375,5198.7001953125,1966
2026-02-24T08:00:00,5198.60009765625,5199.0,5184.5,5189.89990234375,2559
2026-02-24T08:30:00,5189.39990234375,5201.60009765625,5188.7001953125,5193.0,1918
2026-02-24T09:00:00,5192.2998046875,5199.39990234375,5187.0,5187.7001953125,1570
2026-02-24T09:30:00,5187.89990234375,5192.89990234375,5185.39990234375,5190.7001953125,975
2026-02-24T10:00:00,5190.2001953125,5201.0,5190.2001953125,5194.7001953125,1392
2026-02-24T10:30:00,5195.2998046875,5196.0,5182.2998046875,5192.2998046875,2850
2026-02-24T11:00:00,5192.2998046875,5196.60009765625,5190.60009765625,5194.2001953125,870
2026-02-24T11:30:00,5194.2001953125,5198.0,5191.39990234375,5191.89990234375,1023
2026-02-24T12:00:00,5192.10009765625,5192.5,5165.0,5180.2998046875,4158
2026-02-24T12:30:00,5180.5,5183.5,5162.2001953125,5168.7998046875,3521
2026-02-24T13:00:00,5169.2001953125,5180.10009765625,5169.2001953125,5174.5,4709
2026-02-24T13:30:00,5175.2998046875,5177.39990234375,5126.89990234375,5132.2998046875,10956
2026-02-24T14:00:00,5132.0,5145.0,5109.5,5132.89990234375,12064
2026-02-24T14:30:00,5132.39990234375,5157.0,5127.39990234375,5145.5,8578
2026-02-24T15:00:00,5147.7001953125,5164.7001953125,5135.2001953125,5156.39990234375,6459
2026-02-24T15:30:00,5156.10009765625,5173.39990234375,5152.2001953125,5168.2001953125,4774
2026-02-24T16:00:00,5168.5,5170.7001953125,5159.60009765625,5162.0,2557
2026-02-24T16:30:00,5162.10009765625,5168.7998046875,5147.7998046875,5159.7001953125,3991
2026-02-24T17:00:00,5159.7001953125,5181.5,5159.39990234375,5176.7998046875,4318
2026-02-24T17:30:00,5177.0,5182.2998046875,5174.89990234375,5182.0,1681
2026-02-24T18:00:00,5182.10009765625,5188.5,5173.7001953125,5176.60009765625,5943
2026-02-24T18:30:00,5176.7998046875,5181.39990234375,5171.2998046875,5178.89990234375,1879
2026-02-24T19:00:00,5178.0,5178.5,5164.2001953125,5169.2001953125,2026
2026-02-24T19:30:00,5169.7998046875,5175.0,5167.0,5171.7998046875,1295
2026-02-24T20:00:00,5172.10009765625,5188.2001953125,5164.2001953125,5186.5,1975
2026-02-24T20:30:00,5186.7001953125,5191.39990234375,5175.89990234375,5181.7998046875,2271
2026-02-24T21:00:00,5181.89990234375,5183.89990234375,5171.7001953125,5173.60009765625,782
2026-02-24T21:30:00,5173.7998046875,5173.7998046875,5158.0,5160.5,939
2026-02-24T23:00:00,5160.0,5164.0,5135.89990234375,5148.10009765625,837
2026-02-24T23:30:00,5148.39990234375,5170.0,5147.7001953125,5165.0,1213
2026-02-25T00:00:00,5165.10009765625,5167.7998046875,5154.2998046875,5158.2001953125,780
2026-02-25T00:30:00,5159.0,5175.2998046875,5159.0,5171.0,1122
2026-02-25T01:00:00,5171.10009765625,5206.60009765625,5162.7998046875,5202.89990234375,3724
2026-02-25T01:30:00,5202.60009765625,5208.0,5192.2001953125,5195.10009765625,1652
2026-02-25T02:00:00,5194.39990234375,5212.0,5194.39990234375,5208.0,1664
2026-02-25T02:30:00,5208.2998046875,5208.89990234375,5184.2998046875,5198.60009765625,1771
2026-02-25T03:00:00,5199.2998046875,5208.7001953125,5197.10009765625,5204.7998046875,1087
2026-02-25T03:30:00,5204.0,5206.7001953125,5196.5,5200.60009765625,1126
2026-02-25T04:00:00,5200.10009765625,5203.89990234375,5189.2998046875,5201.60009765625,1221
2026-02-25T04:30:00,5201.2001953125,5203.60009765625,5198.7001953125,5201.2998046875,558
2026-02-25T05:00:00,5202.10009765625,5215.60009765625,5201.7001953125,5214.39990234375,1533
2026-02-25T05:30:00,5214.10009765625,5230.0,5211.10009765625,5221.2001953125,3333
2026-02-25T06:00:00,5220.10009765625,5220.89990234375,5201.7001953125,5209.0,2288
2026-02-25T06:30:00,5208.2001953125,5213.89990234375,5207.2998046875,5213.2001953125,645
2026-02-25T07:00:00,5213.7001953125,5214.39990234375,5200.5,5208.2001953125,1497
2026-02-25T07:30:00,5208.2998046875,5209.5,5199.5,5203.7998046875,1268
2026-02-25T08:00:00,5203.7001953125,5213.39990234375,5203.5,5212.7001953125,1190
2026-02-25T08:30:00,5212.7998046875,5216.60009765625,5203.0,5204.5,1436
2026-02-25T09:00:00,5204.2998046875,5207.5,5194.5,5205.7998046875,2516
2026-02-25T09:30:00,5206.0,5213.89990234375,5204.7001953125,5212.89990234375,1834
2026-02-25T10:00:00,5212.39990234375,5214.7001953125,5191.5,5194.0,2580
2026-02-25T10:30:00,5193.89990234375,5199.89990234375,5188.0,5193.7001953125,2113
2026-02-25T11:00:00,5193.2998046875,5194.60009765625,5173.2001953125,5186.89990234375,3310
2026-02-25T11:30:00,5187.2998046875,5200.7998046875,5185.0,5199.5,2020
2026-02-25T12:00:00,5199.2998046875,5205.2001953125,5196.2001953125,5201.5,2085
2026-02-25T12:30:00,5201.5,5204.10009765625,5195.0,5201.0,1766
2026-02-25T13:00:00,5201.89990234375,5210.0,5199.0,5206.2998046875,3054
2026-02-25T13:30:00,5206.7001953125,5209.89990234375,5200.2998046875,5203.7001953125,2459
2026-02-25T14:00:00,5203.2001953125,5210.0,5192.7998046875,5196.10009765625,3551
2026-02-25T14:30:00,5196.39990234375,5211.7998046875,5177.0,5210.2001953125,9547
2026-02-25T15:00:00,5209.2998046875,5222.0,5193.0,5199.2001953125,7527
2026-02-25T15:30:00,5199.5,5217.7001953125,5190.2998046875,5214.5,4033
2026-02-25T16:00:00,5214.10009765625,5226.39990234375,5209.10009765625,5222.39990234375,3851
2026-02-25T16:30:00,5222.5,5233.60009765625,5218.60009765625,5231.7001953125,3835
2026-02-25T17:00:00,5232.0,5237.2998046875,5227.10009765625,5232.60009765625,2794
2026-02-25T17:30:00,5232.89990234375,5234.0,5222.89990234375,5226.5,2586
2026-02-25T18:00:00,5226.5,5227.0,5226.39990234375,5226.39990234375,8
2026-02-25T19:30:00,5226.2001953125,5229.2998046875,5218.10009765625,5224.39990234375,2742
2026-02-25T20:00:00,5224.10009765625,5225.0,5202.0,5205.10009765625,3299
2026-02-25T20:30:00,5205.2998046875,5209.7998046875,5163.2998046875,5169.89990234375,5673
2026-02-25T21:00:00,5171.2001953125,5191.39990234375,5168.60009765625,5186.89990234375,2955
2026-02-25T21:30:00,5187.2001953125,5191.2001953125,5180.5,5183.7001953125,1098
2026-02-25T23:00:00,5175.2998046875,5198.10009765625,5175.2001953125,5186.0,1119
2026-02-25T23:30:00,5185.7001953125,5195.2001953125,5176.2001953125,5180.0,2073
2026-02-26T00:00:00,5179.10009765625,5201.7001953125,5170.10009765625,5200.10009765625,2275
2026-02-26T00:30:00,5200.89990234375,5207.39990234375,5196.2998046875,5203.2001953125,1547
2026-02-26T01:00:00,5203.7998046875,5213.39990234375,5194.7001953125,5196.39990234375,2419
2026-02-26T01:30:00,5196.2001953125,5209.39990234375,5194.5,5206.7998046875,1575
2026-02-26T02:00:00,5207.0,5211.5,5196.0,5196.0,1272
2026-02-26T02:30:00,5195.7998046875,5202.0,5188.7998046875,5199.60009765625,1519
2026-02-26T03:00:00,5199.39990234375,5209.39990234375,5198.2001953125,5203.89990234375,1017
2026-02-26T03:30:00,5203.89990234375,5208.60009765625,5200.0,5208.10009765625,605
2026-02-26T04:00:00,5208.10009765625,5215.39990234375,5207.39990234375,5210.10009765625,1099
2026-02-26T04:30:00,5209.89990234375,5211.60009765625,5206.60009765625,5208.7001953125,909
2026-02-26T05:00:00,5208.7998046875,5221.89990234375,5206.10009765625,5216.60009765625,1518
2026-02-26T05:30:00,5216.2998046875,5219.7001953125,5207.5,5214.39990234375,1404
2026-02-26T06:00:00,5214.7998046875,5216.10009765625,5209.5,5210.10009765625,934
2026-02-26T06:30:00,5209.7998046875,5215.10009765625,5207.0,5209.7998046875,1476
2026-02-26T07:00:00,5210.2001953125,5211.5,5198.0,5201.60009765625,2013
2026-02-26T07:30:00,5202.0,5206.5,5196.39990234375,5202.60009765625,1630
2026-02-26T08:00:00,5202.7998046875,5207.89990234375,5191.10009765625,5193.10009765625,2476
2026-02-26T08:30:00,5192.60009765625,5198.5,5182.89990234375,5195.7998046875,3377
2026-02-26T09:00:00,5195.39990234375,5198.60009765625,5190.10009765625,5197.2001953125,1812
2026-02-26T09:30:00,5197.10009765625,5205.7998046875,5195.39990234375,5202.39990234375,2640
2026-02-26T10:00:00,5202.60009765625,5206.39990234375,5194.89990234375,5195.0,1820
2026-02-26T10:30:00,5194.89990234375,5195.2998046875,5180.60009765625,5187.10009765625,3687
2026-02-26T11:00:00,5186.7998046875,5194.2998046875,5184.7998046875,5187.89990234375,2307
2026-02-26T11:30:00,5188.10009765625,5191.7998046875,5176.39990234375,5180.7001953125,1863
2026-02-26T12:00:00,5180.89990234375,5196.5,5173.10009765625,5194.7001953125,3323
2026-02-26T12:30:00,5195.10009765625,5204.2001953125,5194.2001953125,5200.0,2971
2026-02-26T13:00:00,5200.10009765625,5202.10009765625,5184.60009765625,5191.10009765625,3842
2026-02-26T13:30:00,5191.2001953125,5193.2001953125,5180.2001953125,5182.2998046875,3248
2026-02-26T14:00:00,5182.2001953125,5188.5,5176.0,5186.7001953125,3279
2026-02-26T14:30:00,5186.39990234375,5192.2001953125,5154.60009765625,5181.10009765625,9265
2026-02-26T15:00:00,5180.7001953125,5188.60009765625,5144.7998046875,5157.5,8900
2026-02-26T15:30:00,5157.2998046875,5210.10009765625,5156.2001953125,5202.5,9906
2026-02-26T16:00:00,5203.0,5204.2998046875,5189.39990234375,5197.60009765625,4541
2026-02-26T16:30:00,5196.89990234375,5203.2001953125,5192.10009765625,5196.2998046875,3180
2026-02-26T17:00:00,5196.7001953125,5207.39990234375,5190.39990234375,5191.0,3207
2026-02-26T17:30:00,5191.2001953125,5194.7998046875,5178.60009765625,5184.0,3406
2026-02-26T18:00:00,5184.2001953125,5195.2998046875,5180.5,5194.10009765625,5299
2026-02-26T18:30:00,5194.2001953125,5202.7998046875,5176.2998046875,5196.89990234375,5311
2026-02-26T19:00:00,5197.2998046875,5206.2001953125,5195.89990234375,5202.7001953125,2172
2026-02-26T19:30:00,5203.0,5211.2998046875,5200.2001953125,5204.2001953125,2468
2026-02-26T20:00:00,5203.89990234375,5215.10009765625,5203.7998046875,5210.7998046875,2001
2026-02-26T20:30:00,5210.89990234375,5218.2001953125,5206.89990234375,5213.5,2488
2026-02-26T21:00:00,5213.7998046875,5217.7998046875,5202.2001953125,5203.2998046875,1116
2026-02-26T21:30:00,5202.89990234375,5208.5,5200.2001953125,5201.5,699
2026-02-26T23:00:00,5201.89990234375,5206.7001953125,5191.5,5200.89990234375,815
2026-02-26T23:30:00,5201.0,5206.10009765625,5198.0,5200.89990234375,853
2026-02-27T00:00:00,5201.60009765625,5212.0,5195.10009765625,5204.2001953125,1303
2026-02-27T00:30:00,5204.2001953125,5206.10009765625,5186.0,5191.60009765625,1715
2026-02-27T01:00:00,5191.10009765625,5196.7998046875,5182.89990234375,5191.39990234375,1789
2026-02-27T01:30:00,5191.10009765625,5210.5,5189.39990234375,5210.2001953125,1505
2026-02-27T02:00:00,5210.2001953125,5216.2001953125,5200.7998046875,5200.89990234375,2265
2026-02-27T02:30:00,5201.2998046875,5203.10009765625,5190.2001953125,5200.2998046875,2244
2026-02-27T03:00:00,5200.7001953125,5205.0,5197.5,5203.5,1084
2026-02-27T03:30:00,5203.39990234375,5207.39990234375,5200.2001953125,5201.2001953125,1026
2026-02-27T04:00:00,5200.60009765625,5205.5,5198.0,5204.10009765625,550
2026-02-27T04:30:00,5203.7998046875,5205.2998046875,5199.10009765625,5200.5,387
2026-02-27T05:00:00,5198.10009765625,5211.5,5198.0,5211.5,872
2026-02-27T05:30:00,5211.5,5217.5,5207.2998046875,5214.7001953125,1886
2026-02-27T06:00:00,5214.60009765625,5216.2998046875,5209.2001953125,5210.10009765625,1253
2026-02-27T06:30:00,5210.5,5213.7001953125,5201.89990234375,5202.7998046875,1563
2026-02-27T07:00:00,5202.89990234375,5206.5,5194.5,5195.39990234375,3917
2026-02-27T07:30:00,5195.60009765625,5199.60009765625,5192.60009765625,5193.10009765625,1752
2026-02-27T08:00:00,5193.2001953125,5199.39990234375,5191.10009765625,5194.60009765625,1719
2026-02-27T08:30:00,5194.10009765625,5199.2001953125,5193.10009765625,5195.10009765625,1276
2026-02-27T09:00:00,5195.39990234375,5198.60009765625,5191.5,5195.7001953125,1512
2026-02-27T09:30:00,5195.2001953125,5199.2998046875,5188.5,5192.2998046875,2015
2026-02-27T10:00:00,5192.5,5197.2001953125,5183.2001953125,5189.5,2441
2026-02-27T10:30:00,5189.60009765625,5195.60009765625,5184.60009765625,5193.60009765625,2114
2026-02-27T11:00:00,5193.60009765625,5195.2001953125,5188.2998046875,5193.7001953125,1159
2026-02-27T11:30:00,5193.89990234375,5202.2001953125,5192.89990234375,5202.0,1730
2026-02-27T12:00:00,5202.10009765625,5207.0,5201.5,5203.60009765625,1904
2026-02-27T12:30:00,5203.7998046875,5205.7001953125,5199.60009765625,5204.2998046875,1795
2026-02-27T13:00:00,5204.5,5259.2998046875,5203.5,5254.89990234375,14251
2026-02-27T13:30:00,5254.0,5256.0,5225.39990234375,5240.7998046875,9570
2026-02-27T14:00:00,5240.7998046875,5254.2998046875,5235.10009765625,5248.89990234375,5384
2026-02-27T14:30:00,5248.89990234375,5251.39990234375,5230.60009765625,5240.89990234375,8179
2026-02-27T15:00:00,5240.7998046875,5258.5,5232.60009765625,5248.89990234375,10057
2026-02-27T15:30:00,5249.39990234375,5265.0,5244.7001953125,5257.7998046875,7394
2026-02-27T16:00:00,5258.0,5276.60009765625,5240.60009765625,5252.5,9736
2026-02-27T16:30:00,5252.5,5257.10009765625,5246.7001953125,5246.89990234375,4315
2026-02-27T17:00:00,5247.10009765625,5253.5,5240.60009765625,5246.2998046875,5469
2026-02-27T17:30:00,5246.0,5254.5,5237.39990234375,5252.39990234375,4374
2026-02-27T18:00:00,5252.2001953125,5256.2998046875,5240.0,5248.2001953125,5060
2026-02-27T18:30:00,5248.10009765625,5264.7998046875,5244.5,5263.0,3155
2026-02-27T19:00:00,5262.7998046875,5270.7998046875,5258.2001953125,5266.5,2798
2026-02-27T19:30:00,5266.89990234375,5269.7998046875,5262.0,5268.39990234375,1519
2026-02-27T20:00:00,5267.89990234375,5280.7998046875,5266.89990234375,5275.5,2225
2026-02-27T20:30:00,5275.39990234375,5283.7998046875,5273.2998046875,5281.2998046875,2794
2026-02-27T21:00:00,5281.60009765625,5282.60009765625,5275.60009765625,5280.7001953125,2063
2026-02-27T21:30:00,5280.39990234375,5299.0,5247.89990234375,5247.89990234375,2424
2026-03-01T23:00:00,5364.2001953125,5372.0,5354.2998046875,5368.5,4573
2026-03-01T23:30:00,5369.2001953125,5409.7001953125,5366.60009765625,5400.39990234375,6308
2026-03-02T00:00:00,5401.2998046875,5402.0,5363.2001953125,5379.2998046875,4452
2026-03-02T00:30:00,5379.2998046875,5388.0,5353.89990234375,5360.60009765625,3168
2026-03-02T01:00:00,5360.5,5360.60009765625,5315.2998046875,5320.5,9029
2026-03-02T01:30:00,5320.2998046875,5352.0,5317.60009765625,5338.2998046875,3929
2026-03-02T02:00:00,5338.5,5349.89990234375,5329.2001953125,5344.39990234375,2477
2026-03-02T02:30:00,5343.7998046875,5364.89990234375,5341.60009765625,5358.7998046875,2163
2026-03-02T03:00:00,5358.7998046875,5372.7998046875,5357.39990234375,5368.5,1579
2026-03-02T03:30:00,5368.0,5379.5,5366.39990234375,5378.7001953125,1498
2026-03-02T04:00:00,5378.60009765625,5380.0,5368.10009765625,5377.0,1298
2026-03-02T04:30:00,5377.2001953125,5377.60009765625,5358.39990234375,5369.7998046875,1322
2026-03-02T05:00:00,5368.2001953125,5368.2001953125,5353.39990234375,5363.5,1402
2026-03-02T05:30:00,5364.10009765625,5380.0,5361.89990234375,5378.89990234375,1736
2026-03-02T06:00:00,5378.7998046875,5397.0,5376.7001953125,5395.39990234375,2957
2026-03-02T06:30:00,5394.89990234375,5403.89990234375,5388.2998046875,5401.5,3116
2026-03-02T07:00:00,5401.7001953125,5434.10009765625,5398.89990234375,5422.0,6390
2026-03-02T07:30:00,5422.5,5429.2001953125,5416.2001953125,5423.0,3726
2026-03-02T08:00:00,5422.7998046875,5431.39990234375,5416.5,5431.0,4149
2026-03-02T08:30:00,5431.2001953125,5432.0,5406.2998046875,5408.89990234375,5309
2026-03-02T09:00:00,5409.10009765625,5415.39990234375,5400.0,5409.2001953125,3684
2026-03-02T09:30:00,5409.2001953125,5418.39990234375,5402.2998046875,5406.89990234375,2808
2026-03-02T10:00:00,5407.7998046875,5409.39990234375,5393.60009765625,5404.89990234375,3384
2026-03-02T10:30:00,5405.10009765625,5416.7998046875,5396.0,5404.10009765625,3826
2026-03-02T11:00:00,5404.2001953125,5412.0,5396.7001953125,5405.10009765625,2249
2026-03-02T11:30:00,5405.5,5415.0,5386.0,5399.60009765625,3382
2026-03-02T12:00:00,5399.89990234375,5413.0,5393.5,5409.0,3158
2026-03-02T12:30:00,5409.10009765625,5413.7001953125,5401.10009765625,5412.39990234375,2621
2026-03-02T13:00:00,5412.2001953125,5425.60009765625,5396.7998046875,5416.89990234375,8319
2026-03-02T13:30:00,5417.39990234375,5432.2001953125,5404.5,5409.7998046875,6222
2026-03-02T14:00:00,5409.0,5410.7998046875,5320.2998046875,5347.7001953125,16173
2026-03-02T14:30:00,5347.89990234375,5370.10009765625,5318.60009765625,5346.39990234375,15432
2026-03-02T15:00:00,5346.10009765625,5360.60009765625,5330.60009765625,5344.7998046875,9713
2026-03-02T15:30:00,5344.7998046875,5364.2998046875,5321.60009765625,5329.60009765625,6223
2026-03-02T16:00:00,5328.7001953125,5329.2998046875,5272.89990234375,5324.2001953125,16375
2026-03-02T16:30:00,5323.89990234375,5326.39990234375,5295.89990234375,5304.0,5642
2026-03-02T17:00:00,5303.60009765625,5327.2001953125,5300.39990234375,5319.0,4009
2026-03-02T17:30:00,5318.89990234375,5335.10009765625,5311.89990234375,5321.10009765625,2707
2026-03-02T18:00:00,5321.39990234375,5322.2998046875,5302.89990234375,5311.0,4479
2026-03-02T18:30:00,5311.0,5330.7998046875,5304.2001953125,5329.7998046875,3472
2026-03-02T19:00:00,5329.89990234375,5347.2001953125,5328.2001953125,5345.0,3787
2026-03-02T19:30:00,5345.10009765625,5348.5,5336.60009765625,5344.2001953125,1896
2026-03-02T20:00:00,5344.10009765625,5360.89990234375,5342.2001953125,5347.7001953125,3870
2026-03-02T20:30:00,5348.0,5359.7001953125,5345.0,5346.10009765625,2127
2026-03-02T21:00:00,5346.5,5354.60009765625,5345.5,5346.7001953125,942
2026-03-02T21:30:00,5346.7001953125,5347.5,5335.39990234375,5335.89990234375,918
2026-03-02T23:00:00,5335.7001953125,5360.89990234375,5334.89990234375,5350.10009765625,926
2026-03-02T23:30:00,5350.7001953125,5360.39990234375,5343.7998046875,5359.10009765625,823
2026-03-03T00:00:00,5359.89990234375,5374.60009765625,5350.10009765625,5371.7998046875,1624
2026-03-03T00:30:00,5371.89990234375,5376.89990234375,5360.39990234375,5364.5,1573
2026-03-03T01:00:00,5364.89990234375,5394.2001953125,5361.2001953125,5391.2998046875,3530
2026-03-03T01:30:00,5391.7998046875,5392.39990234375,5351.5,5352.89990234375,2940
2026-03-03T02:00:00,5353.7001953125,5373.60009765625,5346.7001953125,5372.89990234375,2593
2026-03-03T02:30:00,5372.39990234375,5381.7998046875,5368.89990234375,5380.0,1673
2026-03-03T03:00:00,5380.7001953125,5387.2001953125,5376.7998046875,5380.5,1437
2026-03-03T03:30:00,5380.5,5383.89990234375,5372.2001953125,5381.2001953125,698
2026-03-03T04:00:00,5380.7998046875,5389.0,5373.0,5385.2001953125,1289
2026-03-03T04:30:00,5385.2001953125,5389.2001953125,5375.2998046875,5377.89990234375,1104
2026-03-03T05:00:00,5374.7001953125,5381.5,5366.7998046875,5372.89990234375,1509
2026-03-03T05:30:00,5373.10009765625,5373.39990234375,5318.0,5331.89990234375,4287
2026-03-03T06:00:00,5333.7001953125,5336.2001953125,5292.10009765625,5329.7998046875,5661
2026-03-03T06:30:00,5330.10009765625,5331.89990234375,5303.2998046875,5323.0,3661
2026-03-03T07:00:00,5322.7998046875,5332.0,5318.5,5326.0,2381
2026-03-03T07:30:00,5326.0,5346.10009765625,5326.0,5340.60009765625,2437
2026-03-03T08:00:00,5340.5,5349.0,5323.89990234375,5325.5,2951
2026-03-03T08:30:00,5325.7001953125,5326.7001953125,5302.7998046875,5308.7998046875,3959
2026-03-03T09:00:00,5308.5,5317.39990234375,5236.0,5253.2998046875,9534
2026-03-03T09:30:00,5253.7998046875,5292.89990234375,5251.7001953125,5286.7998046875,8459
2026-03-03T10:00:00,5287.2998046875,5300.10009765625,5275.39990234375,5289.10009765625,2833
2026-03-03T10:30:00,5287.0,5288.2998046875,5246.10009765625,5259.7001953125,5437
2026-03-03T11:00:00,5258.2998046875,5274.7998046875,5122.10009765625,5136.39990234375,17475
2026-03-03T11:30:00,5136.2998046875,5168.2001953125,5081.39990234375,5154.0,17551
2026-03-03T12:00:00,5154.5,5220.60009765625,5148.2001953125,5215.89990234375,10657
2026-03-03T12:30:00,5215.7001953125,5236.89990234375,5198.39990234375,5234.5,7044
2026-03-03T13:00:00,5234.60009765625,5234.60009765625,5152.10009765625,5188.60009765625,10911
2026-03-03T13:30:00,5188.5,5197.60009765625,5137.2001953125,5166.5,7770
2026-03-03T14:00:00,5166.89990234375,5185.7998046875,5130.89990234375,5155.7998046875,7164
2026-03-03T14:30:00,5154.7998046875,5154.7998046875,5025.0,5048.0,26304
2026-03-03T15:00:00,5048.7998046875,5079.2001953125,5005.0,5053.60009765625,18458
2026-03-03T15:30:00,5053.5,5107.39990234375,5047.2998046875,5105.2998046875,10728
2026-03-03T16:00:00,5105.39990234375,5137.0,5100.2998046875,5123.39990234375,7742
2026-03-03T16:30:00,5123.5,5145.2001953125,5108.2001953125,5117.89990234375,7133
2026-03-03T17:00:00,5117.7998046875,5120.60009765625,5090.89990234375,5092.89990234375,5646
2026-03-03T17:30:00,5093.7001953125,5096.2001953125,5075.10009765625,5089.5,5207
2026-03-03T18:00:00,5089.39990234375,5128.10009765625,5089.2998046875,5123.39990234375,7024
2026-03-03T18:30:00,5123.2998046875,5149.7998046875,5118.10009765625,5146.5,4267
2026-03-03T19:00:00,5147.0,5161.5,5112.7001953125,5116.89990234375,4204
2026-03-03T19:30:00,5116.7998046875,5138.60009765625,5109.2998046875,5122.2998046875,3034
2026-03-03T20:00:00,5123.7001953125,5141.7001953125,5121.10009765625,5133.39990234375,1903
2026-03-03T20:30:00,5133.5,5136.60009765625,5096.0,5109.2998046875,3291
2026-03-03T21:00:00,5108.60009765625,5115.2001953125,5100.10009765625,5100.89990234375,1206
2026-03-03T21:30:00,5101.0,5107.7998046875,5093.2998046875,5099.5,1232
2026-03-03T23:00:00,5110.0,5137.2001953125,5092.7998046875,5134.89990234375,1273
2026-03-03T23:30:00,5135.7001953125,5139.10009765625,5125.89990234375,5133.39990234375,852
2026-03-04T00:00:00,5134.5,5137.10009765625,5114.2998046875,5134.0,1565
2026-03-04T00:30:00,5134.2001953125,5149.5,5131.5,5147.2998046875,1813
2026-03-04T01:00:00,5148.2001953125,5173.0,5147.89990234375,5153.5,3906
2026-03-04T01:30:00,5153.39990234375,5188.10009765625,5150.7001953125,5183.7001953125,3776
2026-03-04T02:00:00,5183.89990234375,5200.7001953125,5177.5,5187.39990234375,3174
2026-03-04T02:30:00,5187.2998046875,5189.7001953125,5162.60009765625,5165.39990234375,2926
2026-03-04T03:00:00,5164.7998046875,5177.2998046875,5150.0,5171.2001953125,2117
2026-03-04T03:30:00,5171.60009765625,5186.2998046875,5162.2001953125,5183.10009765625,1607
2026-03-04T04:00:00,5183.2998046875,5189.60009765625,5171.5,5177.39990234375,1095
2026-03-04T04:30:00,5176.2998046875,5179.89990234375,5160.10009765625,5166.39990234375,1249
2026-03-04T05:00:00,5165.7001953125,5174.7998046875,5160.5,5165.39990234375,683
2026-03-04T05:30:00,5165.2998046875,5177.2001953125,5162.7998046875,5169.5,1572
2026-03-04T06:00:00,5168.39990234375,5168.89990234375,5130.0,5143.5,3740
2026-03-04T06:30:00,5143.39990234375,5170.2998046875,5141.7001953125,5170.2998046875,2172
2026-03-04T07:00:00,5169.0,5186.0,5168.5,5177.60009765625,4070
2026-03-04T07:30:00,5177.2998046875,5185.7998046875,5173.39990234375,5178.2001953125,1466
2026-03-04T08:00:00,5178.2998046875,5182.10009765625,5157.7998046875,5173.0,2720
2026-03-04T08:30:00,5172.7001953125,5192.7998046875,5172.0,5178.60009765625,2586
2026-03-04T09:00:00,5177.89990234375,5189.5,5170.0,5181.5,2909
2026-03-04T09:30:00,5181.7001953125,5196.39990234375,5180.0,5193.89990234375,2214
2026-03-04T10:00:00,5194.0,5214.7001953125,5193.5,5200.0,5303
2026-03-04T10:30:00,5200.60009765625,5205.60009765625,5191.2001953125,5201.89990234375,3751
2026-03-04T11:00:00,5201.2998046875,5209.89990234375,5199.2998046875,5206.7001953125,1613
2026-03-04T11:30:00,5207.5,5213.2001953125,5199.39990234375,5204.2001953125,1934
2026-03-04T12:00:00,5204.2998046875,5218.2998046875,5186.39990234375,5190.39990234375,3629
2026-03-04T12:30:00,5190.2998046875,5190.5,5167.89990234375,5182.0,3466
2026-03-04T13:00:00,5182.2001953125,5207.5,5182.10009765625,5203.10009765625,4684
2026-03-04T13:30:00,5203.2998046875,5203.7001953125,5177.2998046875,5178.5,3010
2026-03-04T14:00:00,5178.10009765625,5191.2998046875,5169.60009765625,5175.60009765625,4127
2026-03-04T14:30:00,5176.5,5195.2001953125,5148.39990234375,5155.7001953125,9194
2026-03-04T15:00:00,5155.2001953125,5173.0,5140.2001953125,5166.39990234375,9249
2026-03-04T15:30:00,5167.60009765625,5177.2998046875,5143.0,5161.60009765625,5086
2026-03-04T16:00:00,5161.2001953125,5172.60009765625,5148.5,5157.39990234375,3994
2026-03-04T16:30:00,5157.2998046875,5170.2001953125,5154.2998046875,5161.5,3177
2026-03-04T17:00:00,5160.89990234375,5165.0,5131.5,5145.7998046875,3902
2026-03-04T17:30:00,5146.7998046875,5160.0,5140.7998046875,5153.60009765625,2801
2026-03-04T18:00:00,5152.7001953125,5155.5,5121.10009765625,5134.39990234375,6394
2026-03-04T18:30:00,5134.7001953125,5145.60009765625,5119.39990234375,5144.7001953125,3028
2026-03-04T19:00:00,5144.7998046875,5147.7001953125,5135.0,5135.2001953125,1521
2026-03-04T19:30:00,5134.7998046875,5150.5,5133.60009765625,5148.7001953125,1362
2026-03-04T20:00:00,5148.39990234375,5149.7998046875,5134.7998046875,5148.2998046875,991
2026-03-04T20:30:00,5149.0,5159.2001953125,5145.0,5146.7998046875,1719
2026-03-04T21:00:00,5146.89990234375,5156.2998046875,5146.10009765625,5153.60009765625,1000
2026-03-04T21:30:00,5153.60009765625,5154.5,5141.39990234375,5151.60009765625,768
2026-03-04T23:00:00,5155.7001953125,5168.0,5152.0,5164.89990234375,929
2026-03-04T23:30:00,5165.10009765625,5177.7998046875,5159.89990234375,5176.2001953125,979
2026-03-05T00:00:00,5176.5,5191.5,5170.39990234375,5185.39990234375,1688
2026-03-05T00:30:00,5184.7001953125,5188.60009765625,5177.5,5183.89990234375,925
2026-03-05T01:00:00,5184.10009765625,5198.0,5181.0,5187.7998046875,2365
2026-03-05T01:30:00,5187.7998046875,5189.89990234375,5177.10009765625,5181.7001953125,2170
2026-03-05T02:00:00,5181.2001953125,5198.0,5180.89990234375,5193.7001953125,1644
2026-03-05T02:30:00,5193.2001953125,5201.7998046875,5183.2998046875,5201.60009765625,1865
2026-03-05T03:00:00,5201.7001953125,5204.2998046875,5192.89990234375,5194.5,1238
2026-03-05T03:30:00,5193.60009765625,5200.0,5187.2998046875,5189.5,988
2026-03-05T04:00:00,5189.39990234375,5195.89990234375,5184.0,5187.5,1028
2026-03-05T04:30:00,5187.2998046875,5189.10009765625,5175.2001953125,5179.7001953125,879
2026-03-05T05:00:00,5181.0,5185.89990234375,5178.39990234375,5181.7998046875,674
2026-03-05T05:30:00,5181.60009765625,5183.7998046875,5156.89990234375,5157.7001953125,2090
2026-03-05T06:00:00,5157.89990234375,5164.2001953125,5129.0,5151.39990234375,4663
2026-03-05T06:30:00,5150.7998046875,5177.5,5148.5,5176.5,1733
2026-03-05T07:00:00,5175.89990234375,5181.7998046875,5168.60009765625,5175.7001953125,2115
2026-03-05T07:30:00,5175.0,5176.2001953125,5168.0,5171.39990234375,1144
2026-03-05T08:00:00,5171.10009765625,5172.0,5146.2001953125,5153.60009765625,2707
2026-03-05T08:30:00,5153.2001953125,5180.10009765625,5152.60009765625,5176.0,2861
2026-03-05T09:00:00,5175.89990234375,5192.5,5171.2998046875,5180.2998046875,3317
2026-03-05T09:30:00,5179.7998046875,5180.10009765625,5162.7001953125,5171.7998046875,2165
2026-03-05T10:00:00,5171.10009765625,5171.10009765625,5156.89990234375,5166.5,1949
2026-03-05T10:30:00,5166.39990234375,5178.5,5157.7001953125,5175.60009765625,2337
2026-03-05T11:00:00,5175.5,5178.5,5171.39990234375,5173.7001953125,1501
2026-03-05T11:30:00,5173.39990234375,5176.10009765625,5168.0,5174.7998046875,1355
2026-03-05T12:00:00,5175.10009765625,5182.7001953125,5172.60009765625,5172.60009765625,2022
2026-03-05T12:30:00,5172.5,5179.0,5171.5,5173.0,1038
2026-03-05T13:00:00,5173.60009765625,5174.89990234375,5085.5,5131.60009765625,15875
2026-03-05T13:30:00,5130.7001953125,5147.0,5118.60009765625,5126.5,7266
2026-03-05T14:00:00,5126.7998046875,5139.2001953125,5111.2001953125,5128.7998046875,5172
2026-03-05T14:30:00,5128.39990234375,5132.60009765625,5099.2001953125,5110.7998046875,8734
2026-03-05T15:00:00,5110.7001953125,5128.5,5065.5,5095.10009765625,12799
2026-03-05T15:30:00,5095.0,5112.5,5086.2001953125,5111.2998046875,4729
2026-03-05T16:00:00,5111.7998046875,5113.5,5068.0,5072.0,5337
2026-03-05T16:30:00,5072.60009765625,5089.7998046875,5062.39990234375,5086.5,4597
2026-03-05T17:00:00,5086.60009765625,5098.5,5082.2998046875,5083.89990234375,4473
2026-03-05T17:30:00,5084.5,5086.39990234375,5063.5,5071.2001953125,4475
2026-03-05T18:00:00,5071.0,5084.7998046875,5058.89990234375,5080.0,6621
2026-03-05T18:30:00,5080.2001953125,5094.60009765625,5076.0,5077.60009765625,3454
2026-03-05T19:00:00,5077.60009765625,5089.7001953125,5070.2998046875,5075.10009765625,1859
2026-03-05T19:30:00,5074.7998046875,5078.5,5063.5,5074.60009765625,1642
2026-03-05T20:00:00,5074.2998046875,5104.39990234375,5071.2001953125,5089.7998046875,4105
2026-03-05T20:30:00,5090.39990234375,5091.89990234375,5082.2001953125,5086.60009765625,2048
2026-03-05T21:00:00,5086.2998046875,5093.89990234375,5082.0,5091.0,1146
2026-03-05T21:30:00,5090.60009765625,5094.60009765625,5082.2001953125,5093.2998046875,778
2026-03-05T23:00:00,5099.7001953125,5119.2001953125,5092.2001953125,5100.39990234375,941
2026-03-05T23:30:00,5101.5,5111.7001953125,5094.2998046875,5095.60009765625,1209
2026-03-06T00:00:00,5095.5,5101.0,5082.89990234375,5099.7998046875,1358
2026-03-06T00:30:00,5100.10009765625,5100.7998046875,5084.2001953125,5092.5,994
2026-03-06T01:00:00,5092.39990234375,5097.0,5074.0,5093.7998046875,2067
2026-03-06T01:30:00,5093.7001953125,5151.2998046875,5093.7001953125,5142.10009765625,4704
2026-03-06T02:00:00,5142.0,5145.89990234375,5133.5,5136.89990234375,2232
2026-03-06T02:30:00,5137.10009765625,5140.0,5129.7998046875,5133.89990234375,1234
2026-03-06T03:00:00,5134.7998046875,5149.7998046875,5132.10009765625,5144.60009765625,1780
2026-03-06T03:30:00,5144.60009765625,5146.39990234375,5137.60009765625,5139.89990234375,788
2026-03-06T04:00:00,5139.89990234375,5145.2001953125,5136.2001953125,5138.2998046875,547
2026-03-06T04:30:00,5138.5,5144.7001953125,5135.0,5137.2001953125,561
2026-03-06T05:00:00,5136.0,5138.89990234375,5131.2001953125,5138.39990234375,977
2026-03-06T05:30:00,5138.60009765625,5138.60009765625,5122.89990234375,5126.60009765625,1614
2026-03-06T06:00:00,5126.10009765625,5131.89990234375,5118.7001953125,5128.7001953125,1028
2026-03-06T06:30:00,5128.10009765625,5131.7998046875,5123.89990234375,5124.89990234375,1212
2026-03-06T07:00:00,5124.7001953125,5128.10009765625,5114.0,5123.10009765625,2395
2026-03-06T07:30:00,5123.2001953125,5129.39990234375,5116.39990234375,5128.2001953125,1902
2026-03-06T08:00:00,5128.0,5132.2998046875,5107.89990234375,5109.0,2078
2026-03-06T08:30:00,5108.5,5122.10009765625,5104.5,5116.7001953125,1415
2026-03-06T09:00:00,5117.60009765625,5117.7998046875,5100.5,5107.60009765625,2649
2026-03-06T09:30:00,5106.89990234375,5112.60009765625,5091.39990234375,5093.5,3065
2026-03-06T10:00:00,5094.5,5102.0,5084.2001953125,5096.10009765625,2850
2026-03-06T10:30:00,5095.7001953125,5102.0,5089.5,5099.89990234375,1936
2026-03-06T11:00:00,5100.7001953125,5107.39990234375,5089.39990234375,5104.2001953125,2073
2026-03-06T11:30:00,5103.5,5109.60009765625,5071.0,5086.10009765625,3103
2026-03-06T12:00:00,5086.2998046875,5105.5,5085.2998046875,5097.2998046875,2620
2026-03-06T12:30:00,5097.39990234375,5105.7998046875,5090.0,5091.89990234375,2042
2026-03-06T13:00:00,5091.60009765625,5097.0,5073.89990234375,5092.7001953125,4430
2026-03-06T13:30:00,5092.7001953125,5140.0,5082.0,5093.7998046875,12940
2026-03-06T14:00:00,5093.2001953125,5118.0,5089.89990234375,5112.2001953125,6739
2026-03-06T14:30:00,5112.89990234375,5142.39990234375,5092.0,5139.2998046875,8613
2026-03-06T15:00:00,5139.2998046875,5182.0,5137.39990234375,5172.0,15066
2026-03-06T15:30:00,5172.2998046875,5176.7001953125,5144.2998046875,5151.2001953125,7161
2026-03-06T16:00:00,5151.7001953125,5163.0,5145.5,5151.7998046875,3331
2026-03-06T16:30:00,5152.7998046875,5158.39990234375,5136.0,5149.5,5763
2026-03-06T17:00:00,5150.10009765625,5155.5,5138.7001953125,5153.10009765625,3400
2026-03-06T17:30:00,5151.89990234375,5162.7998046875,5141.7001953125,5150.2001953125,2814
2026-03-06T18:00:00,5149.89990234375,5160.2998046875,5147.89990234375,5159.2998046875,10393
2026-03-06T18:30:00,5159.2998046875,5176.5,5157.5,5170.2998046875,5397
2026-03-06T19:00:00,5170.39990234375,5183.7998046875,5169.7998046875,5173.5,2453
2026-03-06T19:30:00,5174.39990234375,5176.2998046875,5165.2001953125,5168.5,1292
2026-03-06T20:00:00,5168.2001953125,5171.2001953125,5161.10009765625,5162.60009765625,2116
2026-03-06T20:30:00,5162.2998046875,5169.60009765625,5157.5,5161.39990234375,2028
2026-03-06T21:00:00,5161.10009765625,5178.89990234375,5159.2001953125,5176.39990234375,1572
2026-03-06T21:30:00,5176.39990234375,5185.0,5158.7001953125,5158.7001953125,588
2026-03-08T22:00:00,5165.5,5180.0,5138.0,5165.39990234375,5268
2026-03-08T22:30:00,5165.89990234375,5175.0,5113.5,5138.5,3518
2026-03-08T23:00:00,5140.2998046875,5145.5,5094.5,5111.89990234375,3561
2026-03-08T23:30:00,5112.7001953125,5113.2001953125,5050.0,5083.39990234375,6597
2026-03-09T00:00:00,5083.10009765625,5088.89990234375,5035.5,5053.89990234375,5548
2026-03-09T00:30:00,5052.39990234375,5067.2001953125,5040.2998046875,5056.89990234375,2763
2026-03-09T01:00:00,5056.7001953125,5094.39990234375,5021.2001953125,5078.7998046875,7192
2026-03-09T01:30:00,5077.7001953125,5092.2998046875,5071.10009765625,5077.60009765625,2471
2026-03-09T02:00:00,5076.39990234375,5102.2998046875,5061.89990234375,5083.7001953125,4443
2026-03-09T02:30:00,5083.89990234375,5105.7998046875,5082.10009765625,5100.89990234375,3149
2026-03-09T03:00:00,5101.2998046875,5109.10009765625,5090.2001953125,5091.10009765625,2323
2026-03-09T03:30:00,5091.89990234375,5100.7001953125,5087.60009765625,5098.0,1044
2026-03-09T04:00:00,5098.0,5103.39990234375,5093.2001953125,5096.2998046875,587
2026-03-09T04:30:00,5096.10009765625,5099.7998046875,5091.2998046875,5096.39990234375,614
2026-03-09T05:00:00,5096.60009765625,5112.0,5087.10009765625,5102.5,2168
2026-03-09T05:30:00,5102.2001953125,5147.60009765625,5099.10009765625,5131.60009765625,3691
2026-03-09T06:00:00,5131.39990234375,5141.7001953125,5126.0,5133.89990234375,2022
2026-03-09T06:30:00,5134.10009765625,5136.5,5103.60009765625,5104.7998046875,2254
2026-03-09T07:00:00,5104.7998046875,5114.2001953125,5095.39990234375,5114.2001953125,2927
2026-03-09T07:30:00,5114.39990234375,5115.2001953125,5101.10009765625,5106.7001953125,2128
2026-03-09T08:00:00,5106.7998046875,5118.7001953125,5098.10009765625,5099.0,2531
2026-03-09T08:30:00,5098.89990234375,5110.39990234375,5094.89990234375,5104.39990234375,2001
2026-03-09T09:00:00,5104.10009765625,5134.89990234375,5102.7998046875,5133.2998046875,2970
2026-03-09T09:30:00,5133.0,5140.5,5105.2998046875,5114.2998046875,4338
2026-03-09T10:00:00,5114.0,5119.7998046875,5106.60009765625,5107.89990234375,2862
2026-03-09T10:30:00,5107.7001953125,5107.7001953125,5090.89990234375,5094.7998046875,3840
2026-03-09T11:00:00,5094.7998046875,5104.7998046875,5086.5,5093.2998046875,3045
2026-03-09T11:30:00,5093.7998046875,5101.7001953125,5089.7998046875,5095.7001953125,2588
2026-03-09T12:00:00,5096.2001953125,5118.10009765625,5096.2001953125,5117.2998046875,3864
2026-03-09T12:30:00,5117.7998046875,5120.5,5101.0,5103.10009765625,3387
2026-03-09T13:00:00,5103.10009765625,5107.2001953125,5092.39990234375,5102.5,3583
2026-03-09T13:30:00,5102.39990234375,5119.5,5075.0,5081.5,9615
2026-03-09T14:00:00,5081.10009765625,5095.89990234375,5066.89990234375,5091.10009765625,6592
2026-03-09T14:30:00,5089.39990234375,5124.7001953125,5088.0,5102.60009765625,7515
2026-03-09T15:00:00,5102.2001953125,5108.2001953125,5087.7998046875,5107.5,7786
2026-03-09T15:30:00,5107.5,5112.0,5101.60009765625,5108.5,3897
2026-03-09T16:00:00,5108.10009765625,5118.39990234375,5103.10009765625,5112.7001953125,3620
2026-03-09T16:30:00,5112.5,5119.7001953125,5110.89990234375,5113.10009765625,4168
2026-03-09T17:00:00,5113.2001953125,5115.5,5099.60009765625,5103.7998046875,7626
2026-03-09T17:30:00,5104.0,5108.60009765625,5097.7001953125,5104.89990234375,3030
2026-03-09T18:00:00,5104.89990234375,5116.5,5101.60009765625,5114.39990234375,1696
2026-03-09T18:30:00,5114.7001953125,5136.7001953125,5113.5,5133.2001953125,5775
2026-03-09T19:00:00,5133.2998046875,5154.7001953125,5128.2998046875,5150.2001953125,3915
2026-03-09T19:30:00,5150.10009765625,5153.7998046875,5136.10009765625,5150.5,3740
2026-03-09T20:00:00,5150.89990234375,5158.0,5143.7001953125,5149.10009765625,1544
2026-03-09T20:30:00,5148.60009765625,5150.10009765625,5143.7001953125,5148.7001953125,934
2026-03-09T22:00:00,5152.39990234375,5161.10009765625,5127.10009765625,5141.2998046875,837
2026-03-09T22:30:00,5140.89990234375,5163.0,5137.0,5162.10009765625,1001
2026-03-09T23:00:00,5161.89990234375,5165.60009765625,5147.39990234375,5155.0,1359
2026-03-09T23:30:00,5154.7001953125,5159.2998046875,5145.60009765625,5149.7998046875,897
2026-03-10T00:00:00,5149.2998046875,5151.10009765625,5138.7001953125,5141.10009765625,1217
2026-03-10T00:30:00,5139.89990234375,5150.0,5134.7998046875,5140.2001953125,1565
2026-03-10T01:00:00,5140.2998046875,5177.60009765625,5134.0,5167.39990234375,4292
2026-03-10T01:30:00,5168.5,5195.2001953125,5162.2998046875,5193.2001953125,3836
2026-03-10T02:00:00,5192.7998046875,5195.7998046875,5179.0,5188.60009765625,2603
2026-03-10T02:30:00,5188.2001953125,5194.2001953125,5172.10009765625,5174.2998046875,2283
2026-03-10T03:00:00,5173.7998046875,5181.89990234375,5170.0,5175.10009765625,1665
2026-03-10T03:30:00,5174.60009765625,5176.2001953125,5163.0,5166.39990234375,1123
2026-03-10T04:00:00,5165.2998046875,5175.2998046875,5162.39990234375,5171.10009765625,1637
2026-03-10T04:30:00,5171.0,5174.10009765625,5170.2998046875,5172.10009765625,294
2026-03-10T05:00:00,5172.5,5183.2001953125,5172.39990234375,5180.10009765625,817
2026-03-10T05:30:00,5180.60009765625,5188.2001953125,5176.0,5186.7001953125,1011
2026-03-10T06:00:00,5187.2998046875,5190.0,5180.7001953125,5185.2001953125,1065
2026-03-10T06:30:00,5185.60009765625,5188.39990234375,5182.39990234375,5183.60009765625,1292
2026-03-10T07:00:00,5184.10009765625,5188.0,5167.2998046875,5178.7998046875,2331
2026-03-10T07:30:00,5179.0,5191.2998046875,5174.5,5190.5,2490
2026-03-10T08:00:00,5190.60009765625,5195.0,5184.5,5193.39990234375,2878
2026-03-10T08:30:00,5193.2998046875,5204.0,5191.89990234375,5192.5,4475
2026-03-10T09:00:00,5192.60009765625,5198.39990234375,5189.7001953125,5196.0,2470
2026-03-10T09:30:00,5195.60009765625,5198.2001953125,5190.5,5191.7998046875,1492
2026-03-10T10:00:00,5191.5,5193.2998046875,5182.10009765625,5183.0,2560
2026-03-10T10:30:00,5183.2998046875,5187.5,5165.60009765625,5186.60009765625,3915
2026-03-10T11:00:00,5186.60009765625,5201.10009765625,5185.7998046875,5192.89990234375,3760
2026-03-10T11:30:00,5192.7998046875,5194.5,5180.89990234375,5184.2001953125,3016
2026-03-10T12:00:00,5184.60009765625,5189.7998046875,5171.39990234375,5188.89990234375,3459
2026-03-10T12:30:00,5189.10009765625,5198.89990234375,5187.7998046875,5196.5,3182
2026-03-10T13:00:00,5196.2001953125,5238.89990234375,5194.89990234375,5230.7998046875,13369
2026-03-10T13:30:00,5231.2998046875,5231.7998046875,5204.60009765625,5214.2001953125,9975
2026-03-10T14:00:00,5215.39990234375,5224.0,5193.60009765625,5218.2998046875,10327
2026-03-10T14:30:00,5217.89990234375,5222.7998046875,5212.0,5215.7998046875,6126
2026-03-10T15:00:00,5216.0,5238.5,5212.0,5235.39990234375,7923
2026-03-10T15:30:00,5235.39990234375,5248.7001953125,5235.0,5238.0,8287
2026-03-10T16:00:00,5238.10009765625,5245.10009765625,5232.2001953125,5242.10009765625,6645
2026-03-10T16:30:00,5242.0,5244.0,5235.10009765625,5236.89990234375,4124
2026-03-10T17:00:00,5236.89990234375,5244.5,5232.60009765625,5242.60009765625,9661
2026-03-10T17:30:00,5242.2998046875,5244.10009765625,5235.5,5237.10009765625,3675
2026-03-10T18:00:00,5237.0,5237.2998046875,5169.0,5211.39990234375,11681
2026-03-10T18:30:00,5211.60009765625,5217.2001953125,5198.7998046875,5200.0,2810
2026-03-10T19:00:00,5200.2998046875,5216.5,5193.0,5209.0,2165
2026-03-10T19:30:00,5209.2001953125,5209.39990234375,5188.7001953125,5207.0,3638
2026-03-10T20:00:00,5206.7001953125,5207.39990234375,5200.2998046875,5203.2998046875,937
2026-03-10T20:30:00,5203.0,5207.7001953125,5198.5,5198.7001953125,685
2026-03-10T22:00:00,5194.0,5206.2001953125,5191.2998046875,5199.60009765625,725
2026-03-10T22:30:00,5198.10009765625,5203.7998046875,5193.60009765625,5196.7001953125,798
2026-03-10T23:00:00,5197.2001953125,5206.0,5195.2001953125,5201.39990234375,779
2026-03-10T23:30:00,5201.2998046875,5205.0,5195.39990234375,5204.89990234375,708
2026-03-11T00:00:00,5205.0,5223.2001953125,5194.0,5219.7998046875,2015
2026-03-11T00:30:00,5220.2001953125,5227.0,5213.5,5223.10009765625,1756
2026-03-11T01:00:00,5223.0,5230.89990234375,5218.2001953125,5222.2998046875,2170
2026-03-11T01:30:00,5223.2001953125,5227.7001953125,5215.89990234375,5215.89990234375,1031
2026-03-11T02:00:00,5215.89990234375,5217.0,5202.0,5212.10009765625,2005
2026-03-11T02:30:00,5212.2001953125,5228.7001953125,5209.89990234375,5225.39990234375,1946
2026-03-11T03:00:00,5225.5,5228.5,5212.89990234375,5212.89990234375,1308
2026-03-11T03:30:00,5212.7998046875,5217.89990234375,5207.5,5211.10009765625,1076
2026-03-11T04:00:00,5211.5,5217.10009765625,5207.89990234375,5215.7001953125,892
2026-03-11T04:30:00,5215.60009765625,5216.7998046875,5210.2001953125,5212.7998046875,521
2026-03-11T05:00:00,5212.5,5216.7998046875,5208.39990234375,5208.89990234375,624
2026-03-11T05:30:00,5208.89990234375,5213.10009765625,5197.7998046875,5207.60009765625,1945
2026-03-11T06:00:00,5207.2001953125,5218.39990234375,5204.2998046875,5214.2001953125,1143
2026-03-11T06:30:00,5213.7001953125,5213.89990234375,5199.60009765625,5205.7998046875,1663
2026-03-11T07:00:00,5205.0,5209.7998046875,5202.7998046875,5205.2001953125,2086
2026-03-11T07:30:00,5206.0,5206.39990234375,5192.10009765625,5203.7001953125,3162
2026-03-11T08:00:00,5203.2998046875,5206.7001953125,5188.5,5193.10009765625,2324
2026-03-11T08:30:00,5192.60009765625,5196.10009765625,5183.2998046875,5195.2001953125,3333
2026-03-11T09:00:00,5194.89990234375,5198.0,5187.10009765625,5195.2998046875,2135
2026-03-11T09:30:00,5194.89990234375,5205.10009765625,5194.39990234375,5195.7001953125,2327
2026-03-11T10:00:00,5195.7998046875,5203.0,5194.2998046875,5199.7998046875,1784
2026-03-11T10:30:00,5199.89990234375,5200.10009765625,5184.7998046875,5194.10009765625,3142
2026-03-11T11:00:00,5194.2998046875,5201.10009765625,5187.2001953125,5188.7998046875,2374
2026-03-11T11:30:00,5188.60009765625,5198.60009765625,5182.2998046875,5189.2001953125,2451
2026-03-11T12:00:00,5188.7001953125,5203.39990234375,5185.5,5199.7001953125,3345
2026-03-11T12:30:00,5200.39990234375,5207.5,5172.0,5175.10009765625,6103
2026-03-11T13:00:00,5174.7001953125,5191.10009765625,5169.10009765625,5189.2998046875,4651
2026-03-11T13:30:00,5189.0,5189.0,5155.89990234375,5184.2998046875,9692
2026-03-11T14:00:00,5184.0,5203.7998046875,5182.2001953125,5201.89990234375,6959
2026-03-11T14:30:00,5201.89990234375,5204.2998046875,5181.7998046875,5190.7998046875,6680
2026-03-11T15:00:00,5190.7001953125,5193.7998046875,5175.5,5180.10009765625,5647
2026-03-11T15:30:00,5179.60009765625,5182.7001953125,5169.89990234375,5173.39990234375,4499
2026-03-11T16:00:00,5173.39990234375,5180.0,5170.7998046875,5174.2998046875,3435
2026-03-11T16:30:00,5174.0,5185.5,5173.2998046875,5183.10009765625,2958
2026-03-11T17:00:00,5183.2998046875,5188.5,5177.0,5179.39990234375,11616
2026-03-11T17:30:00,5179.39990234375,5179.89990234375,5158.39990234375,5176.60009765625,8474
2026-03-11T18:00:00,5176.60009765625,5186.10009765625,5176.2001953125,5185.39990234375,2548
2026-03-11T18:30:00,5185.39990234375,5186.2998046875,5178.10009765625,5180.10009765625,1367
2026-03-11T19:00:00,5180.2001953125,5185.5,5176.89990234375,5184.7001953125,1018
2026-03-11T19:30:00,5185.2998046875,5191.2001953125,5183.60009765625,5191.0,1248
2026-03-11T20:00:00,5190.7998046875,5191.5,5182.89990234375,5185.60009765625,846
2026-03-11T20:30:00,5185.7001953125,5186.2001953125,5183.10009765625,5183.89990234375,450
2026-03-11T22:00:00,5185.39990234375,5189.7998046875,5169.7998046875,5175.2998046875,829
2026-03-11T22:30:00,5175.2001953125,5175.2001953125,5135.0,5144.7998046875,2568
2026-03-11T23:00:00,5144.5,5162.7998046875,5141.0,5161.7001953125,1420
2026-03-11T23:30:00,5161.60009765625,5163.89990234375,5138.7998046875,5140.0,1535
2026-03-12T00:00:00,5139.39990234375,5164.10009765625,5130.0,5159.0,2830
2026-03-12T00:30:00,5158.2998046875,5168.0,5155.60009765625,5158.10009765625,1508
2026-03-12T01:00:00,5158.2001953125,5171.89990234375,5156.2001953125,5161.2998046875,2335
2026-03-12T01:30:00,5162.89990234375,5178.39990234375,5159.10009765625,5174.39990234375,2144
2026-03-12T02:00:00,5173.7001953125,5180.60009765625,5172.2001953125,5173.39990234375,1402
2026-03-12T02:30:00,5173.2998046875,5176.89990234375,5150.5,5156.0,3051
2026-03-12T03:00:00,5155.7001953125,5160.5,5152.0,5156.2001953125,1707
2026-03-12T03:30:00,5156.0,5159.60009765625,5152.7998046875,5158.2001953125,836
2026-03-12T04:00:00,5158.39990234375,5159.2001953125,5155.0,5157.60009765625,592
2026-03-12T04:30:00,5157.10009765625,5157.39990234375,5145.2998046875,5147.39990234375,1183
2026-03-12T05:00:00,5147.60009765625,5153.7998046875,5142.0,5147.2001953125,1160
2026-03-12T05:30:00,5147.89990234375,5162.5,5145.7001953125,5159.7001953125,1309
2026-03-12T06:00:00,5159.60009765625,5163.10009765625,5152.7001953125,5161.7001953125,908
2026-03-12T06:30:00,5162.0,5176.2001953125,5161.10009765625,5172.60009765625,2220
2026-03-12T07:00:00,5171.89990234375,5176.2998046875,5170.2998046875,5174.7998046875,1613
2026-03-12T07:30:00,5174.7001953125,5190.89990234375,5174.0,5188.39990234375,2479
2026-03-12T08:00:00,5188.2001953125,5195.89990234375,5183.2998046875,5183.89990234375,2832
2026-03-12T08:30:00,5183.89990234375,5189.2001953125,5181.39990234375,5184.39990234375,1363
2026-03-12T09:00:00,5184.60009765625,5187.39990234375,5179.7998046875,5186.0,2276
2026-03-12T09:30:00,5186.2001953125,5196.2001953125,5186.2001953125,5194.2001953125,2172
2026-03-12T10:00:00,5194.10009765625,5197.7998046875,5186.0,5186.2001953125,2020
2026-03-12T10:30:00,5186.60009765625,5189.60009765625,5181.7998046875,5188.2001953125,2955
2026-03-12T11:00:00,5187.89990234375,5189.60009765625,5178.60009765625,5182.39990234375,1104
2026-03-12T11:30:00,5182.7001953125,5187.5,5181.2998046875,5184.7998046875,1345
2026-03-12T12:00:00,5185.0,5186.2001953125,5168.5,5179.39990234375,3764
2026-03-12T12:30:00,5179.39990234375,5192.2998046875,5174.39990234375,5187.7001953125,4178
2026-03-12T13:00:00,5187.5,5192.5,5164.7998046875,5177.2998046875,5657
2026-03-12T13:30:00,5177.60009765625,5177.60009765625,5152.10009765625,5157.39990234375,7334
2026-03-12T14:00:00,5157.0,5170.2001953125,5156.0,5159.10009765625,4482
2026-03-12T14:30:00,5158.5,5160.7001953125,5144.2001953125,5148.7998046875,5846
2026-03-12T15:00:00,5148.60009765625,5150.89990234375,5114.60009765625,5134.7001953125,10360
2026-03-12T15:30:00,5134.7001953125,5141.0,5124.39990234375,5138.0,5699
2026-03-12T16:00:00,5138.10009765625,5144.0,5126.7998046875,5137.5,5262
2026-03-12T16:30:00,5137.7998046875,5144.2998046875,5128.2998046875,5130.10009765625,4908
2026-03-12T17:00:00,5129.89990234375,5136.5,5120.10009765625,5126.0,7536
2026-03-12T17:30:00,5126.10009765625,5127.0,5109.0,5112.39990234375,6375
2026-03-12T18:00:00,5111.89990234375,5119.5,5107.60009765625,5111.2001953125,2989
2026-03-12T18:30:00,5110.7998046875,5110.89990234375,5095.2998046875,5100.0,3889
2026-03-12T19:00:00,5100.2001953125,5101.5,5084.5,5099.5,4264
2026-03-12T19:30:00,5099.2998046875,5102.89990234375,5088.39990234375,5091.7001953125,2766
2026-03-12T20:00:00,5092.0,5097.60009765625,5076.7998046875,5077.39990234375,3109
2026-03-12T20:30:00,5077.39990234375,5086.39990234375,5058.2001953125,5084.10009765625,4905
2026-03-12T22:00:00,5084.0,5098.89990234375,5074.60009765625,5096.2001953125,1634
2026-03-12T22:30:00,5095.39990234375,5099.2998046875,5088.89990234375,5099.10009765625,593
2026-03-12T23:00:00,5099.60009765625,5102.7998046875,5092.60009765625,5097.7001953125,1293
2026-03-12T23:30:00,5097.39990234375,5104.39990234375,5095.39990234375,5101.5,1471
2026-03-13T00:00:00,5101.0,5112.0,5100.39990234375,5109.7998046875,1810
2026-03-13T00:30:00,5109.39990234375,5118.10009765625,5109.39990234375,5116.60009765625,1654
2026-03-13T01:00:00,5116.7001953125,5124.60009765625,5116.2998046875,5122.0,3490
2026-03-13T01:30:00,5122.2998046875,5128.5,5111.39990234375,5128.5,3845
2026-03-13T02:00:00,5127.89990234375,5132.39990234375,5118.2998046875,5126.2001953125,2356
2026-03-13T02:30:00,5126.0,5126.0,5113.7001953125,5115.39990234375,1346
2026-03-13T03:00:00,5115.7998046875,5119.5,5111.2998046875,5113.5,1407
2026-03-13T03:30:00,5113.7001953125,5120.0,5109.39990234375,5119.2001953125,922
2026-03-13T04:00:00,5118.89990234375,5121.10009765625,5106.7998046875,5107.7001953125,1091
2026-03-13T04:30:00,5108.89990234375,5110.2998046875,5105.5,5107.10009765625,946
2026-03-13T05:00:00,5107.39990234375,5113.60009765625,5105.7001953125,5108.89990234375,1347
2026-03-13T05:30:00,5109.10009765625,5114.89990234375,5100.60009765625,5106.2001953125,2721
2026-03-13T06:00:00,5106.10009765625,5111.2998046875,5092.0,5099.10009765625,2756
2026-03-13T06:30:00,5099.10009765625,5101.89990234375,5088.60009765625,5092.2001953125,2629
2026-03-13T07:00:00,5092.2001953125,5098.2998046875,5075.5,5089.10009765625,3387
2026-03-13T07:30:00,5089.2001953125,5097.39990234375,5086.60009765625,5089.5,2248
2026-03-13T08:00:00,5089.7998046875,5089.7998046875,5066.0,5075.0,3940
2026-03-13T08:30:00,5074.89990234375,5092.7998046875,5074.89990234375,5092.2001953125,2673
2026-03-13T09:00:00,5092.2998046875,5101.89990234375,5088.7998046875,5096.60009765625,2548
2026-03-13T09:30:00,5096.89990234375,5098.7001953125,5087.89990234375,5094.2998046875,1555
2026-03-13T10:00:00,5094.0,5101.39990234375,5090.39990234375,5094.2001953125,1577
2026-03-13T10:30:00,5093.89990234375,5103.39990234375,5085.0,5099.60009765625,2984
2026-03-13T11:00:00,5099.89990234375,5102.5,5091.10009765625,5100.60009765625,2362
2026-03-13T11:30:00,5100.89990234375,5112.89990234375,5096.89990234375,5112.89990234375,2466
2026-03-13T12:00:00,5113.0,5124.2001953125,5109.7998046875,5119.60009765625,3846
2026-03-13T12:30:00,5121.7998046875,5128.5,5114.39990234375,5124.39990234375,3815
2026-03-13T13:00:00,5124.60009765625,5127.89990234375,5113.2998046875,5114.60009765625,3480
2026-03-13T13:30:00,5114.2998046875,5123.2001953125,5102.10009765625,5107.5,5438
2026-03-13T14:00:00,5107.10009765625,5114.10009765625,5088.39990234375,5094.5,5700
2026-03-13T14:30:00,5094.2998046875,5097.2998046875,5039.2998046875,5045.7998046875,11877
2026-03-13T15:00:00,5045.89990234375,5076.2001953125,5042.2001953125,5067.7001953125,10743
2026-03-13T15:30:00,5067.2998046875,5072.7998046875,5032.2001953125,5039.10009765625,9857
2026-03-13T16:00:00,5038.7998046875,5045.89990234375,5022.7998046875,5044.7998046875,9894
2026-03-13T16:30:00,5045.2001953125,5057.0,5044.2001953125,5050.60009765625,4069
2026-03-13T17:00:00,5050.10009765625,5066.2998046875,5047.7001953125,5060.5,7328
2026-03-13T17:30:00,5060.7998046875,5068.10009765625,5047.5,5050.89990234375,2588
2026-03-13T18:00:00,5050.7998046875,5056.0,5040.7001953125,5046.10009765625,2182
2026-03-13T18:30:00,5045.7001953125,5053.60009765625,5044.7998046875,5050.89990234375,2390
2026-03-13T19:00:00,5050.89990234375,5054.2001953125,5036.89990234375,5040.0,3922
2026-03-13T19:30:00,5040.0,5041.39990234375,5014.10009765625,5022.0,5055
2026-03-13T20:00:00,5022.2998046875,5026.60009765625,5017.0,5018.7998046875,2237
2026-03-13T20:30:00,5018.5,5061.7001953125,5017.7001953125,5061.7001953125,1466
2026-03-15T22:00:00,5027.60009765625,5029.89990234375,5003.0,5016.5,3236
2026-03-15T22:30:00,5015.7001953125,5029.39990234375,5011.10009765625,5028.7998046875,1679
2026-03-15T23:00:00,5028.0,5030.0,4970.10009765625,4992.7998046875,4201
2026-03-15T23:30:00,4993.60009765625,5002.2001953125,4975.2998046875,5000.60009765625,2250
2026-03-16T00:00:00,5001.10009765625,5032.89990234375,5000.0,5019.7998046875,2977
2026-03-16T00:30:00,5021.7998046875,5035.39990234375,5018.7001953125,5030.39990234375,2527
2026-03-16T01:00:00,5031.5,5031.5,4986.0,4992.2998046875,4265
2026-03-16T01:30:00,4992.2998046875,5020.2001953125,4986.10009765625,5020.0,2230
2026-03-16T02:00:00,5019.39990234375,5022.7001953125,5013.5,5016.5,1332
2026-03-16T02:30:00,5016.0,5016.7001953125,5001.39990234375,5006.60009765625,1622
2026-03-16T03:00:00,5007.2001953125,5015.0,5001.39990234375,5014.0,1358
2026-03-16T03:30:00,5014.60009765625,5024.2998046875,5013.7001953125,5022.5,995
2026-03-16T04:00:00,5023.2001953125,5030.10009765625,5022.7998046875,5025.5,1010
2026-03-16T04:30:00,5025.5,5028.7998046875,5016.0,5016.5,546
2026-03-16T05:00:00,5016.39990234375,5020.0,5011.7998046875,5014.89990234375,799
2026-03-16T05:30:00,5014.2998046875,5024.0,5006.89990234375,5021.10009765625,1400
2026-03-16T06:00:00,5021.0,5039.7998046875,5016.7998046875,5031.5,2487
2026-03-16T06:30:00,5031.7998046875,5033.2001953125,5008.5,5016.2001953125,2732
2026-03-16T07:00:00,5016.10009765625,5020.0,5002.5,5006.60009765625,2906
2026-03-16T07:30:00,5007.2998046875,5011.7001953125,4992.89990234375,4998.89990234375,3950
2026-03-16T08:00:00,4998.7001953125,5008.0,4991.60009765625,5001.2001953125,4800
2026-03-16T08:30:00,5001.10009765625,5002.5,4988.2001953125,4995.0,3268
2026-03-16T09:00:00,4994.10009765625,4995.0,4983.5,4992.39990234375,4934
2026-03-16T09:30:00,4992.7001953125,4995.60009765625,4976.5,4979.39990234375,4647
2026-03-16T10:00:00,4979.7001953125,4995.7001953125,4973.5,4990.7001953125,3837
2026-03-16T10:30:00,4991.5,5005.2998046875,4985.0,5004.2001953125,4023
2026-03-16T11:00:00,5004.2998046875,5028.2001953125,5001.0,5024.10009765625,4536
2026-03-16T11:30:00,5024.10009765625,5025.2998046875,4996.7998046875,5001.89990234375,4813
2026-03-16T12:00:00,5001.7001953125,5030.60009765625,4999.5,5028.2998046875,7265
2026-03-16T12:30:00,5028.2001953125,5033.5,5016.2001953125,5024.89990234375,5788
2026-03-16T13:00:00,5025.39990234375,5036.5,5018.7998046875,5027.0,5956
2026-03-16T13:30:00,5027.10009765625,5041.2998046875,5023.39990234375,5035.7001953125,6952
2026-03-16T14:00:00,5035.7998046875,5044.5,5020.39990234375,5020.39990234375,6784
2026-03-16T14:30:00,5020.39990234375,5021.2001953125,4992.10009765625,5000.7998046875,9373
2026-03-16T15:00:00,5000.39990234375,5010.89990234375,4988.5,4997.0,8765
2026-03-16T15:30:00,4996.7001953125,5008.7001953125,4988.60009765625,4991.89990234375,6014
2026-03-16T16:00:00,4991.5,5004.2001953125,4982.7998046875,4984.5,4703
2026-03-16T16:30:00,4985.0,4998.2001953125,4978.60009765625,4995.89990234375,4761
2026-03-16T17:00:00,4996.10009765625,5009.60009765625,4995.89990234375,5001.60009765625,5804
2026-03-16T17:30:00,5001.2998046875,5002.2001953125,4989.5,4996.7001953125,2687
2026-03-16T18:00:00,4997.0,5014.10009765625,4995.7998046875,5012.7001953125,3125
2026-03-16T18:30:00,5012.2001953125,5024.0,5011.39990234375,5018.89990234375,2515
2026-03-16T19:00:00,5018.7001953125,5026.5,5014.7998046875,5016.39990234375,2266
2026-03-16T19:30:00,5016.2998046875,5021.89990234375,5014.0,5019.2998046875,1890
2026-03-16T20:00:00,5018.89990234375,5028.0,5014.2001953125,5020.2001953125,1343
2026-03-16T20:30:00,5020.0,5020.2998046875,5010.7998046875,5011.2998046875,1065
2026-03-16T22:00:00,5012.2001953125,5021.89990234375,5004.2001953125,5006.7998046875,734
2026-03-16T22:30:00,5007.60009765625,5011.5,5003.89990234375,5007.60009765625,422
2026-03-16T23:00:00,5007.2001953125,5015.0,5007.0,5014.5,353
2026-03-16T23:30:00,5014.89990234375,5021.0,5011.5,5018.0,929
2026-03-17T00:00:00,5018.0,5019.2998046875,5004.89990234375,5008.39990234375,1230
2026-03-17T00:30:00,5008.2998046875,5011.5,5002.2998046875,5007.10009765625,645
2026-03-17T01:00:00,5006.2998046875,5018.5,4998.7001953125,5017.5,1752
2026-03-17T01:30:00,5017.0,5032.7001953125,5015.39990234375,5032.10009765625,1941
2026-03-17T02:00:00,5032.2998046875,5034.10009765625,5024.10009765625,5029.7998046875,1043
2026-03-17T02:30:00,5029.60009765625,5033.5,5025.60009765625,5026.2001953125,740
2026-03-17T03:00:00,5026.0,5036.7998046875,5024.2001953125,5036.5,853
2026-03-17T03:30:00,5036.7001953125,5037.5,5029.7001953125,5030.2998046875,845
2026-03-17T04:00:00,5031.10009765625,5037.10009765625,5030.10009765625,5036.89990234375,504
2026-03-17T04:30:00,5036.89990234375,5046.7001953125,5036.2001953125,5042.39990234375,1840
2026-03-17T05:00:00,5043.10009765625,5049.39990234375,5036.7001953125,5040.2998046875,1830
2026-03-17T05:30:00,5040.2001953125,5044.60009765625,5024.2998046875,5024.5,2195
2026-03-17T06:00:00,5025.2998046875,5027.0,5009.0,5015.89990234375,3436
2026-03-17T06:30:00,5015.60009765625,5021.10009765625,5012.2001953125,5013.89990234375,1565
2026-03-17T07:00:00,5013.7001953125,5022.89990234375,5013.0,5020.60009765625,2441
2026-03-17T07:30:00,5020.5,5031.89990234375,5020.2001953125,5025.0,2241
2026-03-17T08:00:00,5025.2001953125,5033.5,5022.5,5025.2001953125,2518
2026-03-17T08:30:00,5025.2998046875,5029.7001953125,5022.2998046875,5029.0,1995
2026-03-17T09:00:00,5029.2001953125,5030.2998046875,5016.39990234375,5022.10009765625,2914
2026-03-17T09:30:00,5021.5,5022.7998046875,5014.39990234375,5014.7001953125,1864
2026-03-17T10:00:00,5014.7001953125,5020.7001953125,5005.39990234375,5008.10009765625,3652
2026-03-17T10:30:00,5007.7998046875,5014.10009765625,4994.7998046875,5004.39990234375,4497
2026-03-17T11:00:00,5004.0,5014.39990234375,5001.0,5011.39990234375,2192
2026-03-17T11:30:00,5011.5,5016.10009765625,5006.2001953125,5007.2998046875,1938
2026-03-17T12:00:00,5007.0,5025.5,5003.2998046875,5024.89990234375,3777
2026-03-17T12:30:00,5025.0,5029.0,5014.7001953125,5016.2998046875,4281
2026-03-17T13:00:00,5016.60009765625,5024.2998046875,5015.0,5017.10009765625,3651
2026-03-17T13:30:00,5017.5,5036.7001953125,5010.60009765625,5021.89990234375,8356
2026-03-17T14:00:00,5021.60009765625,5026.5,5011.39990234375,5013.2001953125,3630
2026-03-17T14:30:00,5012.89990234375,5024.2998046875,5007.2001953125,5012.5,4425
2026-03-17T15:00:00,5011.89990234375,5022.2001953125,4997.7001953125,4999.0,6495
2026-03-17T15:30:00,4999.5,5005.2001953125,4977.0,5002.60009765625,9564
2026-03-17T16:00:00,5002.5,5010.0,4995.60009765625,5008.2001953125,3882
2026-03-17T16:30:00,5008.39990234375,5010.2998046875,5002.0,5006.39990234375,3070
2026-03-17T17:00:00,5006.5,5013.7001953125,5006.10009765625,5007.39990234375,4219
2026-03-17T17:30:00,5007.39990234375,5011.2001953125,5001.0,5007.0,3025
2026-03-17T18:00:00,5007.39990234375,5013.5,5005.5,5008.2001953125,1545
2026-03-17T18:30:00,5008.0,5012.2001953125,5003.89990234375,5007.5,1232
2026-03-17T19:00:00,5007.10009765625,5009.39990234375,5002.2998046875,5004.0,1465
2026-03-17T19:30:00,5004.2001953125,5008.0,5000.39990234375,5005.10009765625,1837
2026-03-17T20:00:00,5004.89990234375,5011.0,5004.7001953125,5008.60009765625,795
2026-03-17T20:30:00,5008.60009765625,5011.60009765625,5006.0,5011.2998046875,898
2026-03-17T22:00:00,5010.60009765625,5011.2001953125,5001.10009765625,5006.2998046875,249
2026-03-17T22:30:00,5005.5,5007.10009765625,4996.89990234375,5003.60009765625,752
2026-03-17T23:00:00,5003.39990234375,5007.10009765625,5002.2001953125,5003.7001953125,387
2026-03-17T23:30:00,5003.7998046875,5007.89990234375,5003.60009765625,5006.60009765625,200
2026-03-18T00:00:00,5006.60009765625,5017.2998046875,5005.0,5007.39990234375,1634
2026-03-18T00:30:00,5006.89990234375,5012.7998046875,5004.7001953125,5008.39990234375,1540
2026-03-18T01:00:00,5008.89990234375,5022.0,5002.0,5012.7998046875,2605
2026-03-18T01:30:00,5012.39990234375,5014.10009765625,4994.2998046875,5002.2001953125,2521
2026-03-18T02:00:00,5002.2001953125,5010.7001953125,4999.7001953125,5005.60009765625,958
2026-03-18T02:30:00,5006.0,5007.39990234375,4993.0,4994.89990234375,1229
2026-03-18T03:00:00,4994.89990234375,5000.0,4988.5,4999.2998046875,1544
2026-03-18T03:30:00,4999.5,5000.89990234375,4991.7998046875,4992.7001953125,544
2026-03-18T04:00:00,4994.5,4997.0,4992.39990234375,4993.39990234375,680
2026-03-18T04:30:00,4994.0,4994.0,4984.89990234375,4989.89990234375,1899
2026-03-18T05:00:00,4990.39990234375,4996.2998046875,4987.7001953125,4994.0,1669
2026-03-18T05:30:00,4994.2998046875,5006.2001953125,4990.5,5001.10009765625,2113
2026-03-18T06:00:00,5000.39990234375,5015.0,4999.60009765625,5012.5,2133
2026-03-18T06:30:00,5012.7998046875,5020.5,5012.2998046875,5013.7998046875,2311
2026-03-18T07:00:00,5014.10009765625,5019.39990234375,5010.2998046875,5013.2998046875,1432
2026-03-18T07:30:00,5013.5,5014.0,4994.7001953125,4999.10009765625,2502
2026-03-18T08:00:00,4999.0,5001.7001953125,4987.5,4993.2001953125,4983
2026-03-18T08:30:00,4992.7998046875,4996.10009765625,4981.10009765625,4990.7001953125,5745
2026-03-18T09:00:00,4991.10009765625,4998.5,4988.7001953125,4996.60009765625,2609
2026-03-18T09:30:00,4996.7998046875,5000.0,4995.0,4996.39990234375,1417
2026-03-18T10:00:00,4996.2998046875,4996.39990234375,4985.10009765625,4986.89990234375,2461
2026-03-18T10:30:00,4986.7998046875,4991.89990234375,4962.60009765625,4971.7001953125,8869
2026-03-18T11:00:00,4971.7001953125,4977.7001953125,4950.0,4952.2998046875,7460
2026-03-18T11:30:00,4952.0,4965.7001953125,4928.0,4933.2998046875,11075
2026-03-18T12:00:00,4933.89990234375,4935.89990234375,4897.2998046875,4903.7001953125,14254
2026-03-18T12:30:00,4905.7001953125,4906.0,4873.0,4884.39990234375,16630
2026-03-18T13:00:00,4884.0,4884.2001953125,4837.10009765625,4864.2001953125,17737
2026-03-18T13:30:00,4864.5,4889.2001953125,4852.89990234375,4881.7998046875,12305
2026-03-18T14:00:00,4881.89990234375,4899.0,4862.10009765625,4863.7998046875,9247
2026-03-18T14:30:00,4864.2998046875,4876.10009765625,4859.39990234375,4873.10009765625,5373
2026-03-18T15:00:00,4872.89990234375,4883.60009765625,4869.10009765625,4875.39990234375,5104
2026-03-18T15:30:00,4875.0,4879.0,4864.5,4866.2998046875,2976
2026-03-18T16:00:00,4866.2001953125,4887.2001953125,4864.7001953125,4886.7001953125,3163
2026-03-18T16:30:00,4886.7001953125,4894.7998046875,4877.2001953125,4891.2001953125,4171
2026-03-18T17:00:00,4891.39990234375,4902.60009765625,4888.10009765625,4895.39990234375,5674
2026-03-18T17:30:00,4895.7001953125,4904.0,4891.5,4895.10009765625,4877
2026-03-18T18:00:00,4895.2001953125,4904.5,4880.7998046875,4890.10009765625,6028
2026-03-18T18:30:00,4890.2001953125,4892.7001953125,4856.2001953125,4857.2998046875,6067
2026-03-18T19:00:00,4856.89990234375,4868.89990234375,4847.0,4852.39990234375,6595
2026-03-18T19:30:00,4852.2001953125,4864.10009765625,4841.39990234375,4846.7998046875,4518
2026-03-18T20:00:00,4846.5,4852.10009765625,4811.60009765625,4814.2998046875,4802
2026-03-18T20:30:00,4813.7001953125,4830.7001953125,4809.2998046875,4823.89990234375,3113
2026-03-18T22:00:00,4828.0,4839.89990234375,4806.0,4818.0,2074
2026-03-18T22:30:00,4818.5,4842.0,4811.60009765625,4837.10009765625,1613
2026-03-18T23:00:00,4836.5,4843.10009765625,4830.5,4839.7998046875,1144
2026-03-18T23:30:00,4839.2001953125,4845.0,4832.0,4839.2001953125,793
2026-03-19T00:00:00,4838.39990234375,4850.7998046875,4837.60009765625,4844.2001953125,1362
2026-03-19T00:30:00,4843.5,4850.60009765625,4839.10009765625,4842.60009765625,1345
2026-03-19T01:00:00,4842.2998046875,4855.0,4833.7001953125,4847.2001953125,2547
2026-03-19T01:30:00,4847.10009765625,4868.7001953125,4844.0,4851.2998046875,3011
2026-03-19T02:00:00,4851.2001953125,4859.2001953125,4842.60009765625,4858.60009765625,1542
2026-03-19T02:30:00,4858.5,4863.39990234375,4854.89990234375,4859.5,1242
2026-03-19T03:00:00,4859.7998046875,4867.39990234375,4856.5,4861.7001953125,1178
2026-03-19T03:30:00,4861.2998046875,4861.7998046875,4852.2998046875,4852.7001953125,860
2026-03-19T04:00:00,4852.39990234375,4855.2001953125,4848.7001953125,4851.2998046875,678
2026-03-19T04:30:00,4851.89990234375,4854.39990234375,4847.0,4851.7998046875,515
2026-03-19T05:00:00,4851.5,4855.7001953125,4848.0,4849.10009765625,1195
2026-03-19T05:30:00,4848.10009765625,4848.2998046875,4828.10009765625,4829.2001953125,3103
2026-03-19T06:00:00,4829.10009765625,4844.2001953125,4813.7998046875,4815.2998046875,2934
2026-03-19T06:30:00,4815.60009765625,4821.5,4749.0,4765.2001953125,11357
2026-03-19T07:00:00,4765.2998046875,4786.0,4759.2001953125,4772.60009765625,4789
2026-03-19T07:30:00,4772.0,4773.39990234375,4727.2998046875,4729.60009765625,6565
2026-03-19T08:00:00,4729.2998046875,4742.2001953125,4703.0,4720.2998046875,8557
2026-03-19T08:30:00,4719.7998046875,4724.0,4688.0,4710.60009765625,7557
2026-03-19T09:00:00,4711.2001953125,4724.89990234375,4690.2998046875,4711.60009765625,6922
2026-03-19T09:30:00,4710.7998046875,4728.10009765625,4698.10009765625,4701.10009765625,5864
2026-03-19T10:00:00,4700.60009765625,4722.0,4672.5,4685.60009765625,6726
2026-03-19T10:30:00,4685.7001953125,4703.2998046875,4669.39990234375,4681.89990234375,9715
2026-03-19T11:00:00,4682.2998046875,4702.7001953125,4679.5,4689.7001953125,7560
2026-03-19T11:30:00,4689.89990234375,4699.5,4652.39990234375,4654.39990234375,9322
2026-03-19T12:00:00,4654.89990234375,4657.0,4605.0,4608.5,16309
2026-03-19T12:30:00,4608.5,4620.7998046875,4533.10009765625,4577.2998046875,23920
2026-03-19T13:00:00,4576.10009765625,4584.0,4505.0,4578.89990234375,23569
2026-03-19T13:30:00,4579.39990234375,4625.0,4540.7001953125,4624.0,18202
2026-03-19T14:00:00,4624.89990234375,4651.7998046875,4586.60009765625,4587.2998046875,19260
2026-03-19T14:30:00,4586.7998046875,4630.39990234375,4583.39990234375,4603.5,10317
2026-03-19T15:00:00,4603.2001953125,4641.7001953125,4595.2001953125,4605.5,9951
2026-03-19T15:30:00,4604.89990234375,4613.7001953125,4566.0,4598.2998046875,10956
2026-03-19T16:00:00,4598.0,4628.0,4594.5,4602.2001953125,7681
2026-03-19T16:30:00,4602.60009765625,4610.60009765625,4579.2001953125,4587.10009765625,5552
2026-03-19T17:00:00,4587.2001953125,4617.0,4576.7001953125,4606.2998046875,7940
2026-03-19T17:30:00,4606.89990234375,4633.2998046875,4602.89990234375,4618.7998046875,6164
2026-03-19T18:00:00,4619.2998046875,4621.7001953125,4603.60009765625,4611.39990234375,3437
2026-03-19T18:30:00,4611.5,4626.2998046875,4598.7001953125,4625.7998046875,3719
2026-03-19T19:00:00,4625.7998046875,4666.89990234375,4625.7998046875,4647.2998046875,9056
2026-03-19T19:30:00,4647.89990234375,4653.7001953125,4635.0,4647.89990234375,5048
2026-03-19T20:00:00,4647.5,4664.2001953125,4646.0,4660.2001953125,1940
2026-03-19T20:30:00,4660.7998046875,4664.7001953125,4650.2001953125,4651.89990234375,1543
2026-03-19T22:00:00,4653.89990234375,4679.5,4652.7998046875,4668.5,1731
2026-03-19T22:30:00,4668.10009765625,4668.10009765625,4638.0,4638.10009765625,1340
2026-03-19T23:00:00,4638.7001953125,4650.0,4638.7001953125,4646.0,1115
2026-03-19T23:30:00,4646.7998046875,4650.0,4635.7998046875,4645.5,978
2026-03-20T00:00:00,4645.5,4666.60009765625,4643.89990234375,4650.0,1781
2026-03-20T00:30:00,4650.39990234375,4661.7001953125,4646.60009765625,4649.5,1258
2026-03-20T01:00:00,4649.60009765625,4681.5,4640.5,4664.2001953125,4247
2026-03-20T01:30:00,4664.5,4701.5,4663.5,4679.10009765625,4429
2026-03-20T02:00:00,4680.0,4691.39990234375,4672.2001953125,4685.0,2302
2026-03-20T02:30:00,4685.39990234375,4704.5,4680.0,4699.2998046875,2808
2026-03-20T03:00:00,4698.89990234375,4737.10009765625,4694.39990234375,4734.60009765625,3717
2026-03-20T03:30:00,4734.7998046875,4738.2001953125,4722.10009765625,4725.2001953125,1993
2026-03-20T04:00:00,4726.2998046875,4728.0,4717.60009765625,4723.60009765625,1443
2026-03-20T04:30:00,4723.7998046875,4727.10009765625,4715.5,4722.0,1233
2026-03-20T05:00:00,4722.0,4724.10009765625,4711.0,4720.39990234375,1543
2026-03-20T05:30:00,4719.89990234375,4720.39990234375,4686.7998046875,4689.89990234375,3952
2026-03-20T06:00:00,4690.0,4702.60009765625,4681.2001953125,4689.2001953125,3112
2026-03-20T06:30:00,4689.39990234375,4690.7001953125,4661.60009765625,4670.2998046875,4019
2026-03-20T07:00:00,4669.89990234375,4689.7998046875,4668.7998046875,4689.0,3471
2026-03-20T07:30:00,4689.0,4709.0,4686.2001953125,4707.2001953125,3297
2026-03-20T08:00:00,4707.7001953125,4736.2998046875,4702.89990234375,4724.10009765625,6207
2026-03-20T08:30:00,4724.2998046875,4724.39990234375,4685.2001953125,4695.10009765625,5336
2026-03-20T09:00:00,4694.5,4701.7998046875,4685.10009765625,4693.0,2754
2026-03-20T09:30:00,4693.39990234375,4693.39990234375,4660.5,4668.39990234375,4429
2026-03-20T10:00:00,4668.2998046875,4670.10009765625,4646.39990234375,4658.2998046875,5255
2026-03-20T10:30:00,4658.2998046875,4670.5,4639.10009765625,4646.39990234375,4831
2026-03-20T11:00:00,4645.7998046875,4670.2998046875,4638.2001953125,4666.7001953125,3759
2026-03-20T11:30:00,4667.2001953125,4676.0,4658.7998046875,4673.39990234375,3287
2026-03-20T12:00:00,4673.39990234375,4696.89990234375,4673.39990234375,4679.5,6195
2026-03-20T12:30:00,4679.7998046875,4683.2001953125,4662.7998046875,4679.0,5260
2026-03-20T13:00:00,4679.39990234375,4680.5,4654.10009765625,4661.10009765625,6392
2026-03-20T13:30:00,4660.89990234375,4666.60009765625,4613.10009765625,4617.0,13473
2026-03-20T14:00:00,4617.10009765625,4623.2001953125,4551.10009765625,4560.60009765625,15607
2026-03-20T14:30:00,4558.2001953125,4585.89990234375,4547.60009765625,4564.89990234375,10600
2026-03-20T15:00:00,4564.5,4582.39990234375,4542.10009765625,4564.7001953125,10543
2026-03-20T15:30:00,4564.39990234375,4577.7998046875,4545.7001953125,4555.2998046875,6120
2026-03-20T16:00:00,4554.89990234375,4616.2998046875,4554.0,4586.89990234375,10246
2026-03-20T16:30:00,4586.60009765625,4594.89990234375,4568.7998046875,4585.2998046875,6526
2026-03-20T17:00:00,4585.60009765625,4602.5,4570.7001953125,4574.2001953125,7487
2026-03-20T17:30:00,4574.60009765625,4579.5,4556.7001953125,4575.89990234375,6069
2026-03-20T18:00:00,4576.10009765625,4580.5,4538.7001953125,4557.0,4835
2026-03-20T18:30:00,4556.39990234375,4559.2998046875,4478.39990234375,4500.7001953125,11414
2026-03-20T19:00:00,4501.2998046875,4517.60009765625,4487.39990234375,4500.0,5572
2026-03-20T19:30:00,4500.7998046875,4518.7001953125,4494.10009765625,4503.7998046875,4490
2026-03-20T20:00:00,4503.5,4516.60009765625,4495.60009765625,4503.0,2271
2026-03-20T20:30:00,4503.2001953125,4574.89990234375,4488.5,4492.0,1732
2026-03-22T22:00:00,4511.7001953125,4537.10009765625,4490.0,4525.0,3262
2026-03-22T22:30:00,4525.7001953125,4527.10009765625,4490.2001953125,4498.10009765625,2488
2026-03-22T23:00:00,4499.2998046875,4511.2001953125,4482.60009765625,4486.2001953125,3383
2026-03-22T23:30:00,4485.0,4494.39990234375,4453.2001953125,4465.89990234375,3944
2026-03-23T00:00:00,4466.2001953125,4474.7998046875,4406.39990234375,4428.7998046875,8428
2026-03-23T00:30:00,4429.60009765625,4438.2001953125,4322.0,4356.39990234375,15505
2026-03-23T01:00:00,4357.7001953125,4444.89990234375,4330.0,4423.5,10515
2026-03-23T01:30:00,4424.0,4455.0,4381.7001953125,4390.0,6131
2026-03-23T02:00:00,4389.39990234375,4423.7998046875,4384.5,4402.60009765625,5862
2026-03-23T02:30:00,4401.7001953125,4404.10009765625,4356.0,4362.2998046875,6267
2026-03-23T03:00:00,4362.0,4379.39990234375,4349.2001953125,4354.0,5172
2026-03-23T03:30:00,4354.0,4367.10009765625,4337.5,4355.2998046875,3557
2026-03-23T04:00:00,4355.89990234375,4374.89990234375,4355.89990234375,4371.7998046875,2541
2026-03-23T04:30:00,4371.10009765625,4385.0,4353.2001953125,4370.89990234375,3618
2026-03-23T05:00:00,4370.5,4383.2001953125,4354.7001953125,4360.2998046875,2479
2026-03-23T05:30:00,4359.60009765625,4359.60009765625,4305.5,4314.10009765625,9070
2026-03-23T06:00:00,4313.7998046875,4317.10009765625,4244.39990234375,4248.39990234375,16150
2026-03-23T06:30:00,4249.60009765625,4255.5,4166.0,4225.10009765625,17926
2026-03-23T07:00:00,4224.7998046875,4227.0,4100.0,4137.2001953125,17879
2026-03-23T07:30:00,4137.10009765625,4233.7998046875,4132.2998046875,4205.7001953125,14483
2026-03-23T08:00:00,4206.5,4258.60009765625,4203.60009765625,4228.60009765625,12642
2026-03-23T08:30:00,4228.60009765625,4273.2998046875,4220.7001953125,4251.7001953125,9007
2026-03-23T09:00:00,4252.60009765625,4306.0,4246.89990234375,4306.0,8554
2026-03-23T09:30:00,4305.7001953125,4310.2998046875,4224.10009765625,4254.5,10144
2026-03-23T10:00:00,4254.7001953125,4276.0,4244.2998046875,4270.0,4719
2026-03-23T10:30:00,4270.2998046875,4283.0,4241.7998046875,4270.0,5489
2026-03-23T11:00:00,4270.39990234375,4466.2998046875,4270.10009765625,4400.39990234375,21229
2026-03-23T11:30:00,4402.39990234375,4434.5,4363.39990234375,4379.2001953125,11959
2026-03-23T12:00:00,4380.10009765625,4407.7001953125,4338.0,4391.7998046875,9487
2026-03-23T12:30:00,4391.89990234375,4495.5,4375.5,4480.60009765625,12140
2026-03-23T13:00:00,4481.60009765625,4489.0,4407.0,4412.5,12052
2026-03-23T13:30:00,4412.7001953125,4470.2001953125,4404.0,4457.60009765625,11217
2026-03-23T14:00:00,4457.60009765625,4516.5,4455.89990234375,4489.2001953125,13201
2026-03-23T14:30:00,4488.7001953125,4507.2998046875,4459.10009765625,4463.5,10561
2026-03-23T15:00:00,4464.39990234375,4488.89990234375,4428.5,4448.2998046875,11985
2026-03-23T15:30:00,4448.2998046875,4457.7001953125,4350.7998046875,4365.60009765625,13673
2026-03-23T16:00:00,4364.10009765625,4392.2001953125,4354.10009765625,4357.2998046875,9253
2026-03-23T16:30:00,4357.5,4394.0,4356.0,4378.10009765625,5919
2026-03-23T17:00:00,4378.0,4416.2998046875,4372.7001953125,4407.2001953125,12726
2026-03-23T17:30:00,4407.39990234375,4441.5,4405.7998046875,4428.7998046875,5321
2026-03-23T18:00:00,4428.89990234375,4433.10009765625,4404.7998046875,4427.89990234375,2913
2026-03-23T18:30:00,4428.5,4469.5,4427.60009765625,4451.0,3920
2026-03-23T19:00:00,4451.60009765625,4452.5,4394.60009765625,4412.2001953125,5161
2026-03-23T19:30:00,4412.7998046875,4430.0,4399.39990234375,4401.5,4080
2026-03-23T20:00:00,4400.7001953125,4415.5,4385.0,4409.10009765625,1694
2026-03-23T20:30:00,4409.7998046875,4416.10009765625,4398.5,4410.39990234375,797
2026-03-23T22:00:00,4414.7998046875,4423.10009765625,4363.5,4416.89990234375,1759
2026-03-23T22:30:00,4416.7998046875,4433.7998046875,4400.7998046875,4429.89990234375,1398
2026-03-23T23:00:00,4428.7001953125,4450.5,4425.5,4444.2998046875,1644
2026-03-23T23:30:00,4443.0,4448.2998046875,4424.0,4442.7998046875,1546
2026-03-24T00:00:00,4442.7001953125,4448.39990234375,4369.89990234375,4380.2998046875,3084
2026-03-24T00:30:00,4380.0,4389.7001953125,4329.0,4366.89990234375,4593
2026-03-24T01:00:00,4366.60009765625,4376.89990234375,4330.7001953125,4356.7998046875,5209
2026-03-24T01:30:00,4356.89990234375,4369.7998046875,4309.2001953125,4323.39990234375,4022
2026-03-24T02:00:00,4323.10009765625,4354.10009765625,4306.2998046875,4353.0,3579
2026-03-24T02:30:00,4352.0,4380.10009765625,4345.2998046875,4366.89990234375,3042
2026-03-24T03:00:00,4367.10009765625,4368.60009765625,4350.5,4365.39990234375,1630
2026-03-24T03:30:00,4365.10009765625,4365.7001953125,4335.39990234375,4346.7998046875,1443
2026-03-24T04:00:00,4347.39990234375,4357.7001953125,4327.0,4339.60009765625,1604
2026-03-24T04:30:00,4339.2998046875,4350.0,4332.60009765625,4334.0,977
2026-03-24T05:00:00,4334.5,4347.39990234375,4319.89990234375,4336.0,2365
2026-03-24T05:30:00,4336.2001953125,4375.39990234375,4322.10009765625,4349.5,3867
2026-03-24T06:00:00,4348.89990234375,4398.89990234375,4345.5,4390.0,3259
2026-03-24T06:30:00,4388.5,4406.7001953125,4375.89990234375,4403.7998046875,2854
2026-03-24T07:00:00,4402.5,4427.60009765625,4401.7998046875,4413.7998046875,4345
2026-03-24T07:30:00,4413.5,4437.60009765625,4401.0,4420.2001953125,4127
2026-03-24T08:00:00,4420.10009765625,4423.60009765625,4392.7001953125,4398.10009765625,5444
2026-03-24T08:30:00,4397.2998046875,4416.2998046875,4393.2001953125,4413.5,3356
2026-03-24T09:00:00,4413.10009765625,4420.89990234375,4397.2998046875,4408.7001953125,3339
2026-03-24T09:30:00,4408.10009765625,4432.2001953125,4406.10009765625,4427.7001953125,3350
2026-03-24T10:00:00,4428.0,4435.10009765625,4417.0,4423.60009765625,4068
2026-03-24T10:30:00,4423.10009765625,4442.89990234375,4415.2001953125,4439.7001953125,3516
2026-03-24T11:00:00,4438.89990234375,4443.2001953125,4372.39990234375,4414.39990234375,8550
2026-03-24T11:30:00,4413.2998046875,4432.2001953125,4390.89990234375,4408.0,5594
2026-03-24T12:00:00,4408.2001953125,4427.60009765625,4396.2998046875,4402.5,5622
2026-03-24T12:30:00,4402.39990234375,4407.0,4361.7001953125,4378.7001953125,9567
2026-03-24T13:00:00,4379.0,4390.7001953125,4354.60009765625,4357.60009765625,9107
2026-03-24T13:30:00,4356.2998046875,4383.39990234375,4350.39990234375,4382.5,10996
2026-03-24T14:00:00,4381.0,4415.39990234375,4380.39990234375,4409.7998046875,8215
2026-03-24T14:30:00,4409.0,4435.0,4400.2998046875,4416.2998046875,8979
2026-03-24T15:00:00,4415.7998046875,4421.2001953125,4396.5,4413.7998046875,8295
2026-03-24T15:30:00,4414.10009765625,4431.2001953125,4410.2001953125,4412.7998046875,5851
2026-03-24T16:00:00,4412.39990234375,4427.10009765625,4403.7001953125,4422.0,6631
2026-03-24T16:30:00,4422.10009765625,4428.89990234375,4409.60009765625,4422.2001953125,4926
2026-03-24T17:00:00,4422.2001953125,4427.60009765625,4388.7998046875,4401.0,7796
2026-03-24T17:30:00,4400.5,4401.0,4372.2001953125,4388.2998046875,5998
2026-03-24T18:00:00,4388.2998046875,4410.0,4383.60009765625,4407.2001953125,3080
2026-03-24T18:30:00,4407.7001953125,4424.5,4384.0,4390.89990234375,4823
2026-03-24T19:00:00,4390.0,4411.89990234375,4389.39990234375,4407.7998046875,1734
2026-03-24T19:30:00,4408.0,4408.0,4394.7998046875,4400.89990234375,1834
2026-03-24T20:00:00,4400.7998046875,4485.60009765625,4397.7001953125,4456.89990234375,5542
2026-03-24T20:30:00,4456.39990234375,4483.89990234375,4448.5,4474.89990234375,3887
2026-03-24T22:00:00,4473.5,4492.2998046875,4468.89990234375,4473.39990234375,1924
2026-03-24T22:30:00,4472.2001953125,4487.7001953125,4458.2001953125,4487.7001953125,1492
2026-03-24T23:00:00,4487.5,4513.60009765625,4475.39990234375,4513.5,3376
2026-03-24T23:30:00,4513.7998046875,4555.0,4507.7001953125,4549.2001953125,5957
2026-03-25T00:00:00,4549.0,4559.5,4540.5,4555.60009765625,5350
2026-03-25T00:30:00,4555.39990234375,4572.7998046875,4549.0,4564.89990234375,5425
2026-03-25T01:00:00,4564.7998046875,4579.0,4553.2998046875,4575.60009765625,5954
2026-03-25T01:30:00,4575.10009765625,4600.0,4574.39990234375,4593.2001953125,7973
2026-03-25T02:00:00,4593.2998046875,4594.7001953125,4578.2998046875,4585.0,4278
2026-03-25T02:30:00,4585.7001953125,4601.0,4579.60009765625,4581.89990234375,4935
2026-03-25T03:00:00,4581.5,4584.39990234375,4570.0,4574.0,3811
2026-03-25T03:30:00,4574.0,4576.2998046875,4566.10009765625,4567.7998046875,2265
2026-03-25T04:00:00,4568.5,4573.2001953125,4563.89990234375,4572.60009765625,1916
2026-03-25T04:30:00,4572.5,4572.7001953125,4564.39990234375,4571.2001953125,1161
2026-03-25T05:00:00,4571.10009765625,4572.0,4553.0,4554.10009765625,2515
2026-03-25T05:30:00,4553.7001953125,4566.5,4546.7001953125,4555.0,3395
2026-03-25T06:00:00,4555.0,4556.0,4532.5,4549.7001953125,4511
2026-03-25T06:30:00,4550.0,4556.10009765625,4541.89990234375,4543.7998046875,3106
2026-03-25T07:00:00,4543.89990234375,4561.7998046875,4543.39990234375,4559.5,4497
2026-03-25T07:30:00,4559.7998046875,4559.7998046875,4536.7001953125,4539.0,5060
2026-03-25T08:00:00,4539.2001953125,4568.7001953125,4535.60009765625,4565.2998046875,5505
2026-03-25T08:30:00,4565.10009765625,4567.5,4553.10009765625,4555.60009765625,4777
2026-03-25T09:00:00,4555.7001953125,4567.0,4553.5,4557.39990234375,3098
2026-03-25T09:30:00,4556.89990234375,4559.2001953125,4525.7001953125,4550.39990234375,7394
2026-03-25T10:00:00,4550.7001953125,4559.2001953125,4549.60009765625,4554.10009765625,3685
2026-03-25T10:30:00,4553.7001953125,4561.2998046875,4549.5,4557.10009765625,2501
2026-03-25T11:00:00,4557.5,4581.39990234375,4554.60009765625,4578.10009765625,4398
2026-03-25T11:30:00,4578.39990234375,4586.2001953125,4571.2001953125,4577.39990234375,3963
2026-03-25T12:00:00,4577.7998046875,4582.5,4538.2998046875,4543.5,8144
2026-03-25T12:30:00,4543.7001953125,4553.0,4519.5,4542.39990234375,8972
2026-03-25T13:00:00,4542.7998046875,4570.0,4540.0,4567.60009765625,8262
2026-03-25T13:30:00,4567.5,4575.7998046875,4539.2001953125,4543.2998046875,11964
2026-03-25T14:00:00,4543.2998046875,4561.10009765625,4531.2001953125,4561.10009765625,8055
2026-03-25T14:30:00,4561.2998046875,4577.60009765625,4555.60009765625,4565.2998046875,6129
2026-03-25T15:00:00,4565.2001953125,4567.60009765625,4522.0,4559.2001953125,11486
2026-03-25T15:30:00,4559.2001953125,4564.10009765625,4552.2001953125,4557.39990234375,6413
2026-03-25T16:00:00,4557.10009765625,4563.2001953125,4543.5,4553.60009765625,5136
2026-03-25T16:30:00,4553.5,4558.89990234375,4548.0,4553.39990234375,3153
2026-03-25T17:00:00,4553.5,4556.2998046875,4540.7998046875,4551.2001953125,12466
2026-03-25T17:30:00,4551.60009765625,4561.7001953125,4543.5,4548.2001953125,6628
2026-03-25T18:00:00,4548.0,4566.60009765625,4543.0,4549.5,6043
2026-03-25T18:30:00,4550.2998046875,4555.2998046875,4528.2001953125,4535.7001953125,3470
2026-03-25T19:00:00,4535.0,4537.2998046875,4484.2998046875,4510.39990234375,8294
2026-03-25T19:30:00,4511.10009765625,4531.39990234375,4503.7001953125,4528.7001953125,4171
2026-03-25T20:00:00,4528.2998046875,4539.60009765625,4519.7001953125,4520.7998046875,2005
2026-03-25T20:30:00,4521.0,4522.39990234375,4492.89990234375,4503.2998046875,2303
2026-03-25T22:00:00,4508.89990234375,4528.7001953125,4501.89990234375,4508.5,1035
2026-03-25T22:30:00,4507.7998046875,4531.10009765625,4504.2998046875,4513.89990234375,1500
2026-03-25T23:00:00,4513.89990234375,4515.2001953125,4493.5,4502.39990234375,1747
2026-03-25T23:30:00,4501.7998046875,4507.89990234375,4485.60009765625,4495.2998046875,1851
2026-03-26T00:00:00,4495.2998046875,4532.7998046875,4495.2001953125,4522.89990234375,2886
2026-03-26T00:30:00,4522.10009765625,4536.60009765625,4521.89990234375,4533.2998046875,1681
2026-03-26T01:00:00,4533.0,4541.60009765625,4523.60009765625,4530.60009765625,2434
2026-03-26T01:30:00,4531.60009765625,4534.2001953125,4518.7001953125,4532.0,1269
2026-03-26T02:00:00,4532.2998046875,4532.2998046875,4520.7998046875,4525.10009765625,1358
2026-03-26T02:30:00,4524.10009765625,4527.10009765625,4501.89990234375,4505.2001953125,2184
2026-03-26T03:00:00,4505.10009765625,4509.7998046875,4495.7998046875,4502.89990234375,1723
2026-03-26T03:30:00,4502.7001953125,4515.0,4502.7001953125,4510.2001953125,928
2026-03-26T04:00:00,4513.2998046875,4518.2998046875,4508.0,4517.10009765625,942
2026-03-26T04:30:00,4517.60009765625,4520.89990234375,4512.89990234375,4516.89990234375,807
2026-03-26T05:00:00,4517.0,4518.7001953125,4485.7001953125,4490.5,2315
2026-03-26T05:30:00,4490.5,4492.0,4434.89990234375,4435.0,7173
2026-03-26T06:00:00,4434.7001953125,4446.60009765625,4412.10009765625,4437.2998046875,5872
2026-03-26T06:30:00,4436.5,4456.39990234375,4427.2001953125,4452.89990234375,4460
2026-03-26T07:00:00,4453.10009765625,4456.60009765625,4434.2998046875,4444.5,3900
2026-03-26T07:30:00,4445.10009765625,4460.5,4443.7998046875,4449.39990234375,4235
2026-03-26T08:00:00,4448.7001953125,4456.0,4421.0,4425.10009765625,5184
2026-03-26T08:30:00,4425.10009765625,4436.89990234375,4409.2998046875,4424.7998046875,6666
2026-03-26T09:00:00,4425.39990234375,4434.10009765625,4415.2998046875,4429.7998046875,5339
2026-03-26T09:30:00,4429.2001953125,4429.2001953125,4412.10009765625,4421.2998046875,4992
2026-03-26T10:00:00,4421.10009765625,4445.2998046875,4414.60009765625,4439.2001953125,3863
2026-03-26T10:30:00,4439.0,4444.2001953125,4420.2001953125,4440.2001953125,7331
2026-03-26T11:00:00,4440.5,4453.10009765625,4436.39990234375,4439.7001953125,4554
2026-03-26T11:30:00,4440.0,4449.10009765625,4415.89990234375,4419.7001953125,7292
2026-03-26T12:00:00,4420.10009765625,4442.39990234375,4412.7001953125,4435.7998046875,6611
2026-03-26T12:30:00,4435.7998046875,4442.5,4425.39990234375,4426.7998046875,6589
2026-03-26T13:00:00,4426.5,4451.2001953125,4417.60009765625,4445.7998046875,9123
2026-03-26T13:30:00,4445.10009765625,4457.7998046875,4426.10009765625,4450.10009765625,12697
2026-03-26T14:00:00,4450.39990234375,4466.89990234375,4433.7001953125,4456.2998046875,10650
2026-03-26T14:30:00,4455.7998046875,4476.60009765625,4442.60009765625,4461.89990234375,11078
2026-03-26T15:00:00,4461.5,4466.10009765625,4445.7001953125,4451.2998046875,7924
2026-03-26T15:30:00,4450.2998046875,4450.5,4429.7998046875,4434.0,10112
2026-03-26T16:00:00,4434.0,4438.89990234375,4380.60009765625,4392.2998046875,13747
2026-03-26T16:30:00,4391.5,4391.5,4362.7998046875,4385.2998046875,11189
2026-03-26T17:00:00,4384.89990234375,4398.5,4372.5,4378.89990234375,9944
2026-03-26T17:30:00,4379.0,4388.89990234375,4373.2001953125,4377.60009765625,6262
2026-03-26T18:00:00,4377.2001953125,4387.60009765625,4363.7001953125,4370.60009765625,4281
2026-03-26T18:30:00,4370.7998046875,4394.5,4370.10009765625,4391.0,3122
2026-03-26T19:00:00,4391.7001953125,4395.89990234375,4374.7001953125,4377.2998046875,3386
2026-03-26T19:30:00,4377.5,4384.89990234375,4356.39990234375,4361.2998046875,4448
2026-03-26T20:00:00,4361.10009765625,4412.10009765625,4348.2001953125,4400.2001953125,8541
2026-03-26T20:30:00,4400.60009765625,4416.7998046875,4368.39990234375,4376.89990234375,3356
2026-03-26T22:00:00,4371.7998046875,4403.10009765625,4369.10009765625,4393.5,549
2026-03-26T22:30:00,4391.0,4409.60009765625,4390.7001953125,4406.5,552
2026-03-26T23:00:00,4404.89990234375,4408.5,4383.7998046875,4393.60009765625,684
2026-03-26T23:30:00,4394.0,4402.2998046875,4390.0,4400.2998046875,927
2026-03-27T00:00:00,4399.39990234375,4405.2998046875,4377.10009765625,4385.39990234375,606
2026-03-27T00:30:00,4387.7001953125,4390.7001953125,4370.5,4374.0,562
2026-03-27T01:00:00,4372.2998046875,4400.5,4372.2998046875,4400.2998046875,696
2026-03-27T01:30:00,4400.60009765625,4414.2998046875,4397.89990234375,4411.39990234375,704
2026-03-27T02:00:00,4413.39990234375,4433.60009765625,4413.39990234375,4425.7998046875,655
2026-03-27T02:30:00,4425.7001953125,4434.60009765625,4419.7998046875,4426.10009765625,304
2026-03-27T03:00:00,4427.0,4430.7998046875,4415.0,4430.0,314
2026-03-27T03:30:00,4430.2001953125,4440.2001953125,4426.2001953125,4432.0,251
2026-03-27T04:00:00,4431.7998046875,4434.2001953125,4426.2001953125,4428.0,136
2026-03-27T04:30:00,4429.39990234375,4444.2001953125,4428.7998046875,4440.89990234375,260
2026-03-27T05:00:00,4440.10009765625,4441.5,4434.7001953125,4437.2001953125,723
2026-03-27T05:30:00,4437.2998046875,4469.2998046875,4437.2998046875,4448.89990234375,718
2026-03-27T06:00:00,4448.0,4466.7998046875,4446.0,4457.0,450
2026-03-27T06:30:00,4456.7998046875,4462.60009765625,4449.10009765625,4453.60009765625,353
2026-03-27T07:00:00,4453.10009765625,4456.7001953125,4441.2001953125,4446.60009765625,1040
2026-03-27T07:30:00,4445.60009765625,4483.2001953125,4445.39990234375,4475.2001953125,32313
2026-03-27T08:00:00,4475.2998046875,4478.2001953125,4458.10009765625,4461.7998046875,4825
2026-03-27T08:30:00,4461.7001953125,4467.2998046875,4451.2998046875,4452.10009765625,3059
2026-03-27T09:00:00,4452.0,4464.10009765625,4448.2998046875,4462.5,3338
2026-03-27T09:30:00,4462.60009765625,4466.2001953125,4457.0,4457.60009765625,1171
2026-03-27T10:00:00,4457.2001953125,4461.0,4452.0,4457.10009765625,3946
2026-03-27T10:30:00,4457.10009765625,4458.39990234375,4438.60009765625,4442.7998046875,4518
2026-03-27T11:00:00,4443.2998046875,4445.2001953125,4432.2001953125,4442.89990234375,4302
2026-03-27T11:30:00,4443.0,4453.7001953125,4441.2998046875,4447.5,4774
2026-03-27T12:00:00,4447.60009765625,4461.60009765625,4439.7998046875,4456.7998046875,5085
2026-03-27T12:30:00,4457.0,4472.39990234375,4451.7998046875,4465.39990234375,4719
2026-03-27T13:00:00,4465.5,4471.2001953125,4445.0,4449.2001953125,7982
2026-03-27T13:30:00,4449.89990234375,4470.0,4441.0,4458.60009765625,8575
2026-03-27T14:00:00,4460.5,4499.5,4459.0,4484.2001953125,11670
2026-03-27T14:30:00,4483.89990234375,4545.5,4480.60009765625,4540.10009765625,13921
2026-03-27T15:00:00,4540.2998046875,4585.2998046875,4531.60009765625,4573.10009765625,18641
2026-03-27T15:30:00,4573.7001953125,4582.7998046875,4551.2998046875,4554.39990234375,7864
2026-03-27T16:00:00,4554.60009765625,4563.7998046875,4548.10009765625,4558.7998046875,6643
2026-03-27T16:30:00,4558.5,4559.10009765625,4535.7998046875,4546.5,8478
2026-03-27T17:00:00,4546.5,4552.7001953125,4516.7998046875,4524.7001953125,10739
2026-03-27T17:30:00,4524.39990234375,4530.39990234375,4515.0,4515.5,6222
2026-03-27T18:00:00,4515.7998046875,4540.60009765625,4515.7998046875,4539.0,3555
2026-03-27T18:30:00,4538.89990234375,4558.2998046875,4538.2998046875,4546.10009765625,3364
2026-03-27T19:00:00,4547.10009765625,4553.10009765625,4536.0,4552.10009765625,2328
2026-03-27T19:30:00,4552.10009765625,4555.2001953125,4529.39990234375,4543.10009765625,3768
2026-03-27T20:00:00,4543.5,4549.2998046875,4532.7998046875,4535.7001953125,1995
2026-03-27T20:30:00,4535.39990234375,4540.89990234375,4518.89990234375,4521.2998046875,2469
2026-03-29T22:00:00,4510.10009765625,4538.0,4506.2998046875,4534.60009765625,1919
2026-03-29T22:30:00,4535.39990234375,4538.89990234375,4507.60009765625,4512.2998046875,2057
2026-03-29T23:00:00,4513.39990234375,4521.10009765625,4493.0,4500.0,2009
2026-03-29T23:30:00,4500.0,4500.5,4472.0,4476.89990234375,3859
2026-03-30T00:00:00,4477.0,4494.2001953125,4444.7001953125,4477.39990234375,6555
2026-03-30T00:30:00,4477.5,4486.60009765625,4458.7001953125,4461.2001953125,2617
2026-03-30T01:00:00,4460.60009765625,4495.60009765625,4460.2998046875,4477.2998046875,4419
2026-03-30T01:30:00,4477.7001953125,4506.39990234375,4474.5,4498.5,2839
2026-03-30T02:00:00,4498.7998046875,4503.7001953125,4494.5,4502.10009765625,1511
2026-03-30T02:30:00,4501.0,4528.7001953125,4487.7998046875,4510.89990234375,2943
2026-03-30T03:00:00,4510.39990234375,4548.0,4508.10009765625,4536.7998046875,3345
2026-03-30T03:30:00,4536.60009765625,4537.7998046875,4526.0,4528.10009765625,1390
2026-03-30T04:00:00,4526.5,4528.5,4516.2998046875,4520.60009765625,1248
2026-03-30T04:30:00,4520.7998046875,4528.5,4514.89990234375,4526.7998046875,1273
2026-03-30T05:00:00,4526.7998046875,4545.5,4526.60009765625,4534.89990234375,1773
2026-03-30T05:30:00,4534.89990234375,4557.39990234375,4532.2998046875,4551.5,2152
2026-03-30T06:00:00,4551.60009765625,4563.7001953125,4545.7001953125,4556.7998046875,2322
2026-03-30T06:30:00,4557.60009765625,4579.2001953125,4554.2001953125,4560.0,3714
2026-03-30T07:00:00,4559.60009765625,4562.7998046875,4548.0,4550.60009765625,3270
2026-03-30T07:30:00,4550.0,4555.7001953125,4543.2998046875,4555.2001953125,2218
2026-03-30T08:00:00,4555.10009765625,4565.0,4552.7001953125,4556.5,3113
2026-03-30T08:30:00,4556.2998046875,4569.0,4556.2998046875,4566.89990234375,2268
2026-03-30T09:00:00,4566.60009765625,4569.39990234375,4551.2998046875,4556.2001953125,3033
2026-03-30T09:30:00,4555.89990234375,4567.2001953125,4552.5,4562.0,2245
2026-03-30T10:00:00,4561.89990234375,4569.2001953125,4556.60009765625,4560.2001953125,2120
2026-03-30T10:30:00,4560.2001953125,4564.7001953125,4557.2001953125,4561.2001953125,1516
2026-03-30T11:00:00,4561.39990234375,4578.0,4553.89990234375,4573.0,3726
2026-03-30T11:30:00,4573.5,4611.39990234375,4568.0,4589.0,6931
2026-03-30T12:00:00,4589.5,4598.39990234375,4574.60009765625,4596.10009765625,4805
2026-03-30T12:30:00,4595.7998046875,4608.10009765625,4593.89990234375,4599.60009765625,3962
2026-03-30T13:00:00,4599.89990234375,4609.0,4589.0,4598.0,4033
2026-03-30T13:30:00,4597.39990234375,4603.89990234375,4546.7001953125,4553.7001953125,10523
2026-03-30T14:00:00,4553.2001953125,4566.5,4542.0,4549.0,7718
2026-03-30T14:30:00,4548.7998046875,4571.89990234375,4547.39990234375,4569.2001953125,5178
2026-03-30T15:00:00,4569.0,4574.0,4554.5,4561.7001953125,4336
2026-03-30T15:30:00,4561.7001953125,4587.10009765625,4557.5,4578.10009765625,5512
2026-03-30T16:00:00,4578.39990234375,4580.0,4566.60009765625,4566.60009765625,3570
2026-03-30T16:30:00,4566.60009765625,4578.60009765625,4560.10009765625,4569.5,3192
2026-03-30T17:00:00,4569.10009765625,4572.0,4548.5,4557.0,4113
2026-03-30T17:30:00,4556.89990234375,4558.89990234375,4540.89990234375,4544.7998046875,4280
2026-03-30T18:00:00,4545.10009765625,4553.10009765625,4540.89990234375,4543.89990234375,2481
2026-03-30T18:30:00,4544.10009765625,4549.5,4528.0,4528.7998046875,2717
2026-03-30T19:00:00,4528.5,4534.7998046875,4522.7001953125,4531.5,2681
2026-03-30T19:30:00,4531.7001953125,4548.2998046875,4527.7001953125,4543.2001953125,2644
2026-03-30T20:00:00,4543.7001953125,4547.0,4531.7001953125,4535.39990234375,1208
2026-03-30T20:30:00,4536.0,4540.89990234375,4530.2001953125,4540.39990234375,762
2026-03-30T22:00:00,4538.89990234375,4552.5,4530.5,4543.0,1021
2026-03-30T22:30:00,4543.89990234375,4548.10009765625,4536.7001953125,4539.39990234375,484
2026-03-30T23:00:00,4539.10009765625,4539.10009765625,4520.7998046875,4533.39990234375,1191
2026-03-30T23:30:00,4533.10009765625,4550.10009765625,4532.0,4542.10009765625,948
2026-03-31T00:00:00,4541.39990234375,4556.39990234375,4510.0,4539.5,3424
2026-03-31T00:30:00,4538.7998046875,4577.2998046875,4534.0,4576.60009765625,3933
2026-03-31T01:00:00,4576.5,4615.10009765625,4560.89990234375,4611.0,6115
2026-03-31T01:30:00,4611.5,4649.5,4608.2998046875,4635.5,7902
2026-03-31T02:00:00,4634.7001953125,4637.60009765625,4608.89990234375,4612.2001953125,2953
2026-03-31T02:30:00,4612.5,4618.2001953125,4595.7001953125,4597.7998046875,2641
2026-03-31T03:00:00,4597.5,4607.2998046875,4585.5,4591.7001953125,2076
2026-03-31T03:30:00,4591.10009765625,4595.5,4578.5,4584.89990234375,1618
2026-03-31T04:00:00,4585.89990234375,4597.7998046875,4585.5,4590.0,1676
2026-03-31T04:30:00,4589.7998046875,4597.39990234375,4588.39990234375,4592.89990234375,1092
2026-03-31T05:00:00,4592.7001953125,4598.7001953125,4575.7001953125,4589.89990234375,1936
2026-03-31T05:30:00,4589.2998046875,4610.2001953125,4587.2998046875,4597.0,2807
2026-03-31T06:00:00,4596.7001953125,4596.7001953125,4581.39990234375,4589.60009765625,2594
2026-03-31T06:30:00,4589.39990234375,4594.5,4583.2998046875,4586.39990234375,1511
2026-03-31T07:00:00,4586.89990234375,4593.10009765625,4571.7998046875,4581.39990234375,2530
2026-03-31T07:30:00,4581.5,4596.0,4581.39990234375,4594.7001953125,2802
2026-03-31T08:00:00,4594.5,4603.60009765625,4590.60009765625,4602.7001953125,3326
2026-03-31T08:30:00,4602.39990234375,4605.5,4597.7998046875,4599.0,2255
2026-03-31T09:00:00,4599.2998046875,4602.7001953125,4592.0,4592.5,2142
2026-03-31T09:30:00,4592.2998046875,4592.7001953125,4580.10009765625,4585.2998046875,2704
2026-03-31T10:00:00,4584.7001953125,4591.60009765625,4584.5,4590.0,1140
2026-03-31T10:30:00,4589.60009765625,4590.39990234375,4558.89990234375,4576.60009765625,4129
2026-03-31T11:00:00,4577.5,4614.10009765625,4571.0,4605.60009765625,5416
2026-03-31T11:30:00,4605.89990234375,4623.89990234375,4599.10009765625,4612.7998046875,4488
2026-03-31T12:00:00,4613.2998046875,4628.0,4601.7998046875,4609.2001953125,6091
2026-03-31T12:30:00,4609.60009765625,4620.7001953125,4599.39990234375,4604.5,2671
2026-03-31T13:00:00,4605.39990234375,4617.7998046875,4597.7998046875,4603.0,2822
2026-03-31T13:30:00,4603.0,4640.0,4598.2998046875,4637.2998046875,11221
2026-03-31T14:00:00,4637.2001953125,4656.10009765625,4632.39990234375,4649.2001953125,9221
2026-03-31T14:30:00,4649.7001953125,4662.0,4625.2998046875,4628.7001953125,7878
2026-03-31T15:00:00,4629.5,4655.7998046875,4629.2998046875,4640.2998046875,6619
2026-03-31T15:30:00,4640.5,4654.39990234375,4637.2998046875,4640.0,3763
2026-03-31T16:00:00,4640.10009765625,4650.2001953125,4637.5,4648.7001953125,3233
2026-03-31T16:30:00,4648.7001953125,4682.7001953125,4645.7998046875,4669.10009765625,8541
2026-03-31T17:00:00,4669.2001953125,4690.5,4667.0,4679.5,8215
2026-03-31T17:30:00,4679.7001953125,4698.5,4676.5,4685.5,6335
2026-03-31T18:00:00,4685.0,4701.10009765625,4684.10009765625,4694.89990234375,3449
2026-03-31T18:30:00,4695.2001953125,4702.0,4691.2998046875,4698.2001953125,2203
2026-03-31T19:00:00,4698.2001953125,4711.60009765625,4691.7998046875,4703.39990234375,3429
2026-03-31T19:30:00,4703.60009765625,4716.2998046875,4702.7998046875,4713.2998046875,3857
2026-03-31T20:00:00,4713.39990234375,4717.60009765625,4698.39990234375,4699.5,2453
2026-03-31T20:30:00,4699.2998046875,4705.7998046875,4695.0,4699.60009765625,1389
2026-03-31T22:00:00,4698.39990234375,4714.89990234375,4690.0,4703.0,3045
2026-03-31T22:30:00,4702.0,4725.89990234375,4690.10009765625,4709.7001953125,6076
2026-03-31T23:00:00,4709.39990234375,4712.7001953125,4700.2998046875,4711.2998046875,1385
2026-03-31T23:30:00,4710.60009765625,4728.7998046875,4709.2998046875,4723.60009765625,1577
2026-04-01T00:00:00,4723.60009765625,4750.0,4721.5,4749.60009765625,3136
2026-04-01T00:30:00,4749.7998046875,4750.5,4727.7998046875,4738.7998046875,4216
2026-04-01T01:00:00,4738.60009765625,4751.89990234375,4716.7001953125,4735.2001953125,3569
2026-04-01T01:30:00,4734.7001953125,4734.89990234375,4708.2998046875,4718.7998046875,2874
2026-04-01T02:00:00,4719.89990234375,4727.5,4710.0,4714.2001953125,2291
2026-04-01T02:30:00,4714.2001953125,4717.0,4704.5,4711.10009765625,2457
2026-04-01T03:00:00,4710.2998046875,4720.2001953125,4709.0,4713.7001953125,1884
2026-04-01T03:30:00,4713.7001953125,4715.0,4705.5,4707.0,1355
2026-04-01T04:00:00,4707.60009765625,4707.7001953125,4693.0,4698.5,2117
2026-04-01T04:30:00,4698.7001953125,4707.60009765625,4695.0,4702.7001953125,1529
2026-04-01T05:00:00,4702.89990234375,4717.60009765625,4700.7998046875,4712.7998046875,2405
2026-04-01T05:30:00,4713.0,4730.0,4710.10009765625,4710.2998046875,2937
2026-04-01T06:00:00,4710.7998046875,4737.39990234375,4708.89990234375,4734.7001953125,4264
2026-04-01T06:30:00,4734.7001953125,4759.89990234375,4728.2001953125,4757.39990234375,5179
2026-04-01T07:00:00,4757.5,4759.5,4739.2998046875,4749.7001953125,3463
2026-04-01T07:30:00,4749.39990234375,4774.2001953125,4735.60009765625,4739.39990234375,6556
2026-04-01T08:00:00,4739.60009765625,4763.2001953125,4737.0,4757.60009765625,4491
2026-04-01T08:30:00,4757.5,4767.5,4753.7998046875,4755.7998046875,2930
2026-04-01T09:00:00,4755.7998046875,4757.60009765625,4741.10009765625,4746.7001953125,2075
2026-04-01T09:30:00,4746.5,4755.2001953125,4740.0,4750.5,2291
2026-04-01T10:00:00,4750.0,4756.7001953125,4742.39990234375,4755.60009765625,1562
2026-04-01T10:30:00,4755.39990234375,4766.0,4753.39990234375,4758.7001953125,2708
2026-04-01T11:00:00,4758.2001953125,4773.7998046875,4755.2001953125,4772.10009765625,3275
2026-04-01T11:30:00,4772.7998046875,4791.5,4772.2001953125,4780.2001953125,4006
2026-04-01T12:00:00,4780.2001953125,4782.0,4752.10009765625,4762.89990234375,4659
2026-04-01T12:30:00,4762.10009765625,4782.0,4752.0,4752.10009765625,7797
2026-04-01T13:00:00,4752.0,4769.5,4743.2998046875,4763.39990234375,5377
2026-04-01T13:30:00,4763.39990234375,4776.7998046875,4758.0,4765.39990234375,5749
2026-04-01T14:00:00,4765.2001953125,4783.0,4751.2998046875,4770.0,8059
2026-04-01T14:30:00,4769.7001953125,4796.7998046875,4763.0,4788.39990234375,5899
2026-04-01T15:00:00,4788.7998046875,4803.5,4785.2001953125,4800.10009765625,6549
2026-04-01T15:30:00,4800.2001953125,4816.2001953125,4797.0,4814.39990234375,4908
2026-04-01T16:00:00,4814.2998046875,4818.89990234375,4802.10009765625,4804.5,3610
2026-04-01T16:30:00,4804.39990234375,4816.60009765625,4803.39990234375,4815.0,1902
2026-04-01T17:00:00,4815.2001953125,4821.0,4809.7998046875,4812.39990234375,4263
2026-04-01T17:30:00,4812.0,4813.2001953125,4800.39990234375,4801.39990234375,2040
2026-04-01T18:00:00,4801.10009765625,4802.60009765625,4779.10009765625,4780.5,4511
2026-04-01T18:30:00,4781.0,4793.2001953125,4768.2001953125,4779.5,4348
2026-04-01T19:00:00,4780.0,4795.5,4777.60009765625,4792.10009765625,1814
2026-04-01T19:30:00,4792.2998046875,4804.39990234375,4784.10009765625,4791.7001953125,3288
2026-04-01T20:00:00,4791.7001953125,4797.2001953125,4786.89990234375,4788.0,845
2026-04-01T20:30:00,4787.7998046875,4789.7001953125,4780.0,4784.60009765625,738
2026-04-01T22:00:00,4783.0,4799.60009765625,4776.60009765625,4798.0,815
2026-04-01T22:30:00,4797.5,4808.10009765625,4795.89990234375,4801.10009765625,1167
2026-04-01T23:00:00,4802.2001953125,4824.5,4798.5,4819.7998046875,1977
2026-04-01T23:30:00,4820.2998046875,4825.89990234375,4803.0,4808.89990234375,1519
2026-04-02T00:00:00,4809.2998046875,4823.89990234375,4800.0,4815.10009765625,1732
2026-04-02T00:30:00,4814.7998046875,4821.7001953125,4809.60009765625,4810.39990234375,2300
2026-04-02T01:00:00,4811.0,4813.39990234375,4714.5,4724.39990234375,13391
2026-04-02T01:30:00,4723.60009765625,4739.39990234375,4675.7001953125,4723.7998046875,10189
2026-04-02T02:00:00,4723.10009765625,4732.2001953125,4706.10009765625,4718.2998046875,4421
2026-04-02T02:30:00,4717.5,4718.89990234375,4683.39990234375,4715.10009765625,6007
2026-04-02T03:00:00,4714.0,4726.7998046875,4705.60009765625,4719.5,1988
2026-04-02T03:30:00,4718.39990234375,4720.2001953125,4702.7998046875,4707.10009765625,1634
2026-04-02T04:00:00,4703.60009765625,4708.60009765625,4688.7998046875,4692.7001953125,2329
2026-04-02T04:30:00,4692.7998046875,4699.5,4683.7998046875,4698.89990234375,1484
2026-04-02T05:00:00,4699.2998046875,4706.60009765625,4692.60009765625,4703.2998046875,1311
2026-04-02T05:30:00,4702.89990234375,4705.0,4612.2001953125,4622.10009765625,9306
2026-04-02T06:00:00,4621.7998046875,4625.39990234375,4580.39990234375,4617.7998046875,9575
2026-04-02T06:30:00,4616.60009765625,4635.60009765625,4608.2998046875,4625.0,6680
2026-04-02T07:00:00,4624.5,4653.10009765625,4623.7001953125,4646.7998046875,4388
2026-04-02T07:30:00,4646.7998046875,4677.0,4645.0,4668.2001953125,3786
2026-04-02T08:00:00,4668.10009765625,4674.5,4654.60009765625,4659.7001953125,3672
2026-04-02T08:30:00,4659.89990234375,4669.5,4641.60009765625,4646.10009765625,3988
2026-04-02T09:00:00,4645.5,4657.2998046875,4638.2001953125,4646.39990234375,2876
2026-04-02T09:30:00,4646.10009765625,4654.2998046875,4640.7998046875,4647.2998046875,3053
2026-04-02T10:00:00,4647.5,4661.10009765625,4629.5,4644.2998046875,2302
2026-04-02T10:30:00,4644.2998046875,4657.2998046875,4639.2001953125,4646.7001953125,2291
2026-04-02T11:00:00,4647.10009765625,4656.7998046875,4639.10009765625,4640.7998046875,1498
2026-04-02T11:30:00,4640.89990234375,4643.2998046875,4618.7998046875,4626.2001953125,3429
2026-04-02T12:00:00,4626.60009765625,4656.5,4620.7998046875,4653.2001953125,3730
2026-04-02T12:30:00,4653.2998046875,4653.7001953125,4626.2001953125,4628.10009765625,3689
2026-04-02T13:00:00,4628.2998046875,4639.2998046875,4605.5,4622.7001953125,7382
2026-04-02T13:30:00,4622.89990234375,4679.10009765625,4611.2001953125,4672.89990234375,8934
2026-04-02T14:00:00,4672.7001953125,4702.60009765625,4657.60009765625,4691.89990234375,9099
2026-04-02T14:30:00,4691.5,4726.39990234375,4686.2001953125,4707.89990234375,11677
2026-04-02T15:00:00,4708.39990234375,4710.2998046875,4684.0,4698.2001953125,5673
2026-04-02T15:30:00,4699.10009765625,4702.0,4678.5,4687.5,3310
2026-04-02T16:00:00,4686.89990234375,4694.2998046875,4668.60009765625,4676.2998046875,3260
2026-04-02T16:30:00,4676.7001953125,4697.89990234375,4676.2001953125,4686.5,5470
2026-04-02T17:00:00,4685.7001953125,4695.7998046875,4677.7998046875,4679.2001953125,3804
2026-04-02T17:30:00,4679.39990234375,4686.2998046875,4672.7001953125,4675.7001953125,2766
2026-04-02T18:00:00,4676.5,4686.2001953125,4674.10009765625,4678.7001953125,1189
2026-04-02T18:30:00,4678.7998046875,4699.0,4678.7998046875,4695.2001953125,1610
2026-04-02T19:00:00,4695.7998046875,4708.60009765625,4690.89990234375,4691.7001953125,2085
2026-04-02T19:30:00,4691.5,4702.7001953125,4687.7998046875,4697.89990234375,1484
2026-04-02T20:00:00,4698.60009765625,4702.89990234375,4690.39990234375,4693.7001953125,920
2026-04-02T20:30:00,4694.60009765625,4703.60009765625,4693.2998046875,4701.2998046875,1002
