Date,close,high,low,open,volume
1968-01-01,39.31,39.50655,39.11345,39.31,0.0
1968-01-02,35.5,35.5,35.5,35.5,0.0
1968-01-03,39.31,39.50655,39.11345,39.31,0.0
1968-01-04,39.31,39.50655,39.11345,39.31,0.0
1968-01-05,39.31,39.50655,39.11345,39.31,0.0
1968-01-08,39.31,39.50655,39.11345,39.31,0.0
1968-01-09,39.31,39.50655,39.11345,39.31,0.0
1968-01-10,35.5,35.5,35.5,35.5,0.0
1968-01-11,35.5,35.5,35.5,35.5,0.0
1968-01-12,35.5,35.5,35.5,35.5,0.0
1968-01-15,35.5,35.5,35.5,35.5,0.0
1968-01-16,35.5,35.5,35.5,35.5,0.0
1968-01-17,39.31,39.50655,39.11345,39.31,0.0
1968-01-18,35.5,35.5,35.5,35.5,0.0
1968-01-19,35.5,35.5,35.5,35.5,0.0
1968-01-22,39.31,39.50655,39.11345,39.31,0.0
1968-01-23,35.5,35.5,35.5,35.5,0.0
1968-01-24,35.5,35.5,35.5,35.5,0.0
1968-01-25,35.5,35.5,35.5,35.5,0.0
1968-01-26,35.5,35.5,35.5,35.5,0.0
1968-01-29,35.5,35.5,35.5,35.5,0.0
1968-01-30,35.5,35.5,35.5,35.5,0.0
1968-01-31,35.5,35.5,35.5,35.5,0.0
1968-02-01,36.0,36.0,36.0,36.0,0.0
1968-02-02,36.0,36.0,36.0,36.0,0.0
1968-02-05,36.0,36.0,36.0,36.0,0.0
1968-02-06,36.0,36.0,36.0,36.0,0.0
1968-02-07,39.31,39.50655,39.11345,39.31,0.0
1968-02-08,36.0,36.0,36.0,36.0,0.0
1968-02-09,39.31,39.50655,39.11345,39.31,0.0
1968-02-12,39.31,39.50655,39.11345,39.31,0.0
1968-02-13,36.0,36.0,36.0,36.0,0.0
1968-02-14,36.0,36.0,36.0,36.0,0.0
1968-02-15,39.31,39.50655,39.11345,39.31,0.0
1968-02-16,39.31,39.50655,39.11345,39.31,0.0
1968-02-19,36.0,36.0,36.0,36.0,0.0
1968-02-20,36.0,36.0,36.0,36.0,0.0
1968-02-21,39.31,39.50655,39.11345,39.31,0.0
1968-02-22,36.0,36.0,36.0,36.0,0.0
1968-02-23,36.0,36.0,36.0,36.0,0.0
1968-02-26,36.0,36.0,36.0,36.0,0.0
1968-02-27,36.0,36.0,36.0,36.0,0.0
1968-02-28,36.0,36.0,36.0,36.0,0.0
1968-02-29,39.31,39.50655,39.11345,39.31,0.0
1968-03-01,37.0,37.0,37.0,37.0,0.0
1968-03-04,39.31,39.50655,39.11345,39.31,0.0
1968-03-05,37.0,37.0,37.0,37.0,0.0
1968-03-06,37.0,37.0,37.0,37.0,0.0
1968-03-07,37.0,37.0,37.0,37.0,0.0
1968-03-08,37.0,37.0,37.0,37.0,0.0
1968-03-11,37.0,37.0,37.0,37.0,0.0
1968-03-12,37.0,37.0,37.0,37.0,0.0
1968-03-13,39.31,39.50655,39.11345,39.31,0.0
1968-03-14,39.31,39.50655,39.11345,39.31,0.0
1968-03-15,37.0,37.0,37.0,37.0,0.0
1968-03-18,39.31,39.50655,39.11345,39.31,0.0
1968-03-19,39.31,39.50655,39.11345,39.31,0.0
1968-03-20,39.31,39.50655,39.11345,39.31,0.0
1968-03-21,39.31,39.50655,39.11345,39.31,0.0
1968-03-22,39.31,39.50655,39.11345,39.31,0.0
1968-03-25,39.31,39.50655,39.11345,39.31,0.0
1968-03-26,39.31,39.50655,39.11345,39.31,0.0
1968-03-27,39.31,39.50655,39.11345,39.31,0.0
1968-03-28,37.0,37.0,37.0,37.0,0.0
1968-03-29,39.31,39.50655,39.11345,39.31,0.0
1968-04-01,37.86,37.86,37.86,37.86,0.0
1968-04-02,39.31,39.50655,39.11345,39.31,0.0
1968-04-03,37.86,37.86,37.86,37.86,0.0
1968-04-04,37.86,37.86,37.86,37.86,0.0
1968-04-05,37.86,37.86,37.86,37.86,0.0
1968-04-08,37.86,37.86,37.86,37.86,0.0
1968-04-09,37.86,37.86,37.86,37.86,0.0
1968-04-10,39.31,39.50655,39.11345,39.31,0.0
1968-04-11,39.31,39.50655,39.11345,39.31,0.0
1968-04-12,37.86,37.86,37.86,37.86,0.0
1968-04-15,37.86,37.86,37.86,37.86,0.0
1968-04-16,37.86,37.86,37.86,37.86,0.0
1968-04-17,37.86,37.86,37.86,37.86,0.0
1968-04-18,37.86,37.86,37.86,37.86,0.0
1968-04-19,37.86,37.86,37.86,37.86,0.0
1968-04-22,39.31,39.50655,39.11345,39.31,0.0
1968-04-23,37.86,37.86,37.86,37.86,0.0
1968-04-24,37.86,37.86,37.86,37.86,0.0
1968-04-25,37.86,37.86,37.86,37.86,0.0
1968-04-26,37.86,37.86,37.86,37.86,0.0
1968-04-29,39.31,39.50655,39.11345,39.31,0.0
1968-04-30,39.31,39.50655,39.11345,39.31,0.0
1968-05-01,39.31,39.50655,39.11345,39.31,0.0
1968-05-02,39.31,39.50655,39.11345,39.31,0.0
1968-05-03,39.31,39.50655,39.11345,39.31,0.0
1968-05-06,40.7,40.7,40.7,40.7,0.0
1968-05-07,39.31,39.50655,39.11345,39.31,0.0
1968-05-08,40.7,40.7,40.7,40.7,0.0
1968-05-09,40.7,40.7,40.7,40.7,0.0
1968-05-10,40.7,40.7,40.7,40.7,0.0
1968-05-13,39.31,39.50655,39.11345,39.31,0.0
1968-05-14,39.31,39.50655,39.11345,39.31,0.0
1968-05-15,39.31,39.50655,39.11345,39.31,0.0
1968-05-16,39.31,39.50655,39.11345,39.31,0.0
1968-05-17,39.31,39.50655,39.11345,39.31,0.0
1968-05-20,39.31,39.50655,39.11345,39.31,0.0
1968-05-21,39.31,39.50655,39.11345,39.31,0.0
1968-05-22,39.31,39.50655,39.11345,39.31,0.0
1968-05-23,39.31,39.50655,39.11345,39.31,0.0
1968-05-24,39.31,39.50655,39.11345,39.31,0.0
1968-05-27,39.31,39.50655,39.11345,39.31,0.0
1968-05-28,39.31,39.50655,39.11345,39.31,0.0
1968-05-29,39.31,39.50655,39.11345,39.31,0.0
1968-05-30,39.31,39.50655,39.11345,39.31,0.0
1968-05-31,40.7,40.7,40.7,40.7,0.0
1968-06-03,41.14,41.14,41.14,41.14,0.0
1968-06-04,41.14,41.14,41.14,41.14,0.0
1968-06-05,41.14,41.14,41.14,41.14,0.0
1968-06-06,41.14,41.14,41.14,41.14,0.0
1968-06-07,41.14,41.14,41.14,41.14,0.0
1968-06-10,39.31,39.50655,39.11345,39.31,0.0
1968-06-11,39.31,39.50655,39.11345,39.31,0.0
1968-06-12,39.31,39.50655,39.11345,39.31,0.0
1968-06-13,41.14,41.14,41.14,41.14,0.0
1968-06-14,41.14,41.14,41.14,41.14,0.0
1968-06-17,39.31,39.50655,39.11345,39.31,0.0
1968-06-18,39.31,39.50655,39.11345,39.31,0.0
1968-06-19,39.31,39.50655,39.11345,39.31,0.0
1968-06-20,39.31,39.50655,39.11345,39.31,0.0
1968-06-21,41.14,41.14,41.14,41.14,0.0
1968-06-24,41.14,41.14,41.14,41.14,0.0
1968-06-25,39.31,39.50655,39.11345,39.31,0.0
1968-06-26,41.14,41.14,41.14,41.14,0.0
1968-06-27,41.14,41.14,41.14,41.14,0.0
1968-06-28,41.14,41.14,41.14,41.14,0.0
1968-07-01,39.31,39.50655,39.11345,39.31,0.0
1968-07-02,39.46,39.46,39.46,39.46,0.0
1968-07-03,39.31,39.50655,39.11345,39.31,0.0
1968-07-04,39.46,39.46,39.46,39.46,0.0
1968-07-05,39.31,39.50655,39.11345,39.31,0.0
1968-07-08,39.46,39.46,39.46,39.46,0.0
1968-07-09,39.46,39.46,39.46,39.46,0.0
1968-07-10,39.46,39.46,39.46,39.46,0.0
1968-07-11,39.46,39.46,39.46,39.46,0.0
1968-07-12,39.46,39.46,39.46,39.46,0.0
1968-07-15,39.46,39.46,39.46,39.46,0.0
1968-07-16,39.31,39.50655,39.11345,39.31,0.0
1968-07-17,39.31,39.50655,39.11345,39.31,0.0
1968-07-18,39.46,39.46,39.46,39.46,0.0
1968-07-19,39.31,39.50655,39.11345,39.31,0.0
1968-07-22,39.46,39.46,39.46,39.46,0.0
1968-07-23,39.46,39.46,39.46,39.46,0.0
1968-07-24,39.31,39.50655,39.11345,39.31,0.0
1968-07-25,39.31,39.50655,39.11345,39.31,0.0
1968-07-26,39.46,39.46,39.46,39.46,0.0
1968-07-29,39.46,39.46,39.46,39.46,0.0
1968-07-30,39.31,39.50655,39.11345,39.31,0.0
1968-07-31,39.31,39.50655,39.11345,39.31,0.0
1968-08-01,39.19,39.19,39.19,39.19,0.0
1968-08-02,39.31,39.50655,39.11345,39.31,0.0
1968-08-05,39.31,39.50655,39.11345,39.31,0.0
1968-08-06,39.31,39.50655,39.11345,39.31,0.0
1968-08-07,39.31,39.50655,39.11345,39.31,0.0
1968-08-08,39.31,39.50655,39.11345,39.31,0.0
1968-08-09,39.19,39.19,39.19,39.19,0.0
1968-08-12,39.19,39.19,39.19,39.19,0.0
1968-08-13,39.31,39.50655,39.11345,39.31,0.0
1968-08-14,39.31,39.50655,39.11345,39.31,0.0
1968-08-15,39.19,39.19,39.19,39.19,0.0
1968-08-16,39.19,39.19,39.19,39.19,0.0
1968-08-19,39.19,39.19,39.19,39.19,0.0
1968-08-20,39.19,39.19,39.19,39.19,0.0
1968-08-21,39.19,39.19,39.19,39.19,0.0
1968-08-22,39.31,39.50655,39.11345,39.31,0.0
1968-08-23,39.19,39.19,39.19,39.19,0.0
1968-08-26,39.31,39.50655,39.11345,39.31,0.0
1968-08-27,39.19,39.19,39.19,39.19,0.0
1968-08-28,39.19,39.19,39.19,39.19,0.0
1968-08-29,39.31,39.50655,39.11345,39.31,0.0
1968-08-30,39.31,39.50655,39.11345,39.31,0.0
1968-09-02,39.31,39.50655,39.11345,39.31,0.0
1968-09-03,40.18,40.18,40.18,40.18,0.0
1968-09-04,39.31,39.50655,39.11345,39.31,0.0
1968-09-05,40.18,40.18,40.18,40.18,0.0
1968-09-06,39.31,39.50655,39.11345,39.31,0.0
1968-09-09,39.31,39.50655,39.11345,39.31,0.0
1968-09-10,39.31,39.50655,39.11345,39.31,0.0
1968-09-11,39.31,39.50655,39.11345,39.31,0.0
1968-09-12,39.31,39.50655,39.11345,39.31,0.0
1968-09-13,40.18,40.18,40.18,40.18,0.0
1968-09-16,40.18,40.18,40.18,40.18,0.0
1968-09-17,40.18,40.18,40.18,40.18,0.0
1968-09-18,40.18,40.18,40.18,40.18,0.0
1968-09-19,40.18,40.18,40.18,40.18,0.0
1968-09-20,39.31,39.50655,39.11345,39.31,0.0
1968-09-23,40.18,40.18,40.18,40.18,0.0
1968-09-24,40.18,40.18,40.18,40.18,0.0
1968-09-25,39.31,39.50655,39.11345,39.31,0.0
1968-09-26,40.18,40.18,40.18,40.18,0.0
1968-09-27,40.18,40.18,40.18,40.18,0.0
1968-09-30,40.18,40.18,40.18,40.18,0.0
1968-10-01,39.21,39.21,39.21,39.21,0.0
1968-10-02,39.21,39.21,39.21,39.21,0.0
1968-10-03,39.31,39.50655,39.11345,39.31,0.0
1968-10-04,39.31,39.50655,39.11345,39.31,0.0
1968-10-07,39.31,39.50655,39.11345,39.31,0.0
1968-10-08,39.31,39.50655,39.11345,39.31,0.0
1968-10-09,39.21,39.21,39.21,39.21,0.0
1968-10-10,39.21,39.21,39.21,39.21,0.0
1968-10-11,39.31,39.50655,39.11345,39.31,0.0
1968-10-14,39.31,39.50655,39.11345,39.31,0.0
1968-10-15,39.31,39.50655,39.11345,39.31,0.0
1968-10-16,39.21,39.21,39.21,39.21,0.0
1968-10-17,39.31,39.50655,39.11345,39.31,0.0
1968-10-18,39.31,39.50655,39.11345,39.31,0.0
1968-10-21,39.21,39.21,39.21,39.21,0.0
1968-10-22,39.21,39.21,39.21,39.21,0.0
1968-10-23,39.21,39.21,39.21,39.21,0.0
1968-10-24,39.31,39.50655,39.11345,39.31,0.0
1968-10-25,39.21,39.21,39.21,39.21,0.0
1968-10-28,39.31,39.50655,39.11345,39.31,0.0
1968-10-29,39.21,39.21,39.21,39.21,0.0
1968-10-30,39.21,39.21,39.21,39.21,0.0
1968-10-31,39.21,39.21,39.21,39.21,0.0
1968-11-01,39.78,39.78,39.78,39.78,0.0
1968-11-04,39.78,39.78,39.78,39.78,0.0
1968-11-05,39.78,39.78,39.78,39.78,0.0
1968-11-06,39.31,39.50655,39.11345,39.31,0.0
1968-11-07,39.31,39.50655,39.11345,39.31,0.0
1968-11-08,39.78,39.78,39.78,39.78,0.0
1968-11-11,39.31,39.50655,39.11345,39.31,0.0
1968-11-12,39.78,39.78,39.78,39.78,0.0
1968-11-13,39.78,39.78,39.78,39.78,0.0
1968-11-14,39.31,39.50655,39.11345,39.31,0.0
1968-11-15,39.31,39.50655,39.11345,39.31,0.0
1968-11-18,39.78,39.78,39.78,39.78,0.0
1968-11-19,39.78,39.78,39.78,39.78,0.0
1968-11-20,39.31,39.50655,39.11345,39.31,0.0
1968-11-21,39.31,39.50655,39.11345,39.31,0.0
1968-11-22,39.78,39.78,39.78,39.78,0.0
1968-11-25,39.31,39.50655,39.11345,39.31,0.0
1968-11-26,39.78,39.78,39.78,39.78,0.0
1968-11-27,39.78,39.78,39.78,39.78,0.0
1968-11-28,39.31,39.50655,39.11345,39.31,0.0
1968-11-29,39.31,39.50655,39.11345,39.31,0.0
1968-12-02,39.31,39.50655,39.11345,39.31,0.0
1968-12-03,39.31,39.50655,39.11345,39.31,0.0
1968-12-04,41.08,41.08,41.08,41.08,0.0
1968-12-05,39.31,39.50655,39.11345,39.31,0.0
1968-12-06,39.31,39.50655,39.11345,39.31,0.0
1968-12-09,39.31,39.50655,39.11345,39.31,0.0
1968-12-10,39.31,39.50655,39.11345,39.31,0.0
1968-12-11,41.08,41.08,41.08,41.08,0.0
1968-12-12,39.31,39.50655,39.11345,39.31,0.0
1968-12-13,39.31,39.50655,39.11345,39.31,0.0
1968-12-16,41.08,41.08,41.08,41.08,0.0
1968-12-17,41.08,41.08,41.08,41.08,0.0
1968-12-18,41.08,41.08,41.08,41.08,0.0
1968-12-19,39.31,39.50655,39.11345,39.31,0.0
1968-12-20,41.08,41.08,41.08,41.08,0.0
1968-12-23,39.31,39.50655,39.11345,39.31,0.0
1968-12-24,41.08,41.08,41.08,41.08,0.0
1968-12-25,41.08,41.08,41.08,41.08,0.0
1968-12-26,41.08,41.08,41.08,41.08,0.0
1968-12-27,41.08,41.08,41.08,41.08,0.0
1968-12-30,41.08,41.08,41.08,41.08,0.0
1968-12-31,41.08,41.08,41.08,41.08,0.0
1969-01-01,42.3,42.3,42.3,42.3,0.0
1969-01-02,42.3,42.3,42.3,42.3,0.0
1969-01-03,42.3,42.3,42.3,42.3,0.0
1969-01-06,41.28,41.486399999999996,41.0736,41.28,0.0
1969-01-07,42.3,42.3,42.3,42.3,0.0
1969-01-08,42.3,42.3,42.3,42.3,0.0
1969-01-09,41.28,41.486399999999996,41.0736,41.28,0.0
1969-01-10,41.28,41.486399999999996,41.0736,41.28,0.0
1969-01-13,42.3,42.3,42.3,42.3,0.0
1969-01-14,41.28,41.486399999999996,41.0736,41.28,0.0
1969-01-15,42.3,42.3,42.3,42.3,0.0
1969-01-16,41.28,41.486399999999996,41.0736,41.28,0.0
1969-01-17,42.3,42.3,42.3,42.3,0.0
1969-01-20,41.28,41.486399999999996,41.0736,41.28,0.0
1969-01-21,41.28,41.486399999999996,41.0736,41.28,0.0
1969-01-22,41.28,41.486399999999996,41.0736,41.28,0.0
1969-01-23,41.28,41.486399999999996,41.0736,41.28,0.0
1969-01-24,42.3,42.3,42.3,42.3,0.0
1969-01-27,42.3,42.3,42.3,42.3,0.0
1969-01-28,41.28,41.486399999999996,41.0736,41.28,0.0
1969-01-29,41.28,41.486399999999996,41.0736,41.28,0.0
1969-01-30,41.28,41.486399999999996,41.0736,41.28,0.0
1969-01-31,41.28,41.486399999999996,41.0736,41.28,0.0
1969-02-03,42.6,42.6,42.6,42.6,0.0
1969-02-04,41.28,41.486399999999996,41.0736,41.28,0.0
1969-02-05,42.6,42.6,42.6,42.6,0.0
1969-02-06,41.28,41.486399999999996,41.0736,41.28,0.0
1969-02-07,41.28,41.486399999999996,41.0736,41.28,0.0
1969-02-10,41.28,41.486399999999996,41.0736,41.28,0.0
1969-02-11,41.28,41.486399999999996,41.0736,41.28,0.0
1969-02-12,41.28,41.486399999999996,41.0736,41.28,0.0
1969-02-13,41.28,41.486399999999996,41.0736,41.28,0.0
1969-02-14,42.6,42.6,42.6,42.6,0.0
1969-02-17,41.28,41.486399999999996,41.0736,41.28,0.0
1969-02-18,41.28,41.486399999999996,41.0736,41.28,0.0
1969-02-19,41.28,41.486399999999996,41.0736,41.28,0.0
1969-02-20,41.28,41.486399999999996,41.0736,41.28,0.0
1969-02-21,41.28,41.486399999999996,41.0736,41.28,0.0
1969-02-24,41.28,41.486399999999996,41.0736,41.28,0.0
1969-02-25,42.6,42.6,42.6,42.6,0.0
1969-02-26,41.28,41.486399999999996,41.0736,41.28,0.0
1969-02-27,41.28,41.486399999999996,41.0736,41.28,0.0
1969-02-28,41.28,41.486399999999996,41.0736,41.28,0.0
1969-03-03,41.28,41.486399999999996,41.0736,41.28,0.0
1969-03-04,41.28,41.486399999999996,41.0736,41.28,0.0
1969-03-05,41.28,41.486399999999996,41.0736,41.28,0.0
1969-03-06,43.16,43.16,43.16,43.16,0.0
1969-03-07,43.16,43.16,43.16,43.16,0.0
1969-03-10,43.16,43.16,43.16,43.16,0.0
1969-03-11,43.16,43.16,43.16,43.16,0.0
1969-03-12,43.16,43.16,43.16,43.16,0.0
1969-03-13,41.28,41.486399999999996,41.0736,41.28,0.0
1969-03-14,41.28,41.486399999999996,41.0736,41.28,0.0
1969-03-17,43.16,43.16,43.16,43.16,0.0
1969-03-18,41.28,41.486399999999996,41.0736,41.28,0.0
1969-03-19,41.28,41.486399999999996,41.0736,41.28,0.0
1969-03-20,41.28,41.486399999999996,41.0736,41.28,0.0
1969-03-21,43.16,43.16,43.16,43.16,0.0
1969-03-24,41.28,41.486399999999996,41.0736,41.28,0.0
1969-03-25,41.28,41.486399999999996,41.0736,41.28,0.0
1969-03-26,41.28,41.486399999999996,41.0736,41.28,0.0
1969-03-27,41.28,41.486399999999996,41.0736,41.28,0.0
1969-03-28,41.28,41.486399999999996,41.0736,41.28,0.0
1969-03-31,41.28,41.486399999999996,41.0736,41.28,0.0
1969-04-01,43.31,43.31,43.31,43.31,0.0
1969-04-02,43.31,43.31,43.31,43.31,0.0
1969-04-03,41.28,41.486399999999996,41.0736,41.28,0.0
1969-04-04,41.28,41.486399999999996,41.0736,41.28,0.0
1969-04-07,41.28,41.486399999999996,41.0736,41.28,0.0
1969-04-08,41.28,41.486399999999996,41.0736,41.28,0.0
1969-04-09,41.28,41.486399999999996,41.0736,41.28,0.0
1969-04-10,43.31,43.31,43.31,43.31,0.0
1969-04-11,41.28,41.486399999999996,41.0736,41.28,0.0
1969-04-14,43.31,43.31,43.31,43.31,0.0
1969-04-15,41.28,41.486399999999996,41.0736,41.28,0.0
1969-04-16,41.28,41.486399999999996,41.0736,41.28,0.0
1969-04-17,41.28,41.486399999999996,41.0736,41.28,0.0
1969-04-18,43.31,43.31,43.31,43.31,0.0
1969-04-21,43.31,43.31,43.31,43.31,0.0
1969-04-22,41.28,41.486399999999996,41.0736,41.28,0.0
1969-04-23,41.28,41.486399999999996,41.0736,41.28,0.0
1969-04-24,41.28,41.486399999999996,41.0736,41.28,0.0
1969-04-25,43.31,43.31,43.31,43.31,0.0
1969-04-28,43.31,43.31,43.31,43.31,0.0
1969-04-29,43.31,43.31,43.31,43.31,0.0
1969-04-30,43.31,43.31,43.31,43.31,0.0
1969-05-01,43.46,43.46,43.46,43.46,0.0
1969-05-02,43.46,43.46,43.46,43.46,0.0
1969-05-05,43.46,43.46,43.46,43.46,0.0
1969-05-06,43.46,43.46,43.46,43.46,0.0
1969-05-07,41.28,41.486399999999996,41.0736,41.28,0.0
1969-05-08,41.28,41.486399999999996,41.0736,41.28,0.0
1969-05-09,41.28,41.486399999999996,41.0736,41.28,0.0
1969-05-12,43.46,43.46,43.46,43.46,0.0
1969-05-13,41.28,41.486399999999996,41.0736,41.28,0.0
1969-05-14,43.46,43.46,43.46,43.46,0.0
1969-05-15,43.46,43.46,43.46,43.46,0.0
1969-05-16,43.46,43.46,43.46,43.46,0.0
1969-05-19,43.46,43.46,43.46,43.46,0.0
1969-05-20,43.46,43.46,43.46,43.46,0.0
1969-05-21,43.46,43.46,43.46,43.46,0.0
1969-05-22,43.46,43.46,43.46,43.46,0.0
1969-05-23,43.46,43.46,43.46,43.46,0.0
1969-05-26,43.46,43.46,43.46,43.46,0.0
1969-05-27,43.46,43.46,43.46,43.46,0.0
1969-05-28,43.46,43.46,43.46,43.46,0.0
1969-05-29,43.46,43.46,43.46,43.46,0.0
1969-05-30,41.28,41.486399999999996,41.0736,41.28,0.0
1969-06-02,41.28,41.486399999999996,41.0736,41.28,0.0
1969-06-03,41.28,41.486399999999996,41.0736,41.28,0.0
1969-06-04,41.44,41.44,41.44,41.44,0.0
1969-06-05,41.28,41.486399999999996,41.0736,41.28,0.0
1969-06-06,41.28,41.486399999999996,41.0736,41.28,0.0
1969-06-09,41.44,41.44,41.44,41.44,0.0
1969-06-10,41.28,41.486399999999996,41.0736,41.28,0.0
1969-06-11,41.44,41.44,41.44,41.44,0.0
1969-06-12,41.44,41.44,41.44,41.44,0.0
1969-06-13,41.28,41.486399999999996,41.0736,41.28,0.0
1969-06-16,41.44,41.44,41.44,41.44,0.0
1969-06-17,41.44,41.44,41.44,41.44,0.0
1969-06-18,41.44,41.44,41.44,41.44,0.0
1969-06-19,41.28,41.486399999999996,41.0736,41.28,0.0
1969-06-20,41.28,41.486399999999996,41.0736,41.28,0.0
1969-06-23,41.28,41.486399999999996,41.0736,41.28,0.0
1969-06-24,41.28,41.486399999999996,41.0736,41.28,0.0
1969-06-25,41.44,41.44,41.44,41.44,0.0
1969-06-26,41.44,41.44,41.44,41.44,0.0
1969-06-27,41.44,41.44,41.44,41.44,0.0
1969-06-30,41.44,41.44,41.44,41.44,0.0
1969-07-01,41.28,41.486399999999996,41.0736,41.28,0.0
1969-07-02,41.28,41.486399999999996,41.0736,41.28,0.0
1969-07-03,41.76,41.76,41.76,41.76,0.0
1969-07-04,41.28,41.486399999999996,41.0736,41.28,0.0
1969-07-07,41.28,41.486399999999996,41.0736,41.28,0.0
1969-07-08,41.76,41.76,41.76,41.76,0.0
1969-07-09,41.76,41.76,41.76,41.76,0.0
1969-07-10,41.76,41.76,41.76,41.76,0.0
1969-07-11,41.28,41.486399999999996,41.0736,41.28,0.0
1969-07-14,41.76,41.76,41.76,41.76,0.0
1969-07-15,41.76,41.76,41.76,41.76,0.0
1969-07-16,41.28,41.486399999999996,41.0736,41.28,0.0
1969-07-17,41.76,41.76,41.76,41.76,0.0
1969-07-18,41.28,41.486399999999996,41.0736,41.28,0.0
1969-07-21,41.28,41.486399999999996,41.0736,41.28,0.0
1969-07-22,41.28,41.486399999999996,41.0736,41.28,0.0
1969-07-23,41.28,41.486399999999996,41.0736,41.28,0.0
1969-07-24,41.76,41.76,41.76,41.76,0.0
1969-07-25,41.76,41.76,41.76,41.76,0.0
1969-07-28,41.28,41.486399999999996,41.0736,41.28,0.0
1969-07-29,41.76,41.76,41.76,41.76,0.0
1969-07-30,41.76,41.76,41.76,41.76,0.0
1969-07-31,41.76,41.76,41.76,41.76,0.0
1969-08-01,41.28,41.486399999999996,41.0736,41.28,0.0
1969-08-04,41.28,41.486399999999996,41.0736,41.28,0.0
1969-08-05,41.09,41.09,41.09,41.09,0.0
1969-08-06,41.28,41.486399999999996,41.0736,41.28,0.0
1969-08-07,41.28,41.486399999999996,41.0736,41.28,0.0
1969-08-08,41.28,41.486399999999996,41.0736,41.28,0.0
1969-08-11,41.09,41.09,41.09,41.09,0.0
1969-08-12,41.09,41.09,41.09,41.09,0.0
1969-08-13,41.09,41.09,41.09,41.09,0.0
1969-08-14,41.09,41.09,41.09,41.09,0.0
1969-08-15,41.09,41.09,41.09,41.09,0.0
1969-08-18,41.28,41.486399999999996,41.0736,41.28,0.0
1969-08-19,41.09,41.09,41.09,41.09,0.0
1969-08-20,41.28,41.486399999999996,41.0736,41.28,0.0
1969-08-21,41.28,41.486399999999996,41.0736,41.28,0.0
1969-08-22,41.28,41.486399999999996,41.0736,41.28,0.0
1969-08-25,41.28,41.486399999999996,41.0736,41.28,0.0
1969-08-26,41.09,41.09,41.09,41.09,0.0
1969-08-27,41.09,41.09,41.09,41.09,0.0
1969-08-28,41.09,41.09,41.09,41.09,0.0
1969-08-29,41.09,41.09,41.09,41.09,0.0
1969-09-01,41.28,41.486399999999996,41.0736,41.28,0.0
1969-09-02,40.87,40.87,40.87,40.87,0.0
1969-09-03,41.28,41.486399999999996,41.0736,41.28,0.0
1969-09-04,41.28,41.486399999999996,41.0736,41.28,0.0
1969-09-05,41.28,41.486399999999996,41.0736,41.28,0.0
1969-09-08,40.87,40.87,40.87,40.87,0.0
1969-09-09,40.87,40.87,40.87,40.87,0.0
1969-09-10,41.28,41.486399999999996,41.0736,41.28,0.0
1969-09-11,40.87,40.87,40.87,40.87,0.0
1969-09-12,41.28,41.486399999999996,41.0736,41.28,0.0
1969-09-15,41.28,41.486399999999996,41.0736,41.28,0.0
1969-09-16,40.87,40.87,40.87,40.87,0.0
1969-09-17,40.87,40.87,40.87,40.87,0.0
1969-09-18,41.28,41.486399999999996,41.0736,41.28,0.0
1969-09-19,41.28,41.486399999999996,41.0736,41.28,0.0
1969-09-22,41.28,41.486399999999996,41.0736,41.28,0.0
1969-09-23,41.28,41.486399999999996,41.0736,41.28,0.0
1969-09-24,40.87,40.87,40.87,40.87,0.0
1969-09-25,40.87,40.87,40.87,40.87,0.0
1969-09-26,40.87,40.87,40.87,40.87,0.0
1969-09-29,41.28,41.486399999999996,41.0736,41.28,0.0
1969-09-30,41.28,41.486399999999996,41.0736,41.28,0.0
1969-10-01,40.44,40.44,40.44,40.44,0.0
1969-10-02,40.44,40.44,40.44,40.44,0.0
1969-10-03,41.28,41.486399999999996,41.0736,41.28,0.0
1969-10-06,41.28,41.486399999999996,41.0736,41.28,0.0
1969-10-07,41.28,41.486399999999996,41.0736,41.28,0.0
1969-10-08,41.28,41.486399999999996,41.0736,41.28,0.0
1969-10-09,40.44,40.44,40.44,40.44,0.0
1969-10-10,41.28,41.486399999999996,41.0736,41.28,0.0
1969-10-13,41.28,41.486399999999996,41.0736,41.28,0.0
1969-10-14,40.44,40.44,40.44,40.44,0.0
1969-10-15,41.28,41.486399999999996,41.0736,41.28,0.0
1969-10-16,41.28,41.486399999999996,41.0736,41.28,0.0
1969-10-17,41.28,41.486399999999996,41.0736,41.28,0.0
1969-10-20,41.28,41.486399999999996,41.0736,41.28,0.0
1969-10-21,40.44,40.44,40.44,40.44,0.0
1969-10-22,40.44,40.44,40.44,40.44,0.0
1969-10-23,40.44,40.44,40.44,40.44,0.0
1969-10-24,41.28,41.486399999999996,41.0736,41.28,0.0
1969-10-27,40.44,40.44,40.44,40.44,0.0
1969-10-28,41.28,41.486399999999996,41.0736,41.28,0.0
1969-10-29,41.28,41.486399999999996,41.0736,41.28,0.0
1969-10-30,41.28,41.486399999999996,41.0736,41.28,0.0
1969-10-31,40.44,40.44,40.44,40.44,0.0
1969-11-03,41.28,41.486399999999996,41.0736,41.28,0.0
1969-11-04,41.28,41.486399999999996,41.0736,41.28,0.0
1969-11-05,41.28,41.486399999999996,41.0736,41.28,0.0
1969-11-06,41.28,41.486399999999996,41.0736,41.28,0.0
1969-11-07,41.28,41.486399999999996,41.0736,41.28,0.0
1969-11-10,41.28,41.486399999999996,41.0736,41.28,0.0
1969-11-11,37.4,37.4,37.4,37.4,0.0
1969-11-12,41.28,41.486399999999996,41.0736,41.28,0.0
1969-11-13,41.28,41.486399999999996,41.0736,41.28,0.0
1969-11-14,37.4,37.4,37.4,37.4,0.0
1969-11-17,41.28,41.486399999999996,41.0736,41.28,0.0
1969-11-18,37.4,37.4,37.4,37.4,0.0
1969-11-19,41.28,41.486399999999996,41.0736,41.28,0.0
1969-11-20,41.28,41.486399999999996,41.0736,41.28,0.0
1969-11-21,41.28,41.486399999999996,41.0736,41.28,0.0
1969-11-24,41.28,41.486399999999996,41.0736,41.28,0.0
1969-11-25,41.28,41.486399999999996,41.0736,41.28,0.0
1969-11-26,37.4,37.4,37.4,37.4,0.0
1969-11-27,41.28,41.486399999999996,41.0736,41.28,0.0
1969-11-28,37.4,37.4,37.4,37.4,0.0
1969-12-01,35.17,35.17,35.17,35.17,0.0
1969-12-02,41.28,41.486399999999996,41.0736,41.28,0.0
1969-12-03,35.17,35.17,35.17,35.17,0.0
1969-12-04,41.28,41.486399999999996,41.0736,41.28,0.0
1969-12-05,35.17,35.17,35.17,35.17,0.0
1969-12-08,41.28,41.486399999999996,41.0736,41.28,0.0
1969-12-09,41.28,41.486399999999996,41.0736,41.28,0.0
1969-12-10,35.17,35.17,35.17,35.17,0.0
1969-12-11,35.17,35.17,35.17,35.17,0.0
1969-12-12,35.17,35.17,35.17,35.17,0.0
1969-12-15,35.17,35.17,35.17,35.17,0.0
1969-12-16,41.28,41.486399999999996,41.0736,41.28,0.0
1969-12-17,41.28,41.486399999999996,41.0736,41.28,0.0
1969-12-18,35.17,35.17,35.17,35.17,0.0
1969-12-19,35.17,35.17,35.17,35.17,0.0
1969-12-22,35.17,35.17,35.17,35.17,0.0
1969-12-23,41.28,41.486399999999996,41.0736,41.28,0.0
1969-12-24,41.28,41.486399999999996,41.0736,41.28,0.0
1969-12-25,35.17,35.17,35.17,35.17,0.0
1969-12-26,41.28,41.486399999999996,41.0736,41.28,0.0
1969-12-29,41.28,41.486399999999996,41.0736,41.28,0.0
1969-12-30,35.17,35.17,35.17,35.17,0.0
1969-12-31,35.17,35.17,35.17,35.17,0.0
1970-01-01,34.94,34.94,34.94,34.94,0.0
1970-01-02,36.02,36.2001,35.8399,36.02,0.0
1970-01-05,34.94,34.94,34.94,34.94,0.0
1970-01-06,34.94,34.94,34.94,34.94,0.0
1970-01-07,36.02,36.2001,35.8399,36.02,0.0
1970-01-08,34.94,34.94,34.94,34.94,0.0
1970-01-09,34.94,34.94,34.94,34.94,0.0
1970-01-12,34.94,34.94,34.94,34.94,0.0
1970-01-13,34.94,34.94,34.94,34.94,0.0
1970-01-14,36.02,36.2001,35.8399,36.02,0.0
1970-01-15,36.02,36.2001,35.8399,36.02,0.0
1970-01-16,36.02,36.2001,35.8399,36.02,0.0
1970-01-19,36.02,36.2001,35.8399,36.02,0.0
1970-01-20,34.94,34.94,34.94,34.94,0.0
1970-01-21,36.02,36.2001,35.8399,36.02,0.0
1970-01-22,36.02,36.2001,35.8399,36.02,0.0
1970-01-23,34.94,34.94,34.94,34.94,0.0
1970-01-26,36.02,36.2001,35.8399,36.02,0.0
1970-01-27,34.94,34.94,34.94,34.94,0.0
1970-01-28,36.02,36.2001,35.8399,36.02,0.0
1970-01-29,36.02,36.2001,35.8399,36.02,0.0
1970-01-30,34.94,34.94,34.94,34.94,0.0
1970-02-02,34.99,34.99,34.99,34.99,0.0
1970-02-03,34.99,34.99,34.99,34.99,0.0
1970-02-04,36.02,36.2001,35.8399,36.02,0.0
1970-02-05,36.02,36.2001,35.8399,36.02,0.0
1970-02-06,34.99,34.99,34.99,34.99,0.0
1970-02-09,34.99,34.99,34.99,34.99,0.0
1970-02-10,34.99,34.99,34.99,34.99,0.0
1970-02-11,36.02,36.2001,35.8399,36.02,0.0
1970-02-12,34.99,34.99,34.99,34.99,0.0
1970-02-13,36.02,36.2001,35.8399,36.02,0.0
1970-02-16,34.99,34.99,34.99,34.99,0.0
1970-02-17,36.02,36.2001,35.8399,36.02,0.0
1970-02-18,36.02,36.2001,35.8399,36.02,0.0
1970-02-19,36.02,36.2001,35.8399,36.02,0.0
1970-02-20,36.02,36.2001,35.8399,36.02,0.0
1970-02-23,36.02,36.2001,35.8399,36.02,0.0
1970-02-24,36.02,36.2001,35.8399,36.02,0.0
1970-02-25,36.02,36.2001,35.8399,36.02,0.0
1970-02-26,36.02,36.2001,35.8399,36.02,0.0
1970-02-27,34.99,34.99,34.99,34.99,0.0
1970-03-02,35.09,35.09,35.09,35.09,0.0
1970-03-03,36.02,36.2001,35.8399,36.02,0.0
1970-03-04,36.02,36.2001,35.8399,36.02,0.0
1970-03-05,35.09,35.09,35.09,35.09,0.0
1970-03-06,35.09,35.09,35.09,35.09,0.0
1970-03-09,36.02,36.2001,35.8399,36.02,0.0
1970-03-10,35.09,35.09,35.09,35.09,0.0
1970-03-11,35.09,35.09,35.09,35.09,0.0
1970-03-12,35.09,35.09,35.09,35.09,0.0
1970-03-13,35.09,35.09,35.09,35.09,0.0
1970-03-16,35.09,35.09,35.09,35.09,0.0
1970-03-17,36.02,36.2001,35.8399,36.02,0.0
1970-03-18,35.09,35.09,35.09,35.09,0.0
1970-03-19,36.02,36.2001,35.8399,36.02,0.0
1970-03-20,35.09,35.09,35.09,35.09,0.0
1970-03-23,35.09,35.09,35.09,35.09,0.0
1970-03-24,35.09,35.09,35.09,35.09,0.0
1970-03-25,36.02,36.2001,35.8399,36.02,0.0
1970-03-26,36.02,36.2001,35.8399,36.02,0.0
1970-03-27,35.09,35.09,35.09,35.09,0.0
1970-03-30,36.02,36.2001,35.8399,36.02,0.0
1970-03-31,36.02,36.2001,35.8399,36.02,0.0
1970-04-01,36.02,36.2001,35.8399,36.02,0.0
1970-04-02,35.62,35.62,35.62,35.62,0.0
1970-04-03,36.02,36.2001,35.8399,36.02,0.0
1970-04-06,35.62,35.62,35.62,35.62,0.0
1970-04-07,36.02,36.2001,35.8399,36.02,0.0
1970-04-08,35.62,35.62,35.62,35.62,0.0
1970-04-09,36.02,36.2001,35.8399,36.02,0.0
1970-04-10,36.02,36.2001,35.8399,36.02,0.0
1970-04-13,36.02,36.2001,35.8399,36.02,0.0
1970-04-14,36.02,36.2001,35.8399,36.02,0.0
1970-04-15,36.02,36.2001,35.8399,36.02,0.0
1970-04-16,36.02,36.2001,35.8399,36.02,0.0
1970-04-17,36.02,36.2001,35.8399,36.02,0.0
1970-04-20,36.02,36.2001,35.8399,36.02,0.0
1970-04-21,35.62,35.62,35.62,35.62,0.0
1970-04-22,35.62,35.62,35.62,35.62,0.0
1970-04-23,35.62,35.62,35.62,35.62,0.0
1970-04-24,35.62,35.62,35.62,35.62,0.0
1970-04-27,35.62,35.62,35.62,35.62,0.0
1970-04-28,35.62,35.62,35.62,35.62,0.0
1970-04-29,35.62,35.62,35.62,35.62,0.0
1970-04-30,35.62,35.62,35.62,35.62,0.0
1970-05-01,35.95,35.95,35.95,35.95,0.0
1970-05-04,35.95,35.95,35.95,35.95,0.0
1970-05-05,35.95,35.95,35.95,35.95,0.0
1970-05-06,35.95,35.95,35.95,35.95,0.0
1970-05-07,35.95,35.95,35.95,35.95,0.0
1970-05-08,35.95,35.95,35.95,35.95,0.0
1970-05-11,36.02,36.2001,35.8399,36.02,0.0
1970-05-12,36.02,36.2001,35.8399,36.02,0.0
1970-05-13,36.02,36.2001,35.8399,36.02,0.0
1970-05-14,36.02,36.2001,35.8399,36.02,0.0
1970-05-15,36.02,36.2001,35.8399,36.02,0.0
1970-05-18,35.95,35.95,35.95,35.95,0.0
1970-05-19,36.02,36.2001,35.8399,36.02,0.0
1970-05-20,36.02,36.2001,35.8399,36.02,0.0
1970-05-21,36.02,36.2001,35.8399,36.02,0.0
1970-05-22,35.95,35.95,35.95,35.95,0.0
1970-05-25,35.95,35.95,35.95,35.95,0.0
1970-05-26,35.95,35.95,35.95,35.95,0.0
1970-05-27,35.95,35.95,35.95,35.95,0.0
1970-05-28,35.95,35.95,35.95,35.95,0.0
1970-05-29,35.95,35.95,35.95,35.95,0.0
1970-06-01,35.42,35.42,35.42,35.42,0.0
1970-06-02,36.02,36.2001,35.8399,36.02,0.0
1970-06-03,36.02,36.2001,35.8399,36.02,0.0
1970-06-04,35.42,35.42,35.42,35.42,0.0
1970-06-05,36.02,36.2001,35.8399,36.02,0.0
1970-06-08,36.02,36.2001,35.8399,36.02,0.0
1970-06-09,35.42,35.42,35.42,35.42,0.0
1970-06-10,35.42,35.42,35.42,35.42,0.0
1970-06-11,36.02,36.2001,35.8399,36.02,0.0
1970-06-12,35.42,35.42,35.42,35.42,0.0
1970-06-15,35.42,35.42,35.42,35.42,0.0
1970-06-16,35.42,35.42,35.42,35.42,0.0
1970-06-17,36.02,36.2001,35.8399,36.02,0.0
1970-06-18,35.42,35.42,35.42,35.42,0.0
1970-06-19,35.42,35.42,35.42,35.42,0.0
1970-06-22,35.42,35.42,35.42,35.42,0.0
1970-06-23,36.02,36.2001,35.8399,36.02,0.0
1970-06-24,36.02,36.2001,35.8399,36.02,0.0
1970-06-25,36.02,36.2001,35.8399,36.02,0.0
1970-06-26,36.02,36.2001,35.8399,36.02,0.0
1970-06-29,36.02,36.2001,35.8399,36.02,0.0
1970-06-30,35.42,35.42,35.42,35.42,0.0
1970-07-01,36.02,36.2001,35.8399,36.02,0.0
1970-07-02,36.02,36.2001,35.8399,36.02,0.0
1970-07-03,35.32,35.32,35.32,35.32,0.0
1970-07-06,35.32,35.32,35.32,35.32,0.0
1970-07-07,35.32,35.32,35.32,35.32,0.0
1970-07-08,36.02,36.2001,35.8399,36.02,0.0
1970-07-09,36.02,36.2001,35.8399,36.02,0.0
1970-07-10,36.02,36.2001,35.8399,36.02,0.0
1970-07-13,36.02,36.2001,35.8399,36.02,0.0
1970-07-14,36.02,36.2001,35.8399,36.02,0.0
1970-07-15,36.02,36.2001,35.8399,36.02,0.0
1970-07-16,35.32,35.32,35.32,35.32,0.0
1970-07-17,36.02,36.2001,35.8399,36.02,0.0
1970-07-20,36.02,36.2001,35.8399,36.02,0.0
1970-07-21,36.02,36.2001,35.8399,36.02,0.0
1970-07-22,35.32,35.32,35.32,35.32,0.0
1970-07-23,35.32,35.32,35.32,35.32,0.0
1970-07-24,36.02,36.2001,35.8399,36.02,0.0
1970-07-27,35.32,35.32,35.32,35.32,0.0
1970-07-28,36.02,36.2001,35.8399,36.02,0.0
1970-07-29,35.32,35.32,35.32,35.32,0.0
1970-07-30,35.32,35.32,35.32,35.32,0.0
1970-07-31,35.32,35.32,35.32,35.32,0.0
1970-08-03,35.38,35.38,35.38,35.38,0.0
1970-08-04,36.02,36.2001,35.8399,36.02,0.0
1970-08-05,36.02,36.2001,35.8399,36.02,0.0
1970-08-06,36.02,36.2001,35.8399,36.02,0.0
1970-08-07,36.02,36.2001,35.8399,36.02,0.0
1970-08-10,35.38,35.38,35.38,35.38,0.0
1970-08-11,35.38,35.38,35.38,35.38,0.0
1970-08-12,35.38,35.38,35.38,35.38,0.0
1970-08-13,36.02,36.2001,35.8399,36.02,0.0
1970-08-14,35.38,35.38,35.38,35.38,0.0
1970-08-17,36.02,36.2001,35.8399,36.02,0.0
1970-08-18,35.38,35.38,35.38,35.38,0.0
1970-08-19,35.38,35.38,35.38,35.38,0.0
1970-08-20,35.38,35.38,35.38,35.38,0.0
1970-08-21,36.02,36.2001,35.8399,36.02,0.0
1970-08-24,36.02,36.2001,35.8399,36.02,0.0
1970-08-25,36.02,36.2001,35.8399,36.02,0.0
1970-08-26,36.02,36.2001,35.8399,36.02,0.0
1970-08-27,36.02,36.2001,35.8399,36.02,0.0
1970-08-28,35.38,35.38,35.38,35.38,0.0
1970-08-31,35.38,35.38,35.38,35.38,0.0
1970-09-01,36.19,36.19,36.19,36.19,0.0
1970-09-02,36.02,36.2001,35.8399,36.02,0.0
1970-09-03,36.19,36.19,36.19,36.19,0.0
1970-09-04,36.19,36.19,36.19,36.19,0.0
1970-09-07,36.19,36.19,36.19,36.19,0.0
1970-09-08,36.02,36.2001,35.8399,36.02,0.0
1970-09-09,36.02,36.2001,35.8399,36.02,0.0
1970-09-10,36.02,36.2001,35.8399,36.02,0.0
1970-09-11,36.02,36.2001,35.8399,36.02,0.0
1970-09-14,36.19,36.19,36.19,36.19,0.0
1970-09-15,36.02,36.2001,35.8399,36.02,0.0
1970-09-16,36.19,36.19,36.19,36.19,0.0
1970-09-17,36.02,36.2001,35.8399,36.02,0.0
1970-09-18,36.19,36.19,36.19,36.19,0.0
1970-09-21,36.02,36.2001,35.8399,36.02,0.0
1970-09-22,36.02,36.2001,35.8399,36.02,0.0
1970-09-23,36.02,36.2001,35.8399,36.02,0.0
1970-09-24,36.02,36.2001,35.8399,36.02,0.0
1970-09-25,36.02,36.2001,35.8399,36.02,0.0
1970-09-28,36.02,36.2001,35.8399,36.02,0.0
1970-09-29,36.02,36.2001,35.8399,36.02,0.0
1970-09-30,36.19,36.19,36.19,36.19,0.0
1970-10-01,37.52,37.52,37.52,37.52,0.0
1970-10-02,37.52,37.52,37.52,37.52,0.0
1970-10-05,37.52,37.52,37.52,37.52,0.0
1970-10-06,37.52,37.52,37.52,37.52,0.0
1970-10-07,36.02,36.2001,35.8399,36.02,0.0
1970-10-08,37.52,37.52,37.52,37.52,0.0
1970-10-09,37.52,37.52,37.52,37.52,0.0
1970-10-12,36.02,36.2001,35.8399,36.02,0.0
1970-10-13,37.52,37.52,37.52,37.52,0.0
1970-10-14,37.52,37.52,37.52,37.52,0.0
1970-10-15,36.02,36.2001,35.8399,36.02,0.0
1970-10-16,36.02,36.2001,35.8399,36.02,0.0
1970-10-19,36.02,36.2001,35.8399,36.02,0.0
1970-10-20,37.52,37.52,37.52,37.52,0.0
1970-10-21,37.52,37.52,37.52,37.52,0.0
1970-10-22,36.02,36.2001,35.8399,36.02,0.0
1970-10-23,36.02,36.2001,35.8399,36.02,0.0
1970-10-26,37.52,37.52,37.52,37.52,0.0
1970-10-27,36.02,36.2001,35.8399,36.02,0.0
1970-10-28,36.02,36.2001,35.8399,36.02,0.0
1970-10-29,37.52,37.52,37.52,37.52,0.0
1970-10-30,36.02,36.2001,35.8399,36.02,0.0
1970-11-02,37.44,37.44,37.44,37.44,0.0
1970-11-03,37.44,37.44,37.44,37.44,0.0
1970-11-04,36.02,36.2001,35.8399,36.02,0.0
1970-11-05,37.44,37.44,37.44,37.44,0.0
1970-11-06,36.02,36.2001,35.8399,36.02,0.0
1970-11-09,37.44,37.44,37.44,37.44,0.0
1970-11-10,37.44,37.44,37.44,37.44,0.0
1970-11-11,36.02,36.2001,35.8399,36.02,0.0
1970-11-12,36.02,36.2001,35.8399,36.02,0.0
1970-11-13,36.02,36.2001,35.8399,36.02,0.0
1970-11-16,36.02,36.2001,35.8399,36.02,0.0
1970-11-17,36.02,36.2001,35.8399,36.02,0.0
1970-11-18,37.44,37.44,37.44,37.44,0.0
1970-11-19,36.02,36.2001,35.8399,36.02,0.0
1970-11-20,37.44,37.44,37.44,37.44,0.0
1970-11-23,37.44,37.44,37.44,37.44,0.0
1970-11-24,36.02,36.2001,35.8399,36.02,0.0
1970-11-25,36.02,36.2001,35.8399,36.02,0.0
1970-11-26,36.02,36.2001,35.8399,36.02,0.0
1970-11-27,37.44,37.44,37.44,37.44,0.0
1970-11-30,36.02,36.2001,35.8399,36.02,0.0
1970-12-01,37.44,37.44,37.44,37.44,0.0
1970-12-02,37.44,37.44,37.44,37.44,0.0
1970-12-03,37.44,37.44,37.44,37.44,0.0
1970-12-04,36.02,36.2001,35.8399,36.02,0.0
1970-12-07,36.02,36.2001,35.8399,36.02,0.0
1970-12-08,36.02,36.2001,35.8399,36.02,0.0
1970-12-09,36.02,36.2001,35.8399,36.02,0.0
1970-12-10,36.02,36.2001,35.8399,36.02,0.0
1970-12-11,37.44,37.44,37.44,37.44,0.0
1970-12-14,36.02,36.2001,35.8399,36.02,0.0
1970-12-15,37.44,37.44,37.44,37.44,0.0
1970-12-16,36.02,36.2001,35.8399,36.02,0.0
1970-12-17,36.02,36.2001,35.8399,36.02,0.0
1970-12-18,37.44,37.44,37.44,37.44,0.0
1970-12-21,36.02,36.2001,35.8399,36.02,0.0
1970-12-22,36.02,36.2001,35.8399,36.02,0.0
1970-12-23,37.44,37.44,37.44,37.44,0.0
1970-12-24,36.02,36.2001,35.8399,36.02,0.0
1970-12-25,37.44,37.44,37.44,37.44,0.0
1970-12-28,36.02,36.2001,35.8399,36.02,0.0
1970-12-29,37.44,37.44,37.44,37.44,0.0
1970-12-30,36.02,36.2001,35.8399,36.02,0.0
1970-12-31,37.44,37.44,37.44,37.44,0.0
1971-01-01,37.88,37.88,37.88,37.88,0.0
1971-01-04,40.62,40.8231,40.4169,40.62,0.0
1971-01-05,37.88,37.88,37.88,37.88,0.0
1971-01-06,40.62,40.8231,40.4169,40.62,0.0
1971-01-07,40.62,40.8231,40.4169,40.62,0.0
1971-01-08,37.88,37.88,37.88,37.88,0.0
1971-01-11,40.62,40.8231,40.4169,40.62,0.0
1971-01-12,40.62,40.8231,40.4169,40.62,0.0
1971-01-13,37.88,37.88,37.88,37.88,0.0
1971-01-14,40.62,40.8231,40.4169,40.62,0.0
1971-01-15,40.62,40.8231,40.4169,40.62,0.0
1971-01-18,37.88,37.88,37.88,37.88,0.0
1971-01-19,40.62,40.8231,40.4169,40.62,0.0
1971-01-20,40.62,40.8231,40.4169,40.62,0.0
1971-01-21,40.62,40.8231,40.4169,40.62,0.0
1971-01-22,40.62,40.8231,40.4169,40.62,0.0
1971-01-25,40.62,40.8231,40.4169,40.62,0.0
1971-01-26,40.62,40.8231,40.4169,40.62,0.0
1971-01-27,40.62,40.8231,40.4169,40.62,0.0
1971-01-28,37.88,37.88,37.88,37.88,0.0
1971-01-29,37.88,37.88,37.88,37.88,0.0
1971-02-01,38.74,38.74,38.74,38.74,0.0
1971-02-02,38.74,38.74,38.74,38.74,0.0
1971-02-03,38.74,38.74,38.74,38.74,0.0
1971-02-04,38.74,38.74,38.74,38.74,0.0
1971-02-05,38.74,38.74,38.74,38.74,0.0
1971-02-08,38.74,38.74,38.74,38.74,0.0
1971-02-09,38.74,38.74,38.74,38.74,0.0
1971-02-10,38.74,38.74,38.74,38.74,0.0
1971-02-11,40.62,40.8231,40.4169,40.62,0.0
1971-02-12,40.62,40.8231,40.4169,40.62,0.0
1971-02-15,40.62,40.8231,40.4169,40.62,0.0
1971-02-16,40.62,40.8231,40.4169,40.62,0.0
1971-02-17,38.74,38.74,38.74,38.74,0.0
1971-02-18,38.74,38.74,38.74,38.74,0.0
1971-02-19,38.74,38.74,38.74,38.74,0.0
1971-02-22,38.74,38.74,38.74,38.74,0.0
1971-02-23,38.74,38.74,38.74,38.74,0.0
1971-02-24,40.62,40.8231,40.4169,40.62,0.0
1971-02-25,40.62,40.8231,40.4169,40.62,0.0
1971-02-26,38.74,38.74,38.74,38.74,0.0
1971-03-01,38.87,38.87,38.87,38.87,0.0
1971-03-02,40.62,40.8231,40.4169,40.62,0.0
1971-03-03,38.87,38.87,38.87,38.87,0.0
1971-03-04,40.62,40.8231,40.4169,40.62,0.0
1971-03-05,40.62,40.8231,40.4169,40.62,0.0
1971-03-08,40.62,40.8231,40.4169,40.62,0.0
1971-03-09,40.62,40.8231,40.4169,40.62,0.0
1971-03-10,40.62,40.8231,40.4169,40.62,0.0
1971-03-11,40.62,40.8231,40.4169,40.62,0.0
1971-03-12,38.87,38.87,38.87,38.87,0.0
1971-03-15,40.62,40.8231,40.4169,40.62,0.0
1971-03-16,38.87,38.87,38.87,38.87,0.0
1971-03-17,38.87,38.87,38.87,38.87,0.0
1971-03-18,38.87,38.87,38.87,38.87,0.0
1971-03-19,40.62,40.8231,40.4169,40.62,0.0
1971-03-22,38.87,38.87,38.87,38.87,0.0
1971-03-23,40.62,40.8231,40.4169,40.62,0.0
1971-03-24,38.87,38.87,38.87,38.87,0.0
1971-03-25,38.87,38.87,38.87,38.87,0.0
1971-03-26,38.87,38.87,38.87,38.87,0.0
1971-03-29,38.87,38.87,38.87,38.87,0.0
1971-03-30,38.87,38.87,38.87,38.87,0.0
1971-03-31,40.62,40.8231,40.4169,40.62,0.0
1971-04-01,40.62,40.8231,40.4169,40.62,0.0
1971-04-02,39.01,39.01,39.01,39.01,0.0
1971-04-05,39.01,39.01,39.01,39.01,0.0
1971-04-06,39.01,39.01,39.01,39.01,0.0
1971-04-07,39.01,39.01,39.01,39.01,0.0
1971-04-08,39.01,39.01,39.01,39.01,0.0
1971-04-09,40.62,40.8231,40.4169,40.62,0.0
1971-04-12,40.62,40.8231,40.4169,40.62,0.0
1971-04-13,39.01,39.01,39.01,39.01,0.0
1971-04-14,40.62,40.8231,40.4169,40.62,0.0
1971-04-15,39.01,39.01,39.01,39.01,0.0
1971-04-16,40.62,40.8231,40.4169,40.62,0.0
1971-04-19,40.62,40.8231,40.4169,40.62,0.0
1971-04-20,39.01,39.01,39.01,39.01,0.0
1971-04-21,40.62,40.8231,40.4169,40.62,0.0
1971-04-22,40.62,40.8231,40.4169,40.62,0.0
1971-04-23,40.62,40.8231,40.4169,40.62,0.0
1971-04-26,40.62,40.8231,40.4169,40.62,0.0
1971-04-27,40.62,40.8231,40.4169,40.62,0.0
1971-04-28,40.62,40.8231,40.4169,40.62,0.0
1971-04-29,40.62,40.8231,40.4169,40.62,0.0
1971-04-30,39.01,39.01,39.01,39.01,0.0
1971-05-03,40.52,40.52,40.52,40.52,0.0
1971-05-04,40.62,40.8231,40.4169,40.62,0.0
1971-05-05,40.52,40.52,40.52,40.52,0.0
1971-05-06,40.52,40.52,40.52,40.52,0.0
1971-05-07,40.62,40.8231,40.4169,40.62,0.0
1971-05-10,40.52,40.52,40.52,40.52,0.0
1971-05-11,40.62,40.8231,40.4169,40.62,0.0
1971-05-12,40.62,40.8231,40.4169,40.62,0.0
1971-05-13,40.62,40.8231,40.4169,40.62,0.0
1971-05-14,40.52,40.52,40.52,40.52,0.0
1971-05-17,40.52,40.52,40.52,40.52,0.0
1971-05-18,40.62,40.8231,40.4169,40.62,0.0
1971-05-19,40.62,40.8231,40.4169,40.62,0.0
1971-05-20,40.62,40.8231,40.4169,40.62,0.0
1971-05-21,40.52,40.52,40.52,40.52,0.0
1971-05-24,40.52,40.52,40.52,40.52,0.0
1971-05-25,40.62,40.8231,40.4169,40.62,0.0
1971-05-26,40.62,40.8231,40.4169,40.62,0.0
1971-05-27,40.62,40.8231,40.4169,40.62,0.0
1971-05-28,40.52,40.52,40.52,40.52,0.0
1971-05-31,40.52,40.52,40.52,40.52,0.0
1971-06-01,40.1,40.1,40.1,40.1,0.0
1971-06-02,40.1,40.1,40.1,40.1,0.0
1971-06-03,40.62,40.8231,40.4169,40.62,0.0
1971-06-04,40.1,40.1,40.1,40.1,0.0
1971-06-07,40.1,40.1,40.1,40.1,0.0
1971-06-08,40.1,40.1,40.1,40.1,0.0
1971-06-09,40.1,40.1,40.1,40.1,0.0
1971-06-10,40.62,40.8231,40.4169,40.62,0.0
1971-06-11,40.1,40.1,40.1,40.1,0.0
1971-06-14,40.62,40.8231,40.4169,40.62,0.0
1971-06-15,40.62,40.8231,40.4169,40.62,0.0
1971-06-16,40.1,40.1,40.1,40.1,0.0
1971-06-17,40.1,40.1,40.1,40.1,0.0
1971-06-18,40.62,40.8231,40.4169,40.62,0.0
1971-06-21,40.62,40.8231,40.4169,40.62,0.0
1971-06-22,40.62,40.8231,40.4169,40.62,0.0
1971-06-23,40.62,40.8231,40.4169,40.62,0.0
1971-06-24,40.1,40.1,40.1,40.1,0.0
1971-06-25,40.62,40.8231,40.4169,40.62,0.0
1971-06-28,40.62,40.8231,40.4169,40.62,0.0
1971-06-29,40.1,40.1,40.1,40.1,0.0
1971-06-30,40.1,40.1,40.1,40.1,0.0
1971-07-01,40.62,40.8231,40.4169,40.62,0.0
1971-07-02,40.62,40.8231,40.4169,40.62,0.0
1971-07-05,40.95,40.95,40.95,40.95,0.0
1971-07-06,40.95,40.95,40.95,40.95,0.0
1971-07-07,40.62,40.8231,40.4169,40.62,0.0
1971-07-08,40.62,40.8231,40.4169,40.62,0.0
1971-07-09,40.95,40.95,40.95,40.95,0.0
1971-07-12,40.95,40.95,40.95,40.95,0.0
1971-07-13,40.95,40.95,40.95,40.95,0.0
1971-07-14,40.62,40.8231,40.4169,40.62,0.0
1971-07-15,40.62,40.8231,40.4169,40.62,0.0
1971-07-16,40.62,40.8231,40.4169,40.62,0.0
1971-07-19,40.62,40.8231,40.4169,40.62,0.0
1971-07-20,40.62,40.8231,40.4169,40.62,0.0
1971-07-21,40.95,40.95,40.95,40.95,0.0
1971-07-22,40.62,40.8231,40.4169,40.62,0.0
1971-07-23,40.95,40.95,40.95,40.95,0.0
1971-07-26,40.95,40.95,40.95,40.95,0.0
1971-07-27,40.95,40.95,40.95,40.95,0.0
1971-07-28,40.95,40.95,40.95,40.95,0.0
1971-07-29,40.95,40.95,40.95,40.95,0.0
1971-07-30,40.62,40.8231,40.4169,40.62,0.0
1971-08-02,42.71,42.71,42.71,42.71,0.0
1971-08-03,42.71,42.71,42.71,42.71,0.0
1971-08-04,40.62,40.8231,40.4169,40.62,0.0
1971-08-05,42.71,42.71,42.71,42.71,0.0
1971-08-06,40.62,40.8231,40.4169,40.62,0.0
1971-08-09,40.62,40.8231,40.4169,40.62,0.0
1971-08-10,40.62,40.8231,40.4169,40.62,0.0
1971-08-11,42.71,42.71,42.71,42.71,0.0
1971-08-12,42.71,42.71,42.71,42.71,0.0
1971-08-13,42.71,42.71,42.71,42.71,0.0
1971-08-16,42.71,42.71,42.71,42.71,0.0
1971-08-17,42.71,42.71,42.71,42.71,0.0
1971-08-18,40.62,40.8231,40.4169,40.62,0.0
1971-08-19,40.62,40.8231,40.4169,40.62,0.0
1971-08-20,42.71,42.71,42.71,42.71,0.0
1971-08-23,42.71,42.71,42.71,42.71,0.0
1971-08-24,40.62,40.8231,40.4169,40.62,0.0
1971-08-25,40.62,40.8231,40.4169,40.62,0.0
1971-08-26,40.62,40.8231,40.4169,40.62,0.0
1971-08-27,42.71,42.71,42.71,42.71,0.0
1971-08-30,42.71,42.71,42.71,42.71,0.0
1971-08-31,42.71,42.71,42.71,42.71,0.0
1971-09-01,42.03,42.03,42.03,42.03,0.0
1971-09-02,42.03,42.03,42.03,42.03,0.0
1971-09-03,42.03,42.03,42.03,42.03,0.0
1971-09-06,42.03,42.03,42.03,42.03,0.0
1971-09-07,42.03,42.03,42.03,42.03,0.0
1971-09-08,42.03,42.03,42.03,42.03,0.0
1971-09-09,40.62,40.8231,40.4169,40.62,0.0
1971-09-10,40.62,40.8231,40.4169,40.62,0.0
1971-09-13,40.62,40.8231,40.4169,40.62,0.0
1971-09-14,40.62,40.8231,40.4169,40.62,0.0
1971-09-15,40.62,40.8231,40.4169,40.62,0.0
1971-09-16,40.62,40.8231,40.4169,40.62,0.0
1971-09-17,42.03,42.03,42.03,42.03,0.0
1971-09-20,40.62,40.8231,40.4169,40.62,0.0
1971-09-21,42.03,42.03,42.03,42.03,0.0
1971-09-22,40.62,40.8231,40.4169,40.62,0.0
1971-09-23,40.62,40.8231,40.4169,40.62,0.0
1971-09-24,40.62,40.8231,40.4169,40.62,0.0
1971-09-27,40.62,40.8231,40.4169,40.62,0.0
1971-09-28,40.62,40.8231,40.4169,40.62,0.0
1971-09-29,40.62,40.8231,40.4169,40.62,0.0
1971-09-30,40.62,40.8231,40.4169,40.62,0.0
1971-10-01,40.62,40.8231,40.4169,40.62,0.0
1971-10-04,42.5,42.5,42.5,42.5,0.0
1971-10-05,42.5,42.5,42.5,42.5,0.0
1971-10-06,42.5,42.5,42.5,42.5,0.0
1971-10-07,40.62,40.8231,40.4169,40.62,0.0
1971-10-08,40.62,40.8231,40.4169,40.62,0.0
1971-10-11,42.5,42.5,42.5,42.5,0.0
1971-10-12,42.5,42.5,42.5,42.5,0.0
1971-10-13,40.62,40.8231,40.4169,40.62,0.0
1971-10-14,40.62,40.8231,40.4169,40.62,0.0
1971-10-15,42.5,42.5,42.5,42.5,0.0
1971-10-18,40.62,40.8231,40.4169,40.62,0.0
1971-10-19,40.62,40.8231,40.4169,40.62,0.0
1971-10-20,40.62,40.8231,40.4169,40.62,0.0
1971-10-21,40.62,40.8231,40.4169,40.62,0.0
1971-10-22,42.5,42.5,42.5,42.5,0.0
1971-10-25,42.5,42.5,42.5,42.5,0.0
1971-10-26,42.5,42.5,42.5,42.5,0.0
1971-10-27,42.5,42.5,42.5,42.5,0.0
1971-10-28,42.5,42.5,42.5,42.5,0.0
1971-10-29,42.5,42.5,42.5,42.5,0.0
1971-11-01,42.86,42.86,42.86,42.86,0.0
1971-11-02,42.86,42.86,42.86,42.86,0.0
1971-11-03,42.86,42.86,42.86,42.86,0.0
1971-11-04,40.62,40.8231,40.4169,40.62,0.0
1971-11-05,40.62,40.8231,40.4169,40.62,0.0
1971-11-08,40.62,40.8231,40.4169,40.62,0.0
1971-11-09,40.62,40.8231,40.4169,40.62,0.0
1971-11-10,40.62,40.8231,40.4169,40.62,0.0
1971-11-11,40.62,40.8231,40.4169,40.62,0.0
1971-11-12,42.86,42.86,42.86,42.86,0.0
1971-11-15,40.62,40.8231,40.4169,40.62,0.0
1971-11-16,42.86,42.86,42.86,42.86,0.0
1971-11-17,42.86,42.86,42.86,42.86,0.0
1971-11-18,40.62,40.8231,40.4169,40.62,0.0
1971-11-19,40.62,40.8231,40.4169,40.62,0.0
1971-11-22,40.62,40.8231,40.4169,40.62,0.0
1971-11-23,40.62,40.8231,40.4169,40.62,0.0
1971-11-24,40.62,40.8231,40.4169,40.62,0.0
1971-11-25,40.62,40.8231,40.4169,40.62,0.0
1971-11-26,40.62,40.8231,40.4169,40.62,0.0
1971-11-29,42.86,42.86,42.86,42.86,0.0
1971-11-30,40.62,40.8231,40.4169,40.62,0.0
1971-12-01,40.62,40.8231,40.4169,40.62,0.0
1971-12-02,43.48,43.48,43.48,43.48,0.0
1971-12-03,40.62,40.8231,40.4169,40.62,0.0
1971-12-06,43.48,43.48,43.48,43.48,0.0
1971-12-07,43.48,43.48,43.48,43.48,0.0
1971-12-08,43.48,43.48,43.48,43.48,0.0
1971-12-09,43.48,43.48,43.48,43.48,0.0
1971-12-10,40.62,40.8231,40.4169,40.62,0.0
1971-12-13,43.48,43.48,43.48,43.48,0.0
1971-12-14,43.48,43.48,43.48,43.48,0.0
1971-12-15,43.48,43.48,43.48,43.48,0.0
1971-12-16,43.48,43.48,43.48,43.48,0.0
1971-12-17,43.48,43.48,43.48,43.48,0.0
1971-12-20,43.48,43.48,43.48,43.48,0.0
1971-12-21,43.48,43.48,43.48,43.48,0.0
1971-12-22,43.48,43.48,43.48,43.48,0.0
1971-12-23,43.48,43.48,43.48,43.48,0.0
1971-12-24,43.48,43.48,43.48,43.48,0.0
1971-12-27,40.62,40.8231,40.4169,40.62,0.0
1971-12-28,40.62,40.8231,40.4169,40.62,0.0
1971-12-29,40.62,40.8231,40.4169,40.62,0.0
1971-12-30,40.62,40.8231,40.4169,40.62,0.0
1971-12-31,43.48,43.48,43.48,43.48,0.0
1972-01-03,58.16,58.450799999999994,57.8692,58.16,0.0
1972-01-04,58.16,58.450799999999994,57.8692,58.16,0.0
1972-01-05,45.75,45.75,45.75,45.75,0.0
1972-01-06,58.16,58.450799999999994,57.8692,58.16,0.0
1972-01-07,45.75,45.75,45.75,45.75,0.0
1972-01-10,58.16,58.450799999999994,57.8692,58.16,0.0
1972-01-11,45.75,45.75,45.75,45.75,0.0
1972-01-12,58.16,58.450799999999994,57.8692,58.16,0.0
1972-01-13,58.16,58.450799999999994,57.8692,58.16,0.0
1972-01-14,58.16,58.450799999999994,57.8692,58.16,0.0
1972-01-17,45.75,45.75,45.75,45.75,0.0
1972-01-18,58.16,58.450799999999994,57.8692,58.16,0.0
1972-01-19,58.16,58.450799999999994,57.8692,58.16,0.0
1972-01-20,45.75,45.75,45.75,45.75,0.0
1972-01-21,58.16,58.450799999999994,57.8692,58.16,0.0
1972-01-24,58.16,58.450799999999994,57.8692,58.16,0.0
1972-01-25,58.16,58.450799999999994,57.8692,58.16,0.0
1972-01-26,58.16,58.450799999999994,57.8692,58.16,0.0
1972-01-27,45.75,45.75,45.75,45.75,0.0
1972-01-28,45.75,45.75,45.75,45.75,0.0
1972-01-31,45.75,45.75,45.75,45.75,0.0
1972-02-01,58.16,58.450799999999994,57.8692,58.16,0.0
1972-02-02,58.16,58.450799999999994,57.8692,58.16,0.0
1972-02-03,58.16,58.450799999999994,57.8692,58.16,0.0
1972-02-04,58.16,58.450799999999994,57.8692,58.16,0.0
1972-02-07,48.26,48.26,48.26,48.26,0.0
1972-02-08,48.26,48.26,48.26,48.26,0.0
1972-02-09,48.26,48.26,48.26,48.26,0.0
1972-02-10,48.26,48.26,48.26,48.26,0.0
1972-02-11,58.16,58.450799999999994,57.8692,58.16,0.0
1972-02-14,58.16,58.450799999999994,57.8692,58.16,0.0
1972-02-15,48.26,48.26,48.26,48.26,0.0
1972-02-16,48.26,48.26,48.26,48.26,0.0
1972-02-17,48.26,48.26,48.26,48.26,0.0
1972-02-18,48.26,48.26,48.26,48.26,0.0
1972-02-21,48.26,48.26,48.26,48.26,0.0
1972-02-22,48.26,48.26,48.26,48.26,0.0
1972-02-23,48.26,48.26,48.26,48.26,0.0
1972-02-24,48.26,48.26,48.26,48.26,0.0
1972-02-25,48.26,48.26,48.26,48.26,0.0
1972-02-28,58.16,58.450799999999994,57.8692,58.16,0.0
1972-02-29,48.26,48.26,48.26,48.26,0.0
1972-03-01,48.33,48.33,48.33,48.33,0.0
1972-03-02,58.16,58.450799999999994,57.8692,58.16,0.0
1972-03-03,48.33,48.33,48.33,48.33,0.0
1972-03-06,48.33,48.33,48.33,48.33,0.0
1972-03-07,48.33,48.33,48.33,48.33,0.0
1972-03-08,48.33,48.33,48.33,48.33,0.0
1972-03-09,58.16,58.450799999999994,57.8692,58.16,0.0
1972-03-10,58.16,58.450799999999994,57.8692,58.16,0.0
1972-03-13,48.33,48.33,48.33,48.33,0.0
1972-03-14,58.16,58.450799999999994,57.8692,58.16,0.0
1972-03-15,58.16,58.450799999999994,57.8692,58.16,0.0
1972-03-16,48.33,48.33,48.33,48.33,0.0
1972-03-17,48.33,48.33,48.33,48.33,0.0
1972-03-20,58.16,58.450799999999994,57.8692,58.16,0.0
1972-03-21,48.33,48.33,48.33,48.33,0.0
1972-03-22,48.33,48.33,48.33,48.33,0.0
1972-03-23,48.33,48.33,48.33,48.33,0.0
1972-03-24,48.33,48.33,48.33,48.33,0.0
1972-03-27,48.33,48.33,48.33,48.33,0.0
1972-03-28,48.33,48.33,48.33,48.33,0.0
1972-03-29,48.33,48.33,48.33,48.33,0.0
1972-03-30,58.16,58.450799999999994,57.8692,58.16,0.0
1972-03-31,58.16,58.450799999999994,57.8692,58.16,0.0
1972-04-03,58.16,58.450799999999994,57.8692,58.16,0.0
1972-04-04,49.03,49.03,49.03,49.03,0.0
1972-04-05,49.03,49.03,49.03,49.03,0.0
1972-04-06,58.16,58.450799999999994,57.8692,58.16,0.0
1972-04-07,58.16,58.450799999999994,57.8692,58.16,0.0
1972-04-10,49.03,49.03,49.03,49.03,0.0
1972-04-11,49.03,49.03,49.03,49.03,0.0
1972-04-12,49.03,49.03,49.03,49.03,0.0
1972-04-13,49.03,49.03,49.03,49.03,0.0
1972-04-14,49.03,49.03,49.03,49.03,0.0
1972-04-17,49.03,49.03,49.03,49.03,0.0
1972-04-18,49.03,49.03,49.03,49.03,0.0
1972-04-19,58.16,58.450799999999994,57.8692,58.16,0.0
1972-04-20,49.03,49.03,49.03,49.03,0.0
1972-04-21,58.16,58.450799999999994,57.8692,58.16,0.0
1972-04-24,58.16,58.450799999999994,57.8692,58.16,0.0
1972-04-25,49.03,49.03,49.03,49.03,0.0
1972-04-26,58.16,58.450799999999994,57.8692,58.16,0.0
1972-04-27,49.03,49.03,49.03,49.03,0.0
1972-04-28,49.03,49.03,49.03,49.03,0.0
1972-05-01,58.16,58.450799999999994,57.8692,58.16,0.0
1972-05-02,58.16,58.450799999999994,57.8692,58.16,0.0
1972-05-03,58.16,58.450799999999994,57.8692,58.16,0.0
1972-05-04,54.62,54.62,54.62,54.62,0.0
1972-05-05,54.62,54.62,54.62,54.62,0.0
1972-05-08,58.16,58.450799999999994,57.8692,58.16,0.0
1972-05-09,54.62,54.62,54.62,54.62,0.0
1972-05-10,54.62,54.62,54.62,54.62,0.0
1972-05-11,54.62,54.62,54.62,54.62,0.0
1972-05-12,54.62,54.62,54.62,54.62,0.0
1972-05-15,54.62,54.62,54.62,54.62,0.0
1972-05-16,58.16,58.450799999999994,57.8692,58.16,0.0
1972-05-17,58.16,58.450799999999994,57.8692,58.16,0.0
1972-05-18,54.62,54.62,54.62,54.62,0.0
1972-05-19,58.16,58.450799999999994,57.8692,58.16,0.0
1972-05-22,58.16,58.450799999999994,57.8692,58.16,0.0
1972-05-23,58.16,58.450799999999994,57.8692,58.16,0.0
1972-05-24,58.16,58.450799999999994,57.8692,58.16,0.0
1972-05-25,58.16,58.450799999999994,57.8692,58.16,0.0
1972-05-26,54.62,54.62,54.62,54.62,0.0
1972-05-29,54.62,54.62,54.62,54.62,0.0
1972-05-30,54.62,54.62,54.62,54.62,0.0
1972-05-31,54.62,54.62,54.62,54.62,0.0
1972-06-01,58.16,58.450799999999994,57.8692,58.16,0.0
1972-06-02,58.16,58.450799999999994,57.8692,58.16,0.0
1972-06-05,58.16,58.450799999999994,57.8692,58.16,0.0
1972-06-06,62.09,62.09,62.09,62.09,0.0
1972-06-07,62.09,62.09,62.09,62.09,0.0
1972-06-08,62.09,62.09,62.09,62.09,0.0
1972-06-09,58.16,58.450799999999994,57.8692,58.16,0.0
1972-06-12,58.16,58.450799999999994,57.8692,58.16,0.0
1972-06-13,62.09,62.09,62.09,62.09,0.0
1972-06-14,58.16,58.450799999999994,57.8692,58.16,0.0
1972-06-15,58.16,58.450799999999994,57.8692,58.16,0.0
1972-06-16,58.16,58.450799999999994,57.8692,58.16,0.0
1972-06-19,62.09,62.09,62.09,62.09,0.0
1972-06-20,58.16,58.450799999999994,57.8692,58.16,0.0
1972-06-21,62.09,62.09,62.09,62.09,0.0
1972-06-22,62.09,62.09,62.09,62.09,0.0
1972-06-23,62.09,62.09,62.09,62.09,0.0
1972-06-26,58.16,58.450799999999994,57.8692,58.16,0.0
1972-06-27,58.16,58.450799999999994,57.8692,58.16,0.0
1972-06-28,58.16,58.450799999999994,57.8692,58.16,0.0
1972-06-29,58.16,58.450799999999994,57.8692,58.16,0.0
1972-06-30,58.16,58.450799999999994,57.8692,58.16,0.0
1972-07-03,65.66,65.66,65.66,65.66,0.0
1972-07-04,65.66,65.66,65.66,65.66,0.0
1972-07-05,58.16,58.450799999999994,57.8692,58.16,0.0
1972-07-06,58.16,58.450799999999994,57.8692,58.16,0.0
1972-07-07,58.16,58.450799999999994,57.8692,58.16,0.0
1972-07-10,65.66,65.66,65.66,65.66,0.0
1972-07-11,65.66,65.66,65.66,65.66,0.0
1972-07-12,58.16,58.450799999999994,57.8692,58.16,0.0
1972-07-13,65.66,65.66,65.66,65.66,0.0
1972-07-14,65.66,65.66,65.66,65.66,0.0
1972-07-17,65.66,65.66,65.66,65.66,0.0
1972-07-18,65.66,65.66,65.66,65.66,0.0
1972-07-19,65.66,65.66,65.66,65.66,0.0
1972-07-20,58.16,58.450799999999994,57.8692,58.16,0.0
1972-07-21,58.16,58.450799999999994,57.8692,58.16,0.0
1972-07-24,58.16,58.450799999999994,57.8692,58.16,0.0
1972-07-25,65.66,65.66,65.66,65.66,0.0
1972-07-26,65.66,65.66,65.66,65.66,0.0
1972-07-27,65.66,65.66,65.66,65.66,0.0
1972-07-28,65.66,65.66,65.66,65.66,0.0
1972-07-31,65.66,65.66,65.66,65.66,0.0
1972-08-01,58.16,58.450799999999994,57.8692,58.16,0.0
1972-08-02,58.16,58.450799999999994,57.8692,58.16,0.0
1972-08-03,58.16,58.450799999999994,57.8692,58.16,0.0
1972-08-04,58.16,58.450799999999994,57.8692,58.16,0.0
1972-08-07,58.16,58.450799999999994,57.8692,58.16,0.0
1972-08-08,58.16,58.450799999999994,57.8692,58.16,0.0
1972-08-09,58.16,58.450799999999994,57.8692,58.16,0.0
1972-08-10,58.16,58.450799999999994,57.8692,58.16,0.0
1972-08-11,58.16,58.450799999999994,57.8692,58.16,0.0
1972-08-14,58.16,58.450799999999994,57.8692,58.16,0.0
1972-08-15,67.03,67.03,67.03,67.03,0.0
1972-08-16,58.16,58.450799999999994,57.8692,58.16,0.0
1972-08-17,58.16,58.450799999999994,57.8692,58.16,0.0
1972-08-18,58.16,58.450799999999994,57.8692,58.16,0.0
1972-08-21,58.16,58.450799999999994,57.8692,58.16,0.0
1972-08-22,58.16,58.450799999999994,57.8692,58.16,0.0
1972-08-23,67.03,67.03,67.03,67.03,0.0
1972-08-24,67.03,67.03,67.03,67.03,0.0
1972-08-25,58.16,58.450799999999994,57.8692,58.16,0.0
1972-08-28,67.03,67.03,67.03,67.03,0.0
1972-08-29,58.16,58.450799999999994,57.8692,58.16,0.0
1972-08-30,67.03,67.03,67.03,67.03,0.0
1972-08-31,58.16,58.450799999999994,57.8692,58.16,0.0
1972-09-01,58.16,58.450799999999994,57.8692,58.16,0.0
1972-09-04,58.16,58.450799999999994,57.8692,58.16,0.0
1972-09-05,58.16,58.450799999999994,57.8692,58.16,0.0
1972-09-06,58.16,58.450799999999994,57.8692,58.16,0.0
1972-09-07,65.46,65.46,65.46,65.46,0.0
1972-09-08,65.46,65.46,65.46,65.46,0.0
1972-09-11,58.16,58.450799999999994,57.8692,58.16,0.0
1972-09-12,65.46,65.46,65.46,65.46,0.0
1972-09-13,58.16,58.450799999999994,57.8692,58.16,0.0
1972-09-14,65.46,65.46,65.46,65.46,0.0
1972-09-15,58.16,58.450799999999994,57.8692,58.16,0.0
1972-09-18,58.16,58.450799999999994,57.8692,58.16,0.0
1972-09-19,58.16,58.450799999999994,57.8692,58.16,0.0
1972-09-20,58.16,58.450799999999994,57.8692,58.16,0.0
1972-09-21,65.46,65.46,65.46,65.46,0.0
1972-09-22,58.16,58.450799999999994,57.8692,58.16,0.0
1972-09-25,65.46,65.46,65.46,65.46,0.0
1972-09-26,65.46,65.46,65.46,65.46,0.0
1972-09-27,65.46,65.46,65.46,65.46,0.0
1972-09-28,65.46,65.46,65.46,65.46,0.0
1972-09-29,65.46,65.46,65.46,65.46,0.0
1972-10-02,64.86,64.86,64.86,64.86,0.0
1972-10-03,64.86,64.86,64.86,64.86,0.0
1972-10-04,64.86,64.86,64.86,64.86,0.0
1972-10-05,58.16,58.450799999999994,57.8692,58.16,0.0
1972-10-06,64.86,64.86,64.86,64.86,0.0
1972-10-09,64.86,64.86,64.86,64.86,0.0
1972-10-10,58.16,58.450799999999994,57.8692,58.16,0.0
1972-10-11,64.86,64.86,64.86,64.86,0.0
1972-10-12,64.86,64.86,64.86,64.86,0.0
1972-10-13,58.16,58.450799999999994,57.8692,58.16,0.0
1972-10-16,64.86,64.86,64.86,64.86,0.0
1972-10-17,64.86,64.86,64.86,64.86,0.0
1972-10-18,58.16,58.450799999999994,57.8692,58.16,0.0
1972-10-19,64.86,64.86,64.86,64.86,0.0
1972-10-20,58.16,58.450799999999994,57.8692,58.16,0.0
1972-10-23,64.86,64.86,64.86,64.86,0.0
1972-10-24,64.86,64.86,64.86,64.86,0.0
1972-10-25,64.86,64.86,64.86,64.86,0.0
1972-10-26,58.16,58.450799999999994,57.8692,58.16,0.0
1972-10-27,58.16,58.450799999999994,57.8692,58.16,0.0
1972-10-30,64.86,64.86,64.86,64.86,0.0
1972-10-31,58.16,58.450799999999994,57.8692,58.16,0.0
1972-11-01,62.91,62.91,62.91,62.91,0.0
1972-11-02,62.91,62.91,62.91,62.91,0.0
1972-11-03,62.91,62.91,62.91,62.91,0.0
1972-11-06,58.16,58.450799999999994,57.8692,58.16,0.0
1972-11-07,62.91,62.91,62.91,62.91,0.0
1972-11-08,62.91,62.91,62.91,62.91,0.0
1972-11-09,62.91,62.91,62.91,62.91,0.0
1972-11-10,62.91,62.91,62.91,62.91,0.0
1972-11-13,58.16,58.450799999999994,57.8692,58.16,0.0
1972-11-14,62.91,62.91,62.91,62.91,0.0
1972-11-15,62.91,62.91,62.91,62.91,0.0
1972-11-16,58.16,58.450799999999994,57.8692,58.16,0.0
1972-11-17,58.16,58.450799999999994,57.8692,58.16,0.0
1972-11-20,58.16,58.450799999999994,57.8692,58.16,0.0
1972-11-21,58.16,58.450799999999994,57.8692,58.16,0.0
1972-11-22,58.16,58.450799999999994,57.8692,58.16,0.0
1972-11-23,58.16,58.450799999999994,57.8692,58.16,0.0
1972-11-24,62.91,62.91,62.91,62.91,0.0
1972-11-27,62.91,62.91,62.91,62.91,0.0
1972-11-28,58.16,58.450799999999994,57.8692,58.16,0.0
1972-11-29,62.91,62.91,62.91,62.91,0.0
1972-11-30,62.91,62.91,62.91,62.91,0.0
1972-12-01,63.91,63.91,63.91,63.91,0.0
1972-12-04,63.91,63.91,63.91,63.91,0.0
1972-12-05,63.91,63.91,63.91,63.91,0.0
1972-12-06,58.16,58.450799999999994,57.8692,58.16,0.0
1972-12-07,63.91,63.91,63.91,63.91,0.0
1972-12-08,63.91,63.91,63.91,63.91,0.0
1972-12-11,63.91,63.91,63.91,63.91,0.0
1972-12-12,58.16,58.450799999999994,57.8692,58.16,0.0
1972-12-13,63.91,63.91,63.91,63.91,0.0
1972-12-14,58.16,58.450799999999994,57.8692,58.16,0.0
1972-12-15,58.16,58.450799999999994,57.8692,58.16,0.0
1972-12-18,58.16,58.450799999999994,57.8692,58.16,0.0
1972-12-19,63.91,63.91,63.91,63.91,0.0
1972-12-20,58.16,58.450799999999994,57.8692,58.16,0.0
1972-12-21,58.16,58.450799999999994,57.8692,58.16,0.0
1972-12-22,63.91,63.91,63.91,63.91,0.0
1972-12-25,58.16,58.450799999999994,57.8692,58.16,0.0
1972-12-26,58.16,58.450799999999994,57.8692,58.16,0.0
1972-12-27,58.16,58.450799999999994,57.8692,58.16,0.0
1972-12-28,63.91,63.91,63.91,63.91,0.0
1972-12-29,63.91,63.91,63.91,63.91,0.0
1973-01-01,97.39,97.87695,96.90305,97.39,0.0
1973-01-02,65.14,65.14,65.14,65.14,0.0
1973-01-03,65.14,65.14,65.14,65.14,0.0
1973-01-04,65.14,65.14,65.14,65.14,0.0
1973-01-05,97.39,97.87695,96.90305,97.39,0.0
1973-01-08,97.39,97.87695,96.90305,97.39,0.0
1973-01-09,65.14,65.14,65.14,65.14,0.0
1973-01-10,97.39,97.87695,96.90305,97.39,0.0
1973-01-11,65.14,65.14,65.14,65.14,0.0
1973-01-12,65.14,65.14,65.14,65.14,0.0
1973-01-15,65.14,65.14,65.14,65.14,0.0
1973-01-16,65.14,65.14,65.14,65.14,0.0
1973-01-17,97.39,97.87695,96.90305,97.39,0.0
1973-01-18,65.14,65.14,65.14,65.14,0.0
1973-01-19,65.14,65.14,65.14,65.14,0.0
1973-01-22,65.14,65.14,65.14,65.14,0.0
1973-01-23,65.14,65.14,65.14,65.14,0.0
1973-01-24,65.14,65.14,65.14,65.14,0.0
1973-01-25,97.39,97.87695,96.90305,97.39,0.0
1973-01-26,97.39,97.87695,96.90305,97.39,0.0
1973-01-29,97.39,97.87695,96.90305,97.39,0.0
1973-01-30,65.14,65.14,65.14,65.14,0.0
1973-01-31,97.39,97.87695,96.90305,97.39,0.0
1973-02-01,74.2,74.2,74.2,74.2,0.0
1973-02-02,97.39,97.87695,96.90305,97.39,0.0
1973-02-05,74.2,74.2,74.2,74.2,0.0
1973-02-06,97.39,97.87695,96.90305,97.39,0.0
1973-02-07,97.39,97.87695,96.90305,97.39,0.0
1973-02-08,97.39,97.87695,96.90305,97.39,0.0
1973-02-09,97.39,97.87695,96.90305,97.39,0.0
1973-02-12,97.39,97.87695,96.90305,97.39,0.0
1973-02-13,74.2,74.2,74.2,74.2,0.0
1973-02-14,97.39,97.87695,96.90305,97.39,0.0
1973-02-15,74.2,74.2,74.2,74.2,0.0
1973-02-16,74.2,74.2,74.2,74.2,0.0
1973-02-19,74.2,74.2,74.2,74.2,0.0
1973-02-20,97.39,97.87695,96.90305,97.39,0.0
1973-02-21,74.2,74.2,74.2,74.2,0.0
1973-02-22,74.2,74.2,74.2,74.2,0.0
1973-02-23,97.39,97.87695,96.90305,97.39,0.0
1973-02-26,97.39,97.87695,96.90305,97.39,0.0
1973-02-27,74.2,74.2,74.2,74.2,0.0
1973-02-28,74.2,74.2,74.2,74.2,0.0
1973-03-01,97.39,97.87695,96.90305,97.39,0.0
1973-03-02,97.39,97.87695,96.90305,97.39,0.0
1973-03-05,97.39,97.87695,96.90305,97.39,0.0
1973-03-06,97.39,97.87695,96.90305,97.39,0.0
1973-03-07,97.39,97.87695,96.90305,97.39,0.0
1973-03-08,97.39,97.87695,96.90305,97.39,0.0
1973-03-09,97.39,97.87695,96.90305,97.39,0.0
1973-03-12,84.37,84.37,84.37,84.37,0.0
1973-03-13,97.39,97.87695,96.90305,97.39,0.0
1973-03-14,84.37,84.37,84.37,84.37,0.0
1973-03-15,97.39,97.87695,96.90305,97.39,0.0
1973-03-16,97.39,97.87695,96.90305,97.39,0.0
1973-03-19,97.39,97.87695,96.90305,97.39,0.0
1973-03-20,97.39,97.87695,96.90305,97.39,0.0
1973-03-21,97.39,97.87695,96.90305,97.39,0.0
1973-03-22,97.39,97.87695,96.90305,97.39,0.0
1973-03-23,84.37,84.37,84.37,84.37,0.0
1973-03-26,84.37,84.37,84.37,84.37,0.0
1973-03-27,84.37,84.37,84.37,84.37,0.0
1973-03-28,84.37,84.37,84.37,84.37,0.0
1973-03-29,97.39,97.87695,96.90305,97.39,0.0
1973-03-30,84.37,84.37,84.37,84.37,0.0
1973-04-02,97.39,97.87695,96.90305,97.39,0.0
1973-04-03,90.5,90.5,90.5,90.5,0.0
1973-04-04,90.5,90.5,90.5,90.5,0.0
1973-04-05,90.5,90.5,90.5,90.5,0.0
1973-04-06,90.5,90.5,90.5,90.5,0.0
1973-04-09,90.5,90.5,90.5,90.5,0.0
1973-04-10,90.5,90.5,90.5,90.5,0.0
1973-04-11,90.5,90.5,90.5,90.5,0.0
1973-04-12,90.5,90.5,90.5,90.5,0.0
1973-04-13,97.39,97.87695,96.90305,97.39,0.0
1973-04-16,97.39,97.87695,96.90305,97.39,0.0
1973-04-17,90.5,90.5,90.5,90.5,0.0
1973-04-18,97.39,97.87695,96.90305,97.39,0.0
1973-04-19,90.5,90.5,90.5,90.5,0.0
1973-04-20,90.5,90.5,90.5,90.5,0.0
1973-04-23,90.5,90.5,90.5,90.5,0.0
1973-04-24,97.39,97.87695,96.90305,97.39,0.0
1973-04-25,90.5,90.5,90.5,90.5,0.0
1973-04-26,90.5,90.5,90.5,90.5,0.0
1973-04-27,97.39,97.87695,96.90305,97.39,0.0
1973-04-30,90.5,90.5,90.5,90.5,0.0
1973-05-01,97.39,97.87695,96.90305,97.39,0.0
1973-05-02,101.96,101.96,101.96,101.96,0.0
1973-05-03,97.39,97.87695,96.90305,97.39,0.0
1973-05-04,101.96,101.96,101.96,101.96,0.0
1973-05-07,101.96,101.96,101.96,101.96,0.0
1973-05-08,97.39,97.87695,96.90305,97.39,0.0
1973-05-09,101.96,101.96,101.96,101.96,0.0
1973-05-10,101.96,101.96,101.96,101.96,0.0
1973-05-11,97.39,97.87695,96.90305,97.39,0.0
1973-05-14,101.96,101.96,101.96,101.96,0.0
1973-05-15,101.96,101.96,101.96,101.96,0.0
1973-05-16,101.96,101.96,101.96,101.96,0.0
1973-05-17,101.96,101.96,101.96,101.96,0.0
1973-05-18,101.96,101.96,101.96,101.96,0.0
1973-05-21,101.96,101.96,101.96,101.96,0.0
1973-05-22,97.39,97.87695,96.90305,97.39,0.0
1973-05-23,97.39,97.87695,96.90305,97.39,0.0
1973-05-24,101.96,101.96,101.96,101.96,0.0
1973-05-25,101.96,101.96,101.96,101.96,0.0
1973-05-28,101.96,101.96,101.96,101.96,0.0
1973-05-29,101.96,101.96,101.96,101.96,0.0
1973-05-30,101.96,101.96,101.96,101.96,0.0
1973-05-31,101.96,101.96,101.96,101.96,0.0
1973-06-01,97.39,97.87695,96.90305,97.39,0.0
1973-06-04,120.12,120.12,120.12,120.12,0.0
1973-06-05,97.39,97.87695,96.90305,97.39,0.0
1973-06-06,120.12,120.12,120.12,120.12,0.0
1973-06-07,97.39,97.87695,96.90305,97.39,0.0
1973-06-08,97.39,97.87695,96.90305,97.39,0.0
1973-06-11,120.12,120.12,120.12,120.12,0.0
1973-06-12,97.39,97.87695,96.90305,97.39,0.0
1973-06-13,120.12,120.12,120.12,120.12,0.0
1973-06-14,120.12,120.12,120.12,120.12,0.0
1973-06-15,97.39,97.87695,96.90305,97.39,0.0
1973-06-18,120.12,120.12,120.12,120.12,0.0
1973-06-19,97.39,97.87695,96.90305,97.39,0.0
1973-06-20,97.39,97.87695,96.90305,97.39,0.0
1973-06-21,120.12,120.12,120.12,120.12,0.0
1973-06-22,97.39,97.87695,96.90305,97.39,0.0
1973-06-25,97.39,97.87695,96.90305,97.39,0.0
1973-06-26,97.39,97.87695,96.90305,97.39,0.0
1973-06-27,120.12,120.12,120.12,120.12,0.0
1973-06-28,97.39,97.87695,96.90305,97.39,0.0
1973-06-29,120.12,120.12,120.12,120.12,0.0
1973-07-02,120.17,120.17,120.17,120.17,0.0
1973-07-03,120.17,120.17,120.17,120.17,0.0
1973-07-04,97.39,97.87695,96.90305,97.39,0.0
1973-07-05,120.17,120.17,120.17,120.17,0.0
1973-07-06,97.39,97.87695,96.90305,97.39,0.0
1973-07-09,120.17,120.17,120.17,120.17,0.0
1973-07-10,97.39,97.87695,96.90305,97.39,0.0
1973-07-11,120.17,120.17,120.17,120.17,0.0
1973-07-12,97.39,97.87695,96.90305,97.39,0.0
1973-07-13,120.17,120.17,120.17,120.17,0.0
1973-07-16,120.17,120.17,120.17,120.17,0.0
1973-07-17,120.17,120.17,120.17,120.17,0.0
1973-07-18,97.39,97.87695,96.90305,97.39,0.0
1973-07-19,97.39,97.87695,96.90305,97.39,0.0
1973-07-20,120.17,120.17,120.17,120.17,0.0
1973-07-23,97.39,97.87695,96.90305,97.39,0.0
1973-07-24,97.39,97.87695,96.90305,97.39,0.0
1973-07-25,97.39,97.87695,96.90305,97.39,0.0
1973-07-26,97.39,97.87695,96.90305,97.39,0.0
1973-07-27,120.17,120.17,120.17,120.17,0.0
1973-07-30,120.17,120.17,120.17,120.17,0.0
1973-07-31,97.39,97.87695,96.90305,97.39,0.0
1973-08-01,106.76,106.76,106.76,106.76,0.0
1973-08-02,106.76,106.76,106.76,106.76,0.0
1973-08-03,106.76,106.76,106.76,106.76,0.0
1973-08-06,106.76,106.76,106.76,106.76,0.0
1973-08-07,106.76,106.76,106.76,106.76,0.0
1973-08-08,106.76,106.76,106.76,106.76,0.0
1973-08-09,97.39,97.87695,96.90305,97.39,0.0
1973-08-10,106.76,106.76,106.76,106.76,0.0
1973-08-13,106.76,106.76,106.76,106.76,0.0
1973-08-14,97.39,97.87695,96.90305,97.39,0.0
1973-08-15,97.39,97.87695,96.90305,97.39,0.0
1973-08-16,97.39,97.87695,96.90305,97.39,0.0
1973-08-17,106.76,106.76,106.76,106.76,0.0
1973-08-20,97.39,97.87695,96.90305,97.39,0.0
1973-08-21,97.39,97.87695,96.90305,97.39,0.0
1973-08-22,106.76,106.76,106.76,106.76,0.0
1973-08-23,97.39,97.87695,96.90305,97.39,0.0
1973-08-24,97.39,97.87695,96.90305,97.39,0.0
1973-08-27,106.76,106.76,106.76,106.76,0.0
1973-08-28,106.76,106.76,106.76,106.76,0.0
1973-08-29,106.76,106.76,106.76,106.76,0.0
1973-08-30,106.76,106.76,106.76,106.76,0.0
1973-08-31,97.39,97.87695,96.90305,97.39,0.0
1973-09-03,102.97,102.97,102.97,102.97,0.0
1973-09-04,102.97,102.97,102.97,102.97,0.0
1973-09-05,97.39,97.87695,96.90305,97.39,0.0
1973-09-06,102.97,102.97,102.97,102.97,0.0
1973-09-07,102.97,102.97,102.97,102.97,0.0
1973-09-10,102.97,102.97,102.97,102.97,0.0
1973-09-11,102.97,102.97,102.97,102.97,0.0
1973-09-12,102.97,102.97,102.97,102.97,0.0
1973-09-13,102.97,102.97,102.97,102.97,0.0
1973-09-14,102.97,102.97,102.97,102.97,0.0
1973-09-17,102.97,102.97,102.97,102.97,0.0
1973-09-18,97.39,97.87695,96.90305,97.39,0.0
1973-09-19,102.97,102.97,102.97,102.97,0.0
1973-09-20,97.39,97.87695,96.90305,97.39,0.0
1973-09-21,97.39,97.87695,96.90305,97.39,0.0
1973-09-24,97.39,97.87695,96.90305,97.39,0.0
1973-09-25,102.97,102.97,102.97,102.97,0.0
1973-09-26,97.39,97.87695,96.90305,97.39,0.0
1973-09-27,102.97,102.97,102.97,102.97,0.0
1973-09-28,97.39,97.87695,96.90305,97.39,0.0
1973-10-01,97.39,97.87695,96.90305,97.39,0.0
1973-10-02,97.39,97.87695,96.90305,97.39,0.0
1973-10-03,97.39,97.87695,96.90305,97.39,0.0
1973-10-04,97.39,97.87695,96.90305,97.39,0.0
1973-10-05,97.39,97.87695,96.90305,97.39,0.0
1973-10-08,97.39,97.87695,96.90305,97.39,0.0
1973-10-09,100.08,100.08,100.08,100.08,0.0
1973-10-10,97.39,97.87695,96.90305,97.39,0.0
1973-10-11,97.39,97.87695,96.90305,97.39,0.0
1973-10-12,100.08,100.08,100.08,100.08,0.0
1973-10-15,97.39,97.87695,96.90305,97.39,0.0
1973-10-16,100.08,100.08,100.08,100.08,0.0
1973-10-17,97.39,97.87695,96.90305,97.39,0.0
1973-10-18,97.39,97.87695,96.90305,97.39,0.0
1973-10-19,97.39,97.87695,96.90305,97.39,0.0
1973-10-22,97.39,97.87695,96.90305,97.39,0.0
1973-10-23,97.39,97.87695,96.90305,97.39,0.0
1973-10-24,100.08,100.08,100.08,100.08,0.0
1973-10-25,97.39,97.87695,96.90305,97.39,0.0
1973-10-26,97.39,97.87695,96.90305,97.39,0.0
1973-10-29,97.39,97.87695,96.90305,97.39,0.0
1973-10-30,97.39,97.87695,96.90305,97.39,0.0
1973-10-31,97.39,97.87695,96.90305,97.39,0.0
1973-11-01,94.92,94.92,94.92,94.92,0.0
1973-11-02,97.39,97.87695,96.90305,97.39,0.0
1973-11-05,97.39,97.87695,96.90305,97.39,0.0
1973-11-06,94.92,94.92,94.92,94.92,0.0
1973-11-07,94.92,94.92,94.92,94.92,0.0
1973-11-08,94.92,94.92,94.92,94.92,0.0
1973-11-09,94.92,94.92,94.92,94.92,0.0
1973-11-12,97.39,97.87695,96.90305,97.39,0.0
1973-11-13,94.92,94.92,94.92,94.92,0.0
1973-11-14,94.92,94.92,94.92,94.92,0.0
1973-11-15,94.92,94.92,94.92,94.92,0.0
1973-11-16,94.92,94.92,94.92,94.92,0.0
1973-11-19,94.92,94.92,94.92,94.92,0.0
1973-11-20,94.92,94.92,94.92,94.92,0.0
1973-11-21,94.92,94.92,94.92,94.92,0.0
1973-11-22,94.92,94.92,94.92,94.92,0.0
1973-11-23,94.92,94.92,94.92,94.92,0.0
1973-11-26,97.39,97.87695,96.90305,97.39,0.0
1973-11-27,97.39,97.87695,96.90305,97.39,0.0
1973-11-28,97.39,97.87695,96.90305,97.39,0.0
1973-11-29,97.39,97.87695,96.90305,97.39,0.0
1973-11-30,97.39,97.87695,96.90305,97.39,0.0
1973-12-03,106.72,106.72,106.72,106.72,0.0
1973-12-04,106.72,106.72,106.72,106.72,0.0
1973-12-05,97.39,97.87695,96.90305,97.39,0.0
1973-12-06,97.39,97.87695,96.90305,97.39,0.0
1973-12-07,97.39,97.87695,96.90305,97.39,0.0
1973-12-10,97.39,97.87695,96.90305,97.39,0.0
1973-12-11,97.39,97.87695,96.90305,97.39,0.0
1973-12-12,97.39,97.87695,96.90305,97.39,0.0
1973-12-13,106.72,106.72,106.72,106.72,0.0
1973-12-14,106.72,106.72,106.72,106.72,0.0
1973-12-17,97.39,97.87695,96.90305,97.39,0.0
1973-12-18,97.39,97.87695,96.90305,97.39,0.0
1973-12-19,97.39,97.87695,96.90305,97.39,0.0
1973-12-20,106.72,106.72,106.72,106.72,0.0
1973-12-21,97.39,97.87695,96.90305,97.39,0.0
1973-12-24,97.39,97.87695,96.90305,97.39,0.0
1973-12-25,97.39,97.87695,96.90305,97.39,0.0
1973-12-26,97.39,97.87695,96.90305,97.39,0.0
1973-12-27,97.39,97.87695,96.90305,97.39,0.0
1973-12-28,97.39,97.87695,96.90305,97.39,0.0
1973-12-31,106.72,106.72,106.72,106.72,0.0
1974-01-01,159.26,160.05629999999996,158.4637,159.26,0.0
1974-01-02,159.26,160.05629999999996,158.4637,159.26,0.0
1974-01-03,159.26,160.05629999999996,158.4637,159.26,0.0
1974-01-04,159.26,160.05629999999996,158.4637,159.26,0.0
1974-01-07,159.26,160.05629999999996,158.4637,159.26,0.0
1974-01-08,159.26,160.05629999999996,158.4637,159.26,0.0
1974-01-09,159.26,160.05629999999996,158.4637,159.26,0.0
1974-01-10,129.19,129.19,129.19,129.19,0.0
1974-01-11,159.26,160.05629999999996,158.4637,159.26,0.0
1974-01-14,129.19,129.19,129.19,129.19,0.0
1974-01-15,159.26,160.05629999999996,158.4637,159.26,0.0
1974-01-16,129.19,129.19,129.19,129.19,0.0
1974-01-17,129.19,129.19,129.19,129.19,0.0
1974-01-18,129.19,129.19,129.19,129.19,0.0
1974-01-21,159.26,160.05629999999996,158.4637,159.26,0.0
1974-01-22,129.19,129.19,129.19,129.19,0.0
1974-01-23,129.19,129.19,129.19,129.19,0.0
1974-01-24,129.19,129.19,129.19,129.19,0.0
1974-01-25,129.19,129.19,129.19,129.19,0.0
1974-01-28,129.19,129.19,129.19,129.19,0.0
1974-01-29,129.19,129.19,129.19,129.19,0.0
1974-01-30,129.19,129.19,129.19,129.19,0.0
1974-01-31,159.26,160.05629999999996,158.4637,159.26,0.0
1974-02-01,150.13,150.13,150.13,150.13,0.0
1974-02-04,159.26,160.05629999999996,158.4637,159.26,0.0
1974-02-05,159.26,160.05629999999996,158.4637,159.26,0.0
1974-02-06,150.13,150.13,150.13,150.13,0.0
1974-02-07,159.26,160.05629999999996,158.4637,159.26,0.0
1974-02-08,150.13,150.13,150.13,150.13,0.0
1974-02-11,159.26,160.05629999999996,158.4637,159.26,0.0
1974-02-12,159.26,160.05629999999996,158.4637,159.26,0.0
1974-02-13,159.26,160.05629999999996,158.4637,159.26,0.0
1974-02-14,150.13,150.13,150.13,150.13,0.0
1974-02-15,150.13,150.13,150.13,150.13,0.0
1974-02-18,159.26,160.05629999999996,158.4637,159.26,0.0
1974-02-19,159.26,160.05629999999996,158.4637,159.26,0.0
1974-02-20,159.26,160.05629999999996,158.4637,159.26,0.0
1974-02-21,150.13,150.13,150.13,150.13,0.0
1974-02-22,159.26,160.05629999999996,158.4637,159.26,0.0
1974-02-25,159.26,160.05629999999996,158.4637,159.26,0.0
1974-02-26,159.26,160.05629999999996,158.4637,159.26,0.0
1974-02-27,159.26,160.05629999999996,158.4637,159.26,0.0
1974-02-28,159.26,160.05629999999996,158.4637,159.26,0.0
1974-03-01,168.42,168.42,168.42,168.42,0.0
1974-03-04,168.42,168.42,168.42,168.42,0.0
1974-03-05,168.42,168.42,168.42,168.42,0.0
1974-03-06,159.26,160.05629999999996,158.4637,159.26,0.0
1974-03-07,168.42,168.42,168.42,168.42,0.0
1974-03-08,168.42,168.42,168.42,168.42,0.0
1974-03-11,159.26,160.05629999999996,158.4637,159.26,0.0
1974-03-12,159.26,160.05629999999996,158.4637,159.26,0.0
1974-03-13,168.42,168.42,168.42,168.42,0.0
1974-03-14,168.42,168.42,168.42,168.42,0.0
1974-03-15,159.26,160.05629999999996,158.4637,159.26,0.0
1974-03-18,168.42,168.42,168.42,168.42,0.0
1974-03-19,168.42,168.42,168.42,168.42,0.0
1974-03-20,168.42,168.42,168.42,168.42,0.0
1974-03-21,159.26,160.05629999999996,158.4637,159.26,0.0
1974-03-22,159.26,160.05629999999996,158.4637,159.26,0.0
1974-03-25,159.26,160.05629999999996,158.4637,159.26,0.0
1974-03-26,159.26,160.05629999999996,158.4637,159.26,0.0
1974-03-27,159.26,160.05629999999996,158.4637,159.26,0.0
1974-03-28,168.42,168.42,168.42,168.42,0.0
1974-03-29,159.26,160.05629999999996,158.4637,159.26,0.0
1974-04-01,159.26,160.05629999999996,158.4637,159.26,0.0
1974-04-02,159.26,160.05629999999996,158.4637,159.26,0.0
1974-04-03,159.26,160.05629999999996,158.4637,159.26,0.0
1974-04-04,172.24,172.24,172.24,172.24,0.0
1974-04-05,172.24,172.24,172.24,172.24,0.0
1974-04-08,159.26,160.05629999999996,158.4637,159.26,0.0
1974-04-09,172.24,172.24,172.24,172.24,0.0
1974-04-10,159.26,160.05629999999996,158.4637,159.26,0.0
1974-04-11,159.26,160.05629999999996,158.4637,159.26,0.0
1974-04-12,159.26,160.05629999999996,158.4637,159.26,0.0
1974-04-15,159.26,160.05629999999996,158.4637,159.26,0.0
1974-04-16,159.26,160.05629999999996,158.4637,159.26,0.0
1974-04-17,172.24,172.24,172.24,172.24,0.0
1974-04-18,159.26,160.05629999999996,158.4637,159.26,0.0
1974-04-19,172.24,172.24,172.24,172.24,0.0
1974-04-22,172.24,172.24,172.24,172.24,0.0
1974-04-23,172.24,172.24,172.24,172.24,0.0
1974-04-24,159.26,160.05629999999996,158.4637,159.26,0.0
1974-04-25,159.26,160.05629999999996,158.4637,159.26,0.0
1974-04-26,159.26,160.05629999999996,158.4637,159.26,0.0
1974-04-29,159.26,160.05629999999996,158.4637,159.26,0.0
1974-04-30,159.26,160.05629999999996,158.4637,159.26,0.0
1974-05-01,159.26,160.05629999999996,158.4637,159.26,0.0
1974-05-02,159.26,160.05629999999996,158.4637,159.26,0.0
1974-05-03,163.27,163.27,163.27,163.27,0.0
1974-05-06,163.27,163.27,163.27,163.27,0.0
1974-05-07,163.27,163.27,163.27,163.27,0.0
1974-05-08,159.26,160.05629999999996,158.4637,159.26,0.0
1974-05-09,163.27,163.27,163.27,163.27,0.0
1974-05-10,163.27,163.27,163.27,163.27,0.0
1974-05-13,163.27,163.27,163.27,163.27,0.0
1974-05-14,163.27,163.27,163.27,163.27,0.0
1974-05-15,163.27,163.27,163.27,163.27,0.0
1974-05-16,159.26,160.05629999999996,158.4637,159.26,0.0
1974-05-17,163.27,163.27,163.27,163.27,0.0
1974-05-20,159.26,160.05629999999996,158.4637,159.26,0.0
1974-05-21,163.27,163.27,163.27,163.27,0.0
1974-05-22,163.27,163.27,163.27,163.27,0.0
1974-05-23,163.27,163.27,163.27,163.27,0.0
1974-05-24,159.26,160.05629999999996,158.4637,159.26,0.0
1974-05-27,159.26,160.05629999999996,158.4637,159.26,0.0
1974-05-28,163.27,163.27,163.27,163.27,0.0
1974-05-29,159.26,160.05629999999996,158.4637,159.26,0.0
1974-05-30,159.26,160.05629999999996,158.4637,159.26,0.0
1974-05-31,163.27,163.27,163.27,163.27,0.0
1974-06-03,159.26,160.05629999999996,158.4637,159.26,0.0
1974-06-04,159.26,160.05629999999996,158.4637,159.26,0.0
1974-06-05,159.26,160.05629999999996,158.4637,159.26,0.0
1974-06-06,159.26,160.05629999999996,158.4637,159.26,0.0
1974-06-07,159.26,160.05629999999996,158.4637,159.26,0.0
1974-06-10,154.1,154.1,154.1,154.1,0.0
1974-06-11,159.26,160.05629999999996,158.4637,159.26,0.0
1974-06-12,159.26,160.05629999999996,158.4637,159.26,0.0
1974-06-13,154.1,154.1,154.1,154.1,0.0
1974-06-14,154.1,154.1,154.1,154.1,0.0
1974-06-17,154.1,154.1,154.1,154.1,0.0
1974-06-18,154.1,154.1,154.1,154.1,0.0
1974-06-19,154.1,154.1,154.1,154.1,0.0
1974-06-20,154.1,154.1,154.1,154.1,0.0
1974-06-21,159.26,160.05629999999996,158.4637,159.26,0.0
1974-06-24,159.26,160.05629999999996,158.4637,159.26,0.0
1974-06-25,159.26,160.05629999999996,158.4637,159.26,0.0
1974-06-26,159.26,160.05629999999996,158.4637,159.26,0.0
1974-06-27,154.1,154.1,154.1,154.1,0.0
1974-06-28,159.26,160.05629999999996,158.4637,159.26,0.0
1974-07-01,142.98,142.98,142.98,142.98,0.0
1974-07-02,142.98,142.98,142.98,142.98,0.0
1974-07-03,142.98,142.98,142.98,142.98,0.0
1974-07-04,159.26,160.05629999999996,158.4637,159.26,0.0
1974-07-05,142.98,142.98,142.98,142.98,0.0
1974-07-08,142.98,142.98,142.98,142.98,0.0
1974-07-09,142.98,142.98,142.98,142.98,0.0
1974-07-10,159.26,160.05629999999996,158.4637,159.26,0.0
1974-07-11,159.26,160.05629999999996,158.4637,159.26,0.0
1974-07-12,159.26,160.05629999999996,158.4637,159.26,0.0
1974-07-15,159.26,160.05629999999996,158.4637,159.26,0.0
1974-07-16,159.26,160.05629999999996,158.4637,159.26,0.0
1974-07-17,142.98,142.98,142.98,142.98,0.0
1974-07-18,142.98,142.98,142.98,142.98,0.0
1974-07-19,142.98,142.98,142.98,142.98,0.0
1974-07-22,142.98,142.98,142.98,142.98,0.0
1974-07-23,142.98,142.98,142.98,142.98,0.0
1974-07-24,142.98,142.98,142.98,142.98,0.0
1974-07-25,142.98,142.98,142.98,142.98,0.0
1974-07-26,142.98,142.98,142.98,142.98,0.0
1974-07-29,159.26,160.05629999999996,158.4637,159.26,0.0
1974-07-30,142.98,142.98,142.98,142.98,0.0
1974-07-31,142.98,142.98,142.98,142.98,0.0
1974-08-01,159.26,160.05629999999996,158.4637,159.26,0.0
1974-08-02,154.64,154.64,154.64,154.64,0.0
1974-08-05,154.64,154.64,154.64,154.64,0.0
1974-08-06,154.64,154.64,154.64,154.64,0.0
1974-08-07,154.64,154.64,154.64,154.64,0.0
1974-08-08,154.64,154.64,154.64,154.64,0.0
1974-08-09,159.26,160.05629999999996,158.4637,159.26,0.0
1974-08-12,154.64,154.64,154.64,154.64,0.0
1974-08-13,154.64,154.64,154.64,154.64,0.0
1974-08-14,154.64,154.64,154.64,154.64,0.0
1974-08-15,159.26,160.05629999999996,158.4637,159.26,0.0
1974-08-16,154.64,154.64,154.64,154.64,0.0
1974-08-19,154.64,154.64,154.64,154.64,0.0
1974-08-20,154.64,154.64,154.64,154.64,0.0
1974-08-21,154.64,154.64,154.64,154.64,0.0
1974-08-22,159.26,160.05629999999996,158.4637,159.26,0.0
1974-08-23,159.26,160.05629999999996,158.4637,159.26,0.0
1974-08-26,154.64,154.64,154.64,154.64,0.0
1974-08-27,159.26,160.05629999999996,158.4637,159.26,0.0
1974-08-28,159.26,160.05629999999996,158.4637,159.26,0.0
1974-08-29,159.26,160.05629999999996,158.4637,159.26,0.0
1974-08-30,159.26,160.05629999999996,158.4637,159.26,0.0
1974-09-02,159.26,160.05629999999996,158.4637,159.26,0.0
1974-09-03,159.26,160.05629999999996,158.4637,159.26,0.0
1974-09-04,151.75,151.75,151.75,151.75,0.0
1974-09-05,159.26,160.05629999999996,158.4637,159.26,0.0
1974-09-06,159.26,160.05629999999996,158.4637,159.26,0.0
1974-09-09,159.26,160.05629999999996,158.4637,159.26,0.0
1974-09-10,159.26,160.05629999999996,158.4637,159.26,0.0
1974-09-11,159.26,160.05629999999996,158.4637,159.26,0.0
1974-09-12,159.26,160.05629999999996,158.4637,159.26,0.0
1974-09-13,159.26,160.05629999999996,158.4637,159.26,0.0
1974-09-16,159.26,160.05629999999996,158.4637,159.26,0.0
1974-09-17,159.26,160.05629999999996,158.4637,159.26,0.0
1974-09-18,159.26,160.05629999999996,158.4637,159.26,0.0
1974-09-19,151.75,151.75,151.75,151.75,0.0
1974-09-20,159.26,160.05629999999996,158.4637,159.26,0.0
1974-09-23,159.26,160.05629999999996,158.4637,159.26,0.0
1974-09-24,159.26,160.05629999999996,158.4637,159.26,0.0
1974-09-25,151.75,151.75,151.75,151.75,0.0
1974-09-26,159.26,160.05629999999996,158.4637,159.26,0.0
1974-09-27,151.75,151.75,151.75,151.75,0.0
1974-09-30,159.26,160.05629999999996,158.4637,159.26,0.0
1974-10-01,158.78,158.78,158.78,158.78,0.0
1974-10-02,158.78,158.78,158.78,158.78,0.0
1974-10-03,159.26,160.05629999999996,158.4637,159.26,0.0
1974-10-04,159.26,160.05629999999996,158.4637,159.26,0.0
1974-10-07,159.26,160.05629999999996,158.4637,159.26,0.0
1974-10-08,158.78,158.78,158.78,158.78,0.0
1974-10-09,158.78,158.78,158.78,158.78,0.0
1974-10-10,158.78,158.78,158.78,158.78,0.0
1974-10-11,158.78,158.78,158.78,158.78,0.0
1974-10-14,158.78,158.78,158.78,158.78,0.0
1974-10-15,158.78,158.78,158.78,158.78,0.0
1974-10-16,158.78,158.78,158.78,158.78,0.0
1974-10-17,158.78,158.78,158.78,158.78,0.0
1974-10-18,158.78,158.78,158.78,158.78,0.0
1974-10-21,158.78,158.78,158.78,158.78,0.0
1974-10-22,158.78,158.78,158.78,158.78,0.0
1974-10-23,158.78,158.78,158.78,158.78,0.0
1974-10-24,158.78,158.78,158.78,158.78,0.0
1974-10-25,159.26,160.05629999999996,158.4637,159.26,0.0
1974-10-28,159.26,160.05629999999996,158.4637,159.26,0.0
1974-10-29,159.26,160.05629999999996,158.4637,159.26,0.0
1974-10-30,158.78,158.78,158.78,158.78,0.0
1974-10-31,158.78,158.78,158.78,158.78,0.0
1974-11-01,181.66,181.66,181.66,181.66,0.0
1974-11-04,181.66,181.66,181.66,181.66,0.0
1974-11-05,181.66,181.66,181.66,181.66,0.0
1974-11-06,181.66,181.66,181.66,181.66,0.0
1974-11-07,181.66,181.66,181.66,181.66,0.0
1974-11-08,181.66,181.66,181.66,181.66,0.0
1974-11-11,181.66,181.66,181.66,181.66,0.0
1974-11-12,181.66,181.66,181.66,181.66,0.0
1974-11-13,181.66,181.66,181.66,181.66,0.0
1974-11-14,181.66,181.66,181.66,181.66,0.0
1974-11-15,181.66,181.66,181.66,181.66,0.0
1974-11-18,181.66,181.66,181.66,181.66,0.0
1974-11-19,181.66,181.66,181.66,181.66,0.0
1974-11-20,159.26,160.05629999999996,158.4637,159.26,0.0
1974-11-21,181.66,181.66,181.66,181.66,0.0
1974-11-22,159.26,160.05629999999996,158.4637,159.26,0.0
1974-11-25,159.26,160.05629999999996,158.4637,159.26,0.0
1974-11-26,181.66,181.66,181.66,181.66,0.0
1974-11-27,181.66,181.66,181.66,181.66,0.0
1974-11-28,181.66,181.66,181.66,181.66,0.0
1974-11-29,159.26,160.05629999999996,158.4637,159.26,0.0
1974-12-02,159.26,160.05629999999996,158.4637,159.26,0.0
1974-12-03,183.78,183.78,183.78,183.78,0.0
1974-12-04,159.26,160.05629999999996,158.4637,159.26,0.0
1974-12-05,183.78,183.78,183.78,183.78,0.0
1974-12-06,159.26,160.05629999999996,158.4637,159.26,0.0
1974-12-09,183.78,183.78,183.78,183.78,0.0
1974-12-10,159.26,160.05629999999996,158.4637,159.26,0.0
1974-12-11,159.26,160.05629999999996,158.4637,159.26,0.0
1974-12-12,159.26,160.05629999999996,158.4637,159.26,0.0
1974-12-13,183.78,183.78,183.78,183.78,0.0
1974-12-16,183.78,183.78,183.78,183.78,0.0
1974-12-17,183.78,183.78,183.78,183.78,0.0
1974-12-18,183.78,183.78,183.78,183.78,0.0
1974-12-19,183.78,183.78,183.78,183.78,0.0
1974-12-20,183.78,183.78,183.78,183.78,0.0
1974-12-23,159.26,160.05629999999996,158.4637,159.26,0.0
1974-12-24,183.78,183.78,183.78,183.78,0.0
1974-12-25,183.78,183.78,183.78,183.78,0.0
1974-12-26,183.78,183.78,183.78,183.78,0.0
1974-12-27,183.78,183.78,183.78,183.78,0.0
1974-12-30,183.78,183.78,183.78,183.78,0.0
1974-12-31,183.78,183.78,183.78,183.78,0.0
1975-01-01,176.27,176.27,176.27,176.27,0.0
1975-01-02,176.27,176.27,176.27,176.27,0.0
1975-01-03,161.02,161.8251,160.2149,161.02,0.0
1975-01-06,176.27,176.27,176.27,176.27,0.0
1975-01-07,176.27,176.27,176.27,176.27,0.0
1975-01-08,176.27,176.27,176.27,176.27,0.0
1975-01-09,161.02,161.8251,160.2149,161.02,0.0
1975-01-10,161.02,161.8251,160.2149,161.02,0.0
1975-01-13,161.02,161.8251,160.2149,161.02,0.0
1975-01-14,176.27,176.27,176.27,176.27,0.0
1975-01-15,161.02,161.8251,160.2149,161.02,0.0
1975-01-16,161.02,161.8251,160.2149,161.02,0.0
1975-01-17,176.27,176.27,176.27,176.27,0.0
1975-01-20,161.02,161.8251,160.2149,161.02,0.0
1975-01-21,161.02,161.8251,160.2149,161.02,0.0
1975-01-22,176.27,176.27,176.27,176.27,0.0
1975-01-23,161.02,161.8251,160.2149,161.02,0.0
1975-01-24,176.27,176.27,176.27,176.27,0.0
1975-01-27,161.02,161.8251,160.2149,161.02,0.0
1975-01-28,176.27,176.27,176.27,176.27,0.0
1975-01-29,161.02,161.8251,160.2149,161.02,0.0
1975-01-30,161.02,161.8251,160.2149,161.02,0.0
1975-01-31,176.27,176.27,176.27,176.27,0.0
1975-02-03,161.02,161.8251,160.2149,161.02,0.0
1975-02-04,179.6,179.6,179.6,179.6,0.0
1975-02-05,161.02,161.8251,160.2149,161.02,0.0
1975-02-06,179.6,179.6,179.6,179.6,0.0
1975-02-07,161.02,161.8251,160.2149,161.02,0.0
1975-02-10,179.6,179.6,179.6,179.6,0.0
1975-02-11,161.02,161.8251,160.2149,161.02,0.0
1975-02-12,161.02,161.8251,160.2149,161.02,0.0
1975-02-13,161.02,161.8251,160.2149,161.02,0.0
1975-02-14,179.6,179.6,179.6,179.6,0.0
1975-02-17,161.02,161.8251,160.2149,161.02,0.0
1975-02-18,161.02,161.8251,160.2149,161.02,0.0
1975-02-19,161.02,161.8251,160.2149,161.02,0.0
1975-02-20,179.6,179.6,179.6,179.6,0.0
1975-02-21,161.02,161.8251,160.2149,161.02,0.0
1975-02-24,161.02,161.8251,160.2149,161.02,0.0
1975-02-25,179.6,179.6,179.6,179.6,0.0
1975-02-26,179.6,179.6,179.6,179.6,0.0
1975-02-27,179.6,179.6,179.6,179.6,0.0
1975-02-28,161.02,161.8251,160.2149,161.02,0.0
1975-03-03,178.16,178.16,178.16,178.16,0.0
1975-03-04,161.02,161.8251,160.2149,161.02,0.0
1975-03-05,178.16,178.16,178.16,178.16,0.0
1975-03-06,178.16,178.16,178.16,178.16,0.0
1975-03-07,178.16,178.16,178.16,178.16,0.0
1975-03-10,178.16,178.16,178.16,178.16,0.0
1975-03-11,161.02,161.8251,160.2149,161.02,0.0
1975-03-12,161.02,161.8251,160.2149,161.02,0.0
1975-03-13,161.02,161.8251,160.2149,161.02,0.0
1975-03-14,161.02,161.8251,160.2149,161.02,0.0
1975-03-17,161.02,161.8251,160.2149,161.02,0.0
1975-03-18,161.02,161.8251,160.2149,161.02,0.0
1975-03-19,161.02,161.8251,160.2149,161.02,0.0
1975-03-20,178.16,178.16,178.16,178.16,0.0
1975-03-21,161.02,161.8251,160.2149,161.02,0.0
1975-03-24,161.02,161.8251,160.2149,161.02,0.0
1975-03-25,161.02,161.8251,160.2149,161.02,0.0
1975-03-26,161.02,161.8251,160.2149,161.02,0.0
1975-03-27,161.02,161.8251,160.2149,161.02,0.0
1975-03-28,161.02,161.8251,160.2149,161.02,0.0
1975-03-31,178.16,178.16,178.16,178.16,0.0
1975-04-01,169.84,169.84,169.84,169.84,0.0
1975-04-02,161.02,161.8251,160.2149,161.02,0.0
1975-04-03,169.84,169.84,169.84,169.84,0.0
1975-04-04,161.02,161.8251,160.2149,161.02,0.0
1975-04-07,161.02,161.8251,160.2149,161.02,0.0
1975-04-08,169.84,169.84,169.84,169.84,0.0
1975-04-09,169.84,169.84,169.84,169.84,0.0
1975-04-10,161.02,161.8251,160.2149,161.02,0.0
1975-04-11,161.02,161.8251,160.2149,161.02,0.0
1975-04-14,169.84,169.84,169.84,169.84,0.0
1975-04-15,169.84,169.84,169.84,169.84,0.0
1975-04-16,169.84,169.84,169.84,169.84,0.0
1975-04-17,161.02,161.8251,160.2149,161.02,0.0
1975-04-18,169.84,169.84,169.84,169.84,0.0
1975-04-21,169.84,169.84,169.84,169.84,0.0
1975-04-22,169.84,169.84,169.84,169.84,0.0
1975-04-23,161.02,161.8251,160.2149,161.02,0.0
1975-04-24,161.02,161.8251,160.2149,161.02,0.0
1975-04-25,161.02,161.8251,160.2149,161.02,0.0
1975-04-28,161.02,161.8251,160.2149,161.02,0.0
1975-04-29,169.84,169.84,169.84,169.84,0.0
1975-04-30,169.84,169.84,169.84,169.84,0.0
1975-05-01,167.39,167.39,167.39,167.39,0.0
1975-05-02,167.39,167.39,167.39,167.39,0.0
1975-05-05,161.02,161.8251,160.2149,161.02,0.0
1975-05-06,167.39,167.39,167.39,167.39,0.0
1975-05-07,161.02,161.8251,160.2149,161.02,0.0
1975-05-08,167.39,167.39,167.39,167.39,0.0
1975-05-09,167.39,167.39,167.39,167.39,0.0
1975-05-12,161.02,161.8251,160.2149,161.02,0.0
1975-05-13,167.39,167.39,167.39,167.39,0.0
1975-05-14,167.39,167.39,167.39,167.39,0.0
1975-05-15,167.39,167.39,167.39,167.39,0.0
1975-05-16,167.39,167.39,167.39,167.39,0.0
1975-05-19,167.39,167.39,167.39,167.39,0.0
1975-05-20,167.39,167.39,167.39,167.39,0.0
1975-05-21,161.02,161.8251,160.2149,161.02,0.0
1975-05-22,167.39,167.39,167.39,167.39,0.0
1975-05-23,167.39,167.39,167.39,167.39,0.0
1975-05-26,161.02,161.8251,160.2149,161.02,0.0
1975-05-27,161.02,161.8251,160.2149,161.02,0.0
1975-05-28,161.02,161.8251,160.2149,161.02,0.0
1975-05-29,161.02,161.8251,160.2149,161.02,0.0
1975-05-30,161.02,161.8251,160.2149,161.02,0.0
1975-06-02,164.24,164.24,164.24,164.24,0.0
1975-06-03,164.24,164.24,164.24,164.24,0.0
1975-06-04,164.24,164.24,164.24,164.24,0.0
1975-06-05,164.24,164.24,164.24,164.24,0.0
1975-06-06,164.24,164.24,164.24,164.24,0.0
1975-06-09,164.24,164.24,164.24,164.24,0.0
1975-06-10,161.02,161.8251,160.2149,161.02,0.0
1975-06-11,164.24,164.24,164.24,164.24,0.0
1975-06-12,161.02,161.8251,160.2149,161.02,0.0
1975-06-13,164.24,164.24,164.24,164.24,0.0
1975-06-16,161.02,161.8251,160.2149,161.02,0.0
1975-06-17,164.24,164.24,164.24,164.24,0.0
1975-06-18,161.02,161.8251,160.2149,161.02,0.0
1975-06-19,164.24,164.24,164.24,164.24,0.0
1975-06-20,164.24,164.24,164.24,164.24,0.0
1975-06-23,161.02,161.8251,160.2149,161.02,0.0
1975-06-24,164.24,164.24,164.24,164.24,0.0
1975-06-25,164.24,164.24,164.24,164.24,0.0
1975-06-26,164.24,164.24,164.24,164.24,0.0
1975-06-27,161.02,161.8251,160.2149,161.02,0.0
1975-06-30,164.24,164.24,164.24,164.24,0.0
1975-07-01,161.02,161.8251,160.2149,161.02,0.0
1975-07-02,165.17,165.17,165.17,165.17,0.0
1975-07-03,161.02,161.8251,160.2149,161.02,0.0
1975-07-04,161.02,161.8251,160.2149,161.02,0.0
1975-07-07,165.17,165.17,165.17,165.17,0.0
1975-07-08,165.17,165.17,165.17,165.17,0.0
1975-07-09,165.17,165.17,165.17,165.17,0.0
1975-07-10,165.17,165.17,165.17,165.17,0.0
1975-07-11,165.17,165.17,165.17,165.17,0.0
1975-07-14,161.02,161.8251,160.2149,161.02,0.0
1975-07-15,161.02,161.8251,160.2149,161.02,0.0
1975-07-16,165.17,165.17,165.17,165.17,0.0
1975-07-17,161.02,161.8251,160.2149,161.02,0.0
1975-07-18,161.02,161.8251,160.2149,161.02,0.0
1975-07-21,165.17,165.17,165.17,165.17,0.0
1975-07-22,161.02,161.8251,160.2149,161.02,0.0
1975-07-23,165.17,165.17,165.17,165.17,0.0
1975-07-24,165.17,165.17,165.17,165.17,0.0
1975-07-25,165.17,165.17,165.17,165.17,0.0
1975-07-28,161.02,161.8251,160.2149,161.02,0.0
1975-07-29,161.02,161.8251,160.2149,161.02,0.0
1975-07-30,161.02,161.8251,160.2149,161.02,0.0
1975-07-31,161.02,161.8251,160.2149,161.02,0.0
1975-08-01,161.02,161.8251,160.2149,161.02,0.0
1975-08-04,163.0,163.0,163.0,163.0,0.0
1975-08-05,163.0,163.0,163.0,163.0,0.0
1975-08-06,161.02,161.8251,160.2149,161.02,0.0
1975-08-07,161.02,161.8251,160.2149,161.02,0.0
1975-08-08,163.0,163.0,163.0,163.0,0.0
1975-08-11,163.0,163.0,163.0,163.0,0.0
1975-08-12,163.0,163.0,163.0,163.0,0.0
1975-08-13,163.0,163.0,163.0,163.0,0.0
1975-08-14,161.02,161.8251,160.2149,161.02,0.0
1975-08-15,161.02,161.8251,160.2149,161.02,0.0
1975-08-18,161.02,161.8251,160.2149,161.02,0.0
1975-08-19,161.02,161.8251,160.2149,161.02,0.0
1975-08-20,161.02,161.8251,160.2149,161.02,0.0
1975-08-21,161.02,161.8251,160.2149,161.02,0.0
1975-08-22,161.02,161.8251,160.2149,161.02,0.0
1975-08-25,161.02,161.8251,160.2149,161.02,0.0
1975-08-26,161.02,161.8251,160.2149,161.02,0.0
1975-08-27,161.02,161.8251,160.2149,161.02,0.0
1975-08-28,161.02,161.8251,160.2149,161.02,0.0
1975-08-29,161.02,161.8251,160.2149,161.02,0.0
1975-09-01,144.17,144.17,144.17,144.17,0.0
1975-09-02,144.17,144.17,144.17,144.17,0.0
1975-09-03,161.02,161.8251,160.2149,161.02,0.0
1975-09-04,161.02,161.8251,160.2149,161.02,0.0
1975-09-05,161.02,161.8251,160.2149,161.02,0.0
1975-09-08,161.02,161.8251,160.2149,161.02,0.0
1975-09-09,161.02,161.8251,160.2149,161.02,0.0
1975-09-10,144.17,144.17,144.17,144.17,0.0
1975-09-11,161.02,161.8251,160.2149,161.02,0.0
1975-09-12,161.02,161.8251,160.2149,161.02,0.0
1975-09-15,144.17,144.17,144.17,144.17,0.0
1975-09-16,144.17,144.17,144.17,144.17,0.0
1975-09-17,161.02,161.8251,160.2149,161.02,0.0
1975-09-18,161.02,161.8251,160.2149,161.02,0.0
1975-09-19,144.17,144.17,144.17,144.17,0.0
1975-09-22,161.02,161.8251,160.2149,161.02,0.0
1975-09-23,161.02,161.8251,160.2149,161.02,0.0
1975-09-24,161.02,161.8251,160.2149,161.02,0.0
1975-09-25,144.17,144.17,144.17,144.17,0.0
1975-09-26,161.02,161.8251,160.2149,161.02,0.0
1975-09-29,161.02,161.8251,160.2149,161.02,0.0
1975-09-30,161.02,161.8251,160.2149,161.02,0.0
1975-10-01,142.79,142.79,142.79,142.79,0.0
1975-10-02,142.79,142.79,142.79,142.79,0.0
1975-10-03,142.79,142.79,142.79,142.79,0.0
1975-10-06,142.79,142.79,142.79,142.79,0.0
1975-10-07,142.79,142.79,142.79,142.79,0.0
1975-10-08,142.79,142.79,142.79,142.79,0.0
1975-10-09,161.02,161.8251,160.2149,161.02,0.0
1975-10-10,161.02,161.8251,160.2149,161.02,0.0
1975-10-13,161.02,161.8251,160.2149,161.02,0.0
1975-10-14,142.79,142.79,142.79,142.79,0.0
1975-10-15,142.79,142.79,142.79,142.79,0.0
1975-10-16,142.79,142.79,142.79,142.79,0.0
1975-10-17,161.02,161.8251,160.2149,161.02,0.0
1975-10-20,142.79,142.79,142.79,142.79,0.0
1975-10-21,142.79,142.79,142.79,142.79,0.0
1975-10-22,161.02,161.8251,160.2149,161.02,0.0
1975-10-23,161.02,161.8251,160.2149,161.02,0.0
1975-10-24,161.02,161.8251,160.2149,161.02,0.0
1975-10-27,161.02,161.8251,160.2149,161.02,0.0
1975-10-28,161.02,161.8251,160.2149,161.02,0.0
1975-10-29,142.79,142.79,142.79,142.79,0.0
1975-10-30,142.79,142.79,142.79,142.79,0.0
1975-10-31,161.02,161.8251,160.2149,161.02,0.0
1975-11-03,142.42,142.42,142.42,142.42,0.0
1975-11-04,142.42,142.42,142.42,142.42,0.0
1975-11-05,142.42,142.42,142.42,142.42,0.0
1975-11-06,161.02,161.8251,160.2149,161.02,0.0
1975-11-07,161.02,161.8251,160.2149,161.02,0.0
1975-11-10,161.02,161.8251,160.2149,161.02,0.0
1975-11-11,161.02,161.8251,160.2149,161.02,0.0
1975-11-12,142.42,142.42,142.42,142.42,0.0
1975-11-13,142.42,142.42,142.42,142.42,0.0
1975-11-14,142.42,142.42,142.42,142.42,0.0
1975-11-17,142.42,142.42,142.42,142.42,0.0
1975-11-18,161.02,161.8251,160.2149,161.02,0.0
1975-11-19,161.02,161.8251,160.2149,161.02,0.0
1975-11-20,161.02,161.8251,160.2149,161.02,0.0
1975-11-21,161.02,161.8251,160.2149,161.02,0.0
1975-11-24,142.42,142.42,142.42,142.42,0.0
1975-11-25,161.02,161.8251,160.2149,161.02,0.0
1975-11-26,161.02,161.8251,160.2149,161.02,0.0
1975-11-27,161.02,161.8251,160.2149,161.02,0.0
1975-11-28,161.02,161.8251,160.2149,161.02,0.0
1975-12-01,161.02,161.8251,160.2149,161.02,0.0
1975-12-02,139.3,139.3,139.3,139.3,0.0
1975-12-03,161.02,161.8251,160.2149,161.02,0.0
1975-12-04,139.3,139.3,139.3,139.3,0.0
1975-12-05,161.02,161.8251,160.2149,161.02,0.0
1975-12-08,139.3,139.3,139.3,139.3,0.0
1975-12-09,139.3,139.3,139.3,139.3,0.0
1975-12-10,139.3,139.3,139.3,139.3,0.0
1975-12-11,161.02,161.8251,160.2149,161.02,0.0
1975-12-12,161.02,161.8251,160.2149,161.02,0.0
1975-12-15,161.02,161.8251,160.2149,161.02,0.0
1975-12-16,161.02,161.8251,160.2149,161.02,0.0
1975-12-17,139.3,139.3,139.3,139.3,0.0
1975-12-18,161.02,161.8251,160.2149,161.02,0.0
1975-12-19,139.3,139.3,139.3,139.3,0.0
1975-12-22,139.3,139.3,139.3,139.3,0.0
1975-12-23,139.3,139.3,139.3,139.3,0.0
1975-12-24,139.3,139.3,139.3,139.3,0.0
1975-12-25,139.3,139.3,139.3,139.3,0.0
1975-12-26,139.3,139.3,139.3,139.3,0.0
1975-12-29,139.3,139.3,139.3,139.3,0.0
1975-12-30,139.3,139.3,139.3,139.3,0.0
1975-12-31,139.3,139.3,139.3,139.3,0.0
1976-01-01,131.05,131.05,131.05,131.05,0.0
1976-01-02,131.05,131.05,131.05,131.05,0.0
1976-01-05,124.74,125.36369999999998,124.1163,124.74,0.0
1976-01-06,131.05,131.05,131.05,131.05,0.0
1976-01-07,124.74,125.36369999999998,124.1163,124.74,0.0
1976-01-08,124.74,125.36369999999998,124.1163,124.74,0.0
1976-01-09,124.74,125.36369999999998,124.1163,124.74,0.0
1976-01-12,124.74,125.36369999999998,124.1163,124.74,0.0
1976-01-13,131.05,131.05,131.05,131.05,0.0
1976-01-14,131.05,131.05,131.05,131.05,0.0
1976-01-15,131.05,131.05,131.05,131.05,0.0
1976-01-16,131.05,131.05,131.05,131.05,0.0
1976-01-19,131.05,131.05,131.05,131.05,0.0
1976-01-20,131.05,131.05,131.05,131.05,0.0
1976-01-21,131.05,131.05,131.05,131.05,0.0
1976-01-22,131.05,131.05,131.05,131.05,0.0
1976-01-23,124.74,125.36369999999998,124.1163,124.74,0.0
1976-01-26,131.05,131.05,131.05,131.05,0.0
1976-01-27,124.74,125.36369999999998,124.1163,124.74,0.0
1976-01-28,124.74,125.36369999999998,124.1163,124.74,0.0
1976-01-29,124.74,125.36369999999998,124.1163,124.74,0.0
1976-01-30,124.74,125.36369999999998,124.1163,124.74,0.0
1976-02-02,124.74,125.36369999999998,124.1163,124.74,0.0
1976-02-03,131.06,131.06,131.06,131.06,0.0
1976-02-04,124.74,125.36369999999998,124.1163,124.74,0.0
1976-02-05,124.74,125.36369999999998,124.1163,124.74,0.0
1976-02-06,131.06,131.06,131.06,131.06,0.0
1976-02-09,124.74,125.36369999999998,124.1163,124.74,0.0
1976-02-10,124.74,125.36369999999998,124.1163,124.74,0.0
1976-02-11,124.74,125.36369999999998,124.1163,124.74,0.0
1976-02-12,124.74,125.36369999999998,124.1163,124.74,0.0
1976-02-13,124.74,125.36369999999998,124.1163,124.74,0.0
1976-02-16,131.06,131.06,131.06,131.06,0.0
1976-02-17,124.74,125.36369999999998,124.1163,124.74,0.0
1976-02-18,131.06,131.06,131.06,131.06,0.0
1976-02-19,131.06,131.06,131.06,131.06,0.0
1976-02-20,124.74,125.36369999999998,124.1163,124.74,0.0
1976-02-23,131.06,131.06,131.06,131.06,0.0
1976-02-24,131.06,131.06,131.06,131.06,0.0
1976-02-25,131.06,131.06,131.06,131.06,0.0
1976-02-26,131.06,131.06,131.06,131.06,0.0
1976-02-27,124.74,125.36369999999998,124.1163,124.74,0.0
1976-03-01,124.74,125.36369999999998,124.1163,124.74,0.0
1976-03-02,124.74,125.36369999999998,124.1163,124.74,0.0
1976-03-03,132.76,132.76,132.76,132.76,0.0
1976-03-04,132.76,132.76,132.76,132.76,0.0
1976-03-05,132.76,132.76,132.76,132.76,0.0
1976-03-08,124.74,125.36369999999998,124.1163,124.74,0.0
1976-03-09,124.74,125.36369999999998,124.1163,124.74,0.0
1976-03-10,124.74,125.36369999999998,124.1163,124.74,0.0
1976-03-11,132.76,132.76,132.76,132.76,0.0
1976-03-12,132.76,132.76,132.76,132.76,0.0
1976-03-15,132.76,132.76,132.76,132.76,0.0
1976-03-16,124.74,125.36369999999998,124.1163,124.74,0.0
1976-03-17,124.74,125.36369999999998,124.1163,124.74,0.0
1976-03-18,124.74,125.36369999999998,124.1163,124.74,0.0
1976-03-19,132.76,132.76,132.76,132.76,0.0
1976-03-22,124.74,125.36369999999998,124.1163,124.74,0.0
1976-03-23,132.76,132.76,132.76,132.76,0.0
1976-03-24,132.76,132.76,132.76,132.76,0.0
1976-03-25,124.74,125.36369999999998,124.1163,124.74,0.0
1976-03-26,124.74,125.36369999999998,124.1163,124.74,0.0
1976-03-29,132.76,132.76,132.76,132.76,0.0
1976-03-30,124.74,125.36369999999998,124.1163,124.74,0.0
1976-03-31,132.76,132.76,132.76,132.76,0.0
1976-04-01,124.74,125.36369999999998,124.1163,124.74,0.0
1976-04-02,124.74,125.36369999999998,124.1163,124.74,0.0
1976-04-05,127.94,127.94,127.94,127.94,0.0
1976-04-06,124.74,125.36369999999998,124.1163,124.74,0.0
1976-04-07,124.74,125.36369999999998,124.1163,124.74,0.0
1976-04-08,127.94,127.94,127.94,127.94,0.0
1976-04-09,127.94,127.94,127.94,127.94,0.0
1976-04-12,127.94,127.94,127.94,127.94,0.0
1976-04-13,127.94,127.94,127.94,127.94,0.0
1976-04-14,127.94,127.94,127.94,127.94,0.0
1976-04-15,127.94,127.94,127.94,127.94,0.0
1976-04-16,124.74,125.36369999999998,124.1163,124.74,0.0
1976-04-19,124.74,125.36369999999998,124.1163,124.74,0.0
1976-04-20,127.94,127.94,127.94,127.94,0.0
1976-04-21,127.94,127.94,127.94,127.94,0.0
1976-04-22,124.74,125.36369999999998,124.1163,124.74,0.0
1976-04-23,127.94,127.94,127.94,127.94,0.0
1976-04-26,124.74,125.36369999999998,124.1163,124.74,0.0
1976-04-27,127.94,127.94,127.94,127.94,0.0
1976-04-28,124.74,125.36369999999998,124.1163,124.74,0.0
1976-04-29,124.74,125.36369999999998,124.1163,124.74,0.0
1976-04-30,124.74,125.36369999999998,124.1163,124.74,0.0
1976-05-03,126.92,126.92,126.92,126.92,0.0
1976-05-04,124.74,125.36369999999998,124.1163,124.74,0.0
1976-05-05,124.74,125.36369999999998,124.1163,124.74,0.0
1976-05-06,124.74,125.36369999999998,124.1163,124.74,0.0
1976-05-07,126.92,126.92,126.92,126.92,0.0
1976-05-10,126.92,126.92,126.92,126.92,0.0
1976-05-11,126.92,126.92,126.92,126.92,0.0
1976-05-12,126.92,126.92,126.92,126.92,0.0
1976-05-13,126.92,126.92,126.92,126.92,0.0
1976-05-14,124.74,125.36369999999998,124.1163,124.74,0.0
1976-05-17,124.74,125.36369999999998,124.1163,124.74,0.0
1976-05-18,124.74,125.36369999999998,124.1163,124.74,0.0
1976-05-19,124.74,125.36369999999998,124.1163,124.74,0.0
1976-05-20,124.74,125.36369999999998,124.1163,124.74,0.0
1976-05-21,124.74,125.36369999999998,124.1163,124.74,0.0
1976-05-24,124.74,125.36369999999998,124.1163,124.74,0.0
1976-05-25,124.74,125.36369999999998,124.1163,124.74,0.0
1976-05-26,126.92,126.92,126.92,126.92,0.0
1976-05-27,126.92,126.92,126.92,126.92,0.0
1976-05-28,126.92,126.92,126.92,126.92,0.0
1976-05-31,124.74,125.36369999999998,124.1163,124.74,0.0
1976-06-01,124.74,125.36369999999998,124.1163,124.74,0.0
1976-06-02,124.74,125.36369999999998,124.1163,124.74,0.0
1976-06-03,124.74,125.36369999999998,124.1163,124.74,0.0
1976-06-04,125.71,125.71,125.71,125.71,0.0
1976-06-07,124.74,125.36369999999998,124.1163,124.74,0.0
1976-06-08,125.71,125.71,125.71,125.71,0.0
1976-06-09,124.74,125.36369999999998,124.1163,124.74,0.0
1976-06-10,124.74,125.36369999999998,124.1163,124.74,0.0
1976-06-11,125.71,125.71,125.71,125.71,0.0
1976-06-14,125.71,125.71,125.71,125.71,0.0
1976-06-15,125.71,125.71,125.71,125.71,0.0
1976-06-16,125.71,125.71,125.71,125.71,0.0
1976-06-17,125.71,125.71,125.71,125.71,0.0
1976-06-18,125.71,125.71,125.71,125.71,0.0
1976-06-21,125.71,125.71,125.71,125.71,0.0
1976-06-22,125.71,125.71,125.71,125.71,0.0
1976-06-23,124.74,125.36369999999998,124.1163,124.74,0.0
1976-06-24,125.71,125.71,125.71,125.71,0.0
1976-06-25,124.74,125.36369999999998,124.1163,124.74,0.0
1976-06-28,124.74,125.36369999999998,124.1163,124.74,0.0
1976-06-29,125.71,125.71,125.71,125.71,0.0
1976-06-30,125.71,125.71,125.71,125.71,0.0
1976-07-01,124.74,125.36369999999998,124.1163,124.74,0.0
1976-07-02,117.73,117.73,117.73,117.73,0.0
1976-07-05,117.73,117.73,117.73,117.73,0.0
1976-07-06,117.73,117.73,117.73,117.73,0.0
1976-07-07,117.73,117.73,117.73,117.73,0.0
1976-07-08,117.73,117.73,117.73,117.73,0.0
1976-07-09,124.74,125.36369999999998,124.1163,124.74,0.0
1976-07-12,124.74,125.36369999999998,124.1163,124.74,0.0
1976-07-13,117.73,117.73,117.73,117.73,0.0
1976-07-14,117.73,117.73,117.73,117.73,0.0
1976-07-15,117.73,117.73,117.73,117.73,0.0
1976-07-16,117.73,117.73,117.73,117.73,0.0
1976-07-19,117.73,117.73,117.73,117.73,0.0
1976-07-20,124.74,125.36369999999998,124.1163,124.74,0.0
1976-07-21,124.74,125.36369999999998,124.1163,124.74,0.0
1976-07-22,124.74,125.36369999999998,124.1163,124.74,0.0
1976-07-23,117.73,117.73,117.73,117.73,0.0
1976-07-26,117.73,117.73,117.73,117.73,0.0
1976-07-27,124.74,125.36369999999998,124.1163,124.74,0.0
1976-07-28,117.73,117.73,117.73,117.73,0.0
1976-07-29,117.73,117.73,117.73,117.73,0.0
1976-07-30,117.73,117.73,117.73,117.73,0.0
1976-08-02,109.93,109.93,109.93,109.93,0.0
1976-08-03,109.93,109.93,109.93,109.93,0.0
1976-08-04,124.74,125.36369999999998,124.1163,124.74,0.0
1976-08-05,109.93,109.93,109.93,109.93,0.0
1976-08-06,124.74,125.36369999999998,124.1163,124.74,0.0
1976-08-09,109.93,109.93,109.93,109.93,0.0
1976-08-10,124.74,125.36369999999998,124.1163,124.74,0.0
1976-08-11,124.74,125.36369999999998,124.1163,124.74,0.0
1976-08-12,124.74,125.36369999999998,124.1163,124.74,0.0
1976-08-13,109.93,109.93,109.93,109.93,0.0
1976-08-16,124.74,125.36369999999998,124.1163,124.74,0.0
1976-08-17,124.74,125.36369999999998,124.1163,124.74,0.0
1976-08-18,124.74,125.36369999999998,124.1163,124.74,0.0
1976-08-19,124.74,125.36369999999998,124.1163,124.74,0.0
1976-08-20,109.93,109.93,109.93,109.93,0.0
1976-08-23,124.74,125.36369999999998,124.1163,124.74,0.0
1976-08-24,124.74,125.36369999999998,124.1163,124.74,0.0
1976-08-25,124.74,125.36369999999998,124.1163,124.74,0.0
1976-08-26,124.74,125.36369999999998,124.1163,124.74,0.0
1976-08-27,124.74,125.36369999999998,124.1163,124.74,0.0
1976-08-30,109.93,109.93,109.93,109.93,0.0
1976-08-31,109.93,109.93,109.93,109.93,0.0
1976-09-01,114.15,114.15,114.15,114.15,0.0
1976-09-02,114.15,114.15,114.15,114.15,0.0
1976-09-03,124.74,125.36369999999998,124.1163,124.74,0.0
1976-09-06,114.15,114.15,114.15,114.15,0.0
1976-09-07,124.74,125.36369999999998,124.1163,124.74,0.0
1976-09-08,124.74,125.36369999999998,124.1163,124.74,0.0
1976-09-09,124.74,125.36369999999998,124.1163,124.74,0.0
1976-09-10,124.74,125.36369999999998,124.1163,124.74,0.0
1976-09-13,124.74,125.36369999999998,124.1163,124.74,0.0
1976-09-14,124.74,125.36369999999998,124.1163,124.74,0.0
1976-09-15,124.74,125.36369999999998,124.1163,124.74,0.0
1976-09-16,114.15,114.15,114.15,114.15,0.0
1976-09-17,124.74,125.36369999999998,124.1163,124.74,0.0
1976-09-20,124.74,125.36369999999998,124.1163,124.74,0.0
1976-09-21,124.74,125.36369999999998,124.1163,124.74,0.0
1976-09-22,124.74,125.36369999999998,124.1163,124.74,0.0
1976-09-23,124.74,125.36369999999998,124.1163,124.74,0.0
1976-09-24,114.15,114.15,114.15,114.15,0.0
1976-09-27,124.74,125.36369999999998,124.1163,124.74,0.0
1976-09-28,114.15,114.15,114.15,114.15,0.0
1976-09-29,124.74,125.36369999999998,124.1163,124.74,0.0
1976-09-30,114.15,114.15,114.15,114.15,0.0
1976-10-01,124.74,125.36369999999998,124.1163,124.74,0.0
1976-10-04,124.74,125.36369999999998,124.1163,124.74,0.0
1976-10-05,116.15,116.15,116.15,116.15,0.0
1976-10-06,116.15,116.15,116.15,116.15,0.0
1976-10-07,116.15,116.15,116.15,116.15,0.0
1976-10-08,116.15,116.15,116.15,116.15,0.0
1976-10-11,116.15,116.15,116.15,116.15,0.0
1976-10-12,116.15,116.15,116.15,116.15,0.0
1976-10-13,116.15,116.15,116.15,116.15,0.0
1976-10-14,116.15,116.15,116.15,116.15,0.0
1976-10-15,116.15,116.15,116.15,116.15,0.0
1976-10-18,124.74,125.36369999999998,124.1163,124.74,0.0
1976-10-19,124.74,125.36369999999998,124.1163,124.74,0.0
1976-10-20,116.15,116.15,116.15,116.15,0.0
1976-10-21,116.15,116.15,116.15,116.15,0.0
1976-10-22,124.74,125.36369999999998,124.1163,124.74,0.0
1976-10-25,124.74,125.36369999999998,124.1163,124.74,0.0
1976-10-26,124.74,125.36369999999998,124.1163,124.74,0.0
1976-10-27,116.15,116.15,116.15,116.15,0.0
1976-10-28,124.74,125.36369999999998,124.1163,124.74,0.0
1976-10-29,116.15,116.15,116.15,116.15,0.0
1976-11-01,130.46,130.46,130.46,130.46,0.0
1976-11-02,124.74,125.36369999999998,124.1163,124.74,0.0
1976-11-03,124.74,125.36369999999998,124.1163,124.74,0.0
1976-11-04,130.46,130.46,130.46,130.46,0.0
1976-11-05,124.74,125.36369999999998,124.1163,124.74,0.0
1976-11-08,124.74,125.36369999999998,124.1163,124.74,0.0
1976-11-09,124.74,125.36369999999998,124.1163,124.74,0.0
1976-11-10,124.74,125.36369999999998,124.1163,124.74,0.0
1976-11-11,130.46,130.46,130.46,130.46,0.0
1976-11-12,130.46,130.46,130.46,130.46,0.0
1976-11-15,124.74,125.36369999999998,124.1163,124.74,0.0
1976-11-16,130.46,130.46,130.46,130.46,0.0
1976-11-17,130.46,130.46,130.46,130.46,0.0
1976-11-18,124.74,125.36369999999998,124.1163,124.74,0.0
1976-11-19,124.74,125.36369999999998,124.1163,124.74,0.0
1976-11-22,130.46,130.46,130.46,130.46,0.0
1976-11-23,130.46,130.46,130.46,130.46,0.0
1976-11-24,130.46,130.46,130.46,130.46,0.0
1976-11-25,130.46,130.46,130.46,130.46,0.0
1976-11-26,130.46,130.46,130.46,130.46,0.0
1976-11-29,130.46,130.46,130.46,130.46,0.0
1976-11-30,130.46,130.46,130.46,130.46,0.0
1976-12-01,133.93,133.93,133.93,133.93,0.0
1976-12-02,124.74,125.36369999999998,124.1163,124.74,0.0
1976-12-03,133.93,133.93,133.93,133.93,0.0
1976-12-06,124.74,125.36369999999998,124.1163,124.74,0.0
1976-12-07,124.74,125.36369999999998,124.1163,124.74,0.0
1976-12-08,124.74,125.36369999999998,124.1163,124.74,0.0
1976-12-09,124.74,125.36369999999998,124.1163,124.74,0.0
1976-12-10,124.74,125.36369999999998,124.1163,124.74,0.0
1976-12-13,133.93,133.93,133.93,133.93,0.0
1976-12-14,133.93,133.93,133.93,133.93,0.0
1976-12-15,124.74,125.36369999999998,124.1163,124.74,0.0
1976-12-16,133.93,133.93,133.93,133.93,0.0
1976-12-17,133.93,133.93,133.93,133.93,0.0
1976-12-20,133.93,133.93,133.93,133.93,0.0
1976-12-21,133.93,133.93,133.93,133.93,0.0
1976-12-22,133.93,133.93,133.93,133.93,0.0
1976-12-23,124.74,125.36369999999998,124.1163,124.74,0.0
1976-12-24,124.74,125.36369999999998,124.1163,124.74,0.0
1976-12-27,124.74,125.36369999999998,124.1163,124.74,0.0
1976-12-28,133.93,133.93,133.93,133.93,0.0
1976-12-29,133.93,133.93,133.93,133.93,0.0
1976-12-30,133.93,133.93,133.93,133.93,0.0
1976-12-31,124.74,125.36369999999998,124.1163,124.74,0.0
1977-01-03,147.84,148.5792,147.1008,147.84,0.0
1977-01-04,132.26,132.26,132.26,132.26,0.0
1977-01-05,147.84,148.5792,147.1008,147.84,0.0
1977-01-06,147.84,148.5792,147.1008,147.84,0.0
1977-01-07,147.84,148.5792,147.1008,147.84,0.0
1977-01-10,147.84,148.5792,147.1008,147.84,0.0
1977-01-11,147.84,148.5792,147.1008,147.84,0.0
1977-01-12,132.26,132.26,132.26,132.26,0.0
1977-01-13,132.26,132.26,132.26,132.26,0.0
1977-01-14,132.26,132.26,132.26,132.26,0.0
1977-01-17,147.84,148.5792,147.1008,147.84,0.0
1977-01-18,132.26,132.26,132.26,132.26,0.0
1977-01-19,132.26,132.26,132.26,132.26,0.0
1977-01-20,132.26,132.26,132.26,132.26,0.0
1977-01-21,132.26,132.26,132.26,132.26,0.0
1977-01-24,147.84,148.5792,147.1008,147.84,0.0
1977-01-25,147.84,148.5792,147.1008,147.84,0.0
1977-01-26,147.84,148.5792,147.1008,147.84,0.0
1977-01-27,147.84,148.5792,147.1008,147.84,0.0
1977-01-28,147.84,148.5792,147.1008,147.84,0.0
1977-01-31,132.26,132.26,132.26,132.26,0.0
1977-02-01,136.24,136.24,136.24,136.24,0.0
1977-02-02,136.24,136.24,136.24,136.24,0.0
1977-02-03,136.24,136.24,136.24,136.24,0.0
1977-02-04,136.24,136.24,136.24,136.24,0.0
1977-02-07,136.24,136.24,136.24,136.24,0.0
1977-02-08,147.84,148.5792,147.1008,147.84,0.0
1977-02-09,147.84,148.5792,147.1008,147.84,0.0
1977-02-10,136.24,136.24,136.24,136.24,0.0
1977-02-11,147.84,148.5792,147.1008,147.84,0.0
1977-02-14,136.24,136.24,136.24,136.24,0.0
1977-02-15,136.24,136.24,136.24,136.24,0.0
1977-02-16,136.24,136.24,136.24,136.24,0.0
1977-02-17,147.84,148.5792,147.1008,147.84,0.0
1977-02-18,147.84,148.5792,147.1008,147.84,0.0
1977-02-21,136.24,136.24,136.24,136.24,0.0
1977-02-22,136.24,136.24,136.24,136.24,0.0
1977-02-23,147.84,148.5792,147.1008,147.84,0.0
1977-02-24,136.24,136.24,136.24,136.24,0.0
1977-02-25,147.84,148.5792,147.1008,147.84,0.0
1977-02-28,136.24,136.24,136.24,136.24,0.0
1977-03-01,147.84,148.5792,147.1008,147.84,0.0
1977-03-02,147.84,148.5792,147.1008,147.84,0.0
1977-03-03,147.84,148.5792,147.1008,147.84,0.0
1977-03-04,147.84,148.5792,147.1008,147.84,0.0
1977-03-07,147.84,148.5792,147.1008,147.84,0.0
1977-03-08,147.84,148.5792,147.1008,147.84,0.0
1977-03-09,148.23,148.23,148.23,148.23,0.0
1977-03-10,148.23,148.23,148.23,148.23,0.0
1977-03-11,148.23,148.23,148.23,148.23,0.0
1977-03-14,148.23,148.23,148.23,148.23,0.0
1977-03-15,148.23,148.23,148.23,148.23,0.0
1977-03-16,147.84,148.5792,147.1008,147.84,0.0
1977-03-17,147.84,148.5792,147.1008,147.84,0.0
1977-03-18,148.23,148.23,148.23,148.23,0.0
1977-03-21,147.84,148.5792,147.1008,147.84,0.0
1977-03-22,147.84,148.5792,147.1008,147.84,0.0
1977-03-23,147.84,148.5792,147.1008,147.84,0.0
1977-03-24,147.84,148.5792,147.1008,147.84,0.0
1977-03-25,147.84,148.5792,147.1008,147.84,0.0
1977-03-28,147.84,148.5792,147.1008,147.84,0.0
1977-03-29,148.23,148.23,148.23,148.23,0.0
1977-03-30,148.23,148.23,148.23,148.23,0.0
1977-03-31,147.84,148.5792,147.1008,147.84,0.0
1977-04-01,147.84,148.5792,147.1008,147.84,0.0
1977-04-04,147.84,148.5792,147.1008,147.84,0.0
1977-04-05,149.17,149.17,149.17,149.17,0.0
1977-04-06,149.17,149.17,149.17,149.17,0.0
1977-04-07,149.17,149.17,149.17,149.17,0.0
1977-04-08,149.17,149.17,149.17,149.17,0.0
1977-04-11,149.17,149.17,149.17,149.17,0.0
1977-04-12,147.84,148.5792,147.1008,147.84,0.0
1977-04-13,147.84,148.5792,147.1008,147.84,0.0
1977-04-14,147.84,148.5792,147.1008,147.84,0.0
1977-04-15,149.17,149.17,149.17,149.17,0.0
1977-04-18,147.84,148.5792,147.1008,147.84,0.0
1977-04-19,149.17,149.17,149.17,149.17,0.0
1977-04-20,147.84,148.5792,147.1008,147.84,0.0
1977-04-21,149.17,149.17,149.17,149.17,0.0
1977-04-22,147.84,148.5792,147.1008,147.84,0.0
1977-04-25,149.17,149.17,149.17,149.17,0.0
1977-04-26,147.84,148.5792,147.1008,147.84,0.0
1977-04-27,147.84,148.5792,147.1008,147.84,0.0
1977-04-28,147.84,148.5792,147.1008,147.84,0.0
1977-04-29,147.84,148.5792,147.1008,147.84,0.0
1977-05-02,147.84,148.5792,147.1008,147.84,0.0
1977-05-03,146.61,146.61,146.61,146.61,0.0
1977-05-04,147.84,148.5792,147.1008,147.84,0.0
1977-05-05,146.61,146.61,146.61,146.61,0.0
1977-05-06,147.84,148.5792,147.1008,147.84,0.0
1977-05-09,146.61,146.61,146.61,146.61,0.0
1977-05-10,146.61,146.61,146.61,146.61,0.0
1977-05-11,147.84,148.5792,147.1008,147.84,0.0
1977-05-12,147.84,148.5792,147.1008,147.84,0.0
1977-05-13,147.84,148.5792,147.1008,147.84,0.0
1977-05-16,146.61,146.61,146.61,146.61,0.0
1977-05-17,146.61,146.61,146.61,146.61,0.0
1977-05-18,147.84,148.5792,147.1008,147.84,0.0
1977-05-19,147.84,148.5792,147.1008,147.84,0.0
1977-05-20,147.84,148.5792,147.1008,147.84,0.0
1977-05-23,146.61,146.61,146.61,146.61,0.0
1977-05-24,146.61,146.61,146.61,146.61,0.0
1977-05-25,147.84,148.5792,147.1008,147.84,0.0
1977-05-26,147.84,148.5792,147.1008,147.84,0.0
1977-05-27,147.84,148.5792,147.1008,147.84,0.0
1977-05-30,147.84,148.5792,147.1008,147.84,0.0
1977-05-31,147.84,148.5792,147.1008,147.84,0.0
1977-06-01,147.84,148.5792,147.1008,147.84,0.0
1977-06-02,147.84,148.5792,147.1008,147.84,0.0
1977-06-03,140.78,140.78,140.78,140.78,0.0
1977-06-06,140.78,140.78,140.78,140.78,0.0
1977-06-07,147.84,148.5792,147.1008,147.84,0.0
1977-06-08,147.84,148.5792,147.1008,147.84,0.0
1977-06-09,147.84,148.5792,147.1008,147.84,0.0
1977-06-10,140.78,140.78,140.78,140.78,0.0
1977-06-13,147.84,148.5792,147.1008,147.84,0.0
1977-06-14,147.84,148.5792,147.1008,147.84,0.0
1977-06-15,147.84,148.5792,147.1008,147.84,0.0
1977-06-16,140.78,140.78,140.78,140.78,0.0
1977-06-17,140.78,140.78,140.78,140.78,0.0
1977-06-20,147.84,148.5792,147.1008,147.84,0.0
1977-06-21,140.78,140.78,140.78,140.78,0.0
1977-06-22,147.84,148.5792,147.1008,147.84,0.0
1977-06-23,147.84,148.5792,147.1008,147.84,0.0
1977-06-24,140.78,140.78,140.78,140.78,0.0
1977-06-27,147.84,148.5792,147.1008,147.84,0.0
1977-06-28,140.78,140.78,140.78,140.78,0.0
1977-06-29,147.84,148.5792,147.1008,147.84,0.0
1977-06-30,147.84,148.5792,147.1008,147.84,0.0
1977-07-01,143.39,143.39,143.39,143.39,0.0
1977-07-04,147.84,148.5792,147.1008,147.84,0.0
1977-07-05,143.39,143.39,143.39,143.39,0.0
1977-07-06,147.84,148.5792,147.1008,147.84,0.0
1977-07-07,143.39,143.39,143.39,143.39,0.0
1977-07-08,147.84,148.5792,147.1008,147.84,0.0
1977-07-11,143.39,143.39,143.39,143.39,0.0
1977-07-12,143.39,143.39,143.39,143.39,0.0
1977-07-13,143.39,143.39,143.39,143.39,0.0
1977-07-14,147.84,148.5792,147.1008,147.84,0.0
1977-07-15,143.39,143.39,143.39,143.39,0.0
1977-07-18,143.39,143.39,143.39,143.39,0.0
1977-07-19,147.84,148.5792,147.1008,147.84,0.0
1977-07-20,147.84,148.5792,147.1008,147.84,0.0
1977-07-21,143.39,143.39,143.39,143.39,0.0
1977-07-22,143.39,143.39,143.39,143.39,0.0
1977-07-25,143.39,143.39,143.39,143.39,0.0
1977-07-26,147.84,148.5792,147.1008,147.84,0.0
1977-07-27,143.39,143.39,143.39,143.39,0.0
1977-07-28,143.39,143.39,143.39,143.39,0.0
1977-07-29,147.84,148.5792,147.1008,147.84,0.0
1977-08-01,144.94,144.94,144.94,144.94,0.0
1977-08-02,144.94,144.94,144.94,144.94,0.0
1977-08-03,144.94,144.94,144.94,144.94,0.0
1977-08-04,144.94,144.94,144.94,144.94,0.0
1977-08-05,147.84,148.5792,147.1008,147.84,0.0
1977-08-08,147.84,148.5792,147.1008,147.84,0.0
1977-08-09,147.84,148.5792,147.1008,147.84,0.0
1977-08-10,144.94,144.94,144.94,144.94,0.0
1977-08-11,144.94,144.94,144.94,144.94,0.0
1977-08-12,144.94,144.94,144.94,144.94,0.0
1977-08-15,144.94,144.94,144.94,144.94,0.0
1977-08-16,147.84,148.5792,147.1008,147.84,0.0
1977-08-17,147.84,148.5792,147.1008,147.84,0.0
1977-08-18,147.84,148.5792,147.1008,147.84,0.0
1977-08-19,144.94,144.94,144.94,144.94,0.0
1977-08-22,147.84,148.5792,147.1008,147.84,0.0
1977-08-23,144.94,144.94,144.94,144.94,0.0
1977-08-24,147.84,148.5792,147.1008,147.84,0.0
1977-08-25,144.94,144.94,144.94,144.94,0.0
1977-08-26,147.84,148.5792,147.1008,147.84,0.0
1977-08-29,147.84,148.5792,147.1008,147.84,0.0
1977-08-30,147.84,148.5792,147.1008,147.84,0.0
1977-08-31,147.84,148.5792,147.1008,147.84,0.0
1977-09-01,149.53,149.53,149.53,149.53,0.0
1977-09-02,149.53,149.53,149.53,149.53,0.0
1977-09-05,149.53,149.53,149.53,149.53,0.0
1977-09-06,147.84,148.5792,147.1008,147.84,0.0
1977-09-07,149.53,149.53,149.53,149.53,0.0
1977-09-08,147.84,148.5792,147.1008,147.84,0.0
1977-09-09,149.53,149.53,149.53,149.53,0.0
1977-09-12,149.53,149.53,149.53,149.53,0.0
1977-09-13,149.53,149.53,149.53,149.53,0.0
1977-09-14,149.53,149.53,149.53,149.53,0.0
1977-09-15,149.53,149.53,149.53,149.53,0.0
1977-09-16,149.53,149.53,149.53,149.53,0.0
1977-09-19,149.53,149.53,149.53,149.53,0.0
1977-09-20,147.84,148.5792,147.1008,147.84,0.0
1977-09-21,149.53,149.53,149.53,149.53,0.0
1977-09-22,149.53,149.53,149.53,149.53,0.0
1977-09-23,147.84,148.5792,147.1008,147.84,0.0
1977-09-26,147.84,148.5792,147.1008,147.84,0.0
1977-09-27,149.53,149.53,149.53,149.53,0.0
1977-09-28,147.84,148.5792,147.1008,147.84,0.0
1977-09-29,147.84,148.5792,147.1008,147.84,0.0
1977-09-30,147.84,148.5792,147.1008,147.84,0.0
1977-10-03,147.84,148.5792,147.1008,147.84,0.0
1977-10-04,147.84,148.5792,147.1008,147.84,0.0
1977-10-05,147.84,148.5792,147.1008,147.84,0.0
1977-10-06,147.84,148.5792,147.1008,147.84,0.0
1977-10-07,158.95,158.95,158.95,158.95,0.0
1977-10-10,158.95,158.95,158.95,158.95,0.0
1977-10-11,158.95,158.95,158.95,158.95,0.0
1977-10-12,147.84,148.5792,147.1008,147.84,0.0
1977-10-13,147.84,148.5792,147.1008,147.84,0.0
1977-10-14,158.95,158.95,158.95,158.95,0.0
1977-10-17,158.95,158.95,158.95,158.95,0.0
1977-10-18,147.84,148.5792,147.1008,147.84,0.0
1977-10-19,147.84,148.5792,147.1008,147.84,0.0
1977-10-20,147.84,148.5792,147.1008,147.84,0.0
1977-10-21,147.84,148.5792,147.1008,147.84,0.0
1977-10-24,147.84,148.5792,147.1008,147.84,0.0
1977-10-25,158.95,158.95,158.95,158.95,0.0
1977-10-26,158.95,158.95,158.95,158.95,0.0
1977-10-27,158.95,158.95,158.95,158.95,0.0
1977-10-28,158.95,158.95,158.95,158.95,0.0
1977-10-31,158.95,158.95,158.95,158.95,0.0
1977-11-01,147.84,148.5792,147.1008,147.84,0.0
1977-11-02,147.84,148.5792,147.1008,147.84,0.0
1977-11-03,147.84,148.5792,147.1008,147.84,0.0
1977-11-04,147.84,148.5792,147.1008,147.84,0.0
1977-11-07,147.84,148.5792,147.1008,147.84,0.0
1977-11-08,147.84,148.5792,147.1008,147.84,0.0
1977-11-09,147.84,148.5792,147.1008,147.84,0.0
1977-11-10,147.84,148.5792,147.1008,147.84,0.0
1977-11-11,147.84,148.5792,147.1008,147.84,0.0
1977-11-14,162.1,162.1,162.1,162.1,0.0
1977-11-15,162.1,162.1,162.1,162.1,0.0
1977-11-16,162.1,162.1,162.1,162.1,0.0
1977-11-17,147.84,148.5792,147.1008,147.84,0.0
1977-11-18,147.84,148.5792,147.1008,147.84,0.0
1977-11-21,147.84,148.5792,147.1008,147.84,0.0
1977-11-22,147.84,148.5792,147.1008,147.84,0.0
1977-11-23,162.1,162.1,162.1,162.1,0.0
1977-11-24,162.1,162.1,162.1,162.1,0.0
1977-11-25,162.1,162.1,162.1,162.1,0.0
1977-11-28,162.1,162.1,162.1,162.1,0.0
1977-11-29,162.1,162.1,162.1,162.1,0.0
1977-11-30,162.1,162.1,162.1,162.1,0.0
1977-12-01,160.45,160.45,160.45,160.45,0.0
1977-12-02,160.45,160.45,160.45,160.45,0.0
1977-12-05,147.84,148.5792,147.1008,147.84,0.0
1977-12-06,147.84,148.5792,147.1008,147.84,0.0
1977-12-07,160.45,160.45,160.45,160.45,0.0
1977-12-08,147.84,148.5792,147.1008,147.84,0.0
1977-12-09,147.84,148.5792,147.1008,147.84,0.0
1977-12-12,147.84,148.5792,147.1008,147.84,0.0
1977-12-13,147.84,148.5792,147.1008,147.84,0.0
1977-12-14,160.45,160.45,160.45,160.45,0.0
1977-12-15,160.45,160.45,160.45,160.45,0.0
1977-12-16,147.84,148.5792,147.1008,147.84,0.0
1977-12-19,160.45,160.45,160.45,160.45,0.0
1977-12-20,147.84,148.5792,147.1008,147.84,0.0
1977-12-21,160.45,160.45,160.45,160.45,0.0
1977-12-22,160.45,160.45,160.45,160.45,0.0
1977-12-23,160.45,160.45,160.45,160.45,0.0
1977-12-26,160.45,160.45,160.45,160.45,0.0
1977-12-27,147.84,148.5792,147.1008,147.84,0.0
1977-12-28,147.84,148.5792,147.1008,147.84,0.0
1977-12-29,160.45,160.45,160.45,160.45,0.0
1977-12-30,160.45,160.45,160.45,160.45,0.0
1978-01-02,173.18,173.18,173.18,173.18,0.0
1978-01-03,173.18,173.18,173.18,173.18,0.0
1978-01-04,193.4,194.367,192.433,193.4,0.0
1978-01-05,173.18,173.18,173.18,173.18,0.0
1978-01-06,193.4,194.367,192.433,193.4,0.0
1978-01-09,173.18,173.18,173.18,173.18,0.0
1978-01-10,193.4,194.367,192.433,193.4,0.0
1978-01-11,193.4,194.367,192.433,193.4,0.0
1978-01-12,193.4,194.367,192.433,193.4,0.0
1978-01-13,193.4,194.367,192.433,193.4,0.0
1978-01-16,193.4,194.367,192.433,193.4,0.0
1978-01-17,173.18,173.18,173.18,173.18,0.0
1978-01-18,193.4,194.367,192.433,193.4,0.0
1978-01-19,193.4,194.367,192.433,193.4,0.0
1978-01-20,193.4,194.367,192.433,193.4,0.0
1978-01-23,173.18,173.18,173.18,173.18,0.0
1978-01-24,193.4,194.367,192.433,193.4,0.0
1978-01-25,193.4,194.367,192.433,193.4,0.0
1978-01-26,193.4,194.367,192.433,193.4,0.0
1978-01-27,193.4,194.367,192.433,193.4,0.0
1978-01-30,193.4,194.367,192.433,193.4,0.0
1978-01-31,173.18,173.18,173.18,173.18,0.0
1978-02-01,178.14,178.14,178.14,178.14,0.0
1978-02-02,193.4,194.367,192.433,193.4,0.0
1978-02-03,193.4,194.367,192.433,193.4,0.0
1978-02-06,193.4,194.367,192.433,193.4,0.0
1978-02-07,178.14,178.14,178.14,178.14,0.0
1978-02-08,178.14,178.14,178.14,178.14,0.0
1978-02-09,193.4,194.367,192.433,193.4,0.0
1978-02-10,178.14,178.14,178.14,178.14,0.0
1978-02-13,178.14,178.14,178.14,178.14,0.0
1978-02-14,193.4,194.367,192.433,193.4,0.0
1978-02-15,193.4,194.367,192.433,193.4,0.0
1978-02-16,193.4,194.367,192.433,193.4,0.0
1978-02-17,193.4,194.367,192.433,193.4,0.0
1978-02-20,193.4,194.367,192.433,193.4,0.0
1978-02-21,178.14,178.14,178.14,178.14,0.0
1978-02-22,178.14,178.14,178.14,178.14,0.0
1978-02-23,193.4,194.367,192.433,193.4,0.0
1978-02-24,193.4,194.367,192.433,193.4,0.0
1978-02-27,193.4,194.367,192.433,193.4,0.0
1978-02-28,178.14,178.14,178.14,178.14,0.0
1978-03-01,183.61,183.61,183.61,183.61,0.0
1978-03-02,193.4,194.367,192.433,193.4,0.0
1978-03-03,183.61,183.61,183.61,183.61,0.0
1978-03-06,183.61,183.61,183.61,183.61,0.0
1978-03-07,183.61,183.61,183.61,183.61,0.0
1978-03-08,193.4,194.367,192.433,193.4,0.0
1978-03-09,183.61,183.61,183.61,183.61,0.0
1978-03-10,183.61,183.61,183.61,183.61,0.0
1978-03-13,183.61,183.61,183.61,183.61,0.0
1978-03-14,183.61,183.61,183.61,183.61,0.0
1978-03-15,183.61,183.61,183.61,183.61,0.0
1978-03-16,193.4,194.367,192.433,193.4,0.0
1978-03-17,183.61,183.61,183.61,183.61,0.0
1978-03-20,183.61,183.61,183.61,183.61,0.0
1978-03-21,193.4,194.367,192.433,193.4,0.0
1978-03-22,193.4,194.367,192.433,193.4,0.0
1978-03-23,183.61,183.61,183.61,183.61,0.0
1978-03-24,193.4,194.367,192.433,193.4,0.0
1978-03-27,193.4,194.367,192.433,193.4,0.0
1978-03-28,193.4,194.367,192.433,193.4,0.0
1978-03-29,193.4,194.367,192.433,193.4,0.0
1978-03-30,183.61,183.61,183.61,183.61,0.0
1978-03-31,183.61,183.61,183.61,183.61,0.0
1978-04-03,175.28,175.28,175.28,175.28,0.0
1978-04-04,193.4,194.367,192.433,193.4,0.0
1978-04-05,175.28,175.28,175.28,175.28,0.0
1978-04-06,175.28,175.28,175.28,175.28,0.0
1978-04-07,175.28,175.28,175.28,175.28,0.0
1978-04-10,193.4,194.367,192.433,193.4,0.0
1978-04-11,175.28,175.28,175.28,175.28,0.0
1978-04-12,175.28,175.28,175.28,175.28,0.0
1978-04-13,175.28,175.28,175.28,175.28,0.0
1978-04-14,193.4,194.367,192.433,193.4,0.0
1978-04-17,175.28,175.28,175.28,175.28,0.0
1978-04-18,193.4,194.367,192.433,193.4,0.0
1978-04-19,175.28,175.28,175.28,175.28,0.0
1978-04-20,193.4,194.367,192.433,193.4,0.0
1978-04-21,175.28,175.28,175.28,175.28,0.0
1978-04-24,175.28,175.28,175.28,175.28,0.0
1978-04-25,175.28,175.28,175.28,175.28,0.0
1978-04-26,193.4,194.367,192.433,193.4,0.0
1978-04-27,175.28,175.28,175.28,175.28,0.0
1978-04-28,193.4,194.367,192.433,193.4,0.0
1978-05-01,193.4,194.367,192.433,193.4,0.0
1978-05-02,193.4,194.367,192.433,193.4,0.0
1978-05-03,193.4,194.367,192.433,193.4,0.0
1978-05-04,176.31,176.31,176.31,176.31,0.0
1978-05-05,176.31,176.31,176.31,176.31,0.0
1978-05-08,176.31,176.31,176.31,176.31,0.0
1978-05-09,193.4,194.367,192.433,193.4,0.0
1978-05-10,176.31,176.31,176.31,176.31,0.0
1978-05-11,193.4,194.367,192.433,193.4,0.0
1978-05-12,193.4,194.367,192.433,193.4,0.0
1978-05-15,176.31,176.31,176.31,176.31,0.0
1978-05-16,176.31,176.31,176.31,176.31,0.0
1978-05-17,193.4,194.367,192.433,193.4,0.0
1978-05-18,193.4,194.367,192.433,193.4,0.0
1978-05-19,193.4,194.367,192.433,193.4,0.0
1978-05-22,193.4,194.367,192.433,193.4,0.0
1978-05-23,193.4,194.367,192.433,193.4,0.0
1978-05-24,193.4,194.367,192.433,193.4,0.0
1978-05-25,193.4,194.367,192.433,193.4,0.0
1978-05-26,193.4,194.367,192.433,193.4,0.0
1978-05-29,193.4,194.367,192.433,193.4,0.0
1978-05-30,193.4,194.367,192.433,193.4,0.0
1978-05-31,193.4,194.367,192.433,193.4,0.0
1978-06-01,193.4,194.367,192.433,193.4,0.0
1978-06-02,193.4,194.367,192.433,193.4,0.0
1978-06-05,183.75,183.75,183.75,183.75,0.0
1978-06-06,193.4,194.367,192.433,193.4,0.0
1978-06-07,193.4,194.367,192.433,193.4,0.0
1978-06-08,193.4,194.367,192.433,193.4,0.0
1978-06-09,183.75,183.75,183.75,183.75,0.0
1978-06-12,193.4,194.367,192.433,193.4,0.0
1978-06-13,193.4,194.367,192.433,193.4,0.0
1978-06-14,193.4,194.367,192.433,193.4,0.0
1978-06-15,183.75,183.75,183.75,183.75,0.0
1978-06-16,193.4,194.367,192.433,193.4,0.0
1978-06-19,193.4,194.367,192.433,193.4,0.0
1978-06-20,193.4,194.367,192.433,193.4,0.0
1978-06-21,193.4,194.367,192.433,193.4,0.0
1978-06-22,193.4,194.367,192.433,193.4,0.0
1978-06-23,193.4,194.367,192.433,193.4,0.0
1978-06-26,193.4,194.367,192.433,193.4,0.0
1978-06-27,193.4,194.367,192.433,193.4,0.0
1978-06-28,183.75,183.75,183.75,183.75,0.0
1978-06-29,193.4,194.367,192.433,193.4,0.0
1978-06-30,193.4,194.367,192.433,193.4,0.0
1978-07-03,193.4,194.367,192.433,193.4,0.0
1978-07-04,193.4,194.367,192.433,193.4,0.0
1978-07-05,193.4,194.367,192.433,193.4,0.0
1978-07-06,193.4,194.367,192.433,193.4,0.0
1978-07-07,188.73,188.73,188.73,188.73,0.0
1978-07-10,193.4,194.367,192.433,193.4,0.0
1978-07-11,193.4,194.367,192.433,193.4,0.0
1978-07-12,193.4,194.367,192.433,193.4,0.0
1978-07-13,193.4,194.367,192.433,193.4,0.0
1978-07-14,193.4,194.367,192.433,193.4,0.0
1978-07-17,193.4,194.367,192.433,193.4,0.0
1978-07-18,193.4,194.367,192.433,193.4,0.0
1978-07-19,193.4,194.367,192.433,193.4,0.0
1978-07-20,193.4,194.367,192.433,193.4,0.0
1978-07-21,188.73,188.73,188.73,188.73,0.0
1978-07-24,188.73,188.73,188.73,188.73,0.0
1978-07-25,188.73,188.73,188.73,188.73,0.0
1978-07-26,188.73,188.73,188.73,188.73,0.0
1978-07-27,193.4,194.367,192.433,193.4,0.0
1978-07-28,188.73,188.73,188.73,188.73,0.0
1978-07-31,188.73,188.73,188.73,188.73,0.0
1978-08-01,193.4,194.367,192.433,193.4,0.0
1978-08-02,206.3,206.3,206.3,206.3,0.0
1978-08-03,206.3,206.3,206.3,206.3,0.0
1978-08-04,206.3,206.3,206.3,206.3,0.0
1978-08-07,193.4,194.367,192.433,193.4,0.0
1978-08-08,206.3,206.3,206.3,206.3,0.0
1978-08-09,206.3,206.3,206.3,206.3,0.0
1978-08-10,206.3,206.3,206.3,206.3,0.0
1978-08-11,206.3,206.3,206.3,206.3,0.0
1978-08-14,206.3,206.3,206.3,206.3,0.0
1978-08-15,206.3,206.3,206.3,206.3,0.0
1978-08-16,193.4,194.367,192.433,193.4,0.0
1978-08-17,206.3,206.3,206.3,206.3,0.0
1978-08-18,206.3,206.3,206.3,206.3,0.0
1978-08-21,206.3,206.3,206.3,206.3,0.0
1978-08-22,193.4,194.367,192.433,193.4,0.0
1978-08-23,206.3,206.3,206.3,206.3,0.0
1978-08-24,193.4,194.367,192.433,193.4,0.0
1978-08-25,193.4,194.367,192.433,193.4,0.0
1978-08-28,193.4,194.367,192.433,193.4,0.0
1978-08-29,206.3,206.3,206.3,206.3,0.0
1978-08-30,206.3,206.3,206.3,206.3,0.0
1978-08-31,193.4,194.367,192.433,193.4,0.0
1978-09-01,212.08,212.08,212.08,212.08,0.0
1978-09-04,193.4,194.367,192.433,193.4,0.0
1978-09-05,193.4,194.367,192.433,193.4,0.0
1978-09-06,193.4,194.367,192.433,193.4,0.0
1978-09-07,193.4,194.367,192.433,193.4,0.0
1978-09-08,212.08,212.08,212.08,212.08,0.0
1978-09-11,193.4,194.367,192.433,193.4,0.0
1978-09-12,193.4,194.367,192.433,193.4,0.0
1978-09-13,193.4,194.367,192.433,193.4,0.0
1978-09-14,193.4,194.367,192.433,193.4,0.0
1978-09-15,193.4,194.367,192.433,193.4,0.0
1978-09-18,212.08,212.08,212.08,212.08,0.0
1978-09-19,212.08,212.08,212.08,212.08,0.0
1978-09-20,212.08,212.08,212.08,212.08,0.0
1978-09-21,193.4,194.367,192.433,193.4,0.0
1978-09-22,212.08,212.08,212.08,212.08,0.0
1978-09-25,193.4,194.367,192.433,193.4,0.0
1978-09-26,212.08,212.08,212.08,212.08,0.0
1978-09-27,193.4,194.367,192.433,193.4,0.0
1978-09-28,212.08,212.08,212.08,212.08,0.0
1978-09-29,212.08,212.08,212.08,212.08,0.0
1978-10-02,227.44,227.44,227.44,227.44,0.0
1978-10-03,227.44,227.44,227.44,227.44,0.0
1978-10-04,227.44,227.44,227.44,227.44,0.0
1978-10-05,193.4,194.367,192.433,193.4,0.0
1978-10-06,227.44,227.44,227.44,227.44,0.0
1978-10-09,193.4,194.367,192.433,193.4,0.0
1978-10-10,193.4,194.367,192.433,193.4,0.0
1978-10-11,193.4,194.367,192.433,193.4,0.0
1978-10-12,227.44,227.44,227.44,227.44,0.0
1978-10-13,227.44,227.44,227.44,227.44,0.0
1978-10-16,227.44,227.44,227.44,227.44,0.0
1978-10-17,193.4,194.367,192.433,193.4,0.0
1978-10-18,227.44,227.44,227.44,227.44,0.0
1978-10-19,227.44,227.44,227.44,227.44,0.0
1978-10-20,193.4,194.367,192.433,193.4,0.0
1978-10-23,227.44,227.44,227.44,227.44,0.0
1978-10-24,227.44,227.44,227.44,227.44,0.0
1978-10-25,227.44,227.44,227.44,227.44,0.0
1978-10-26,227.44,227.44,227.44,227.44,0.0
1978-10-27,193.4,194.367,192.433,193.4,0.0
1978-10-30,193.4,194.367,192.433,193.4,0.0
1978-10-31,193.4,194.367,192.433,193.4,0.0
1978-11-01,206.2,206.2,206.2,206.2,0.0
1978-11-02,206.2,206.2,206.2,206.2,0.0
1978-11-03,206.2,206.2,206.2,206.2,0.0
1978-11-06,206.2,206.2,206.2,206.2,0.0
1978-11-07,193.4,194.367,192.433,193.4,0.0
1978-11-08,193.4,194.367,192.433,193.4,0.0
1978-11-09,206.2,206.2,206.2,206.2,0.0
1978-11-10,193.4,194.367,192.433,193.4,0.0
1978-11-13,206.2,206.2,206.2,206.2,0.0
1978-11-14,206.2,206.2,206.2,206.2,0.0
1978-11-15,193.4,194.367,192.433,193.4,0.0
1978-11-16,193.4,194.367,192.433,193.4,0.0
1978-11-17,193.4,194.367,192.433,193.4,0.0
1978-11-20,193.4,194.367,192.433,193.4,0.0
1978-11-21,193.4,194.367,192.433,193.4,0.0
1978-11-22,193.4,194.367,192.433,193.4,0.0
1978-11-23,193.4,194.367,192.433,193.4,0.0
1978-11-24,193.4,194.367,192.433,193.4,0.0
1978-11-27,193.4,194.367,192.433,193.4,0.0
1978-11-28,206.2,206.2,206.2,206.2,0.0
1978-11-29,193.4,194.367,192.433,193.4,0.0
1978-11-30,193.4,194.367,192.433,193.4,0.0
1978-12-01,207.85,207.85,207.85,207.85,0.0
1978-12-04,193.4,194.367,192.433,193.4,0.0
1978-12-05,193.4,194.367,192.433,193.4,0.0
1978-12-06,193.4,194.367,192.433,193.4,0.0
1978-12-07,193.4,194.367,192.433,193.4,0.0
1978-12-08,207.85,207.85,207.85,207.85,0.0
1978-12-11,207.85,207.85,207.85,207.85,0.0
1978-12-12,193.4,194.367,192.433,193.4,0.0
1978-12-13,193.4,194.367,192.433,193.4,0.0
1978-12-14,207.85,207.85,207.85,207.85,0.0
1978-12-15,193.4,194.367,192.433,193.4,0.0
1978-12-18,193.4,194.367,192.433,193.4,0.0
1978-12-19,193.4,194.367,192.433,193.4,0.0
1978-12-20,193.4,194.367,192.433,193.4,0.0
1978-12-21,193.4,194.367,192.433,193.4,0.0
1978-12-22,193.4,194.367,192.433,193.4,0.0
1978-12-25,207.85,207.85,207.85,207.85,0.0
1978-12-26,207.85,207.85,207.85,207.85,0.0
1978-12-27,193.4,194.367,192.433,193.4,0.0
1978-12-28,193.4,194.367,192.433,193.4,0.0
1978-12-29,207.85,207.85,207.85,207.85,0.0
1979-01-01,306.0,307.53,304.46999999999997,306.0,0.0
1979-01-02,227.28,227.28,227.28,227.28,0.0
1979-01-03,227.28,227.28,227.28,227.28,0.0
1979-01-04,227.28,227.28,227.28,227.28,0.0
1979-01-05,227.28,227.28,227.28,227.28,0.0
1979-01-08,306.0,307.53,304.46999999999997,306.0,0.0
1979-01-09,306.0,307.53,304.46999999999997,306.0,0.0
1979-01-10,227.28,227.28,227.28,227.28,0.0
1979-01-11,227.28,227.28,227.28,227.28,0.0
1979-01-12,306.0,307.53,304.46999999999997,306.0,0.0
1979-01-15,306.0,307.53,304.46999999999997,306.0,0.0
1979-01-16,227.28,227.28,227.28,227.28,0.0
1979-01-17,227.28,227.28,227.28,227.28,0.0
1979-01-18,227.28,227.28,227.28,227.28,0.0
1979-01-19,227.28,227.28,227.28,227.28,0.0
1979-01-22,306.0,307.53,304.46999999999997,306.0,0.0
1979-01-23,227.28,227.28,227.28,227.28,0.0
1979-01-24,227.28,227.28,227.28,227.28,0.0
1979-01-25,227.28,227.28,227.28,227.28,0.0
1979-01-26,227.28,227.28,227.28,227.28,0.0
1979-01-29,306.0,307.53,304.46999999999997,306.0,0.0
1979-01-30,227.28,227.28,227.28,227.28,0.0
1979-01-31,306.0,307.53,304.46999999999997,306.0,0.0
1979-02-01,245.67,245.67,245.67,245.67,0.0
1979-02-02,306.0,307.53,304.46999999999997,306.0,0.0
1979-02-05,306.0,307.53,304.46999999999997,306.0,0.0
1979-02-06,245.67,245.67,245.67,245.67,0.0
1979-02-07,245.67,245.67,245.67,245.67,0.0
1979-02-08,245.67,245.67,245.67,245.67,0.0
1979-02-09,306.0,307.53,304.46999999999997,306.0,0.0
1979-02-12,245.67,245.67,245.67,245.67,0.0
1979-02-13,306.0,307.53,304.46999999999997,306.0,0.0
1979-02-14,245.67,245.67,245.67,245.67,0.0
1979-02-15,306.0,307.53,304.46999999999997,306.0,0.0
1979-02-16,306.0,307.53,304.46999999999997,306.0,0.0
1979-02-19,306.0,307.53,304.46999999999997,306.0,0.0
1979-02-20,306.0,307.53,304.46999999999997,306.0,0.0
1979-02-21,306.0,307.53,304.46999999999997,306.0,0.0
1979-02-22,306.0,307.53,304.46999999999997,306.0,0.0
1979-02-23,306.0,307.53,304.46999999999997,306.0,0.0
1979-02-26,306.0,307.53,304.46999999999997,306.0,0.0
1979-02-27,306.0,307.53,304.46999999999997,306.0,0.0
1979-02-28,245.67,245.67,245.67,245.67,0.0
1979-03-01,242.05,242.05,242.05,242.05,0.0
1979-03-02,242.05,242.05,242.05,242.05,0.0
1979-03-05,242.05,242.05,242.05,242.05,0.0
1979-03-06,306.0,307.53,304.46999999999997,306.0,0.0
1979-03-07,306.0,307.53,304.46999999999997,306.0,0.0
1979-03-08,242.05,242.05,242.05,242.05,0.0
1979-03-09,306.0,307.53,304.46999999999997,306.0,0.0
1979-03-12,306.0,307.53,304.46999999999997,306.0,0.0
1979-03-13,306.0,307.53,304.46999999999997,306.0,0.0
1979-03-14,306.0,307.53,304.46999999999997,306.0,0.0
1979-03-15,306.0,307.53,304.46999999999997,306.0,0.0
1979-03-16,242.05,242.05,242.05,242.05,0.0
1979-03-19,306.0,307.53,304.46999999999997,306.0,0.0
1979-03-20,242.05,242.05,242.05,242.05,0.0
1979-03-21,306.0,307.53,304.46999999999997,306.0,0.0
1979-03-22,242.05,242.05,242.05,242.05,0.0
1979-03-23,242.05,242.05,242.05,242.05,0.0
1979-03-26,306.0,307.53,304.46999999999997,306.0,0.0
1979-03-27,306.0,307.53,304.46999999999997,306.0,0.0
1979-03-28,242.05,242.05,242.05,242.05,0.0
1979-03-29,242.05,242.05,242.05,242.05,0.0
1979-03-30,306.0,307.53,304.46999999999997,306.0,0.0
1979-04-02,306.0,307.53,304.46999999999997,306.0,0.0
1979-04-03,306.0,307.53,304.46999999999997,306.0,0.0
1979-04-04,239.11,239.11,239.11,239.11,0.0
1979-04-05,306.0,307.53,304.46999999999997,306.0,0.0
1979-04-06,306.0,307.53,304.46999999999997,306.0,0.0
1979-04-09,306.0,307.53,304.46999999999997,306.0,0.0
1979-04-10,239.11,239.11,239.11,239.11,0.0
1979-04-11,239.11,239.11,239.11,239.11,0.0
1979-04-12,306.0,307.53,304.46999999999997,306.0,0.0
1979-04-13,239.11,239.11,239.11,239.11,0.0
1979-04-16,306.0,307.53,304.46999999999997,306.0,0.0
1979-04-17,306.0,307.53,304.46999999999997,306.0,0.0
1979-04-18,306.0,307.53,304.46999999999997,306.0,0.0
1979-04-19,306.0,307.53,304.46999999999997,306.0,0.0
1979-04-20,239.11,239.11,239.11,239.11,0.0
1979-04-23,306.0,307.53,304.46999999999997,306.0,0.0
1979-04-24,306.0,307.53,304.46999999999997,306.0,0.0
1979-04-25,306.0,307.53,304.46999999999997,306.0,0.0
1979-04-26,306.0,307.53,304.46999999999997,306.0,0.0
1979-04-27,306.0,307.53,304.46999999999997,306.0,0.0
1979-04-30,239.11,239.11,239.11,239.11,0.0
1979-05-01,257.59,257.59,257.59,257.59,0.0
1979-05-02,257.59,257.59,257.59,257.59,0.0
1979-05-03,306.0,307.53,304.46999999999997,306.0,0.0
1979-05-04,257.59,257.59,257.59,257.59,0.0
1979-05-07,306.0,307.53,304.46999999999997,306.0,0.0
1979-05-08,257.59,257.59,257.59,257.59,0.0
1979-05-09,306.0,307.53,304.46999999999997,306.0,0.0
1979-05-10,257.59,257.59,257.59,257.59,0.0
1979-05-11,257.59,257.59,257.59,257.59,0.0
1979-05-14,257.59,257.59,257.59,257.59,0.0
1979-05-15,257.59,257.59,257.59,257.59,0.0
1979-05-16,257.59,257.59,257.59,257.59,0.0
1979-05-17,306.0,307.53,304.46999999999997,306.0,0.0
1979-05-18,257.59,257.59,257.59,257.59,0.0
1979-05-21,306.0,307.53,304.46999999999997,306.0,0.0
1979-05-22,306.0,307.53,304.46999999999997,306.0,0.0
1979-05-23,306.0,307.53,304.46999999999997,306.0,0.0
1979-05-24,257.59,257.59,257.59,257.59,0.0
1979-05-25,257.59,257.59,257.59,257.59,0.0
1979-05-28,257.59,257.59,257.59,257.59,0.0
1979-05-29,257.59,257.59,257.59,257.59,0.0
1979-05-30,257.59,257.59,257.59,257.59,0.0
1979-05-31,306.0,307.53,304.46999999999997,306.0,0.0
1979-06-01,306.0,307.53,304.46999999999997,306.0,0.0
1979-06-04,279.07,279.07,279.07,279.07,0.0
1979-06-05,279.07,279.07,279.07,279.07,0.0
1979-06-06,279.07,279.07,279.07,279.07,0.0
1979-06-07,279.07,279.07,279.07,279.07,0.0
1979-06-08,279.07,279.07,279.07,279.07,0.0
1979-06-11,306.0,307.53,304.46999999999997,306.0,0.0
1979-06-12,279.07,279.07,279.07,279.07,0.0
1979-06-13,279.07,279.07,279.07,279.07,0.0
1979-06-14,306.0,307.53,304.46999999999997,306.0,0.0
1979-06-15,279.07,279.07,279.07,279.07,0.0
1979-06-18,306.0,307.53,304.46999999999997,306.0,0.0
1979-06-19,306.0,307.53,304.46999999999997,306.0,0.0
1979-06-20,306.0,307.53,304.46999999999997,306.0,0.0
1979-06-21,279.07,279.07,279.07,279.07,0.0
1979-06-22,279.07,279.07,279.07,279.07,0.0
1979-06-25,279.07,279.07,279.07,279.07,0.0
1979-06-26,279.07,279.07,279.07,279.07,0.0
1979-06-27,306.0,307.53,304.46999999999997,306.0,0.0
1979-06-28,306.0,307.53,304.46999999999997,306.0,0.0
1979-06-29,279.07,279.07,279.07,279.07,0.0
1979-07-02,306.0,307.53,304.46999999999997,306.0,0.0
1979-07-03,294.74,294.74,294.74,294.74,0.0
1979-07-04,294.74,294.74,294.74,294.74,0.0
1979-07-05,294.74,294.74,294.74,294.74,0.0
1979-07-06,294.74,294.74,294.74,294.74,0.0
1979-07-09,306.0,307.53,304.46999999999997,306.0,0.0
1979-07-10,306.0,307.53,304.46999999999997,306.0,0.0
1979-07-11,294.74,294.74,294.74,294.74,0.0
1979-07-12,294.74,294.74,294.74,294.74,0.0
1979-07-13,306.0,307.53,304.46999999999997,306.0,0.0
1979-07-16,294.74,294.74,294.74,294.74,0.0
1979-07-17,294.74,294.74,294.74,294.74,0.0
1979-07-18,294.74,294.74,294.74,294.74,0.0
1979-07-19,294.74,294.74,294.74,294.74,0.0
1979-07-20,294.74,294.74,294.74,294.74,0.0
1979-07-23,294.74,294.74,294.74,294.74,0.0
1979-07-24,294.74,294.74,294.74,294.74,0.0
1979-07-25,306.0,307.53,304.46999999999997,306.0,0.0
1979-07-26,294.74,294.74,294.74,294.74,0.0
1979-07-27,306.0,307.53,304.46999999999997,306.0,0.0
1979-07-30,306.0,307.53,304.46999999999997,306.0,0.0
1979-07-31,306.0,307.53,304.46999999999997,306.0,0.0
1979-08-01,306.0,307.53,304.46999999999997,306.0,0.0
1979-08-02,306.0,307.53,304.46999999999997,306.0,0.0
1979-08-03,306.0,307.53,304.46999999999997,306.0,0.0
1979-08-06,306.0,307.53,304.46999999999997,306.0,0.0
1979-08-07,300.82,300.82,300.82,300.82,0.0
1979-08-08,300.82,300.82,300.82,300.82,0.0
1979-08-09,300.82,300.82,300.82,300.82,0.0
1979-08-10,300.82,300.82,300.82,300.82,0.0
1979-08-13,306.0,307.53,304.46999999999997,306.0,0.0
1979-08-14,300.82,300.82,300.82,300.82,0.0
1979-08-15,300.82,300.82,300.82,300.82,0.0
1979-08-16,300.82,300.82,300.82,300.82,0.0
1979-08-17,300.82,300.82,300.82,300.82,0.0
1979-08-20,306.0,307.53,304.46999999999997,306.0,0.0
1979-08-21,300.82,300.82,300.82,300.82,0.0
1979-08-22,300.82,300.82,300.82,300.82,0.0
1979-08-23,306.0,307.53,304.46999999999997,306.0,0.0
1979-08-24,300.82,300.82,300.82,300.82,0.0
1979-08-27,300.82,300.82,300.82,300.82,0.0
1979-08-28,300.82,300.82,300.82,300.82,0.0
1979-08-29,300.82,300.82,300.82,300.82,0.0
1979-08-30,300.82,300.82,300.82,300.82,0.0
1979-08-31,300.82,300.82,300.82,300.82,0.0
1979-09-03,306.0,307.53,304.46999999999997,306.0,0.0
1979-09-04,306.0,307.53,304.46999999999997,306.0,0.0
1979-09-05,306.0,307.53,304.46999999999997,306.0,0.0
1979-09-06,354.95,354.95,354.95,354.95,0.0
1979-09-07,354.95,354.95,354.95,354.95,0.0
1979-09-10,306.0,307.53,304.46999999999997,306.0,0.0
1979-09-11,354.95,354.95,354.95,354.95,0.0
1979-09-12,306.0,307.53,304.46999999999997,306.0,0.0
1979-09-13,354.95,354.95,354.95,354.95,0.0
1979-09-14,354.95,354.95,354.95,354.95,0.0
1979-09-17,354.95,354.95,354.95,354.95,0.0
1979-09-18,354.95,354.95,354.95,354.95,0.0
1979-09-19,306.0,307.53,304.46999999999997,306.0,0.0
1979-09-20,306.0,307.53,304.46999999999997,306.0,0.0
1979-09-21,306.0,307.53,304.46999999999997,306.0,0.0
1979-09-24,354.95,354.95,354.95,354.95,0.0
1979-09-25,354.95,354.95,354.95,354.95,0.0
1979-09-26,354.95,354.95,354.95,354.95,0.0
1979-09-27,354.95,354.95,354.95,354.95,0.0
1979-09-28,354.95,354.95,354.95,354.95,0.0
1979-10-01,391.66,391.66,391.66,391.66,0.0
1979-10-02,306.0,307.53,304.46999999999997,306.0,0.0
1979-10-03,306.0,307.53,304.46999999999997,306.0,0.0
1979-10-04,306.0,307.53,304.46999999999997,306.0,0.0
1979-10-05,306.0,307.53,304.46999999999997,306.0,0.0
1979-10-08,306.0,307.53,304.46999999999997,306.0,0.0
1979-10-09,306.0,307.53,304.46999999999997,306.0,0.0
1979-10-10,306.0,307.53,304.46999999999997,306.0,0.0
1979-10-11,306.0,307.53,304.46999999999997,306.0,0.0
1979-10-12,306.0,307.53,304.46999999999997,306.0,0.0
1979-10-15,306.0,307.53,304.46999999999997,306.0,0.0
1979-10-16,306.0,307.53,304.46999999999997,306.0,0.0
1979-10-17,306.0,307.53,304.46999999999997,306.0,0.0
1979-10-18,306.0,307.53,304.46999999999997,306.0,0.0
1979-10-19,306.0,307.53,304.46999999999997,306.0,0.0
1979-10-22,306.0,307.53,304.46999999999997,306.0,0.0
1979-10-23,391.66,391.66,391.66,391.66,0.0
1979-10-24,391.66,391.66,391.66,391.66,0.0
1979-10-25,391.66,391.66,391.66,391.66,0.0
1979-10-26,391.66,391.66,391.66,391.66,0.0
1979-10-29,391.66,391.66,391.66,391.66,0.0
1979-10-30,391.66,391.66,391.66,391.66,0.0
1979-10-31,306.0,307.53,304.46999999999997,306.0,0.0
1979-11-01,391.99,391.99,391.99,391.99,0.0
1979-11-02,306.0,307.53,304.46999999999997,306.0,0.0
1979-11-05,306.0,307.53,304.46999999999997,306.0,0.0
1979-11-06,391.99,391.99,391.99,391.99,0.0
1979-11-07,306.0,307.53,304.46999999999997,306.0,0.0
1979-11-08,391.99,391.99,391.99,391.99,0.0
1979-11-09,391.99,391.99,391.99,391.99,0.0
1979-11-12,391.99,391.99,391.99,391.99,0.0
1979-11-13,391.99,391.99,391.99,391.99,0.0
1979-11-14,391.99,391.99,391.99,391.99,0.0
1979-11-15,391.99,391.99,391.99,391.99,0.0
1979-11-16,306.0,307.53,304.46999999999997,306.0,0.0
1979-11-19,391.99,391.99,391.99,391.99,0.0
1979-11-20,391.99,391.99,391.99,391.99,0.0
1979-11-21,391.99,391.99,391.99,391.99,0.0
1979-11-22,391.99,391.99,391.99,391.99,0.0
1979-11-23,391.99,391.99,391.99,391.99,0.0
1979-11-26,306.0,307.53,304.46999999999997,306.0,0.0
1979-11-27,391.99,391.99,391.99,391.99,0.0
1979-11-28,306.0,307.53,304.46999999999997,306.0,0.0
1979-11-29,391.99,391.99,391.99,391.99,0.0
1979-11-30,306.0,307.53,304.46999999999997,306.0,0.0
1979-12-03,306.0,307.53,304.46999999999997,306.0,0.0
1979-12-04,455.08,455.08,455.08,455.08,0.0
1979-12-05,306.0,307.53,304.46999999999997,306.0,0.0
1979-12-06,455.08,455.08,455.08,455.08,0.0
1979-12-07,306.0,307.53,304.46999999999997,306.0,0.0
1979-12-10,306.0,307.53,304.46999999999997,306.0,0.0
1979-12-11,306.0,307.53,304.46999999999997,306.0,0.0
1979-12-12,306.0,307.53,304.46999999999997,306.0,0.0
1979-12-13,455.08,455.08,455.08,455.08,0.0
1979-12-14,306.0,307.53,304.46999999999997,306.0,0.0
1979-12-17,306.0,307.53,304.46999999999997,306.0,0.0
1979-12-18,455.08,455.08,455.08,455.08,0.0
1979-12-19,306.0,307.53,304.46999999999997,306.0,0.0
1979-12-20,455.08,455.08,455.08,455.08,0.0
1979-12-21,306.0,307.53,304.46999999999997,306.0,0.0
1979-12-24,306.0,307.53,304.46999999999997,306.0,0.0
1979-12-25,306.0,307.53,304.46999999999997,306.0,0.0
1979-12-26,455.08,455.08,455.08,455.08,0.0
1979-12-27,455.08,455.08,455.08,455.08,0.0
1979-12-28,306.0,307.53,304.46999999999997,306.0,0.0
1979-12-31,306.0,307.53,304.46999999999997,306.0,0.0
1980-01-01,675.31,675.31,675.31,675.31,0.0
1980-01-02,675.31,675.31,675.31,675.31,0.0
1980-01-03,675.31,675.31,675.31,675.31,0.0
1980-01-04,675.31,675.31,675.31,675.31,0.0
1980-01-07,675.31,675.31,675.31,675.31,0.0
1980-01-08,675.31,675.31,675.31,675.31,0.0
1980-01-09,675.31,675.31,675.31,675.31,0.0
1980-01-10,675.31,675.31,675.31,675.31,0.0
1980-01-11,675.31,675.31,675.31,675.31,0.0
1980-01-14,675.31,675.31,675.31,675.31,0.0
1980-01-15,675.31,675.31,675.31,675.31,0.0
1980-01-16,675.31,675.31,675.31,675.31,0.0
1980-01-17,675.31,675.31,675.31,675.31,0.0
1980-01-18,675.31,675.31,675.31,675.31,0.0
1980-01-21,675.31,675.31,675.31,675.31,0.0
1980-01-22,675.31,675.31,675.31,675.31,0.0
1980-01-23,675.31,675.31,675.31,675.31,0.0
1980-01-24,675.31,675.31,675.31,675.31,0.0
1980-01-25,675.31,675.31,675.31,675.31,0.0
1980-01-28,675.31,675.31,675.31,675.31,0.0
1980-01-29,675.31,675.31,675.31,675.31,0.0
1980-01-30,675.31,675.31,675.31,675.31,0.0
1980-01-31,675.31,675.31,675.31,675.31,0.0
1980-02-01,665.32,665.32,665.32,665.32,0.0
1980-02-04,665.32,665.32,665.32,665.32,0.0
1980-02-05,665.32,665.32,665.32,665.32,0.0
1980-02-06,665.32,665.32,665.32,665.32,0.0
1980-02-07,665.32,665.32,665.32,665.32,0.0
1980-02-08,665.32,665.32,665.32,665.32,0.0
1980-02-11,665.32,665.32,665.32,665.32,0.0
1980-02-12,665.32,665.32,665.32,665.32,0.0
1980-02-13,665.32,665.32,665.32,665.32,0.0
1980-02-14,665.32,665.32,665.32,665.32,0.0
1980-02-15,665.32,665.32,665.32,665.32,0.0
1980-02-18,665.32,665.32,665.32,665.32,0.0
1980-02-19,665.32,665.32,665.32,665.32,0.0
1980-02-20,665.32,665.32,665.32,665.32,0.0
1980-02-21,665.32,665.32,665.32,665.32,0.0
1980-02-22,665.32,665.32,665.32,665.32,0.0
1980-02-25,665.32,665.32,665.32,665.32,0.0
1980-02-26,665.32,665.32,665.32,665.32,0.0
1980-02-27,665.32,665.32,665.32,665.32,0.0
1980-02-28,665.32,665.32,665.32,665.32,0.0
1980-02-29,665.32,665.32,665.32,665.32,0.0
1980-03-03,553.58,553.58,553.58,553.58,0.0
1980-03-04,553.58,553.58,553.58,553.58,0.0
1980-03-05,553.58,553.58,553.58,553.58,0.0
1980-03-06,553.58,553.58,553.58,553.58,0.0
1980-03-07,553.58,553.58,553.58,553.58,0.0
1980-03-10,553.58,553.58,553.58,553.58,0.0
1980-03-11,553.58,553.58,553.58,553.58,0.0
1980-03-12,553.58,553.58,553.58,553.58,0.0
1980-03-13,553.58,553.58,553.58,553.58,0.0
1980-03-14,553.58,553.58,553.58,553.58,0.0
1980-03-17,553.58,553.58,553.58,553.58,0.0
1980-03-18,553.58,553.58,553.58,553.58,0.0
1980-03-19,553.58,553.58,553.58,553.58,0.0
1980-03-20,553.58,553.58,553.58,553.58,0.0
1980-03-21,553.58,553.58,553.58,553.58,0.0
1980-03-24,553.58,553.58,553.58,553.58,0.0
1980-03-25,553.58,553.58,553.58,553.58,0.0
1980-03-26,553.58,553.58,553.58,553.58,0.0
1980-03-27,553.58,553.58,553.58,553.58,0.0
1980-03-28,553.58,553.58,553.58,553.58,0.0
1980-03-31,553.58,553.58,553.58,553.58,0.0
1980-04-01,517.41,517.41,517.41,517.41,0.0
1980-04-02,517.41,517.41,517.41,517.41,0.0
1980-04-03,517.41,517.41,517.41,517.41,0.0
1980-04-04,517.41,517.41,517.41,517.41,0.0
1980-04-07,517.41,517.41,517.41,517.41,0.0
1980-04-08,517.41,517.41,517.41,517.41,0.0
1980-04-09,517.41,517.41,517.41,517.41,0.0
1980-04-10,517.41,517.41,517.41,517.41,0.0
1980-04-11,517.41,517.41,517.41,517.41,0.0
1980-04-14,517.41,517.41,517.41,517.41,0.0
1980-04-15,517.41,517.41,517.41,517.41,0.0
1980-04-16,517.41,517.41,517.41,517.41,0.0
1980-04-17,517.41,517.41,517.41,517.41,0.0
1980-04-18,517.41,517.41,517.41,517.41,0.0
1980-04-21,517.41,517.41,517.41,517.41,0.0
1980-04-22,517.41,517.41,517.41,517.41,0.0
1980-04-23,517.41,517.41,517.41,517.41,0.0
1980-04-24,517.41,517.41,517.41,517.41,0.0
1980-04-25,517.41,517.41,517.41,517.41,0.0
1980-04-28,517.41,517.41,517.41,517.41,0.0
1980-04-29,517.41,517.41,517.41,517.41,0.0
1980-04-30,517.41,517.41,517.41,517.41,0.0
1980-05-01,513.8,513.8,513.8,513.8,0.0
1980-05-02,513.8,513.8,513.8,513.8,0.0
1980-05-05,513.8,513.8,513.8,513.8,0.0
1980-05-06,513.8,513.8,513.8,513.8,0.0
1980-05-07,513.8,513.8,513.8,513.8,0.0
1980-05-08,513.8,513.8,513.8,513.8,0.0
1980-05-09,513.8,513.8,513.8,513.8,0.0
1980-05-12,513.8,513.8,513.8,513.8,0.0
1980-05-13,513.8,513.8,513.8,513.8,0.0
1980-05-14,513.8,513.8,513.8,513.8,0.0
1980-05-15,513.8,513.8,513.8,513.8,0.0
1980-05-16,513.8,513.8,513.8,513.8,0.0
1980-05-19,513.8,513.8,513.8,513.8,0.0
1980-05-20,513.8,513.8,513.8,513.8,0.0
1980-05-21,513.8,513.8,513.8,513.8,0.0
1980-05-22,513.8,513.8,513.8,513.8,0.0
1980-05-23,513.8,513.8,513.8,513.8,0.0
1980-05-26,513.8,513.8,513.8,513.8,0.0
1980-05-27,513.8,513.8,513.8,513.8,0.0
1980-05-28,513.8,513.8,513.8,513.8,0.0
1980-05-29,513.8,513.8,513.8,513.8,0.0
1980-05-30,513.8,513.8,513.8,513.8,0.0
1980-06-02,600.72,600.72,600.72,600.72,0.0
1980-06-03,600.72,600.72,600.72,600.72,0.0
1980-06-04,600.72,600.72,600.72,600.72,0.0
1980-06-05,600.72,600.72,600.72,600.72,0.0
1980-06-06,600.72,600.72,600.72,600.72,0.0
1980-06-09,600.72,600.72,600.72,600.72,0.0
1980-06-10,600.72,600.72,600.72,600.72,0.0
1980-06-11,600.72,600.72,600.72,600.72,0.0
1980-06-12,600.72,600.72,600.72,600.72,0.0
1980-06-13,600.72,600.72,600.72,600.72,0.0
1980-06-16,600.72,600.72,600.72,600.72,0.0
1980-06-17,600.72,600.72,600.72,600.72,0.0
1980-06-18,600.72,600.72,600.72,600.72,0.0
1980-06-19,600.72,600.72,600.72,600.72,0.0
1980-06-20,600.72,600.72,600.72,600.72,0.0
1980-06-23,600.72,600.72,600.72,600.72,0.0
1980-06-24,600.72,600.72,600.72,600.72,0.0
1980-06-25,600.72,600.72,600.72,600.72,0.0
1980-06-26,600.72,600.72,600.72,600.72,0.0
1980-06-27,600.72,600.72,600.72,600.72,0.0
1980-06-30,600.72,600.72,600.72,600.72,0.0
1980-07-01,643.27,643.27,643.27,643.27,0.0
1980-07-02,643.27,643.27,643.27,643.27,0.0
1980-07-03,643.27,643.27,643.27,643.27,0.0
1980-07-04,643.27,643.27,643.27,643.27,0.0
1980-07-07,643.27,643.27,643.27,643.27,0.0
1980-07-08,643.27,643.27,643.27,643.27,0.0
1980-07-09,643.27,643.27,643.27,643.27,0.0
1980-07-10,643.27,643.27,643.27,643.27,0.0
1980-07-11,643.27,643.27,643.27,643.27,0.0
1980-07-14,643.27,643.27,643.27,643.27,0.0
1980-07-15,643.27,643.27,643.27,643.27,0.0
1980-07-16,643.27,643.27,643.27,643.27,0.0
1980-07-17,643.27,643.27,643.27,643.27,0.0
1980-07-18,643.27,643.27,643.27,643.27,0.0
1980-07-21,643.27,643.27,643.27,643.27,0.0
1980-07-22,643.27,643.27,643.27,643.27,0.0
1980-07-23,643.27,643.27,643.27,643.27,0.0
1980-07-24,643.27,643.27,643.27,643.27,0.0
1980-07-25,643.27,643.27,643.27,643.27,0.0
1980-07-28,643.27,643.27,643.27,643.27,0.0
1980-07-29,643.27,643.27,643.27,643.27,0.0
1980-07-30,643.27,643.27,643.27,643.27,0.0
1980-07-31,643.27,643.27,643.27,643.27,0.0
1980-08-01,627.15,627.15,627.15,627.15,0.0
1980-08-04,627.15,627.15,627.15,627.15,0.0
1980-08-05,627.15,627.15,627.15,627.15,0.0
1980-08-06,627.15,627.15,627.15,627.15,0.0
1980-08-07,627.15,627.15,627.15,627.15,0.0
1980-08-08,627.15,627.15,627.15,627.15,0.0
1980-08-11,627.15,627.15,627.15,627.15,0.0
1980-08-12,627.15,627.15,627.15,627.15,0.0
1980-08-13,627.15,627.15,627.15,627.15,0.0
1980-08-14,627.15,627.15,627.15,627.15,0.0
1980-08-15,627.15,627.15,627.15,627.15,0.0
1980-08-18,627.15,627.15,627.15,627.15,0.0
1980-08-19,627.15,627.15,627.15,627.15,0.0
1980-08-20,627.15,627.15,627.15,627.15,0.0
1980-08-21,627.15,627.15,627.15,627.15,0.0
1980-08-22,627.15,627.15,627.15,627.15,0.0
1980-08-25,627.15,627.15,627.15,627.15,0.0
1980-08-26,627.15,627.15,627.15,627.15,0.0
1980-08-27,627.15,627.15,627.15,627.15,0.0
1980-08-28,627.15,627.15,627.15,627.15,0.0
1980-08-29,627.15,627.15,627.15,627.15,0.0
1980-09-01,673.63,673.63,673.63,673.63,0.0
1980-09-02,673.63,673.63,673.63,673.63,0.0
1980-09-03,673.63,673.63,673.63,673.63,0.0
1980-09-04,673.63,673.63,673.63,673.63,0.0
1980-09-05,673.63,673.63,673.63,673.63,0.0
1980-09-08,673.63,673.63,673.63,673.63,0.0
1980-09-09,673.63,673.63,673.63,673.63,0.0
1980-09-10,673.63,673.63,673.63,673.63,0.0
1980-09-11,673.63,673.63,673.63,673.63,0.0
1980-09-12,673.63,673.63,673.63,673.63,0.0
1980-09-15,673.63,673.63,673.63,673.63,0.0
1980-09-16,673.63,673.63,673.63,673.63,0.0
1980-09-17,673.63,673.63,673.63,673.63,0.0
1980-09-18,673.63,673.63,673.63,673.63,0.0
1980-09-19,673.63,673.63,673.63,673.63,0.0
1980-09-22,673.63,673.63,673.63,673.63,0.0
1980-09-23,673.63,673.63,673.63,673.63,0.0
1980-09-24,673.63,673.63,673.63,673.63,0.0
1980-09-25,673.63,673.63,673.63,673.63,0.0
1980-09-26,673.63,673.63,673.63,673.63,0.0
1980-09-29,673.63,673.63,673.63,673.63,0.0
1980-09-30,673.63,673.63,673.63,673.63,0.0
1980-10-01,661.15,661.15,661.15,661.15,0.0
1980-10-02,661.15,661.15,661.15,661.15,0.0
1980-10-03,661.15,661.15,661.15,661.15,0.0
1980-10-06,661.15,661.15,661.15,661.15,0.0
1980-10-07,661.15,661.15,661.15,661.15,0.0
1980-10-08,661.15,661.15,661.15,661.15,0.0
1980-10-09,661.15,661.15,661.15,661.15,0.0
1980-10-10,661.15,661.15,661.15,661.15,0.0
1980-10-13,661.15,661.15,661.15,661.15,0.0
1980-10-14,661.15,661.15,661.15,661.15,0.0
1980-10-15,661.15,661.15,661.15,661.15,0.0
1980-10-16,661.15,661.15,661.15,661.15,0.0
1980-10-17,661.15,661.15,661.15,661.15,0.0
1980-10-20,661.15,661.15,661.15,661.15,0.0
1980-10-21,661.15,661.15,661.15,661.15,0.0
1980-10-22,661.15,661.15,661.15,661.15,0.0
1980-10-23,661.15,661.15,661.15,661.15,0.0
1980-10-24,661.15,661.15,661.15,661.15,0.0
1980-10-27,661.15,661.15,661.15,661.15,0.0
1980-10-28,661.15,661.15,661.15,661.15,0.0
1980-10-29,661.15,661.15,661.15,661.15,0.0
1980-10-30,661.15,661.15,661.15,661.15,0.0
1980-10-31,661.15,661.15,661.15,661.15,0.0
1980-11-03,624.77,624.77,624.77,624.77,0.0
1980-11-04,624.77,624.77,624.77,624.77,0.0
1980-11-05,624.77,624.77,624.77,624.77,0.0
1980-11-06,624.77,624.77,624.77,624.77,0.0
1980-11-07,624.77,624.77,624.77,624.77,0.0
1980-11-10,624.77,624.77,624.77,624.77,0.0
1980-11-11,624.77,624.77,624.77,624.77,0.0
1980-11-12,624.77,624.77,624.77,624.77,0.0
1980-11-13,624.77,624.77,624.77,624.77,0.0
1980-11-14,624.77,624.77,624.77,624.77,0.0
1980-11-17,624.77,624.77,624.77,624.77,0.0
1980-11-18,624.77,624.77,624.77,624.77,0.0
1980-11-19,624.77,624.77,624.77,624.77,0.0
1980-11-20,624.77,624.77,624.77,624.77,0.0
1980-11-21,624.77,624.77,624.77,624.77,0.0
1980-11-24,624.77,624.77,624.77,624.77,0.0
1980-11-25,624.77,624.77,624.77,624.77,0.0
1980-11-26,624.77,624.77,624.77,624.77,0.0
1980-11-27,624.77,624.77,624.77,624.77,0.0
1980-11-28,624.77,624.77,624.77,624.77,0.0
1980-12-01,538.26,538.26,538.26,538.26,0.0
1980-12-02,538.26,538.26,538.26,538.26,0.0
1980-12-03,538.26,538.26,538.26,538.26,0.0
1980-12-04,538.26,538.26,538.26,538.26,0.0
1980-12-05,538.26,538.26,538.26,538.26,0.0
1980-12-08,538.26,538.26,538.26,538.26,0.0
1980-12-09,538.26,538.26,538.26,538.26,0.0
1980-12-10,538.26,538.26,538.26,538.26,0.0
1980-12-11,538.26,538.26,538.26,538.26,0.0
1980-12-12,538.26,538.26,538.26,538.26,0.0
1980-12-15,538.26,538.26,538.26,538.26,0.0
1980-12-16,538.26,538.26,538.26,538.26,0.0
1980-12-17,538.26,538.26,538.26,538.26,0.0
1980-12-18,538.26,538.26,538.26,538.26,0.0
1980-12-19,538.26,538.26,538.26,538.26,0.0
1980-12-22,538.26,538.26,538.26,538.26,0.0
1980-12-23,538.26,538.26,538.26,538.26,0.0
1980-12-24,538.26,538.26,538.26,538.26,0.0
1980-12-25,538.26,538.26,538.26,538.26,0.0
1980-12-26,538.26,538.26,538.26,538.26,0.0
1980-12-29,538.26,538.26,538.26,538.26,0.0
1980-12-30,538.26,538.26,538.26,538.26,0.0
1980-12-31,538.26,538.26,538.26,538.26,0.0
1981-01-01,557.39,557.39,557.39,557.39,0.0
1981-01-02,557.39,557.39,557.39,557.39,0.0
1981-01-05,557.39,557.39,557.39,557.39,0.0
1981-01-06,557.39,557.39,557.39,557.39,0.0
1981-01-07,557.39,557.39,557.39,557.39,0.0
1981-01-08,557.39,557.39,557.39,557.39,0.0
1981-01-09,557.39,557.39,557.39,557.39,0.0
1981-01-12,557.39,557.39,557.39,557.39,0.0
1981-01-13,557.39,557.39,557.39,557.39,0.0
1981-01-14,557.39,557.39,557.39,557.39,0.0
1981-01-15,557.39,557.39,557.39,557.39,0.0
1981-01-16,557.39,557.39,557.39,557.39,0.0
1981-01-19,557.39,557.39,557.39,557.39,0.0
1981-01-20,557.39,557.39,557.39,557.39,0.0
1981-01-21,557.39,557.39,557.39,557.39,0.0
1981-01-22,557.39,557.39,557.39,557.39,0.0
1981-01-23,557.39,557.39,557.39,557.39,0.0
1981-01-26,557.39,557.39,557.39,557.39,0.0
1981-01-27,557.39,557.39,557.39,557.39,0.0
1981-01-28,557.39,557.39,557.39,557.39,0.0
1981-01-29,557.39,557.39,557.39,557.39,0.0
1981-01-30,557.39,557.39,557.39,557.39,0.0
1981-02-02,499.76,499.76,499.76,499.76,0.0
1981-02-03,499.76,499.76,499.76,499.76,0.0
1981-02-04,499.76,499.76,499.76,499.76,0.0
1981-02-05,499.76,499.76,499.76,499.76,0.0
1981-02-06,499.76,499.76,499.76,499.76,0.0
1981-02-09,499.76,499.76,499.76,499.76,0.0
1981-02-10,499.76,499.76,499.76,499.76,0.0
1981-02-11,499.76,499.76,499.76,499.76,0.0
1981-02-12,499.76,499.76,499.76,499.76,0.0
1981-02-13,499.76,499.76,499.76,499.76,0.0
1981-02-16,499.76,499.76,499.76,499.76,0.0
1981-02-17,499.76,499.76,499.76,499.76,0.0
1981-02-18,499.76,499.76,499.76,499.76,0.0
1981-02-19,499.76,499.76,499.76,499.76,0.0
1981-02-20,499.76,499.76,499.76,499.76,0.0
1981-02-23,499.76,499.76,499.76,499.76,0.0
1981-02-24,499.76,499.76,499.76,499.76,0.0
1981-02-25,499.76,499.76,499.76,499.76,0.0
1981-02-26,499.76,499.76,499.76,499.76,0.0
1981-02-27,499.76,499.76,499.76,499.76,0.0
1981-03-02,499.11,499.11,499.11,499.11,0.0
1981-03-03,499.11,499.11,499.11,499.11,0.0
1981-03-04,499.11,499.11,499.11,499.11,0.0
1981-03-05,499.11,499.11,499.11,499.11,0.0
1981-03-06,499.11,499.11,499.11,499.11,0.0
1981-03-09,499.11,499.11,499.11,499.11,0.0
1981-03-10,499.11,499.11,499.11,499.11,0.0
1981-03-11,499.11,499.11,499.11,499.11,0.0
1981-03-12,499.11,499.11,499.11,499.11,0.0
1981-03-13,499.11,499.11,499.11,499.11,0.0
1981-03-16,499.11,499.11,499.11,499.11,0.0
1981-03-17,499.11,499.11,499.11,499.11,0.0
1981-03-18,499.11,499.11,499.11,499.11,0.0
1981-03-19,499.11,499.11,499.11,499.11,0.0
1981-03-20,499.11,499.11,499.11,499.11,0.0
1981-03-23,499.11,499.11,499.11,499.11,0.0
1981-03-24,499.11,499.11,499.11,499.11,0.0
1981-03-25,499.11,499.11,499.11,499.11,0.0
1981-03-26,499.11,499.11,499.11,499.11,0.0
1981-03-27,499.11,499.11,499.11,499.11,0.0
1981-03-30,499.11,499.11,499.11,499.11,0.0
1981-03-31,499.11,499.11,499.11,499.11,0.0
1981-04-01,495.8,495.8,495.8,495.8,0.0
1981-04-02,495.8,495.8,495.8,495.8,0.0
1981-04-03,495.8,495.8,495.8,495.8,0.0
1981-04-06,495.8,495.8,495.8,495.8,0.0
1981-04-07,495.8,495.8,495.8,495.8,0.0
1981-04-08,495.8,495.8,495.8,495.8,0.0
1981-04-09,495.8,495.8,495.8,495.8,0.0
1981-04-10,495.8,495.8,495.8,495.8,0.0
1981-04-13,495.8,495.8,495.8,495.8,0.0
1981-04-14,495.8,495.8,495.8,495.8,0.0
1981-04-15,495.8,495.8,495.8,495.8,0.0
1981-04-16,495.8,495.8,495.8,495.8,0.0
1981-04-17,495.8,495.8,495.8,495.8,0.0
1981-04-20,495.8,495.8,495.8,495.8,0.0
1981-04-21,495.8,495.8,495.8,495.8,0.0
1981-04-22,495.8,495.8,495.8,495.8,0.0
1981-04-23,495.8,495.8,495.8,495.8,0.0
1981-04-24,495.8,495.8,495.8,495.8,0.0
1981-04-27,495.8,495.8,495.8,495.8,0.0
1981-04-28,495.8,495.8,495.8,495.8,0.0
1981-04-29,495.8,495.8,495.8,495.8,0.0
1981-04-30,495.8,495.8,495.8,495.8,0.0
1981-05-01,479.7,479.7,479.7,479.7,0.0
1981-05-04,479.7,479.7,479.7,479.7,0.0
1981-05-05,479.7,479.7,479.7,479.7,0.0
1981-05-06,479.7,479.7,479.7,479.7,0.0
1981-05-07,479.7,479.7,479.7,479.7,0.0
1981-05-08,479.7,479.7,479.7,479.7,0.0
1981-05-11,479.7,479.7,479.7,479.7,0.0
1981-05-12,479.7,479.7,479.7,479.7,0.0
1981-05-13,479.7,479.7,479.7,479.7,0.0
1981-05-14,479.7,479.7,479.7,479.7,0.0
1981-05-15,479.7,479.7,479.7,479.7,0.0
1981-05-18,479.7,479.7,479.7,479.7,0.0
1981-05-19,479.7,479.7,479.7,479.7,0.0
1981-05-20,479.7,479.7,479.7,479.7,0.0
1981-05-21,479.7,479.7,479.7,479.7,0.0
1981-05-22,479.7,479.7,479.7,479.7,0.0
1981-05-25,479.7,479.7,479.7,479.7,0.0
1981-05-26,479.7,479.7,479.7,479.7,0.0
1981-05-27,479.7,479.7,479.7,479.7,0.0
1981-05-28,479.7,479.7,479.7,479.7,0.0
1981-05-29,479.7,479.7,479.7,479.7,0.0
1981-06-01,461.09,461.09,461.09,461.09,0.0
1981-06-02,461.09,461.09,461.09,461.09,0.0
1981-06-03,461.09,461.09,461.09,461.09,0.0
1981-06-04,461.09,461.09,461.09,461.09,0.0
1981-06-05,461.09,461.09,461.09,461.09,0.0
1981-06-08,461.09,461.09,461.09,461.09,0.0
1981-06-09,461.09,461.09,461.09,461.09,0.0
1981-06-10,461.09,461.09,461.09,461.09,0.0
1981-06-11,461.09,461.09,461.09,461.09,0.0
1981-06-12,461.09,461.09,461.09,461.09,0.0
1981-06-15,461.09,461.09,461.09,461.09,0.0
1981-06-16,461.09,461.09,461.09,461.09,0.0
1981-06-17,461.09,461.09,461.09,461.09,0.0
1981-06-18,461.09,461.09,461.09,461.09,0.0
1981-06-19,461.09,461.09,461.09,461.09,0.0
1981-06-22,461.09,461.09,461.09,461.09,0.0
1981-06-23,461.09,461.09,461.09,461.09,0.0
1981-06-24,461.09,461.09,461.09,461.09,0.0
1981-06-25,461.09,461.09,461.09,461.09,0.0
1981-06-26,461.09,461.09,461.09,461.09,0.0
1981-06-29,461.09,461.09,461.09,461.09,0.0
1981-06-30,461.09,461.09,461.09,461.09,0.0
1981-07-01,409.07,409.07,409.07,409.07,0.0
1981-07-02,409.07,409.07,409.07,409.07,0.0
1981-07-03,409.07,409.07,409.07,409.07,0.0
1981-07-06,409.07,409.07,409.07,409.07,0.0
1981-07-07,409.07,409.07,409.07,409.07,0.0
1981-07-08,409.07,409.07,409.07,409.07,0.0
1981-07-09,409.07,409.07,409.07,409.07,0.0
1981-07-10,409.07,409.07,409.07,409.07,0.0
1981-07-13,409.07,409.07,409.07,409.07,0.0
1981-07-14,409.07,409.07,409.07,409.07,0.0
1981-07-15,409.07,409.07,409.07,409.07,0.0
1981-07-16,409.07,409.07,409.07,409.07,0.0
1981-07-17,409.07,409.07,409.07,409.07,0.0
1981-07-20,409.07,409.07,409.07,409.07,0.0
1981-07-21,409.07,409.07,409.07,409.07,0.0
1981-07-22,409.07,409.07,409.07,409.07,0.0
1981-07-23,409.07,409.07,409.07,409.07,0.0
1981-07-24,409.07,409.07,409.07,409.07,0.0
1981-07-27,409.07,409.07,409.07,409.07,0.0
1981-07-28,409.07,409.07,409.07,409.07,0.0
1981-07-29,409.07,409.07,409.07,409.07,0.0
1981-07-30,409.07,409.07,409.07,409.07,0.0
1981-07-31,409.07,409.07,409.07,409.07,0.0
1981-08-03,410.16,410.16,410.16,410.16,0.0
1981-08-04,410.16,410.16,410.16,410.16,0.0
1981-08-05,410.16,410.16,410.16,410.16,0.0
1981-08-06,410.16,410.16,410.16,410.16,0.0
1981-08-07,410.16,410.16,410.16,410.16,0.0
1981-08-10,410.16,410.16,410.16,410.16,0.0
1981-08-11,410.16,410.16,410.16,410.16,0.0
1981-08-12,410.16,410.16,410.16,410.16,0.0
1981-08-13,410.16,410.16,410.16,410.16,0.0
1981-08-14,410.16,410.16,410.16,410.16,0.0
1981-08-17,410.16,410.16,410.16,410.16,0.0
1981-08-18,410.16,410.16,410.16,410.16,0.0
1981-08-19,410.16,410.16,410.16,410.16,0.0
1981-08-20,410.16,410.16,410.16,410.16,0.0
1981-08-21,410.16,410.16,410.16,410.16,0.0
1981-08-24,410.16,410.16,410.16,410.16,0.0
1981-08-25,410.16,410.16,410.16,410.16,0.0
1981-08-26,410.16,410.16,410.16,410.16,0.0
1981-08-27,410.16,410.16,410.16,410.16,0.0
1981-08-28,410.16,410.16,410.16,410.16,0.0
1981-08-31,410.16,410.16,410.16,410.16,0.0
1981-09-01,443.75,443.75,443.75,443.75,0.0
1981-09-02,443.75,443.75,443.75,443.75,0.0
1981-09-03,443.75,443.75,443.75,443.75,0.0
1981-09-04,443.75,443.75,443.75,443.75,0.0
1981-09-07,443.75,443.75,443.75,443.75,0.0
1981-09-08,443.75,443.75,443.75,443.75,0.0
1981-09-09,443.75,443.75,443.75,443.75,0.0
1981-09-10,443.75,443.75,443.75,443.75,0.0
1981-09-11,443.75,443.75,443.75,443.75,0.0
1981-09-14,443.75,443.75,443.75,443.75,0.0
1981-09-15,443.75,443.75,443.75,443.75,0.0
1981-09-16,443.75,443.75,443.75,443.75,0.0
1981-09-17,443.75,443.75,443.75,443.75,0.0
1981-09-18,443.75,443.75,443.75,443.75,0.0
1981-09-21,443.75,443.75,443.75,443.75,0.0
1981-09-22,443.75,443.75,443.75,443.75,0.0
1981-09-23,443.75,443.75,443.75,443.75,0.0
1981-09-24,443.75,443.75,443.75,443.75,0.0
1981-09-25,443.75,443.75,443.75,443.75,0.0
1981-09-28,443.75,443.75,443.75,443.75,0.0
1981-09-29,443.75,443.75,443.75,443.75,0.0
1981-09-30,443.75,443.75,443.75,443.75,0.0
1981-10-01,437.76,437.76,437.76,437.76,0.0
1981-10-02,437.76,437.76,437.76,437.76,0.0
1981-10-05,437.76,437.76,437.76,437.76,0.0
1981-10-06,437.76,437.76,437.76,437.76,0.0
1981-10-07,437.76,437.76,437.76,437.76,0.0
1981-10-08,437.76,437.76,437.76,437.76,0.0
1981-10-09,437.76,437.76,437.76,437.76,0.0
1981-10-12,437.76,437.76,437.76,437.76,0.0
1981-10-13,437.76,437.76,437.76,437.76,0.0
1981-10-14,437.76,437.76,437.76,437.76,0.0
1981-10-15,437.76,437.76,437.76,437.76,0.0
1981-10-16,437.76,437.76,437.76,437.76,0.0
1981-10-19,437.76,437.76,437.76,437.76,0.0
1981-10-20,437.76,437.76,437.76,437.76,0.0
1981-10-21,437.76,437.76,437.76,437.76,0.0
1981-10-22,437.76,437.76,437.76,437.76,0.0
1981-10-23,437.76,437.76,437.76,437.76,0.0
1981-10-26,437.76,437.76,437.76,437.76,0.0
1981-10-27,437.76,437.76,437.76,437.76,0.0
1981-10-28,437.76,437.76,437.76,437.76,0.0
1981-10-29,437.76,437.76,437.76,437.76,0.0
1981-10-30,437.76,437.76,437.76,437.76,0.0
1981-11-02,413.37,413.37,413.37,413.37,0.0
1981-11-03,413.37,413.37,413.37,413.37,0.0
1981-11-04,413.37,413.37,413.37,413.37,0.0
1981-11-05,413.37,413.37,413.37,413.37,0.0
1981-11-06,413.37,413.37,413.37,413.37,0.0
1981-11-09,413.37,413.37,413.37,413.37,0.0
1981-11-10,413.37,413.37,413.37,413.37,0.0
1981-11-11,413.37,413.37,413.37,413.37,0.0
1981-11-12,413.37,413.37,413.37,413.37,0.0
1981-11-13,413.37,413.37,413.37,413.37,0.0
1981-11-16,413.37,413.37,413.37,413.37,0.0
1981-11-17,413.37,413.37,413.37,413.37,0.0
1981-11-18,413.37,413.37,413.37,413.37,0.0
1981-11-19,413.37,413.37,413.37,413.37,0.0
1981-11-20,413.37,413.37,413.37,413.37,0.0
1981-11-23,413.37,413.37,413.37,413.37,0.0
1981-11-24,413.37,413.37,413.37,413.37,0.0
1981-11-25,413.37,413.37,413.37,413.37,0.0
1981-11-26,413.37,413.37,413.37,413.37,0.0
1981-11-27,413.37,413.37,413.37,413.37,0.0
1981-11-30,413.37,413.37,413.37,413.37,0.0
1981-12-01,410.09,410.09,410.09,410.09,0.0
1981-12-02,410.09,410.09,410.09,410.09,0.0
1981-12-03,410.09,410.09,410.09,410.09,0.0
1981-12-04,410.09,410.09,410.09,410.09,0.0
1981-12-07,410.09,410.09,410.09,410.09,0.0
1981-12-08,410.09,410.09,410.09,410.09,0.0
1981-12-09,410.09,410.09,410.09,410.09,0.0
1981-12-10,410.09,410.09,410.09,410.09,0.0
1981-12-11,410.09,410.09,410.09,410.09,0.0
1981-12-14,410.09,410.09,410.09,410.09,0.0
1981-12-15,410.09,410.09,410.09,410.09,0.0
1981-12-16,410.09,410.09,410.09,410.09,0.0
1981-12-17,410.09,410.09,410.09,410.09,0.0
1981-12-18,410.09,410.09,410.09,410.09,0.0
1981-12-21,410.09,410.09,410.09,410.09,0.0
1981-12-22,410.09,410.09,410.09,410.09,0.0
1981-12-23,410.09,410.09,410.09,410.09,0.0
1981-12-24,410.09,410.09,410.09,410.09,0.0
1981-12-25,410.09,410.09,410.09,410.09,0.0
1981-12-28,410.09,410.09,410.09,410.09,0.0
1981-12-29,410.09,410.09,410.09,410.09,0.0
1981-12-30,410.09,410.09,410.09,410.09,0.0
1981-12-31,410.09,410.09,410.09,410.09,0.0
1982-01-01,384.14,384.14,384.14,384.14,0.0
1982-01-04,384.14,384.14,384.14,384.14,0.0
1982-01-05,384.14,384.14,384.14,384.14,0.0
1982-01-06,384.14,384.14,384.14,384.14,0.0
1982-01-07,384.14,384.14,384.14,384.14,0.0
1982-01-08,384.14,384.14,384.14,384.14,0.0
1982-01-11,384.14,384.14,384.14,384.14,0.0
1982-01-12,384.14,384.14,384.14,384.14,0.0
1982-01-13,384.14,384.14,384.14,384.14,0.0
1982-01-14,384.14,384.14,384.14,384.14,0.0
1982-01-15,384.14,384.14,384.14,384.14,0.0
1982-01-18,384.14,384.14,384.14,384.14,0.0
1982-01-19,384.14,384.14,384.14,384.14,0.0
1982-01-20,384.14,384.14,384.14,384.14,0.0
1982-01-21,384.14,384.14,384.14,384.14,0.0
1982-01-22,384.14,384.14,384.14,384.14,0.0
1982-01-25,384.14,384.14,384.14,384.14,0.0
1982-01-26,384.14,384.14,384.14,384.14,0.0
1982-01-27,384.14,384.14,384.14,384.14,0.0
1982-01-28,384.14,384.14,384.14,384.14,0.0
1982-01-29,384.14,384.14,384.14,384.14,0.0
1982-02-01,374.13,374.13,374.13,374.13,0.0
1982-02-02,374.13,374.13,374.13,374.13,0.0
1982-02-03,374.13,374.13,374.13,374.13,0.0
1982-02-04,374.13,374.13,374.13,374.13,0.0
1982-02-05,374.13,374.13,374.13,374.13,0.0
1982-02-08,374.13,374.13,374.13,374.13,0.0
1982-02-09,374.13,374.13,374.13,374.13,0.0
1982-02-10,374.13,374.13,374.13,374.13,0.0
1982-02-11,374.13,374.13,374.13,374.13,0.0
1982-02-12,374.13,374.13,374.13,374.13,0.0
1982-02-15,374.13,374.13,374.13,374.13,0.0
1982-02-16,374.13,374.13,374.13,374.13,0.0
1982-02-17,374.13,374.13,374.13,374.13,0.0
1982-02-18,374.13,374.13,374.13,374.13,0.0
1982-02-19,374.13,374.13,374.13,374.13,0.0
1982-02-22,374.13,374.13,374.13,374.13,0.0
1982-02-23,374.13,374.13,374.13,374.13,0.0
1982-02-24,374.13,374.13,374.13,374.13,0.0
1982-02-25,374.13,374.13,374.13,374.13,0.0
1982-02-26,374.13,374.13,374.13,374.13,0.0
1982-03-01,330.25,330.25,330.25,330.25,0.0
1982-03-02,330.25,330.25,330.25,330.25,0.0
1982-03-03,330.25,330.25,330.25,330.25,0.0
1982-03-04,330.25,330.25,330.25,330.25,0.0
1982-03-05,330.25,330.25,330.25,330.25,0.0
1982-03-08,330.25,330.25,330.25,330.25,0.0
1982-03-09,330.25,330.25,330.25,330.25,0.0
1982-03-10,330.25,330.25,330.25,330.25,0.0
1982-03-11,330.25,330.25,330.25,330.25,0.0
1982-03-12,330.25,330.25,330.25,330.25,0.0
1982-03-15,330.25,330.25,330.25,330.25,0.0
1982-03-16,330.25,330.25,330.25,330.25,0.0
1982-03-17,330.25,330.25,330.25,330.25,0.0
1982-03-18,330.25,330.25,330.25,330.25,0.0
1982-03-19,330.25,330.25,330.25,330.25,0.0
1982-03-22,330.25,330.25,330.25,330.25,0.0
1982-03-23,330.25,330.25,330.25,330.25,0.0
1982-03-24,330.25,330.25,330.25,330.25,0.0
1982-03-25,330.25,330.25,330.25,330.25,0.0
1982-03-26,330.25,330.25,330.25,330.25,0.0
1982-03-29,330.25,330.25,330.25,330.25,0.0
1982-03-30,330.25,330.25,330.25,330.25,0.0
1982-03-31,330.25,330.25,330.25,330.25,0.0
1982-04-01,350.3,350.3,350.3,350.3,0.0
1982-04-02,350.3,350.3,350.3,350.3,0.0
1982-04-05,350.3,350.3,350.3,350.3,0.0
1982-04-06,350.3,350.3,350.3,350.3,0.0
1982-04-07,350.3,350.3,350.3,350.3,0.0
1982-04-08,350.3,350.3,350.3,350.3,0.0
1982-04-09,350.3,350.3,350.3,350.3,0.0
1982-04-12,350.3,350.3,350.3,350.3,0.0
1982-04-13,350.3,350.3,350.3,350.3,0.0
1982-04-14,350.3,350.3,350.3,350.3,0.0
1982-04-15,350.3,350.3,350.3,350.3,0.0
1982-04-16,350.3,350.3,350.3,350.3,0.0
1982-04-19,350.3,350.3,350.3,350.3,0.0
1982-04-20,350.3,350.3,350.3,350.3,0.0
1982-04-21,350.3,350.3,350.3,350.3,0.0
1982-04-22,350.3,350.3,350.3,350.3,0.0
1982-04-23,350.3,350.3,350.3,350.3,0.0
1982-04-26,350.3,350.3,350.3,350.3,0.0
1982-04-27,350.3,350.3,350.3,350.3,0.0
1982-04-28,350.3,350.3,350.3,350.3,0.0
1982-04-29,350.3,350.3,350.3,350.3,0.0
1982-04-30,350.3,350.3,350.3,350.3,0.0
1982-05-03,333.71,333.71,333.71,333.71,0.0
1982-05-04,333.71,333.71,333.71,333.71,0.0
1982-05-05,333.71,333.71,333.71,333.71,0.0
1982-05-06,333.71,333.71,333.71,333.71,0.0
1982-05-07,333.71,333.71,333.71,333.71,0.0
1982-05-10,333.71,333.71,333.71,333.71,0.0
1982-05-11,333.71,333.71,333.71,333.71,0.0
1982-05-12,333.71,333.71,333.71,333.71,0.0
1982-05-13,333.71,333.71,333.71,333.71,0.0
1982-05-14,333.71,333.71,333.71,333.71,0.0
1982-05-17,333.71,333.71,333.71,333.71,0.0
1982-05-18,333.71,333.71,333.71,333.71,0.0
1982-05-19,333.71,333.71,333.71,333.71,0.0
1982-05-20,333.71,333.71,333.71,333.71,0.0
1982-05-21,333.71,333.71,333.71,333.71,0.0
1982-05-24,333.71,333.71,333.71,333.71,0.0
1982-05-25,333.71,333.71,333.71,333.71,0.0
1982-05-26,333.71,333.71,333.71,333.71,0.0
1982-05-27,333.71,333.71,333.71,333.71,0.0
1982-05-28,333.71,333.71,333.71,333.71,0.0
1982-05-31,333.71,333.71,333.71,333.71,0.0
1982-06-01,314.98,314.98,314.98,314.98,0.0
1982-06-02,314.98,314.98,314.98,314.98,0.0
1982-06-03,314.98,314.98,314.98,314.98,0.0
1982-06-04,314.98,314.98,314.98,314.98,0.0
1982-06-07,314.98,314.98,314.98,314.98,0.0
1982-06-08,314.98,314.98,314.98,314.98,0.0
1982-06-09,314.98,314.98,314.98,314.98,0.0
1982-06-10,314.98,314.98,314.98,314.98,0.0
1982-06-11,314.98,314.98,314.98,314.98,0.0
1982-06-14,314.98,314.98,314.98,314.98,0.0
1982-06-15,314.98,314.98,314.98,314.98,0.0
1982-06-16,314.98,314.98,314.98,314.98,0.0
1982-06-17,314.98,314.98,314.98,314.98,0.0
1982-06-18,314.98,314.98,314.98,314.98,0.0
1982-06-21,314.98,314.98,314.98,314.98,0.0
1982-06-22,314.98,314.98,314.98,314.98,0.0
1982-06-23,314.98,314.98,314.98,314.98,0.0
1982-06-24,314.98,314.98,314.98,314.98,0.0
1982-06-25,314.98,314.98,314.98,314.98,0.0
1982-06-28,314.98,314.98,314.98,314.98,0.0
1982-06-29,314.98,314.98,314.98,314.98,0.0
1982-06-30,314.98,314.98,314.98,314.98,0.0
1982-07-01,338.97,338.97,338.97,338.97,0.0
1982-07-02,338.97,338.97,338.97,338.97,0.0
1982-07-05,338.97,338.97,338.97,338.97,0.0
1982-07-06,338.97,338.97,338.97,338.97,0.0
1982-07-07,338.97,338.97,338.97,338.97,0.0
1982-07-08,338.97,338.97,338.97,338.97,0.0
1982-07-09,338.97,338.97,338.97,338.97,0.0
1982-07-12,338.97,338.97,338.97,338.97,0.0
1982-07-13,338.97,338.97,338.97,338.97,0.0
1982-07-14,338.97,338.97,338.97,338.97,0.0
1982-07-15,338.97,338.97,338.97,338.97,0.0
1982-07-16,338.97,338.97,338.97,338.97,0.0
1982-07-19,338.97,338.97,338.97,338.97,0.0
1982-07-20,338.97,338.97,338.97,338.97,0.0
1982-07-21,338.97,338.97,338.97,338.97,0.0
1982-07-22,338.97,338.97,338.97,338.97,0.0
1982-07-23,338.97,338.97,338.97,338.97,0.0
1982-07-26,338.97,338.97,338.97,338.97,0.0
1982-07-27,338.97,338.97,338.97,338.97,0.0
1982-07-28,338.97,338.97,338.97,338.97,0.0
1982-07-29,338.97,338.97,338.97,338.97,0.0
1982-07-30,338.97,338.97,338.97,338.97,0.0
1982-08-02,364.23,364.23,364.23,364.23,0.0
1982-08-03,364.23,364.23,364.23,364.23,0.0
1982-08-04,364.23,364.23,364.23,364.23,0.0
1982-08-05,364.23,364.23,364.23,364.23,0.0
1982-08-06,364.23,364.23,364.23,364.23,0.0
1982-08-09,364.23,364.23,364.23,364.23,0.0
1982-08-10,364.23,364.23,364.23,364.23,0.0
1982-08-11,364.23,364.23,364.23,364.23,0.0
1982-08-12,364.23,364.23,364.23,364.23,0.0
1982-08-13,364.23,364.23,364.23,364.23,0.0
1982-08-16,364.23,364.23,364.23,364.23,0.0
1982-08-17,364.23,364.23,364.23,364.23,0.0
1982-08-18,364.23,364.23,364.23,364.23,0.0
1982-08-19,364.23,364.23,364.23,364.23,0.0
1982-08-20,364.23,364.23,364.23,364.23,0.0
1982-08-23,364.23,364.23,364.23,364.23,0.0
1982-08-24,364.23,364.23,364.23,364.23,0.0
1982-08-25,364.23,364.23,364.23,364.23,0.0
1982-08-26,364.23,364.23,364.23,364.23,0.0
1982-08-27,364.23,364.23,364.23,364.23,0.0
1982-08-30,364.23,364.23,364.23,364.23,0.0
1982-08-31,364.23,364.23,364.23,364.23,0.0
1982-09-01,437.31,437.31,437.31,437.31,0.0
1982-09-02,437.31,437.31,437.31,437.31,0.0
1982-09-03,437.31,437.31,437.31,437.31,0.0
1982-09-06,437.31,437.31,437.31,437.31,0.0
1982-09-07,437.31,437.31,437.31,437.31,0.0
1982-09-08,437.31,437.31,437.31,437.31,0.0
1982-09-09,437.31,437.31,437.31,437.31,0.0
1982-09-10,437.31,437.31,437.31,437.31,0.0
1982-09-13,437.31,437.31,437.31,437.31,0.0
1982-09-14,437.31,437.31,437.31,437.31,0.0
1982-09-15,437.31,437.31,437.31,437.31,0.0
1982-09-16,437.31,437.31,437.31,437.31,0.0
1982-09-17,437.31,437.31,437.31,437.31,0.0
1982-09-20,437.31,437.31,437.31,437.31,0.0
1982-09-21,437.31,437.31,437.31,437.31,0.0
1982-09-22,437.31,437.31,437.31,437.31,0.0
1982-09-23,437.31,437.31,437.31,437.31,0.0
1982-09-24,437.31,437.31,437.31,437.31,0.0
1982-09-27,437.31,437.31,437.31,437.31,0.0
1982-09-28,437.31,437.31,437.31,437.31,0.0
1982-09-29,437.31,437.31,437.31,437.31,0.0
1982-09-30,437.31,437.31,437.31,437.31,0.0
1982-10-01,422.15,422.15,422.15,422.15,0.0
1982-10-04,422.15,422.15,422.15,422.15,0.0
1982-10-05,422.15,422.15,422.15,422.15,0.0
1982-10-06,422.15,422.15,422.15,422.15,0.0
1982-10-07,422.15,422.15,422.15,422.15,0.0
1982-10-08,422.15,422.15,422.15,422.15,0.0
1982-10-11,422.15,422.15,422.15,422.15,0.0
1982-10-12,422.15,422.15,422.15,422.15,0.0
1982-10-13,422.15,422.15,422.15,422.15,0.0
1982-10-14,422.15,422.15,422.15,422.15,0.0
1982-10-15,422.15,422.15,422.15,422.15,0.0
1982-10-18,422.15,422.15,422.15,422.15,0.0
1982-10-19,422.15,422.15,422.15,422.15,0.0
1982-10-20,422.15,422.15,422.15,422.15,0.0
1982-10-21,422.15,422.15,422.15,422.15,0.0
1982-10-22,422.15,422.15,422.15,422.15,0.0
1982-10-25,422.15,422.15,422.15,422.15,0.0
1982-10-26,422.15,422.15,422.15,422.15,0.0
1982-10-27,422.15,422.15,422.15,422.15,0.0
1982-10-28,422.15,422.15,422.15,422.15,0.0
1982-10-29,422.15,422.15,422.15,422.15,0.0
1982-11-01,414.89,414.89,414.89,414.89,0.0
1982-11-02,414.89,414.89,414.89,414.89,0.0
1982-11-03,414.89,414.89,414.89,414.89,0.0
1982-11-04,414.89,414.89,414.89,414.89,0.0
1982-11-05,414.89,414.89,414.89,414.89,0.0
1982-11-08,414.89,414.89,414.89,414.89,0.0
1982-11-09,414.89,414.89,414.89,414.89,0.0
1982-11-10,414.89,414.89,414.89,414.89,0.0
1982-11-11,414.89,414.89,414.89,414.89,0.0
1982-11-12,414.89,414.89,414.89,414.89,0.0
1982-11-15,414.89,414.89,414.89,414.89,0.0
1982-11-16,414.89,414.89,414.89,414.89,0.0
1982-11-17,414.89,414.89,414.89,414.89,0.0
1982-11-18,414.89,414.89,414.89,414.89,0.0
1982-11-19,414.89,414.89,414.89,414.89,0.0
1982-11-22,414.89,414.89,414.89,414.89,0.0
1982-11-23,414.89,414.89,414.89,414.89,0.0
1982-11-24,414.89,414.89,414.89,414.89,0.0
1982-11-25,414.89,414.89,414.89,414.89,0.0
1982-11-26,414.89,414.89,414.89,414.89,0.0
1982-11-29,414.89,414.89,414.89,414.89,0.0
1982-11-30,414.89,414.89,414.89,414.89,0.0
1982-12-01,444.5,444.5,444.5,444.5,0.0
1982-12-02,444.5,444.5,444.5,444.5,0.0
1982-12-03,444.5,444.5,444.5,444.5,0.0
1982-12-06,444.5,444.5,444.5,444.5,0.0
1982-12-07,444.5,444.5,444.5,444.5,0.0
1982-12-08,444.5,444.5,444.5,444.5,0.0
1982-12-09,444.5,444.5,444.5,444.5,0.0
1982-12-10,444.5,444.5,444.5,444.5,0.0
1982-12-13,444.5,444.5,444.5,444.5,0.0
1982-12-14,444.5,444.5,444.5,444.5,0.0
1982-12-15,444.5,444.5,444.5,444.5,0.0
1982-12-16,444.5,444.5,444.5,444.5,0.0
1982-12-17,444.5,444.5,444.5,444.5,0.0
1982-12-20,444.5,444.5,444.5,444.5,0.0
1982-12-21,444.5,444.5,444.5,444.5,0.0
1982-12-22,444.5,444.5,444.5,444.5,0.0
1982-12-23,444.5,444.5,444.5,444.5,0.0
1982-12-24,444.5,444.5,444.5,444.5,0.0
1982-12-27,444.5,444.5,444.5,444.5,0.0
1982-12-28,444.5,444.5,444.5,444.5,0.0
1982-12-29,444.5,444.5,444.5,444.5,0.0
1982-12-30,444.5,444.5,444.5,444.5,0.0
1982-12-31,444.5,444.5,444.5,444.5,0.0
1983-01-03,481.29,481.29,481.29,481.29,0.0
1983-01-04,481.29,481.29,481.29,481.29,0.0
1983-01-05,481.29,481.29,481.29,481.29,0.0
1983-01-06,481.29,481.29,481.29,481.29,0.0
1983-01-07,481.29,481.29,481.29,481.29,0.0
1983-01-10,481.29,481.29,481.29,481.29,0.0
1983-01-11,481.29,481.29,481.29,481.29,0.0
1983-01-12,481.29,481.29,481.29,481.29,0.0
1983-01-13,481.29,481.29,481.29,481.29,0.0
1983-01-14,481.29,481.29,481.29,481.29,0.0
1983-01-17,481.29,481.29,481.29,481.29,0.0
1983-01-18,481.29,481.29,481.29,481.29,0.0
1983-01-19,481.29,481.29,481.29,481.29,0.0
1983-01-20,481.29,481.29,481.29,481.29,0.0
1983-01-21,481.29,481.29,481.29,481.29,0.0
1983-01-24,481.29,481.29,481.29,481.29,0.0
1983-01-25,481.29,481.29,481.29,481.29,0.0
1983-01-26,481.29,481.29,481.29,481.29,0.0
1983-01-27,481.29,481.29,481.29,481.29,0.0
1983-01-28,481.29,481.29,481.29,481.29,0.0
1983-01-31,481.29,481.29,481.29,481.29,0.0
1983-02-01,491.09,491.09,491.09,491.09,0.0
1983-02-02,491.09,491.09,491.09,491.09,0.0
1983-02-03,491.09,491.09,491.09,491.09,0.0
1983-02-04,491.09,491.09,491.09,491.09,0.0
1983-02-07,491.09,491.09,491.09,491.09,0.0
1983-02-08,491.09,491.09,491.09,491.09,0.0
1983-02-09,491.09,491.09,491.09,491.09,0.0
1983-02-10,491.09,491.09,491.09,491.09,0.0
1983-02-11,491.09,491.09,491.09,491.09,0.0
1983-02-14,491.09,491.09,491.09,491.09,0.0
1983-02-15,491.09,491.09,491.09,491.09,0.0
1983-02-16,491.09,491.09,491.09,491.09,0.0
1983-02-17,491.09,491.09,491.09,491.09,0.0
1983-02-18,491.09,491.09,491.09,491.09,0.0
1983-02-21,491.09,491.09,491.09,491.09,0.0
1983-02-22,491.09,491.09,491.09,491.09,0.0
1983-02-23,491.09,491.09,491.09,491.09,0.0
1983-02-24,491.09,491.09,491.09,491.09,0.0
1983-02-25,491.09,491.09,491.09,491.09,0.0
1983-02-28,491.09,491.09,491.09,491.09,0.0
1983-03-01,419.7,419.7,419.7,419.7,0.0
1983-03-02,419.7,419.7,419.7,419.7,0.0
1983-03-03,419.7,419.7,419.7,419.7,0.0
1983-03-04,419.7,419.7,419.7,419.7,0.0
1983-03-07,419.7,419.7,419.7,419.7,0.0
1983-03-08,419.7,419.7,419.7,419.7,0.0
1983-03-09,419.7,419.7,419.7,419.7,0.0
1983-03-10,419.7,419.7,419.7,419.7,0.0
1983-03-11,419.7,419.7,419.7,419.7,0.0
1983-03-14,419.7,419.7,419.7,419.7,0.0
1983-03-15,419.7,419.7,419.7,419.7,0.0
1983-03-16,419.7,419.7,419.7,419.7,0.0
1983-03-17,419.7,419.7,419.7,419.7,0.0
1983-03-18,419.7,419.7,419.7,419.7,0.0
1983-03-21,419.7,419.7,419.7,419.7,0.0
1983-03-22,419.7,419.7,419.7,419.7,0.0
1983-03-23,419.7,419.7,419.7,419.7,0.0
1983-03-24,419.7,419.7,419.7,419.7,0.0
1983-03-25,419.7,419.7,419.7,419.7,0.0
1983-03-28,419.7,419.7,419.7,419.7,0.0
1983-03-29,419.7,419.7,419.7,419.7,0.0
1983-03-30,419.7,419.7,419.7,419.7,0.0
1983-03-31,419.7,419.7,419.7,419.7,0.0
1983-04-01,432.88,432.88,432.88,432.88,0.0
1983-04-04,432.88,432.88,432.88,432.88,0.0
1983-04-05,432.88,432.88,432.88,432.88,0.0
1983-04-06,432.88,432.88,432.88,432.88,0.0
1983-04-07,432.88,432.88,432.88,432.88,0.0
1983-04-08,432.88,432.88,432.88,432.88,0.0
1983-04-11,432.88,432.88,432.88,432.88,0.0
1983-04-12,432.88,432.88,432.88,432.88,0.0
1983-04-13,432.88,432.88,432.88,432.88,0.0
1983-04-14,432.88,432.88,432.88,432.88,0.0
1983-04-15,432.88,432.88,432.88,432.88,0.0
1983-04-18,432.88,432.88,432.88,432.88,0.0
1983-04-19,432.88,432.88,432.88,432.88,0.0
1983-04-20,432.88,432.88,432.88,432.88,0.0
1983-04-21,432.88,432.88,432.88,432.88,0.0
1983-04-22,432.88,432.88,432.88,432.88,0.0
1983-04-25,432.88,432.88,432.88,432.88,0.0
1983-04-26,432.88,432.88,432.88,432.88,0.0
1983-04-27,432.88,432.88,432.88,432.88,0.0
1983-04-28,432.88,432.88,432.88,432.88,0.0
1983-04-29,432.88,432.88,432.88,432.88,0.0
1983-05-02,438.01,438.01,438.01,438.01,0.0
1983-05-03,438.01,438.01,438.01,438.01,0.0
1983-05-04,438.01,438.01,438.01,438.01,0.0
1983-05-05,438.01,438.01,438.01,438.01,0.0
1983-05-06,438.01,438.01,438.01,438.01,0.0
1983-05-09,438.01,438.01,438.01,438.01,0.0
1983-05-10,438.01,438.01,438.01,438.01,0.0
1983-05-11,438.01,438.01,438.01,438.01,0.0
1983-05-12,438.01,438.01,438.01,438.01,0.0
1983-05-13,438.01,438.01,438.01,438.01,0.0
1983-05-16,438.01,438.01,438.01,438.01,0.0
1983-05-17,438.01,438.01,438.01,438.01,0.0
1983-05-18,438.01,438.01,438.01,438.01,0.0
1983-05-19,438.01,438.01,438.01,438.01,0.0
1983-05-20,438.01,438.01,438.01,438.01,0.0
1983-05-23,438.01,438.01,438.01,438.01,0.0
1983-05-24,438.01,438.01,438.01,438.01,0.0
1983-05-25,438.01,438.01,438.01,438.01,0.0
1983-05-26,438.01,438.01,438.01,438.01,0.0
1983-05-27,438.01,438.01,438.01,438.01,0.0
1983-05-30,438.01,438.01,438.01,438.01,0.0
1983-05-31,438.01,438.01,438.01,438.01,0.0
1983-06-01,412.84,412.84,412.84,412.84,0.0
1983-06-02,412.84,412.84,412.84,412.84,0.0
1983-06-03,412.84,412.84,412.84,412.84,0.0
1983-06-06,412.84,412.84,412.84,412.84,0.0
1983-06-07,412.84,412.84,412.84,412.84,0.0
1983-06-08,412.84,412.84,412.84,412.84,0.0
1983-06-09,412.84,412.84,412.84,412.84,0.0
1983-06-10,412.84,412.84,412.84,412.84,0.0
1983-06-13,412.84,412.84,412.84,412.84,0.0
1983-06-14,412.84,412.84,412.84,412.84,0.0
1983-06-15,412.84,412.84,412.84,412.84,0.0
1983-06-16,412.84,412.84,412.84,412.84,0.0
1983-06-17,412.84,412.84,412.84,412.84,0.0
1983-06-20,412.84,412.84,412.84,412.84,0.0
1983-06-21,412.84,412.84,412.84,412.84,0.0
1983-06-22,412.84,412.84,412.84,412.84,0.0
1983-06-23,412.84,412.84,412.84,412.84,0.0
1983-06-24,412.84,412.84,412.84,412.84,0.0
1983-06-27,412.84,412.84,412.84,412.84,0.0
1983-06-28,412.84,412.84,412.84,412.84,0.0
1983-06-29,412.84,412.84,412.84,412.84,0.0
1983-06-30,412.84,412.84,412.84,412.84,0.0
1983-07-01,402.91,402.91,402.91,402.91,0.0
1983-07-04,402.91,402.91,402.91,402.91,0.0
1983-07-05,402.91,402.91,402.91,402.91,0.0
1983-07-06,402.91,402.91,402.91,402.91,0.0
1983-07-07,402.91,402.91,402.91,402.91,0.0
1983-07-08,402.91,402.91,402.91,402.91,0.0
1983-07-11,402.91,402.91,402.91,402.91,0.0
1983-07-12,402.91,402.91,402.91,402.91,0.0
1983-07-13,402.91,402.91,402.91,402.91,0.0
1983-07-14,402.91,402.91,402.91,402.91,0.0
1983-07-15,402.91,402.91,402.91,402.91,0.0
1983-07-18,402.91,402.91,402.91,402.91,0.0
1983-07-19,402.91,402.91,402.91,402.91,0.0
1983-07-20,402.91,402.91,402.91,402.91,0.0
1983-07-21,402.91,402.91,402.91,402.91,0.0
1983-07-22,402.91,402.91,402.91,402.91,0.0
1983-07-25,402.91,402.91,402.91,402.91,0.0
1983-07-26,402.91,402.91,402.91,402.91,0.0
1983-07-27,402.91,402.91,402.91,402.91,0.0
1983-07-28,402.91,402.91,402.91,402.91,0.0
1983-07-29,402.91,402.91,402.91,402.91,0.0
1983-08-01,416.2,416.2,416.2,416.2,0.0
1983-08-02,416.2,416.2,416.2,416.2,0.0
1983-08-03,416.2,416.2,416.2,416.2,0.0
1983-08-04,416.2,416.2,416.2,416.2,0.0
1983-08-05,416.2,416.2,416.2,416.2,0.0
1983-08-08,416.2,416.2,416.2,416.2,0.0
1983-08-09,416.2,416.2,416.2,416.2,0.0
1983-08-10,416.2,416.2,416.2,416.2,0.0
1983-08-11,416.2,416.2,416.2,416.2,0.0
1983-08-12,416.2,416.2,416.2,416.2,0.0
1983-08-15,416.2,416.2,416.2,416.2,0.0
1983-08-16,416.2,416.2,416.2,416.2,0.0
1983-08-17,416.2,416.2,416.2,416.2,0.0
1983-08-18,416.2,416.2,416.2,416.2,0.0
1983-08-19,416.2,416.2,416.2,416.2,0.0
1983-08-22,416.2,416.2,416.2,416.2,0.0
1983-08-23,416.2,416.2,416.2,416.2,0.0
1983-08-24,416.2,416.2,416.2,416.2,0.0
1983-08-25,416.2,416.2,416.2,416.2,0.0
1983-08-26,416.2,416.2,416.2,416.2,0.0
1983-08-29,416.2,416.2,416.2,416.2,0.0
1983-08-30,416.2,416.2,416.2,416.2,0.0
1983-08-31,416.2,416.2,416.2,416.2,0.0
1983-09-01,411.8,411.8,411.8,411.8,0.0
1983-09-02,411.8,411.8,411.8,411.8,0.0
1983-09-05,411.8,411.8,411.8,411.8,0.0
1983-09-06,411.8,411.8,411.8,411.8,0.0
1983-09-07,411.8,411.8,411.8,411.8,0.0
1983-09-08,411.8,411.8,411.8,411.8,0.0
1983-09-09,411.8,411.8,411.8,411.8,0.0
1983-09-12,411.8,411.8,411.8,411.8,0.0
1983-09-13,411.8,411.8,411.8,411.8,0.0
1983-09-14,411.8,411.8,411.8,411.8,0.0
1983-09-15,411.8,411.8,411.8,411.8,0.0
1983-09-16,411.8,411.8,411.8,411.8,0.0
1983-09-19,411.8,411.8,411.8,411.8,0.0
1983-09-20,411.8,411.8,411.8,411.8,0.0
1983-09-21,411.8,411.8,411.8,411.8,0.0
1983-09-22,411.8,411.8,411.8,411.8,0.0
1983-09-23,411.8,411.8,411.8,411.8,0.0
1983-09-26,411.8,411.8,411.8,411.8,0.0
1983-09-27,411.8,411.8,411.8,411.8,0.0
1983-09-28,411.8,411.8,411.8,411.8,0.0
1983-09-29,411.8,411.8,411.8,411.8,0.0
1983-09-30,411.8,411.8,411.8,411.8,0.0
1983-10-03,393.6,393.6,393.6,393.6,0.0
1983-10-04,393.6,393.6,393.6,393.6,0.0
1983-10-05,393.6,393.6,393.6,393.6,0.0
1983-10-06,393.6,393.6,393.6,393.6,0.0
1983-10-07,393.6,393.6,393.6,393.6,0.0
1983-10-10,393.6,393.6,393.6,393.6,0.0
1983-10-11,393.6,393.6,393.6,393.6,0.0
1983-10-12,393.6,393.6,393.6,393.6,0.0
1983-10-13,393.6,393.6,393.6,393.6,0.0
1983-10-14,393.6,393.6,393.6,393.6,0.0
1983-10-17,393.6,393.6,393.6,393.6,0.0
1983-10-18,393.6,393.6,393.6,393.6,0.0
1983-10-19,393.6,393.6,393.6,393.6,0.0
1983-10-20,393.6,393.6,393.6,393.6,0.0
1983-10-21,393.6,393.6,393.6,393.6,0.0
1983-10-24,393.6,393.6,393.6,393.6,0.0
1983-10-25,393.6,393.6,393.6,393.6,0.0
1983-10-26,393.6,393.6,393.6,393.6,0.0
1983-10-27,393.6,393.6,393.6,393.6,0.0
1983-10-28,393.6,393.6,393.6,393.6,0.0
1983-10-31,393.6,393.6,393.6,393.6,0.0
1983-11-01,381.7,381.7,381.7,381.7,0.0
1983-11-02,381.7,381.7,381.7,381.7,0.0
1983-11-03,381.7,381.7,381.7,381.7,0.0
1983-11-04,381.7,381.7,381.7,381.7,0.0
1983-11-07,381.7,381.7,381.7,381.7,0.0
1983-11-08,381.7,381.7,381.7,381.7,0.0
1983-11-09,381.7,381.7,381.7,381.7,0.0
1983-11-10,381.7,381.7,381.7,381.7,0.0
1983-11-11,381.7,381.7,381.7,381.7,0.0
1983-11-14,381.7,381.7,381.7,381.7,0.0
1983-11-15,381.7,381.7,381.7,381.7,0.0
1983-11-16,381.7,381.7,381.7,381.7,0.0
1983-11-17,381.7,381.7,381.7,381.7,0.0
1983-11-18,381.7,381.7,381.7,381.7,0.0
1983-11-21,381.7,381.7,381.7,381.7,0.0
1983-11-22,381.7,381.7,381.7,381.7,0.0
1983-11-23,381.7,381.7,381.7,381.7,0.0
1983-11-24,381.7,381.7,381.7,381.7,0.0
1983-11-25,381.7,381.7,381.7,381.7,0.0
1983-11-28,381.7,381.7,381.7,381.7,0.0
1983-11-29,381.7,381.7,381.7,381.7,0.0
1983-11-30,381.7,381.7,381.7,381.7,0.0
1983-12-01,388.34,388.34,388.34,388.34,0.0
1983-12-02,388.34,388.34,388.34,388.34,0.0
1983-12-05,388.34,388.34,388.34,388.34,0.0
1983-12-06,388.34,388.34,388.34,388.34,0.0
1983-12-07,388.34,388.34,388.34,388.34,0.0
1983-12-08,388.34,388.34,388.34,388.34,0.0
1983-12-09,388.34,388.34,388.34,388.34,0.0
1983-12-12,388.34,388.34,388.34,388.34,0.0
1983-12-13,388.34,388.34,388.34,388.34,0.0
1983-12-14,388.34,388.34,388.34,388.34,0.0
1983-12-15,388.34,388.34,388.34,388.34,0.0
1983-12-16,388.34,388.34,388.34,388.34,0.0
1983-12-19,107.05999755859375,108.98999786376953,106.76000213623047,107.05999755859375,20200.0
1983-12-20,109.04000091552734,109.38999938964844,107.05999755859375,107.05999755859375,16700.0
1983-12-21,388.34,388.34,388.34,388.34,0.0
1983-12-22,112.0999984741211,112.8499984741211,110.62000274658203,111.27999877929688,20500.0
1983-12-23,388.34,388.34,388.34,388.34,0.0
1983-12-26,388.34,388.34,388.34,388.34,0.0
1983-12-27,388.34,388.34,388.34,388.34,0.0
1983-12-28,388.34,388.34,388.34,388.34,0.0
1983-12-29,388.34,388.34,388.34,388.34,0.0
1983-12-30,388.34,388.34,388.34,388.34,0.0
1984-01-02,370.89,370.89,370.89,370.89,0.0
1984-01-03,370.89,370.89,370.89,370.89,0.0
1984-01-04,370.89,370.89,370.89,370.89,0.0
1984-01-05,370.89,370.89,370.89,370.89,0.0
1984-01-06,107.79000091552734,111.62999725341797,107.62999725341797,111.62999725341797,28200.0
1984-01-09,104.27999877929688,107.72000122070312,104.0,107.72000122070312,21300.0
1984-01-10,370.89,370.89,370.89,370.89,0.0
1984-01-11,104.91999816894531,105.45999908447266,103.5999984741211,104.7300033569336,13700.0
1984-01-12,370.89,370.89,370.89,370.89,0.0
1984-01-13,370.89,370.89,370.89,370.89,0.0
1984-01-16,370.89,370.89,370.89,370.89,0.0
1984-01-17,370.89,370.89,370.89,370.89,0.0
1984-01-18,370.89,370.89,370.89,370.89,0.0
1984-01-19,109.2699966430664,109.2699966430664,106.12000274658203,106.12000274658203,15300.0
1984-01-20,108.58999633789062,108.98999786376953,107.51000213623047,108.98999786376953,18400.0
1984-01-23,106.3499984741211,108.54000091552734,105.80999755859375,108.54000091552734,20800.0
1984-01-24,106.47000122070312,106.66000366210938,105.37000274658203,106.3499984741211,16400.0
1984-01-25,105.83999633789062,107.18000030517578,105.83999633789062,106.47000122070312,24800.0
1984-01-26,110.81999969482422,111.79000091552734,105.6500015258789,105.83999633789062,15600.0
1984-01-27,370.89,370.89,370.89,370.89,0.0
1984-01-30,370.89,370.89,370.89,370.89,0.0
1984-01-31,111.9000015258789,112.0199966430664,107.1500015258789,107.1500015258789,15200.0
1984-02-01,385.96,385.96,385.96,385.96,0.0
1984-02-02,385.96,385.96,385.96,385.96,0.0
1984-02-03,385.96,385.96,385.96,385.96,0.0
1984-02-06,115.16999816894531,116.31999969482422,114.44000244140625,115.37999725341797,27100.0
1984-02-07,113.98999786376953,114.7699966430664,113.77999877929688,114.2699966430664,20900.0
1984-02-08,112.9800033569336,116.9800033569336,112.47000122070312,114.18000030517578,29300.0
1984-02-09,385.96,385.96,385.96,385.96,0.0
1984-02-10,111.94999694824219,112.41999816894531,111.38999938964844,111.87999725341797,19800.0
1984-02-13,385.96,385.96,385.96,385.96,0.0
1984-02-14,385.96,385.96,385.96,385.96,0.0
1984-02-15,385.96,385.96,385.96,385.96,0.0
1984-02-16,115.19000244140625,116.55999755859375,114.95999908447266,115.76000213623047,11600.0
1984-02-17,385.96,385.96,385.96,385.96,0.0
1984-02-20,385.96,385.96,385.96,385.96,0.0
1984-02-21,123.0,123.0199966430664,120.33999633789062,120.33999633789062,20400.0
1984-02-22,130.19000244140625,130.3800048828125,123.68000030517578,123.68000030517578,19600.0
1984-02-23,385.96,385.96,385.96,385.96,0.0
1984-02-24,127.0,131.05999755859375,126.83000183105469,131.05999755859375,20600.0
1984-02-27,385.96,385.96,385.96,385.96,0.0
1984-02-28,126.9000015258789,129.75,126.41000366210938,129.27999877929688,21200.0
1984-02-29,127.69999694824219,129.67999267578125,126.36000061035156,128.02000427246094,22200.0
1984-03-01,127.68000030517578,128.0800018310547,125.68000030517578,127.68000030517578,15900.0
1984-03-02,394.26,394.26,394.26,394.26,0.0
1984-03-05,394.26,394.26,394.26,394.26,0.0
1984-03-06,134.2100067138672,135.8800048828125,133.91000366210938,134.82000732421875,15000.0
1984-03-07,394.26,394.26,394.26,394.26,0.0
1984-03-08,394.26,394.26,394.26,394.26,0.0
1984-03-09,132.39999389648438,133.11000061035156,131.80999755859375,133.11000061035156,18200.0
1984-03-12,130.66000366210938,132.36000061035156,130.3800048828125,132.36000061035156,15100.0
1984-03-13,394.26,394.26,394.26,394.26,0.0
1984-03-14,394.26,394.26,394.26,394.26,0.0
1984-03-15,394.26,394.26,394.26,394.26,0.0
1984-03-16,394.26,394.26,394.26,394.26,0.0
1984-03-19,394.26,394.26,394.26,394.26,0.0
1984-03-20,394.26,394.26,394.26,394.26,0.0
1984-03-21,128.10000610351562,128.5,127.18000030517578,128.5,18400.0
1984-03-22,124.19999694824219,128.02999877929688,124.19999694824219,126.12000274658203,14500.0
1984-03-23,394.26,394.26,394.26,394.26,0.0
1984-03-26,126.33999633789062,126.9000015258789,124.43000030517578,124.70999908447266,27700.0
1984-03-27,394.26,394.26,394.26,394.26,0.0
1984-03-28,394.26,394.26,394.26,394.26,0.0
1984-03-29,394.26,394.26,394.26,394.26,0.0
1984-03-30,394.26,394.26,394.26,394.26,0.0
1984-04-02,123.91999816894531,127.81999969482422,123.75,127.81999969482422,15900.0
1984-04-03,381.37,381.37,381.37,381.37,0.0
1984-04-04,126.08000183105469,126.4800033569336,124.43000030517578,124.97000122070312,21900.0
1984-04-05,121.98999786376953,126.19999694824219,121.98999786376953,126.1500015258789,27300.0
1984-04-06,122.83000183105469,122.93000030517578,121.88999938964844,122.08000183105469,18300.0
1984-04-09,123.4000015258789,123.7699966430664,122.01000213623047,122.83000183105469,18800.0
1984-04-10,122.38999938964844,123.8499984741211,122.38999938964844,123.33000183105469,14500.0
1984-04-11,381.37,381.37,381.37,381.37,0.0
1984-04-12,381.37,381.37,381.37,381.37,0.0
1984-04-13,381.37,381.37,381.37,381.37,0.0
1984-04-16,118.52999877929688,118.6500015258789,116.9800033569336,118.33999633789062,12900.0
1984-04-17,120.93000030517578,121.12000274658203,118.30000305175781,118.52999877929688,15200.0
1984-04-18,122.58000183105469,124.69000244140625,118.72000122070312,120.6500015258789,12400.0
1984-04-19,381.37,381.37,381.37,381.37,0.0
1984-04-20,381.37,381.37,381.37,381.37,0.0
1984-04-23,122.11000061035156,123.66000366210938,121.91999816894531,122.45999908447266,25100.0
1984-04-24,381.37,381.37,381.37,381.37,0.0
1984-04-25,381.37,381.37,381.37,381.37,0.0
1984-04-26,381.37,381.37,381.37,381.37,0.0
1984-04-27,381.37,381.37,381.37,381.37,0.0
1984-04-30,381.37,381.37,381.37,381.37,0.0
1984-05-01,377.4,377.4,377.4,377.4,0.0
1984-05-02,117.58999633789062,118.12999725341797,116.86000061035156,116.86000061035156,22700.0
1984-05-03,377.4,377.4,377.4,377.4,0.0
1984-05-04,116.19999694824219,117.70999908447266,116.11000061035156,117.70999908447266,15900.0
1984-05-07,377.4,377.4,377.4,377.4,0.0
1984-05-08,377.4,377.4,377.4,377.4,0.0
1984-05-09,377.4,377.4,377.4,377.4,0.0
1984-05-10,377.4,377.4,377.4,377.4,0.0
1984-05-11,377.4,377.4,377.4,377.4,0.0
1984-05-14,377.4,377.4,377.4,377.4,0.0
1984-05-15,377.4,377.4,377.4,377.4,0.0
1984-05-16,115.9000015258789,115.9000015258789,114.13999938964844,114.20999908447266,17400.0
1984-05-17,114.38999938964844,116.75,113.98999786376953,115.98999786376953,15200.0
1984-05-18,377.4,377.4,377.4,377.4,0.0
1984-05-21,114.55999755859375,115.66000366210938,114.08999633789062,114.08999633789062,14600.0
1984-05-22,377.4,377.4,377.4,377.4,0.0
1984-05-23,109.31999969482422,113.19999694824219,109.31999969482422,113.19999694824219,18500.0
1984-05-24,377.4,377.4,377.4,377.4,0.0
1984-05-25,113.36000061035156,114.04000091552734,108.58999633789062,108.58999633789062,19600.0
1984-05-28,377.4,377.4,377.4,377.4,0.0
1984-05-29,112.4000015258789,113.36000061035156,111.87999725341797,113.36000061035156,20600.0
1984-05-30,110.47000122070312,113.12000274658203,110.47000122070312,112.4000015258789,19100.0
1984-05-31,377.4,377.4,377.4,377.4,0.0
1984-06-01,377.7,377.7,377.7,377.7,0.0
1984-06-04,377.7,377.7,377.7,377.7,0.0
1984-06-05,377.7,377.7,377.7,377.7,0.0
1984-06-06,117.47000122070312,117.47000122070312,116.04000091552734,117.44999694824219,17700.0
1984-06-07,377.7,377.7,377.7,377.7,0.0
1984-06-08,113.43000030517578,114.72000122070312,112.88999938964844,114.18000030517578,13800.0
1984-06-11,110.13999938964844,113.22000122070312,110.13999938964844,113.22000122070312,22500.0
1984-06-12,110.41999816894531,110.83999633789062,109.12999725341797,110.13999938964844,9800.0
1984-06-13,377.7,377.7,377.7,377.7,0.0
1984-06-14,377.7,377.7,377.7,377.7,0.0
1984-06-15,104.19999694824219,110.4000015258789,104.19999694824219,110.4000015258789,13900.0
1984-06-18,377.7,377.7,377.7,377.7,0.0
1984-06-19,377.7,377.7,377.7,377.7,0.0
1984-06-20,377.7,377.7,377.7,377.7,0.0
1984-06-21,107.08999633789062,107.95999908447266,105.91000366210938,106.69000244140625,22600.0
1984-06-22,106.41000366210938,107.5999984741211,106.41000366210938,107.08999633789062,17300.0
1984-06-25,106.06999969482422,106.12000274658203,101.06999969482422,103.58999633789062,11800.0
1984-06-26,101.80000305175781,102.37000274658203,101.36000061035156,101.36000061035156,11900.0
1984-06-27,377.7,377.7,377.7,377.7,0.0
1984-06-28,101.91999816894531,102.22000122070312,101.0,101.61000061035156,9900.0
1984-06-29,102.08000183105469,102.37000274658203,101.27999877929688,101.91999816894531,14800.0
1984-07-02,99.5,102.04000091552734,99.23999786376953,102.04000091552734,16900.0
1984-07-03,347.71,347.71,347.71,347.71,0.0
1984-07-04,347.71,347.71,347.71,347.71,0.0
1984-07-05,89.19000244140625,96.87000274658203,89.05000305175781,96.87000274658203,16900.0
1984-07-06,347.71,347.71,347.71,347.71,0.0
1984-07-09,90.08000183105469,90.08000183105469,85.94999694824219,88.6500015258789,15000.0
1984-07-10,347.71,347.71,347.71,347.71,0.0
1984-07-11,347.71,347.71,347.71,347.71,0.0
1984-07-12,347.71,347.71,347.71,347.71,0.0
1984-07-13,88.87999725341797,89.41999816894531,86.44000244140625,86.44000244140625,11000.0
1984-07-16,89.3499984741211,90.5,88.72000122070312,89.30999755859375,12000.0
1984-07-17,87.91999816894531,89.41999816894531,86.93000030517578,89.41999816894531,24600.0
1984-07-18,87.70999908447266,88.33999633789062,86.79000091552734,87.91999816894531,28700.0
1984-07-19,87.05000305175781,88.79000091552734,87.0,87.83000183105469,13400.0
1984-07-20,347.71,347.71,347.71,347.71,0.0
1984-07-23,80.05000305175781,82.7300033569336,79.04000091552734,82.7300033569336,12200.0
1984-07-24,347.71,347.71,347.71,347.71,0.0
1984-07-25,82.70999908447266,82.70999908447266,79.66999816894531,79.66999816894531,13100.0
1984-07-26,79.95999908447266,83.79000091552734,79.37000274658203,82.41999816894531,14300.0
1984-07-27,83.1500015258789,83.31999969482422,80.16999816894531,80.29000091552734,14400.0
1984-07-30,82.3499984741211,83.31999969482422,80.72000122070312,82.91999816894531,15300.0
1984-07-31,81.83999633789062,83.55000305175781,81.41000366210938,82.3499984741211,15600.0
1984-08-01,86.05999755859375,86.05999755859375,81.55000305175781,81.5999984741211,20400.0
1984-08-02,347.7,347.7,347.7,347.7,0.0
1984-08-03,96.06999969482422,96.06999969482422,90.45999908447266,90.45999908447266,43200.0
1984-08-06,92.62000274658203,96.06999969482422,92.01000213623047,96.06999969482422,36000.0
1984-08-07,347.7,347.7,347.7,347.7,0.0
1984-08-08,90.70999908447266,91.81999969482422,90.31999969482422,90.66999816894531,15900.0
1984-08-09,347.7,347.7,347.7,347.7,0.0
1984-08-10,347.7,347.7,347.7,347.7,0.0
1984-08-13,93.58000183105469,94.0999984741211,91.4000015258789,92.36000061035156,14700.0
1984-08-14,347.7,347.7,347.7,347.7,0.0
1984-08-15,347.7,347.7,347.7,347.7,0.0
1984-08-16,347.7,347.7,347.7,347.7,0.0
1984-08-17,96.06999969482422,96.41999816894531,95.62000274658203,95.62000274658203,14300.0
1984-08-20,347.7,347.7,347.7,347.7,0.0
1984-08-21,347.7,347.7,347.7,347.7,0.0
1984-08-22,347.7,347.7,347.7,347.7,0.0
1984-08-23,347.7,347.7,347.7,347.7,0.0
1984-08-24,347.7,347.7,347.7,347.7,0.0
1984-08-27,347.7,347.7,347.7,347.7,0.0
1984-08-28,347.7,347.7,347.7,347.7,0.0
1984-08-29,347.7,347.7,347.7,347.7,0.0
1984-08-30,93.05999755859375,93.7699966430664,92.30999755859375,93.44000244140625,13900.0
1984-08-31,93.51000213623047,93.51000213623047,92.63999938964844,92.69000244140625,8100.0
1984-09-03,340.2,340.2,340.2,340.2,0.0
1984-09-04,90.0999984741211,93.45999908447266,89.7300033569336,93.45999908447266,13200.0
1984-09-05,90.56999969482422,91.13999938964844,89.69999694824219,89.91999816894531,11700.0
1984-09-06,340.2,340.2,340.2,340.2,0.0
1984-09-07,89.41999816894531,92.19000244140625,89.19000244140625,92.19000244140625,14600.0
1984-09-10,90.73999786376953,91.26000213623047,89.54000091552734,89.54000091552734,14200.0
1984-09-11,340.2,340.2,340.2,340.2,0.0
1984-09-12,91.20999908447266,91.48999786376953,90.79000091552734,90.86000061035156,12600.0
1984-09-13,340.2,340.2,340.2,340.2,0.0
1984-09-14,340.2,340.2,340.2,340.2,0.0
1984-09-17,340.2,340.2,340.2,340.2,0.0
1984-09-18,340.2,340.2,340.2,340.2,0.0
1984-09-19,340.2,340.2,340.2,340.2,0.0
1984-09-20,340.2,340.2,340.2,340.2,0.0
1984-09-21,98.61000061035156,99.41000366210938,94.26000213623047,94.26000213623047,19500.0
1984-09-24,340.2,340.2,340.2,340.2,0.0
1984-09-25,340.2,340.2,340.2,340.2,0.0
1984-09-26,96.27999877929688,98.37000274658203,95.44000244140625,96.37999725341797,14900.0
1984-09-27,340.2,340.2,340.2,340.2,0.0
1984-09-28,340.2,340.2,340.2,340.2,0.0
1984-10-01,96.68000030517578,97.55000305175781,96.37999725341797,97.38999938964844,14900.0
1984-10-02,98.20999908447266,99.36000061035156,96.87000274658203,96.88999938964844,11500.0
1984-10-03,98.04000091552734,99.70999908447266,97.69000244140625,98.41999816894531,16500.0
1984-10-04,341.0,341.0,341.0,341.0,0.0
1984-10-05,95.11000061035156,97.83000183105469,94.4000015258789,97.83000183105469,13300.0
1984-10-08,341.0,341.0,341.0,341.0,0.0
1984-10-09,92.01000213623047,94.66000366210938,91.87000274658203,94.66000366210938,12200.0
1984-10-10,341.0,341.0,341.0,341.0,0.0
1984-10-11,341.0,341.0,341.0,341.0,0.0
1984-10-12,341.0,341.0,341.0,341.0,0.0
1984-10-15,341.0,341.0,341.0,341.0,0.0
1984-10-16,341.0,341.0,341.0,341.0,0.0
1984-10-17,341.0,341.0,341.0,341.0,0.0
1984-10-18,96.20999908447266,96.20999908447266,93.25,93.25,8000.0
1984-10-19,94.87000274658203,96.48999786376953,93.88999938964844,96.48999786376953,25200.0
1984-10-22,341.0,341.0,341.0,341.0,0.0
1984-10-23,95.58000183105469,95.87999725341797,94.19000244140625,94.23999786376953,18400.0
1984-10-24,341.0,341.0,341.0,341.0,0.0
1984-10-25,341.0,341.0,341.0,341.0,0.0
1984-10-26,94.83000183105469,95.83999633789062,94.61000061035156,95.76000213623047,15000.0
1984-10-29,92.12000274658203,94.5,92.12000274658203,94.5,11100.0
1984-10-30,91.51000213623047,92.76000213623047,91.51000213623047,92.2699966430664,16700.0
1984-10-31,341.0,341.0,341.0,341.0,0.0
1984-11-01,92.62000274658203,92.63999938964844,90.36000061035156,90.36000061035156,14200.0
1984-11-02,342.0,342.0,342.0,342.0,0.0
1984-11-05,98.75,98.75,95.62000274658203,95.76000213623047,18000.0
1984-11-06,97.87999725341797,98.81999969482422,97.1500015258789,98.75,17100.0
1984-11-07,342.0,342.0,342.0,342.0,0.0
1984-11-08,342.0,342.0,342.0,342.0,0.0
1984-11-09,95.69000244140625,97.31999969482422,95.37000274658203,96.61000061035156,14700.0
1984-11-12,342.0,342.0,342.0,342.0,0.0
1984-11-13,95.87999725341797,97.63999938964844,95.87999725341797,95.91000366210938,17300.0
1984-11-14,342.0,342.0,342.0,342.0,0.0
1984-11-15,94.44999694824219,95.72000122070312,93.9800033569336,95.72000122070312,14500.0
1984-11-16,93.95999908447266,94.9000015258789,93.95999908447266,94.5199966430664,14600.0
1984-11-19,342.0,342.0,342.0,342.0,0.0
1984-11-20,342.0,342.0,342.0,342.0,0.0
1984-11-21,342.0,342.0,342.0,342.0,0.0
1984-11-22,342.0,342.0,342.0,342.0,0.0
1984-11-23,342.0,342.0,342.0,342.0,0.0
1984-11-26,88.73999786376953,93.25,88.69000244140625,93.25,15300.0
1984-11-27,342.0,342.0,342.0,342.0,0.0
1984-11-28,87.23999786376953,88.37000274658203,86.51000213623047,86.51000213623047,17700.0
1984-11-29,88.30000305175781,88.44000244140625,87.13999938964844,87.19000244140625,14500.0
1984-11-30,87.23999786376953,88.25,86.75,88.25,12600.0
1984-12-03,319.54,319.54,319.54,319.54,0.0
1984-12-04,319.54,319.54,319.54,319.54,0.0
1984-12-05,319.54,319.54,319.54,319.54,0.0
1984-12-06,84.20999908447266,85.29000091552734,84.11000061035156,84.88999938964844,14600.0
1984-12-07,319.54,319.54,319.54,319.54,0.0
1984-12-10,319.54,319.54,319.54,319.54,0.0
1984-12-11,319.54,319.54,319.54,319.54,0.0
1984-12-12,319.54,319.54,319.54,319.54,0.0
1984-12-13,319.54,319.54,319.54,319.54,0.0
1984-12-14,319.54,319.54,319.54,319.54,0.0
1984-12-17,72.41999816894531,75.4000015258789,71.87999725341797,75.4000015258789,13900.0
1984-12-18,75.62999725341797,75.62999725341797,71.80999755859375,72.12999725341797,25700.0
1984-12-19,319.54,319.54,319.54,319.54,0.0
1984-12-20,74.18000030517578,75.33000183105469,73.8499984741211,75.33000183105469,27000.0
1984-12-21,75.48999786376953,77.6500015258789,74.45999908447266,74.45999908447266,18200.0
1984-12-24,319.54,319.54,319.54,319.54,0.0
1984-12-25,319.54,319.54,319.54,319.54,0.0
1984-12-26,319.54,319.54,319.54,319.54,0.0
1984-12-27,319.54,319.54,319.54,319.54,0.0
1984-12-28,319.54,319.54,319.54,319.54,0.0
1984-12-31,319.54,319.54,319.54,319.54,0.0
1985-01-01,302.79,302.79,302.79,302.79,0.0
1985-01-02,73.8499984741211,75.94000244140625,73.54000091552734,75.94000244140625,16600.0
1985-01-03,73.12000274658203,73.98999786376953,72.81999969482422,73.8499984741211,25300.0
1985-01-04,71.8499984741211,73.91999816894531,71.4800033569336,73.06999969482422,25200.0
1985-01-07,72.9800033569336,73.77999877929688,70.44000244140625,71.87999725341797,19900.0
1985-01-08,71.9000015258789,73.63999938964844,71.56999969482422,73.22000122070312,16000.0
1985-01-09,302.79,302.79,302.79,302.79,0.0
1985-01-10,75.58999633789062,75.94000244140625,74.25,74.38999938964844,16000.0
1985-01-11,74.87999725341797,76.55000305175781,74.5999984741211,75.80000305175781,14500.0
1985-01-14,75.68000030517578,75.68000030517578,74.1500015258789,74.93000030517578,16900.0
1985-01-15,302.79,302.79,302.79,302.79,0.0
1985-01-16,302.79,302.79,302.79,302.79,0.0
1985-01-17,302.79,302.79,302.79,302.79,0.0
1985-01-18,77.91000366210938,78.2699966430664,77.16000366210938,77.88999938964844,13200.0
1985-01-21,79.11000061035156,79.18000030517578,77.95999908447266,77.95999908447266,23300.0
1985-01-22,302.79,302.79,302.79,302.79,0.0
1985-01-23,75.58999633789062,77.58000183105469,74.41000366210938,77.58000183105469,31200.0
1985-01-24,74.6500015258789,75.87000274658203,74.6500015258789,75.5199966430664,25800.0
1985-01-25,302.79,302.79,302.79,302.79,0.0
1985-01-28,302.79,302.79,302.79,302.79,0.0
1985-01-29,302.79,302.79,302.79,302.79,0.0
1985-01-30,80.37999725341797,80.5,77.7699966430664,77.7699966430664,27100.0
1985-01-31,302.79,302.79,302.79,302.79,0.0
1985-02-01,82.05000305175781,83.72000122070312,82.0199966430664,83.43000030517578,19100.0
1985-02-04,299.1,299.1,299.1,299.1,0.0
1985-02-05,80.9000015258789,81.30000305175781,80.33000183105469,80.33000183105469,23200.0
1985-02-06,82.7300033569336,83.5999984741211,81.04000091552734,81.04000091552734,24900.0
1985-02-07,81.9800033569336,83.4800033569336,81.72000122070312,82.68000030517578,26900.0
1985-02-08,81.4800033569336,81.80999755859375,80.68000030517578,81.69000244140625,31700.0
1985-02-11,84.20999908447266,84.41999816894531,79.9800033569336,81.31999969482422,25300.0
1985-02-12,299.1,299.1,299.1,299.1,0.0
1985-02-13,84.62999725341797,84.80000305175781,83.19999694824219,83.19999694824219,25900.0
1985-02-14,83.5,85.16999816894531,83.43000030517578,84.62999725341797,24200.0
1985-02-15,83.83000183105469,84.6500015258789,81.87999725341797,83.62000274658203,24200.0
1985-02-18,299.1,299.1,299.1,299.1,0.0
1985-02-19,83.55000305175781,84.08999633789062,82.58999633789062,83.83000183105469,22600.0
1985-02-20,83.12999725341797,83.76000213623047,82.88999938964844,83.66999816894531,24700.0
1985-02-21,79.5999984741211,83.55000305175781,79.11000061035156,83.55000305175781,25300.0
1985-02-22,77.4000015258789,79.5999984741211,77.08999633789062,79.5999984741211,17000.0
1985-02-25,72.37000274658203,77.2300033569336,71.63999938964844,77.2300033569336,16200.0
1985-02-26,299.1,299.1,299.1,299.1,0.0
1985-02-27,78.1500015258789,78.80999755859375,76.55000305175781,76.55000305175781,21700.0
1985-02-28,78.19999694824219,78.5,77.54000091552734,78.19999694824219,18400.0
1985-03-01,80.22000122070312,80.22000122070312,77.80000305175781,78.16999816894531,19800.0
1985-03-04,313.5,313.5,313.5,313.5,0.0
1985-03-05,313.5,313.5,313.5,313.5,0.0
1985-03-06,79.2300033569336,79.2300033569336,77.2300033569336,77.26000213623047,17600.0
1985-03-07,313.5,313.5,313.5,313.5,0.0
1985-03-08,77.55999755859375,79.05999755859375,77.51000213623047,78.2699966430664,16700.0
1985-03-11,78.30999755859375,78.55000305175781,77.75,77.81999969482422,13900.0
1985-03-12,78.91999816894531,79.48999786376953,77.58000183105469,77.9800033569336,18400.0
1985-03-13,313.5,313.5,313.5,313.5,0.0
1985-03-14,79.08999633789062,79.66999816894531,78.77999877929688,79.3499984741211,19300.0
1985-03-15,79.51000213623047,80.22000122070312,78.8499984741211,78.87999725341797,11800.0
1985-03-18,313.5,313.5,313.5,313.5,0.0
1985-03-19,313.5,313.5,313.5,313.5,0.0
1985-03-20,87.0,91.87000274658203,86.55999755859375,91.87000274658203,19600.0
1985-03-21,313.5,313.5,313.5,313.5,0.0
1985-03-22,313.5,313.5,313.5,313.5,0.0
1985-03-25,313.5,313.5,313.5,313.5,0.0
1985-03-26,313.5,313.5,313.5,313.5,0.0
1985-03-27,313.5,313.5,313.5,313.5,0.0
1985-03-28,313.5,313.5,313.5,313.5,0.0
1985-03-29,313.5,313.5,313.5,313.5,0.0
1985-04-01,89.8499984741211,93.18000030517578,89.4000015258789,93.18000030517578,17100.0
1985-04-02,326.8,326.8,326.8,326.8,0.0
1985-04-03,326.8,326.8,326.8,326.8,0.0
1985-04-04,90.2699966430664,91.18000030517578,89.79000091552734,90.48999786376953,18300.0
1985-04-05,326.8,326.8,326.8,326.8,0.0
1985-04-08,91.80000305175781,92.0999984741211,89.66000366210938,90.02999877929688,17500.0
1985-04-09,326.8,326.8,326.8,326.8,0.0
1985-04-10,93.11000061035156,93.72000122070312,92.4800033569336,92.4800033569336,20800.0
1985-04-11,94.56999969482422,95.19999694824219,93.18000030517578,93.2300033569336,18000.0
1985-04-12,93.79000091552734,94.44999694824219,93.41999816894531,94.36000061035156,15500.0
1985-04-15,326.8,326.8,326.8,326.8,0.0
1985-04-16,326.8,326.8,326.8,326.8,0.0
1985-04-17,326.8,326.8,326.8,326.8,0.0
1985-04-18,326.8,326.8,326.8,326.8,0.0
1985-04-19,92.97000122070312,93.0199966430664,92.30999755859375,92.83000183105469,16600.0
1985-04-22,92.05000305175781,92.80999755859375,91.91000366210938,92.7300033569336,16300.0
1985-04-23,90.87999725341797,92.08000183105469,90.16999816894531,92.08000183105469,22900.0
1985-04-24,90.08000183105469,90.56999969482422,89.13999938964844,90.56999969482422,16500.0
1985-04-25,89.5199966430664,89.91999816894531,89.12000274658203,89.5199966430664,23900.0
1985-04-26,89.55999755859375,89.58999633789062,88.69000244140625,89.58999633789062,20100.0
1985-04-29,89.19000244140625,89.68000030517578,89.0199966430664,89.33000183105469,23100.0
1985-04-30,86.48999786376953,89.33000183105469,86.31999969482422,89.33000183105469,18500.0
1985-05-01,85.76000213623047,86.51000213623047,85.36000061035156,86.3499984741211,18000.0
1985-05-02,316.0,316.0,316.0,316.0,0.0
1985-05-03,85.44999694824219,85.8499984741211,85.08000183105469,85.2699966430664,16800.0
1985-05-06,85.12000274658203,85.1500015258789,84.44000244140625,84.80000305175781,18900.0
1985-05-07,87.68000030517578,87.76000213623047,86.0199966430664,86.04000091552734,19500.0
1985-05-08,87.16999816894531,87.61000061035156,86.81999969482422,87.54000091552734,17700.0
1985-05-09,316.0,316.0,316.0,316.0,0.0
1985-05-10,88.30000305175781,88.66999816894531,87.61000061035156,87.91999816894531,16200.0
1985-05-13,90.87999725341797,90.87999725341797,88.44000244140625,88.44000244140625,13600.0
1985-05-14,316.0,316.0,316.0,316.0,0.0
1985-05-15,316.0,316.0,316.0,316.0,0.0
1985-05-16,316.0,316.0,316.0,316.0,0.0
1985-05-17,88.72000122070312,89.5199966430664,87.87000274658203,88.22000122070312,18800.0
1985-05-20,88.66999816894531,90.97000122070312,87.98999786376953,88.94999694824219,27900.0
1985-05-21,89.54000091552734,89.77999877929688,88.41000366210938,88.41000366210938,20600.0
1985-05-22,316.0,316.0,316.0,316.0,0.0
1985-05-23,88.19999694824219,88.6500015258789,87.66000366210938,88.44000244140625,15000.0
1985-05-24,316.0,316.0,316.0,316.0,0.0
1985-05-27,316.0,316.0,316.0,316.0,0.0
1985-05-28,84.58000183105469,87.36000061035156,84.3499984741211,87.36000061035156,13700.0
1985-05-29,85.87999725341797,86.11000061035156,84.27999877929688,84.58000183105469,11400.0
1985-05-30,316.0,316.0,316.0,316.0,0.0
1985-05-31,316.0,316.0,316.0,316.0,0.0
1985-06-03,316.5,316.5,316.5,316.5,0.0
1985-06-04,84.54000091552734,85.22000122070312,83.93000030517578,85.22000122070312,17700.0
1985-06-05,84.16000366210938,84.68000030517578,83.93000030517578,84.54000091552734,16000.0
1985-06-06,84.44000244140625,84.69999694824219,83.79000091552734,84.16000366210938,19100.0
1985-06-07,83.12999725341797,84.30000305175781,83.02999877929688,84.30000305175781,20000.0
1985-06-10,316.5,316.5,316.5,316.5,0.0
1985-06-11,316.5,316.5,316.5,316.5,0.0
1985-06-12,316.5,316.5,316.5,316.5,0.0
1985-06-13,316.5,316.5,316.5,316.5,0.0
1985-06-14,316.5,316.5,316.5,316.5,0.0
1985-06-17,316.5,316.5,316.5,316.5,0.0
1985-06-18,316.5,316.5,316.5,316.5,0.0
1985-06-19,85.29000091552734,86.5999984741211,85.0999984741211,86.5999984741211,14200.0
1985-06-20,83.18000030517578,85.02999877929688,82.63999938964844,85.02999877929688,15400.0
1985-06-21,316.5,316.5,316.5,316.5,0.0
1985-06-24,316.5,316.5,316.5,316.5,0.0
1985-06-25,84.52999877929688,85.13999938964844,83.7300033569336,84.2699966430664,18400.0
1985-06-26,83.70999908447266,84.86000061035156,83.70999908447266,84.58000183105469,20100.0
1985-06-27,83.08000183105469,83.70999908447266,82.91999816894531,83.58000183105469,17300.0
1985-06-28,83.58000183105469,83.86000061035156,82.7300033569336,83.08000183105469,17200.0
1985-07-01,81.05999755859375,83.2300033569336,80.20999908447266,83.02999877929688,15300.0
1985-07-02,317.2,317.2,317.2,317.2,0.0
1985-07-03,80.47000122070312,81.41999816894531,80.02999877929688,80.20999908447266,15300.0
1985-07-04,317.2,317.2,317.2,317.2,0.0
1985-07-05,81.0999984741211,81.5999984741211,80.19000244140625,80.33999633789062,7700.0
1985-07-08,83.91999816894531,83.91999816894531,80.75,81.52999877929688,15500.0
1985-07-09,83.75,84.29000091552734,83.25,84.05000305175781,16300.0
1985-07-10,83.9000015258789,84.63999938964844,83.75,83.75,19300.0
1985-07-11,82.75,83.63999938964844,82.75,83.63999938964844,15000.0
1985-07-12,83.98999786376953,84.0999984741211,82.75,82.75,17400.0
1985-07-15,317.2,317.2,317.2,317.2,0.0
1985-07-16,86.29000091552734,86.30000305175781,84.58000183105469,84.66000366210938,18800.0
1985-07-17,88.25,89.06999969482422,86.33999633789062,86.4000015258789,22800.0
1985-07-18,87.47000122070312,88.13999938964844,87.13999938964844,88.05000305175781,16500.0
1985-07-19,317.2,317.2,317.2,317.2,0.0
1985-07-22,89.5999984741211,89.7300033569336,86.91999816894531,87.75,21100.0
1985-07-23,317.2,317.2,317.2,317.2,0.0
1985-07-24,87.75,87.80999755859375,86.91999816894531,87.48999786376953,19400.0
1985-07-25,89.44000244140625,89.44000244140625,87.29000091552734,87.75,15000.0
1985-07-26,91.91000366210938,92.54000091552734,88.7300033569336,89.25,20500.0
1985-07-29,92.7699966430664,94.75,91.9000015258789,91.9000015258789,17800.0
1985-07-30,91.88999938964844,93.12000274658203,91.6500015258789,92.7699966430664,17800.0
1985-07-31,92.75,93.45999908447266,92.26000213623047,92.26000213623047,20800.0
1985-08-01,90.7699966430664,92.75,90.4000015258789,92.75,21900.0
1985-08-02,90.94999694824219,91.5199966430664,90.55999755859375,90.7699966430664,14300.0
1985-08-05,330.4,330.4,330.4,330.4,0.0
1985-08-06,330.4,330.4,330.4,330.4,0.0
1985-08-07,330.4,330.4,330.4,330.4,0.0
1985-08-08,89.08000183105469,89.58999633789062,88.80000305175781,89.30999755859375,18500.0
1985-08-09,330.4,330.4,330.4,330.4,0.0
1985-08-12,330.4,330.4,330.4,330.4,0.0
1985-08-13,330.4,330.4,330.4,330.4,0.0
1985-08-14,330.4,330.4,330.4,330.4,0.0
1985-08-15,330.4,330.4,330.4,330.4,0.0
1985-08-16,330.4,330.4,330.4,330.4,0.0
1985-08-19,95.55000305175781,97.04000091552734,94.86000061035156,94.86000061035156,13700.0
1985-08-20,330.4,330.4,330.4,330.4,0.0
1985-08-21,95.63999938964844,95.77999877929688,93.79000091552734,94.4000015258789,12600.0
1985-08-22,93.83999633789062,95.81999969482422,93.36000061035156,95.63999938964844,13100.0
1985-08-23,330.4,330.4,330.4,330.4,0.0
1985-08-26,330.4,330.4,330.4,330.4,0.0
1985-08-27,93.29000091552734,93.66999816894531,92.54000091552734,93.5199966430664,13000.0
1985-08-28,330.4,330.4,330.4,330.4,0.0
1985-08-29,330.4,330.4,330.4,330.4,0.0
1985-08-30,330.4,330.4,330.4,330.4,0.0
1985-09-02,323.35,323.35,323.35,323.35,0.0
1985-09-03,323.35,323.35,323.35,323.35,0.0
1985-09-04,323.35,323.35,323.35,323.35,0.0
1985-09-05,323.35,323.35,323.35,323.35,0.0
1985-09-06,86.62999725341797,86.6500015258789,85.47000122070312,86.62999725341797,14500.0
1985-09-09,323.35,323.35,323.35,323.35,0.0
1985-09-10,323.35,323.35,323.35,323.35,0.0
1985-09-11,323.35,323.35,323.35,323.35,0.0
1985-09-12,85.16000366210938,86.27999877929688,84.87000274658203,86.13999938964844,12600.0
1985-09-13,323.35,323.35,323.35,323.35,0.0
1985-09-16,85.19000244140625,85.52999877929688,84.70999908447266,85.30999755859375,13600.0
1985-09-17,83.83000183105469,85.19000244140625,82.87000274658203,85.19000244140625,19200.0
1985-09-18,323.35,323.35,323.35,323.35,0.0
1985-09-19,84.51000213623047,84.7699966430664,83.36000061035156,83.44999694824219,13700.0
1985-09-20,323.35,323.35,323.35,323.35,0.0
1985-09-23,87.5199966430664,88.29000091552734,83.47000122070312,83.47000122070312,17200.0
1985-09-24,87.4000015258789,88.6500015258789,86.80999755859375,87.5199966430664,13800.0
1985-09-25,86.87000274658203,86.9800033569336,86.16999816894531,86.20999908447266,13100.0
1985-09-26,323.35,323.35,323.35,323.35,0.0
1985-09-27,323.35,323.35,323.35,323.35,0.0
1985-09-30,83.69999694824219,85.47000122070312,83.2300033569336,85.30000305175781,16600.0
1985-10-01,84.93000030517578,84.93000030517578,83.66999816894531,83.69000244140625,12800.0
1985-10-02,84.69000244140625,85.62999725341797,84.16000366210938,84.93000030517578,16000.0
1985-10-03,89.55000305175781,89.97000122070312,84.69000244140625,84.69000244140625,15500.0
1985-10-04,88.19000244140625,89.7699966430664,87.97000122070312,89.55000305175781,11700.0
1985-10-07,325.85,325.85,325.85,325.85,0.0
1985-10-08,87.18000030517578,88.08999633789062,87.08999633789062,88.01000213623047,9500.0
1985-10-09,325.85,325.85,325.85,325.85,0.0
1985-10-10,86.80999755859375,87.04000091552734,86.27999877929688,86.9800033569336,13800.0
1985-10-11,325.85,325.85,325.85,325.85,0.0
1985-10-14,87.13999938964844,87.47000122070312,86.72000122070312,87.11000061035156,10600.0
1985-10-15,325.85,325.85,325.85,325.85,0.0
1985-10-16,85.20999908447266,87.05000305175781,85.19000244140625,87.05000305175781,20800.0
1985-10-17,86.22000122070312,86.5,85.81999969482422,85.98999786376953,22200.0
1985-10-18,84.38999938964844,86.41999816894531,84.12999725341797,86.22000122070312,19100.0
1985-10-21,83.41000366210938,84.68000030517578,82.8499984741211,84.38999938964844,17500.0
1985-10-22,83.63999938964844,84.19000244140625,83.08000183105469,83.41000366210938,22400.0
1985-10-23,325.85,325.85,325.85,325.85,0.0
1985-10-24,82.54000091552734,83.33000183105469,82.3499984741211,83.33000183105469,19600.0
1985-10-25,84.04000091552734,84.04000091552734,82.52999877929688,82.54000091552734,20400.0
1985-10-28,82.95999908447266,84.04000091552734,82.77999877929688,84.04000091552734,31800.0
1985-10-29,83.66000366210938,84.19000244140625,82.91000366210938,82.95999908447266,18600.0
1985-10-30,325.85,325.85,325.85,325.85,0.0
1985-10-31,81.9800033569336,83.01000213623047,81.33000183105469,83.01000213623047,19700.0
1985-11-01,82.88999938964844,82.98999786376953,81.16999816894531,81.9800033569336,15200.0
1985-11-04,80.1500015258789,82.88999938964844,80.0199966430664,82.88999938964844,18900.0
1985-11-05,80.4800033569336,80.54000091552734,79.98999786376953,80.1500015258789,16100.0
1985-11-06,81.08999633789062,81.08999633789062,80.19999694824219,80.4800033569336,27700.0
1985-11-07,80.04000091552734,81.08999633789062,79.80999755859375,81.08999633789062,15100.0
1985-11-08,80.72000122070312,80.87000274658203,79.7699966430664,80.04000091552734,24200.0
1985-11-11,81.16000366210938,81.16000366210938,79.19999694824219,80.72000122070312,23600.0
1985-11-12,321.5,321.5,321.5,321.5,0.0
1985-11-13,321.5,321.5,321.5,321.5,0.0
1985-11-14,321.5,321.5,321.5,321.5,0.0
1985-11-15,321.5,321.5,321.5,321.5,0.0
1985-11-18,84.19000244140625,84.4000015258789,83.12000274658203,84.31999969482422,22300.0
1985-11-19,321.5,321.5,321.5,321.5,0.0
1985-11-20,86.19000244140625,86.44999694824219,84.61000061035156,84.61000061035156,18500.0
1985-11-21,321.5,321.5,321.5,321.5,0.0
1985-11-22,87.2300033569336,87.88999938964844,86.2300033569336,86.70999908447266,29400.0
1985-11-25,90.16999816894531,90.23999786376953,87.2300033569336,87.2300033569336,24000.0
1985-11-26,88.55999755859375,90.16999816894531,88.37000274658203,90.16999816894531,18900.0
1985-11-27,85.93000030517578,88.62000274658203,85.6500015258789,88.55999755859375,21800.0
1985-11-28,321.5,321.5,321.5,321.5,0.0
1985-11-29,84.69999694824219,86.19999694824219,84.33999633789062,85.9000015258789,12000.0
1985-12-02,321.9,321.9,321.9,321.9,0.0
1985-12-03,321.9,321.9,321.9,321.9,0.0
1985-12-04,321.9,321.9,321.9,321.9,0.0
1985-12-05,321.9,321.9,321.9,321.9,0.0
1985-12-06,85.05999755859375,85.05999755859375,84.11000061035156,84.80999755859375,22500.0
1985-12-09,81.55000305175781,85.05999755859375,81.37000274658203,85.05999755859375,23600.0
1985-12-10,81.08999633789062,81.7300033569336,80.4800033569336,81.55000305175781,22600.0
1985-12-11,321.9,321.9,321.9,321.9,0.0
1985-12-12,80.08000183105469,80.83999633789062,79.7300033569336,80.1500015258789,28100.0
1985-12-13,321.9,321.9,321.9,321.9,0.0
1985-12-16,81.48999786376953,82.33000183105469,79.73999786376953,80.94999694824219,29600.0
1985-12-17,321.9,321.9,321.9,321.9,0.0
1985-12-18,321.9,321.9,321.9,321.9,0.0
1985-12-19,321.9,321.9,321.9,321.9,0.0
1985-12-20,321.9,321.9,321.9,321.9,0.0
1985-12-23,321.9,321.9,321.9,321.9,0.0
1985-12-24,321.9,321.9,321.9,321.9,0.0
1985-12-25,321.9,321.9,321.9,321.9,0.0
1985-12-26,80.94000244140625,81.16999816894531,80.3499984741211,80.61000061035156,11300.0
1985-12-27,321.9,321.9,321.9,321.9,0.0
1985-12-30,321.9,321.9,321.9,321.9,0.0
1985-12-31,321.9,321.9,321.9,321.9,0.0
1986-01-01,347.48,347.48,347.48,347.48,0.0
1986-01-02,347.48,347.48,347.48,347.48,0.0
1986-01-03,347.48,347.48,347.48,347.48,0.0
1986-01-06,347.48,347.48,347.48,347.48,0.0
1986-01-07,347.48,347.48,347.48,347.48,0.0
1986-01-08,85.0199966430664,86.44999694824219,84.12999725341797,84.13999938964844,29700.0
1986-01-09,88.08999633789062,88.73999786376953,84.33999633789062,85.0199966430664,27100.0
1986-01-10,89.08000183105469,90.11000061035156,87.91000366210938,88.08999633789062,15600.0
1986-01-13,88.79000091552734,89.19000244140625,88.08999633789062,89.08000183105469,14700.0
1986-01-14,347.48,347.48,347.48,347.48,0.0
1986-01-15,347.48,347.48,347.48,347.48,0.0
1986-01-16,94.66000366210938,97.61000061035156,93.47000122070312,93.47000122070312,21300.0
1986-01-17,93.13999938964844,94.66000366210938,92.55000305175781,94.66000366210938,23700.0
1986-01-20,347.48,347.48,347.48,347.48,0.0
1986-01-21,91.63999938964844,93.37000274658203,91.08999633789062,92.12000274658203,33400.0
1986-01-22,347.48,347.48,347.48,347.48,0.0
1986-01-23,89.80999755859375,90.22000122070312,89.13999938964844,90.19999694824219,23100.0
1986-01-24,92.11000061035156,92.12000274658203,89.80999755859375,89.80999755859375,32400.0
1986-01-27,91.61000061035156,93.13999938964844,90.93000030517578,92.11000061035156,39500.0
1986-01-28,90.79000091552734,91.80000305175781,90.38999938964844,91.61000061035156,25900.0
1986-01-29,90.37999725341797,91.4000015258789,90.37999725341797,90.79000091552734,28700.0
1986-01-30,90.43000030517578,92.38999938964844,90.20999908447266,90.37999725341797,27300.0
1986-01-31,347.48,347.48,347.48,347.48,0.0
1986-02-03,86.20999908447266,89.3499984741211,85.75,89.3499984741211,26000.0
1986-02-04,82.38999938964844,86.20999908447266,81.47000122070312,86.20999908447266,36300.0
1986-02-05,83.51000213623047,83.69000244140625,82.38999938964844,82.38999938964844,24100.0
1986-02-06,84.18000030517578,84.18000030517578,83.37999725341797,83.51000213623047,22900.0
1986-02-07,84.06999969482422,84.4800033569336,83.22000122070312,84.18000030517578,26100.0
1986-02-10,83.83999633789062,84.58000183105469,83.08999633789062,84.06999969482422,24700.0
1986-02-11,83.44000244140625,83.83999633789062,82.3499984741211,83.83999633789062,30400.0
1986-02-12,82.72000122070312,83.47000122070312,82.52999877929688,83.44000244140625,20700.0
1986-02-13,338.89,338.89,338.89,338.89,0.0
1986-02-14,338.89,338.89,338.89,338.89,0.0
1986-02-17,338.89,338.89,338.89,338.89,0.0
1986-02-18,81.83999633789062,82.16999816894531,81.25,81.3499984741211,29600.0
1986-02-19,338.89,338.89,338.89,338.89,0.0
1986-02-20,82.22000122070312,82.66000366210938,81.55000305175781,82.20999908447266,22800.0
1986-02-21,80.76000213623047,82.22000122070312,80.19000244140625,82.22000122070312,28400.0
1986-02-24,83.69999694824219,83.69999694824219,80.76000213623047,80.76000213623047,34900.0
1986-02-25,84.37999725341797,85.8499984741211,83.69999694824219,83.69999694824219,30700.0
1986-02-26,338.89,338.89,338.89,338.89,0.0
1986-02-27,81.16999816894531,81.91000366210938,80.68000030517578,81.91000366210938,29300.0
1986-02-28,338.89,338.89,338.89,338.89,0.0
1986-03-03,345.7,345.7,345.7,345.7,0.0
1986-03-04,345.7,345.7,345.7,345.7,0.0
1986-03-05,81.06999969482422,81.80999755859375,79.70999908447266,81.80999755859375,36100.0
1986-03-06,345.7,345.7,345.7,345.7,0.0
1986-03-07,345.7,345.7,345.7,345.7,0.0
1986-03-10,345.7,345.7,345.7,345.7,0.0
1986-03-11,345.7,345.7,345.7,345.7,0.0
1986-03-12,345.7,345.7,345.7,345.7,0.0
1986-03-13,345.7,345.7,345.7,345.7,0.0
1986-03-14,345.7,345.7,345.7,345.7,0.0
1986-03-17,345.7,345.7,345.7,345.7,0.0
1986-03-18,80.9000015258789,81.91000366210938,80.66000366210938,81.55999755859375,26600.0
1986-03-19,345.7,345.7,345.7,345.7,0.0
1986-03-20,81.0199966430664,81.41000366210938,80.4800033569336,80.94000244140625,28600.0
1986-03-21,345.7,345.7,345.7,345.7,0.0
1986-03-24,345.7,345.7,345.7,345.7,0.0
1986-03-25,79.68000030517578,81.91999816894531,78.70999908447266,80.52999877929688,30600.0
1986-03-26,345.7,345.7,345.7,345.7,0.0
1986-03-27,345.7,345.7,345.7,345.7,0.0
1986-03-28,345.7,345.7,345.7,345.7,0.0
1986-03-31,74.16999816894531,78.0199966430664,73.77999877929688,78.0199966430664,24000.0
1986-04-01,72.7300033569336,74.4000015258789,71.62999725341797,74.16999816894531,29000.0
1986-04-02,73.27999877929688,73.55000305175781,72.68000030517578,72.7300033569336,31400.0
1986-04-03,72.94999694824219,73.81999969482422,71.55000305175781,73.27999877929688,24500.0
1986-04-04,73.61000061035156,73.94999694824219,72.83999633789062,72.94999694824219,29100.0
1986-04-07,340.44,340.44,340.44,340.44,0.0
1986-04-08,340.44,340.44,340.44,340.44,0.0
1986-04-09,340.44,340.44,340.44,340.44,0.0
1986-04-10,340.44,340.44,340.44,340.44,0.0
1986-04-11,74.19000244140625,74.19000244140625,72.23999786376953,72.23999786376953,20100.0
1986-04-14,72.3499984741211,74.19000244140625,72.11000061035156,74.19000244140625,17800.0
1986-04-15,73.55000305175781,73.7699966430664,72.3499984741211,72.3499984741211,27200.0
1986-04-16,71.8499984741211,73.55000305175781,71.66000366210938,73.55000305175781,25800.0
1986-04-17,71.69999694824219,72.29000091552734,71.05999755859375,71.8499984741211,27300.0
1986-04-18,72.05999755859375,73.20999908447266,71.62000274658203,71.69999694824219,35400.0
1986-04-21,71.30000305175781,72.13999938964844,70.69999694824219,72.05999755859375,32800.0
1986-04-22,340.44,340.44,340.44,340.44,0.0
1986-04-23,71.12999725341797,71.37000274658203,70.5199966430664,70.87000274658203,28400.0
1986-04-24,340.44,340.44,340.44,340.44,0.0
1986-04-25,340.44,340.44,340.44,340.44,0.0
1986-04-28,340.44,340.44,340.44,340.44,0.0
1986-04-29,340.44,340.44,340.44,340.44,0.0
1986-04-30,340.44,340.44,340.44,340.44,0.0
1986-05-01,342.4,342.4,342.4,342.4,0.0
1986-05-02,342.4,342.4,342.4,342.4,0.0
1986-05-05,64.8499984741211,66.69999694824219,64.77999877929688,66.51000213623047,21100.0
1986-05-06,342.4,342.4,342.4,342.4,0.0
1986-05-07,342.4,342.4,342.4,342.4,0.0
1986-05-08,66.3499984741211,66.45999908447266,65.4800033569336,65.73999786376953,29800.0
1986-05-09,342.4,342.4,342.4,342.4,0.0
1986-05-12,342.4,342.4,342.4,342.4,0.0
1986-05-13,66.16000366210938,66.62000274658203,65.7699966430664,66.47000122070312,20900.0
1986-05-14,66.01000213623047,66.19000244140625,65.58000183105469,66.16000366210938,23300.0
1986-05-15,342.4,342.4,342.4,342.4,0.0
1986-05-16,342.4,342.4,342.4,342.4,0.0
1986-05-19,64.02999877929688,64.20999908447266,63.43000030517578,64.20999908447266,17100.0
1986-05-20,64.0199966430664,64.30000305175781,63.380001068115234,64.02999877929688,25900.0
1986-05-21,342.4,342.4,342.4,342.4,0.0
1986-05-22,342.4,342.4,342.4,342.4,0.0
1986-05-23,342.4,342.4,342.4,342.4,0.0
1986-05-26,342.4,342.4,342.4,342.4,0.0
1986-05-27,342.4,342.4,342.4,342.4,0.0
1986-05-28,65.88999938964844,66.55999755859375,65.87999725341797,66.22000122070312,29300.0
1986-05-29,342.4,342.4,342.4,342.4,0.0
1986-05-30,67.8499984741211,67.8499984741211,66.5199966430664,66.62999725341797,32200.0
1986-06-02,66.83999633789062,67.8499984741211,66.58999633789062,67.8499984741211,22900.0
1986-06-03,342.7,342.7,342.7,342.7,0.0
1986-06-04,66.37000274658203,67.3499984741211,65.55000305175781,67.3499984741211,18700.0
1986-06-05,67.08000183105469,67.08000183105469,65.93000030517578,66.37000274658203,23600.0
1986-06-06,67.44999694824219,67.62000274658203,66.58000183105469,67.08000183105469,22900.0
1986-06-09,70.41999816894531,70.44999694824219,66.80999755859375,67.44999694824219,27900.0
1986-06-10,69.7300033569336,70.44999694824219,69.2699966430664,70.41999816894531,20300.0
1986-06-11,69.62000274658203,70.0999984741211,68.91999816894531,69.7300033569336,18500.0
1986-06-12,342.7,342.7,342.7,342.7,0.0
1986-06-13,342.7,342.7,342.7,342.7,0.0
1986-06-16,342.7,342.7,342.7,342.7,0.0
1986-06-17,64.55999755859375,66.5199966430664,64.55999755859375,66.19999694824219,22200.0
1986-06-18,342.7,342.7,342.7,342.7,0.0
1986-06-19,342.7,342.7,342.7,342.7,0.0
1986-06-20,65.29000091552734,65.36000061035156,63.93000030517578,64.23999786376953,17800.0
1986-06-23,342.7,342.7,342.7,342.7,0.0
1986-06-24,342.7,342.7,342.7,342.7,0.0
1986-06-25,342.7,342.7,342.7,342.7,0.0
1986-06-26,62.709999084472656,64.27999877929688,62.709999084472656,64.20999908447266,23200.0
1986-06-27,62.45000076293945,62.709999084472656,61.63999938964844,62.709999084472656,27000.0
1986-06-30,62.43000030517578,62.7599983215332,61.900001525878906,62.45000076293945,26700.0
1986-07-01,61.650001525878906,62.5,61.540000915527344,62.43000030517578,27300.0
1986-07-02,60.689998626708984,61.650001525878906,60.689998626708984,61.650001525878906,33000.0
1986-07-03,348.34,348.34,348.34,348.34,0.0
1986-07-04,348.34,348.34,348.34,348.34,0.0
1986-07-07,348.34,348.34,348.34,348.34,0.0
1986-07-08,62.65999984741211,62.65999984741211,59.93000030517578,59.959999084472656,25200.0
1986-07-09,62.220001220703125,62.72999954223633,61.63999938964844,62.65999984741211,25100.0
1986-07-10,62.09000015258789,62.220001220703125,60.97999954223633,62.220001220703125,24200.0
1986-07-11,61.91999816894531,62.09000015258789,61.18000030517578,62.09000015258789,20900.0
1986-07-14,60.869998931884766,61.91999816894531,60.209999084472656,61.91999816894531,28600.0
1986-07-15,60.810001373291016,61.95000076293945,60.41999816894531,60.869998931884766,25700.0
1986-07-16,60.97999954223633,61.279998779296875,60.38999938964844,60.810001373291016,25200.0
1986-07-17,348.34,348.34,348.34,348.34,0.0
1986-07-18,348.34,348.34,348.34,348.34,0.0
1986-07-21,348.34,348.34,348.34,348.34,0.0
1986-07-22,348.34,348.34,348.34,348.34,0.0
1986-07-23,348.34,348.34,348.34,348.34,0.0
1986-07-24,348.34,348.34,348.34,348.34,0.0
1986-07-25,59.130001068115234,60.130001068115234,58.720001220703125,60.04999923706055,27500.0
1986-07-28,348.34,348.34,348.34,348.34,0.0
1986-07-29,348.34,348.34,348.34,348.34,0.0
1986-07-30,348.34,348.34,348.34,348.34,0.0
1986-07-31,348.34,348.34,348.34,348.34,0.0
1986-08-01,376.66,376.66,376.66,376.66,0.0
1986-08-04,376.66,376.66,376.66,376.66,0.0
1986-08-05,376.66,376.66,376.66,376.66,0.0
1986-08-06,66.23999786376953,67.06999969482422,65.81999969482422,66.19999694824219,21800.0
1986-08-07,376.66,376.66,376.66,376.66,0.0
1986-08-08,376.66,376.66,376.66,376.66,0.0
1986-08-11,75.20999908447266,76.38999938964844,74.0,74.0199966430664,24100.0
1986-08-12,376.66,376.66,376.66,376.66,0.0
1986-08-13,376.66,376.66,376.66,376.66,0.0
1986-08-14,71.79000091552734,72.0,71.26000213623047,71.91999816894531,26000.0
1986-08-15,376.66,376.66,376.66,376.66,0.0
1986-08-18,67.55000305175781,69.54000091552734,67.05999755859375,69.54000091552734,25800.0
1986-08-19,376.66,376.66,376.66,376.66,0.0
1986-08-20,376.66,376.66,376.66,376.66,0.0
1986-08-21,71.12000274658203,71.55999755859375,69.98999786376953,70.58000183105469,25000.0
1986-08-22,376.66,376.66,376.66,376.66,0.0
1986-08-25,376.66,376.66,376.66,376.66,0.0
1986-08-26,70.3499984741211,70.87999725341797,69.16000366210938,70.02999877929688,27000.0
1986-08-27,376.66,376.66,376.66,376.66,0.0
1986-08-28,72.48999786376953,72.80999755859375,71.77999877929688,71.77999877929688,20100.0
1986-08-29,72.6500015258789,73.12999725341797,72.06999969482422,72.83999633789062,18100.0
1986-09-01,417.73,417.73,417.73,417.73,0.0
1986-09-02,77.69000244140625,77.69000244140625,73.30999755859375,73.30999755859375,20700.0
1986-09-03,417.73,417.73,417.73,417.73,0.0
1986-09-04,417.73,417.73,417.73,417.73,0.0
1986-09-05,417.73,417.73,417.73,417.73,0.0
1986-09-08,417.73,417.73,417.73,417.73,0.0
1986-09-09,417.73,417.73,417.73,417.73,0.0
1986-09-10,79.88999938964844,82.13999938964844,79.5999984741211,80.55999755859375,23300.0
1986-09-11,78.48999786376953,79.66999816894531,77.37999725341797,79.56999969482422,25800.0
1986-09-12,417.73,417.73,417.73,417.73,0.0
1986-09-15,417.73,417.73,417.73,417.73,0.0
1986-09-16,417.73,417.73,417.73,417.73,0.0
1986-09-17,417.73,417.73,417.73,417.73,0.0
1986-09-18,417.73,417.73,417.73,417.73,0.0
1986-09-19,417.73,417.73,417.73,417.73,0.0
1986-09-22,86.30000305175781,87.08999633789062,85.75,86.69000244140625,30000.0
1986-09-23,83.2699966430664,85.38999938964844,82.66999816894531,85.38999938964844,26700.0
1986-09-24,82.45999908447266,83.83999633789062,82.45999908447266,83.48999786376953,28300.0
1986-09-25,417.73,417.73,417.73,417.73,0.0
1986-09-26,417.73,417.73,417.73,417.73,0.0
1986-09-29,77.7300033569336,79.52999877929688,76.9000015258789,78.88999938964844,17200.0
1986-09-30,77.54000091552734,78.26000213623047,77.05999755859375,77.77999877929688,16000.0
1986-10-01,77.36000061035156,78.02999877929688,76.91000366210938,77.83999633789062,24600.0
1986-10-02,423.51,423.51,423.51,423.51,0.0
1986-10-03,81.83999633789062,83.23999786376953,81.08000183105469,83.01000213623047,22900.0
1986-10-06,83.9800033569336,84.22000122070312,82.33000183105469,82.44000244140625,22700.0
1986-10-07,423.51,423.51,423.51,423.51,0.0
1986-10-08,84.37999725341797,84.54000091552734,83.66999816894531,84.45999908447266,28500.0
1986-10-09,423.51,423.51,423.51,423.51,0.0
1986-10-10,81.19000244140625,82.0199966430664,81.01000213623047,81.68000030517578,20800.0
1986-10-13,423.51,423.51,423.51,423.51,0.0
1986-10-14,423.51,423.51,423.51,423.51,0.0
1986-10-15,423.51,423.51,423.51,423.51,0.0
1986-10-16,423.51,423.51,423.51,423.51,0.0
1986-10-17,423.51,423.51,423.51,423.51,0.0
1986-10-20,423.51,423.51,423.51,423.51,0.0
1986-10-21,78.94999694824219,79.66000366210938,78.45999908447266,79.41000366210938,19300.0
1986-10-22,79.30000305175781,79.77999877929688,78.61000061035156,79.4000015258789,20500.0
1986-10-23,77.45999908447266,79.30999755859375,77.37999725341797,79.30999755859375,23700.0
1986-10-24,76.33999633789062,77.33999633789062,76.13999938964844,77.11000061035156,21200.0
1986-10-27,77.12000274658203,77.45999908447266,76.58999633789062,76.88999938964844,24700.0
1986-10-28,77.80999755859375,78.20999908447266,77.05000305175781,77.08999633789062,25000.0
1986-10-29,77.08000183105469,77.08000183105469,76.0999984741211,76.87000274658203,27600.0
1986-10-30,423.51,423.51,423.51,423.51,0.0
1986-10-31,423.51,423.51,423.51,423.51,0.0
1986-11-03,397.56,397.56,397.56,397.56,0.0
1986-11-04,397.56,397.56,397.56,397.56,0.0
1986-11-05,79.5199966430664,79.87999725341797,79.05000305175781,79.76000213623047,29000.0
1986-11-06,79.93000030517578,80.22000122070312,79.06999969482422,79.22000122070312,27000.0
1986-11-07,397.56,397.56,397.56,397.56,0.0
1986-11-10,80.68000030517578,81.75,80.37000274658203,80.62000274658203,21500.0
1986-11-11,397.56,397.56,397.56,397.56,0.0
1986-11-12,397.56,397.56,397.56,397.56,0.0
1986-11-13,80.55999755859375,81.1500015258789,80.29000091552734,81.06999969482422,30600.0
1986-11-14,79.08000183105469,81.16000366210938,78.7300033569336,80.69999694824219,32800.0
1986-11-17,76.36000061035156,78.05999755859375,76.33999633789062,77.94000244140625,21600.0
1986-11-18,75.62999725341797,77.5,75.61000061035156,76.5199966430664,28300.0
1986-11-19,74.76000213623047,76.37000274658203,74.27999877929688,75.52999877929688,26700.0
1986-11-20,76.06999969482422,76.06999969482422,74.66000366210938,74.72000122070312,18600.0
1986-11-21,74.62999725341797,76.18000030517578,74.06999969482422,76.08999633789062,33900.0
1986-11-24,397.56,397.56,397.56,397.56,0.0
1986-11-25,76.13999938964844,76.27999877929688,74.52999877929688,74.58000183105469,35500.0
1986-11-26,397.56,397.56,397.56,397.56,0.0
1986-11-27,397.56,397.56,397.56,397.56,0.0
1986-11-28,397.56,397.56,397.56,397.56,0.0
1986-12-01,80.27999877929688,81.44000244140625,79.30999755859375,80.61000061035156,29900.0
1986-12-02,390.92,390.92,390.92,390.92,0.0
1986-12-03,78.70999908447266,79.12999725341797,77.45999908447266,77.68000030517578,34400.0
1986-12-04,77.97000122070312,78.30000305175781,77.08000183105469,78.30000305175781,26500.0
1986-12-05,390.92,390.92,390.92,390.92,0.0
1986-12-08,77.68000030517578,78.23999786376953,77.0,77.9000015258789,27300.0
1986-12-09,76.13999938964844,77.76000213623047,75.87000274658203,77.69999694824219,21500.0
1986-12-10,76.69999694824219,77.66999816894531,76.27999877929688,76.30999755859375,26300.0
1986-12-11,390.92,390.92,390.92,390.92,0.0
1986-12-12,390.92,390.92,390.92,390.92,0.0
1986-12-15,76.91999816894531,77.05999755859375,76.27999877929688,76.45999908447266,29600.0
1986-12-16,76.88999938964844,77.18000030517578,76.13999938964844,77.04000091552734,23300.0
1986-12-17,75.77999877929688,76.91999816894531,75.51000213623047,76.91999816894531,27300.0
1986-12-18,390.92,390.92,390.92,390.92,0.0
1986-12-19,390.92,390.92,390.92,390.92,0.0
1986-12-22,76.19999694824219,77.23999786376953,75.68000030517578,76.5,33900.0
1986-12-23,390.92,390.92,390.92,390.92,0.0
1986-12-24,73.95999908447266,74.91000366210938,73.95999908447266,74.51000213623047,20900.0
1986-12-25,390.92,390.92,390.92,390.92,0.0
1986-12-26,390.92,390.92,390.92,390.92,0.0
1986-12-29,390.92,390.92,390.92,390.92,0.0
1986-12-30,390.92,390.92,390.92,390.92,0.0
1986-12-31,76.26000213623047,76.27999877929688,73.12000274658203,73.12000274658203,28100.0
1987-01-01,408.26,408.26,408.26,408.26,0.0
1987-01-02,408.26,408.26,408.26,408.26,0.0
1987-01-05,408.26,408.26,408.26,408.26,0.0
1987-01-06,76.83000183105469,77.55999755859375,76.68000030517578,76.83000183105469,30700.0
1987-01-07,408.26,408.26,408.26,408.26,0.0
1987-01-08,78.80000305175781,78.95999908447266,78.0999984741211,78.0999984741211,32200.0
1987-01-09,81.11000061035156,81.12999725341797,78.80000305175781,78.80000305175781,35400.0
1987-01-12,408.26,408.26,408.26,408.26,0.0
1987-01-13,408.26,408.26,408.26,408.26,0.0
1987-01-14,86.11000061035156,87.27999877929688,84.61000061035156,84.66999816894531,32400.0
1987-01-15,408.26,408.26,408.26,408.26,0.0
1987-01-16,86.12000274658203,86.7300033569336,85.30000305175781,85.62000274658203,45600.0
1987-01-19,88.88999938964844,89.2699966430664,87.18000030517578,87.18000030517578,29600.0
1987-01-20,408.26,408.26,408.26,408.26,0.0
1987-01-21,83.75,85.29000091552734,83.5999984741211,85.29000091552734,35300.0
1987-01-22,408.26,408.26,408.26,408.26,0.0
1987-01-23,408.26,408.26,408.26,408.26,0.0
1987-01-26,85.52999877929688,85.91999816894531,83.70999908447266,83.70999908447266,30700.0
1987-01-27,408.26,408.26,408.26,408.26,0.0
1987-01-28,408.26,408.26,408.26,408.26,0.0
1987-01-29,408.26,408.26,408.26,408.26,0.0
1987-01-30,85.91000366210938,86.62999725341797,84.62999725341797,86.58999633789062,27200.0
1987-02-02,401.12,401.12,401.12,401.12,0.0
1987-02-03,401.12,401.12,401.12,401.12,0.0
1987-02-04,401.12,401.12,401.12,401.12,0.0
1987-02-05,87.63999938964844,87.73999786376953,86.11000061035156,86.58999633789062,44400.0
1987-02-06,401.12,401.12,401.12,401.12,0.0
1987-02-09,401.12,401.12,401.12,401.12,0.0
1987-02-10,89.5999984741211,90.04000091552734,89.23999786376953,89.56999969482422,27000.0
1987-02-11,401.12,401.12,401.12,401.12,0.0
1987-02-12,85.91000366210938,88.94999694824219,85.91000366210938,88.5,33900.0
1987-02-13,401.12,401.12,401.12,401.12,0.0
1987-02-16,401.12,401.12,401.12,401.12,0.0
1987-02-17,87.37999725341797,88.4000015258789,87.25,87.62000274658203,27800.0
1987-02-18,85.30000305175781,87.54000091552734,85.0,87.33000183105469,38100.0
1987-02-19,86.76000213623047,86.91000366210938,84.38999938964844,85.45999908447266,37900.0
1987-02-20,401.12,401.12,401.12,401.12,0.0
1987-02-23,89.62999725341797,90.2300033569336,88.73999786376953,89.69999694824219,29200.0
1987-02-24,401.12,401.12,401.12,401.12,0.0
1987-02-25,401.12,401.12,401.12,401.12,0.0
1987-02-26,401.12,401.12,401.12,401.12,0.0
1987-02-27,93.47000122070312,95.26000213623047,93.30999755859375,95.19999694824219,28500.0
1987-03-02,91.87999725341797,93.18000030517578,91.55999755859375,92.58999633789062,23400.0
1987-03-03,94.48999786376953,94.62999725341797,91.41000366210938,91.94000244140625,22800.0
1987-03-04,96.62000274658203,96.73999786376953,93.97000122070312,94.63999938964844,36700.0
1987-03-05,96.70999908447266,98.70999908447266,96.38999938964844,97.33999633789062,35900.0
1987-03-06,408.91,408.91,408.91,408.91,0.0
1987-03-09,408.91,408.91,408.91,408.91,0.0
1987-03-10,408.91,408.91,408.91,408.91,0.0
1987-03-11,408.91,408.91,408.91,408.91,0.0
1987-03-12,97.08000183105469,97.26000213623047,95.37000274658203,95.37000274658203,24400.0
1987-03-13,408.91,408.91,408.91,408.91,0.0
1987-03-16,408.91,408.91,408.91,408.91,0.0
1987-03-17,408.91,408.91,408.91,408.91,0.0
1987-03-18,98.52999877929688,99.05999755859375,97.95999908447266,98.5199966430664,32200.0
1987-03-19,408.91,408.91,408.91,408.91,0.0
1987-03-20,408.91,408.91,408.91,408.91,0.0
1987-03-23,100.5,100.81999969482422,98.16999816894531,98.16999816894531,37900.0
1987-03-24,408.91,408.91,408.91,408.91,0.0
1987-03-25,408.91,408.91,408.91,408.91,0.0
1987-03-26,408.91,408.91,408.91,408.91,0.0
1987-03-27,115.7699966430664,115.79000091552734,110.33999633789062,110.33999633789062,34500.0
1987-03-30,408.91,408.91,408.91,408.91,0.0
1987-03-31,408.91,408.91,408.91,408.91,0.0
1987-04-01,438.35,438.35,438.35,438.35,0.0
1987-04-02,115.62000274658203,115.93000030517578,113.13999938964844,113.13999938964844,32800.0
1987-04-03,119.61000061035156,120.05000305175781,115.7699966430664,115.7699966430664,36600.0
1987-04-06,120.08000183105469,120.9000015258789,119.58999633789062,119.58999633789062,38000.0
1987-04-07,438.35,438.35,438.35,438.35,0.0
1987-04-08,120.6500015258789,121.77999877929688,120.2300033569336,120.88999938964844,27700.0
1987-04-09,438.35,438.35,438.35,438.35,0.0
1987-04-10,133.9499969482422,136.77000427246094,132.52000427246094,132.52000427246094,31300.0
1987-04-13,139.55999755859375,139.77999877929688,136.49000549316406,136.49000549316406,28500.0
1987-04-14,144.3000030517578,145.36000061035156,140.3300018310547,140.3300018310547,38400.0
1987-04-15,438.35,438.35,438.35,438.35,0.0
1987-04-16,438.35,438.35,438.35,438.35,0.0
1987-04-17,438.35,438.35,438.35,438.35,0.0
1987-04-20,438.35,438.35,438.35,438.35,0.0
1987-04-21,133.3000030517578,138.07000732421875,132.69000244140625,136.60000610351562,28100.0
1987-04-22,132.94000244140625,132.94000244140625,128.94000244140625,132.86000061035156,25500.0
1987-04-23,438.35,438.35,438.35,438.35,0.0
1987-04-24,438.35,438.35,438.35,438.35,0.0
1987-04-27,125.2699966430664,143.6699981689453,124.6500015258789,139.7100067138672,34600.0
1987-04-28,438.35,438.35,438.35,438.35,0.0
1987-04-29,438.35,438.35,438.35,438.35,0.0
1987-04-30,438.35,438.35,438.35,438.35,0.0
1987-05-01,129.3000030517578,130.14999389648438,127.80999755859375,129.83999633789062,26600.0
1987-05-04,460.23,460.23,460.23,460.23,0.0
1987-05-05,134.4499969482422,135.16000366210938,133.55999755859375,134.99000549316406,38800.0
1987-05-06,134.39999389648438,135.5500030517578,132.55999755859375,133.8300018310547,30000.0
1987-05-07,460.23,460.23,460.23,460.23,0.0
1987-05-08,460.23,460.23,460.23,460.23,0.0
1987-05-11,133.72999572753906,134.27999877929688,132.91000366210938,133.97000122070312,29000.0
1987-05-12,134.92999267578125,136.47999572753906,134.55999755859375,135.44000244140625,29400.0
1987-05-13,132.25999450683594,134.97999572753906,132.25999450683594,134.85000610351562,23100.0
1987-05-14,460.23,460.23,460.23,460.23,0.0
1987-05-15,136.4199981689453,137.27000427246094,135.05999755859375,135.05999755859375,25300.0
1987-05-18,460.23,460.23,460.23,460.23,0.0
1987-05-19,135.97999572753906,136.0500030517578,133.66000366210938,135.67999267578125,26000.0
1987-05-20,134.5500030517578,136.5800018310547,134.49000549316406,136.0800018310547,35600.0
1987-05-21,128.07000732421875,133.5,128.07000732421875,133.5,31100.0
1987-05-22,123.26000213623047,128.19000244140625,122.56999969482422,128.02999877929688,25100.0
1987-05-25,460.23,460.23,460.23,460.23,0.0
1987-05-26,460.23,460.23,460.23,460.23,0.0
1987-05-27,460.23,460.23,460.23,460.23,0.0
1987-05-28,460.23,460.23,460.23,460.23,0.0
1987-05-29,460.23,460.23,460.23,460.23,0.0
1987-06-01,449.59,449.59,449.59,449.59,0.0
1987-06-02,449.59,449.59,449.59,449.59,0.0
1987-06-03,120.26000213623047,121.80999755859375,119.12000274658203,121.80999755859375,25600.0
1987-06-04,122.4000015258789,122.4000015258789,119.68000030517578,119.83000183105469,19200.0
1987-06-05,122.41999816894531,123.29000091552734,121.75,122.5199966430664,21500.0
1987-06-08,449.59,449.59,449.59,449.59,0.0
1987-06-09,122.86000061035156,123.08000183105469,120.61000061035156,120.8499984741211,29300.0
1987-06-10,449.59,449.59,449.59,449.59,0.0
1987-06-11,123.54000091552734,123.68000030517578,120.83000183105469,121.30999755859375,23100.0
1987-06-12,449.59,449.59,449.59,449.59,0.0
1987-06-15,449.59,449.59,449.59,449.59,0.0
1987-06-16,449.59,449.59,449.59,449.59,0.0
1987-06-17,449.59,449.59,449.59,449.59,0.0
1987-06-18,113.44999694824219,114.38999938964844,112.5999984741211,112.5999984741211,32300.0
1987-06-19,449.59,449.59,449.59,449.59,0.0
1987-06-22,449.59,449.59,449.59,449.59,0.0
1987-06-23,449.59,449.59,449.59,449.59,0.0
1987-06-24,449.59,449.59,449.59,449.59,0.0
1987-06-25,449.59,449.59,449.59,449.59,0.0
1987-06-26,111.73999786376953,111.91000366210938,109.6500015258789,109.81999969482422,18700.0
1987-06-29,449.59,449.59,449.59,449.59,0.0
1987-06-30,114.29000091552734,114.7699966430664,112.31999969482422,112.66999816894531,23300.0
1987-07-01,450.52,450.52,450.52,450.52,0.0
1987-07-02,450.52,450.52,450.52,450.52,0.0
1987-07-03,450.52,450.52,450.52,450.52,0.0
1987-07-06,450.52,450.52,450.52,450.52,0.0
1987-07-07,450.52,450.52,450.52,450.52,0.0
1987-07-08,450.52,450.52,450.52,450.52,0.0
1987-07-09,122.36000061035156,123.13999938964844,121.0,121.0,30400.0
1987-07-10,450.52,450.52,450.52,450.52,0.0
1987-07-13,450.52,450.52,450.52,450.52,0.0
1987-07-14,450.52,450.52,450.52,450.52,0.0
1987-07-15,450.52,450.52,450.52,450.52,0.0
1987-07-16,127.80000305175781,128.05999755859375,126.66999816894531,127.1500015258789,37100.0
1987-07-17,124.69000244140625,127.27999877929688,123.36000061035156,126.87999725341797,37700.0
1987-07-20,450.52,450.52,450.52,450.52,0.0
1987-07-21,125.9000015258789,126.30000305175781,124.88999938964844,126.02999877929688,41500.0
1987-07-22,126.95999908447266,128.25,125.4800033569336,125.88999938964844,35200.0
1987-07-23,125.61000061035156,126.80000305175781,125.33000183105469,126.68000030517578,33300.0
1987-07-24,125.38999938964844,126.02999877929688,124.55000305175781,125.44000244140625,30700.0
1987-07-27,125.69000244140625,125.73999786376953,124.77999877929688,125.5,28900.0
1987-07-28,129.3000030517578,129.42999267578125,126.02999877929688,126.02999877929688,34500.0
1987-07-29,450.52,450.52,450.52,450.52,0.0
1987-07-30,450.52,450.52,450.52,450.52,0.0
1987-07-31,450.52,450.52,450.52,450.52,0.0
1987-08-03,461.15,461.15,461.15,461.15,0.0
1987-08-04,461.15,461.15,461.15,461.15,0.0
1987-08-05,461.15,461.15,461.15,461.15,0.0
1987-08-06,461.15,461.15,461.15,461.15,0.0
1987-08-07,461.15,461.15,461.15,461.15,0.0
1987-08-10,140.22999572753906,140.22999572753906,137.16000366210938,137.16000366210938,31800.0
1987-08-11,461.15,461.15,461.15,461.15,0.0
1987-08-12,461.15,461.15,461.15,461.15,0.0
1987-08-13,461.15,461.15,461.15,461.15,0.0
1987-08-14,461.15,461.15,461.15,461.15,0.0
1987-08-17,461.15,461.15,461.15,461.15,0.0
1987-08-18,140.25,141.24000549316406,139.14999389648438,140.3000030517578,34900.0
1987-08-19,140.41000366210938,140.74000549316406,138.0500030517578,139.69000244140625,35900.0
1987-08-20,138.5800018310547,141.08999633789062,137.9199981689453,137.9199981689453,38500.0
1987-08-21,140.1699981689453,140.22000122070312,137.9499969482422,138.02999877929688,35400.0
1987-08-24,141.55999755859375,142.7899932861328,139.52999877929688,140.25999450683594,29100.0
1987-08-25,461.15,461.15,461.15,461.15,0.0
1987-08-26,144.94000244140625,145.3300018310547,142.57000732421875,143.22000122070312,29900.0
1987-08-27,143.97000122070312,145.77999877929688,143.27999877929688,145.75,32500.0
1987-08-28,461.15,461.15,461.15,461.15,0.0
1987-08-31,461.15,461.15,461.15,461.15,0.0
1987-09-01,460.38,460.38,460.38,460.38,0.0
1987-09-02,460.38,460.38,460.38,460.38,0.0
1987-09-03,150.47999572753906,151.60000610351562,149.57000732421875,150.13999938964844,33900.0
1987-09-04,150.30999755859375,151.32000732421875,149.89999389648438,150.80999755859375,28900.0
1987-09-07,460.38,460.38,460.38,460.38,0.0
1987-09-08,460.38,460.38,460.38,460.38,0.0
1987-09-09,148.0399932861328,148.75,147.52999877929688,147.52999877929688,26400.0
1987-09-10,460.38,460.38,460.38,460.38,0.0
1987-09-11,460.38,460.38,460.38,460.38,0.0
1987-09-14,460.38,460.38,460.38,460.38,0.0
1987-09-15,460.38,460.38,460.38,460.38,0.0
1987-09-16,153.72999572753906,154.82000732421875,149.63999938964844,153.77999877929688,32900.0
1987-09-17,460.38,460.38,460.38,460.38,0.0
1987-09-18,460.38,460.38,460.38,460.38,0.0
1987-09-21,460.38,460.38,460.38,460.38,0.0
1987-09-22,460.38,460.38,460.38,460.38,0.0
1987-09-23,460.38,460.38,460.38,460.38,0.0
1987-09-24,460.38,460.38,460.38,460.38,0.0
1987-09-25,154.25,154.25,152.60000610351562,153.80999755859375,26700.0
1987-09-28,460.38,460.38,460.38,460.38,0.0
1987-09-29,460.38,460.38,460.38,460.38,0.0
1987-09-30,153.32000732421875,154.86000061035156,152.6699981689453,154.0800018310547,29400.0
1987-10-01,150.60000610351562,152.72000122070312,149.35000610351562,152.6699981689453,32300.0
1987-10-02,147.92999267578125,150.32000732421875,147.41000366210938,150.32000732421875,40000.0
1987-10-05,149.25,150.1999969482422,147.00999450683594,147.44000244140625,22500.0
1987-10-06,148.72999572753906,149.74000549316406,148.16000366210938,149.36000061035156,24700.0
1987-10-07,147.19000244140625,149.25999450683594,146.6300048828125,148.27999877929688,29000.0
1987-10-08,465.35,465.35,465.35,465.35,0.0
1987-10-09,146.13999938964844,148.25999450683594,145.8800048828125,147.99000549316406,19100.0
1987-10-12,465.35,465.35,465.35,465.35,0.0
1987-10-13,465.35,465.35,465.35,465.35,0.0
1987-10-14,140.2899932861328,142.8800048828125,138.92999267578125,142.4600067138672,31300.0
1987-10-15,465.35,465.35,465.35,465.35,0.0
1987-10-16,131.47000122070312,141.25999450683594,130.85000610351562,141.2100067138672,45300.0
1987-10-19,465.35,465.35,465.35,465.35,0.0
1987-10-20,96.06999969482422,107.11000061035156,89.41999816894531,105.88999938964844,79500.0
1987-10-21,108.13999938964844,110.44000244140625,100.47000122070312,100.47000122070312,57300.0
1987-10-22,465.35,465.35,465.35,465.35,0.0
1987-10-23,105.6500015258789,105.80999755859375,102.2699966430664,103.62999725341797,20900.0
1987-10-26,465.35,465.35,465.35,465.35,0.0
1987-10-27,87.80999755859375,94.70999908447266,87.37999725341797,93.12999725341797,33200.0
1987-10-28,93.12999725341797,93.12999725341797,84.12999725341797,87.41999816894531,27900.0
1987-10-29,90.63999938964844,92.7300033569336,88.4800033569336,92.7300033569336,29800.0
1987-10-30,96.77999877929688,97.0999984741211,92.08000183105469,92.22000122070312,30100.0
1987-11-02,100.86000061035156,101.16000366210938,97.66000366210938,97.68000030517578,21200.0
1987-11-03,467.57,467.57,467.57,467.57,0.0
1987-11-04,95.47000122070312,96.26000213623047,94.06999969482422,96.26000213623047,22200.0
1987-11-05,467.57,467.57,467.57,467.57,0.0
1987-11-06,467.57,467.57,467.57,467.57,0.0
1987-11-09,467.57,467.57,467.57,467.57,0.0
1987-11-10,467.57,467.57,467.57,467.57,0.0
1987-11-11,86.4000015258789,87.43000030517578,85.68000030517578,86.04000091552734,15500.0
1987-11-12,91.5999984741211,91.76000213623047,87.7699966430664,87.79000091552734,19900.0
1987-11-13,467.57,467.57,467.57,467.57,0.0
1987-11-16,94.0,95.81999969482422,93.5199966430664,94.51000213623047,18900.0
1987-11-17,94.58000183105469,95.68000030517578,93.5999984741211,93.98999786376953,18700.0
1987-11-18,93.66999816894531,94.05000305175781,91.05999755859375,94.05000305175781,25100.0
1987-11-19,467.57,467.57,467.57,467.57,0.0
1987-11-20,467.57,467.57,467.57,467.57,0.0
1987-11-23,467.57,467.57,467.57,467.57,0.0
1987-11-24,467.57,467.57,467.57,467.57,0.0
1987-11-25,110.5,110.61000061035156,104.55999755859375,104.55999755859375,21900.0
1987-11-26,467.57,467.57,467.57,467.57,0.0
1987-11-27,467.57,467.57,467.57,467.57,0.0
1987-11-30,467.57,467.57,467.57,467.57,0.0
1987-12-01,115.30000305175781,116.36000061035156,112.20999908447266,113.12000274658203,22200.0
1987-12-02,486.24,486.24,486.24,486.24,0.0
1987-12-03,486.24,486.24,486.24,486.24,0.0
1987-12-04,102.33999633789062,104.94000244140625,100.73999786376953,104.94000244140625,25300.0
1987-12-07,486.24,486.24,486.24,486.24,0.0
1987-12-08,109.29000091552734,109.29000091552734,106.3499984741211,106.3499984741211,32800.0
1987-12-09,486.24,486.24,486.24,486.24,0.0
1987-12-10,486.24,486.24,486.24,486.24,0.0
1987-12-11,116.77999877929688,117.08999633789062,114.66999816894531,115.95999908447266,22900.0
1987-12-14,117.18000030517578,121.1500015258789,116.66000366210938,119.25,24400.0
1987-12-15,108.87999725341797,116.4000015258789,108.1500015258789,116.08000183105469,31100.0
1987-12-16,109.75,110.88999938964844,108.2300033569336,109.31999969482422,31100.0
1987-12-17,109.38999938964844,109.68000030517578,105.51000213623047,108.12000274658203,25000.0
1987-12-18,107.51000213623047,108.43000030517578,106.9800033569336,108.43000030517578,25600.0
1987-12-21,107.43000030517578,107.73999786376953,106.08000183105469,107.58000183105469,29600.0
1987-12-22,109.81999969482422,109.91999816894531,107.25,107.25,27800.0
1987-12-23,110.93000030517578,110.93000030517578,108.5199966430664,109.19000244140625,30200.0
1987-12-24,486.24,486.24,486.24,486.24,0.0
1987-12-25,486.24,486.24,486.24,486.24,0.0
1987-12-28,110.45999908447266,112.30000305175781,109.16000366210938,110.68000030517578,21400.0
1987-12-29,486.24,486.24,486.24,486.24,0.0
1987-12-30,107.18000030517578,108.41000366210938,106.79000091552734,107.73999786376953,32300.0
1987-12-31,486.24,486.24,486.24,486.24,0.0
1988-01-01,476.58,476.58,476.58,476.58,0.0
1988-01-04,106.62000274658203,107.95999908447266,106.06999969482422,107.95999908447266,24500.0
1988-01-05,109.26000213623047,109.27999877929688,105.22000122070312,106.3499984741211,29100.0
1988-01-06,111.0199966430664,111.33000183105469,108.26000213623047,108.66000366210938,26000.0
1988-01-07,109.3499984741211,111.19999694824219,108.77999877929688,111.19999694824219,23700.0
1988-01-08,476.58,476.58,476.58,476.58,0.0
1988-01-11,103.94999694824219,105.12999725341797,102.19999694824219,104.41999816894531,22200.0
1988-01-12,103.2300033569336,103.87999725341797,100.51000213623047,103.87999725341797,22200.0
1988-01-13,476.58,476.58,476.58,476.58,0.0
1988-01-14,476.58,476.58,476.58,476.58,0.0
1988-01-15,102.1500015258789,104.3499984741211,101.5,103.86000061035156,19600.0
1988-01-18,476.58,476.58,476.58,476.58,0.0
1988-01-19,101.98999786376953,103.0,101.29000091552734,101.77999877929688,22000.0
1988-01-20,101.11000061035156,102.61000061035156,99.98999786376953,102.22000122070312,24500.0
1988-01-21,476.58,476.58,476.58,476.58,0.0
1988-01-22,476.58,476.58,476.58,476.58,0.0
1988-01-25,476.58,476.58,476.58,476.58,0.0
1988-01-26,476.58,476.58,476.58,476.58,0.0
1988-01-27,476.58,476.58,476.58,476.58,0.0
1988-01-28,476.58,476.58,476.58,476.58,0.0
1988-01-29,89.01000213623047,92.62999725341797,87.54000091552734,92.62999725341797,24500.0
1988-02-01,442.07,442.07,442.07,442.07,0.0
1988-02-02,442.07,442.07,442.07,442.07,0.0
1988-02-03,84.70999908447266,88.5999984741211,83.91000366210938,88.5999984741211,21300.0
1988-02-04,442.07,442.07,442.07,442.07,0.0
1988-02-05,442.07,442.07,442.07,442.07,0.0
1988-02-08,87.25,88.22000122070312,86.69000244140625,87.13999938964844,16800.0
1988-02-09,87.76000213623047,87.80999755859375,85.8499984741211,87.0999984741211,20600.0
1988-02-10,88.62999725341797,89.13999938964844,88.0199966430664,88.7699966430664,24300.0
1988-02-11,88.72000122070312,89.62000274658203,88.2300033569336,88.62999725341797,27500.0
1988-02-12,92.33999633789062,92.33999633789062,89.70999908447266,89.70999908447266,20300.0
1988-02-15,442.07,442.07,442.07,442.07,0.0
1988-02-16,442.07,442.07,442.07,442.07,0.0
1988-02-17,442.07,442.07,442.07,442.07,0.0
1988-02-18,442.07,442.07,442.07,442.07,0.0
1988-02-19,442.07,442.07,442.07,442.07,0.0
1988-02-22,442.07,442.07,442.07,442.07,0.0
1988-02-23,93.25,95.02999877929688,91.73999786376953,95.02999877929688,27200.0
1988-02-24,89.05999755859375,92.41000366210938,88.41999816894531,92.41000366210938,27200.0
1988-02-25,442.07,442.07,442.07,442.07,0.0
1988-02-26,90.04000091552734,90.30999755859375,88.97000122070312,89.48999786376953,25200.0
1988-02-29,96.98999786376953,96.98999786376953,89.62000274658203,89.7300033569336,27000.0
1988-03-01,95.9800033569336,96.77999877929688,94.97000122070312,96.61000061035156,26100.0
1988-03-02,96.6500015258789,96.7699966430664,95.7300033569336,95.87000274658203,26200.0
1988-03-03,443.61,443.61,443.61,443.61,0.0
1988-03-04,443.61,443.61,443.61,443.61,0.0
1988-03-07,443.61,443.61,443.61,443.61,0.0
1988-03-08,443.61,443.61,443.61,443.61,0.0
1988-03-09,443.61,443.61,443.61,443.61,0.0
1988-03-10,443.61,443.61,443.61,443.61,0.0
1988-03-11,443.61,443.61,443.61,443.61,0.0
1988-03-14,443.61,443.61,443.61,443.61,0.0
1988-03-15,443.61,443.61,443.61,443.61,0.0
1988-03-16,98.19000244140625,99.5,97.91000366210938,99.38999938964844,24800.0
1988-03-17,98.19999694824219,98.66999816894531,97.19000244140625,98.26000213623047,28800.0
1988-03-18,443.61,443.61,443.61,443.61,0.0
1988-03-21,99.5199966430664,100.6500015258789,98.91999816894531,98.91999816894531,24600.0
1988-03-22,443.61,443.61,443.61,443.61,0.0
1988-03-23,101.2300033569336,101.48999786376953,99.72000122070312,99.72000122070312,30300.0
1988-03-24,443.61,443.61,443.61,443.61,0.0
1988-03-25,443.61,443.61,443.61,443.61,0.0
1988-03-28,97.12000274658203,97.37000274658203,96.1500015258789,97.37000274658203,25500.0
1988-03-29,443.61,443.61,443.61,443.61,0.0
1988-03-30,98.26000213623047,98.56999969482422,97.37999725341797,98.11000061035156,31100.0
1988-03-31,98.79000091552734,99.11000061035156,98.30000305175781,98.41000366210938,18700.0
1988-04-01,451.55,451.55,451.55,451.55,0.0
1988-04-04,451.55,451.55,451.55,451.55,0.0
1988-04-05,99.27999877929688,99.94999694824219,98.41000366210938,99.69999694824219,23900.0
1988-04-06,99.0199966430664,99.0199966430664,98.04000091552734,98.73999786376953,31700.0
1988-04-07,451.55,451.55,451.55,451.55,0.0
1988-04-08,451.55,451.55,451.55,451.55,0.0
1988-04-11,99.44000244140625,99.6500015258789,98.61000061035156,99.6500015258789,33500.0
1988-04-12,100.06999969482422,100.30999755859375,99.22000122070312,99.73999786376953,23800.0
1988-04-13,451.55,451.55,451.55,451.55,0.0
1988-04-14,97.76000213623047,100.55000305175781,97.45999908447266,100.47000122070312,32500.0
1988-04-15,451.55,451.55,451.55,451.55,0.0
1988-04-18,451.55,451.55,451.55,451.55,0.0
1988-04-19,99.44999694824219,100.88999938964844,99.23999786376953,100.88999938964844,30600.0
1988-04-20,451.55,451.55,451.55,451.55,0.0
1988-04-21,451.55,451.55,451.55,451.55,0.0
1988-04-22,451.55,451.55,451.55,451.55,0.0
1988-04-25,451.55,451.55,451.55,451.55,0.0
1988-04-26,451.55,451.55,451.55,451.55,0.0
1988-04-27,451.55,451.55,451.55,451.55,0.0
1988-04-28,99.19999694824219,99.8499984741211,98.80999755859375,99.7300033569336,32000.0
1988-04-29,451.55,451.55,451.55,451.55,0.0
1988-05-02,451.07,451.07,451.07,451.07,0.0
1988-05-03,97.33000183105469,97.76000213623047,97.04000091552734,97.5199966430664,24000.0
1988-05-04,451.07,451.07,451.07,451.07,0.0
1988-05-05,451.07,451.07,451.07,451.07,0.0
1988-05-06,94.20999908447266,95.08999633789062,93.86000061035156,94.66999816894531,21800.0
1988-05-09,94.77999877929688,95.2300033569336,94.08000183105469,94.0999984741211,19000.0
1988-05-10,97.45999908447266,97.45999908447266,94.52999877929688,94.58999633789062,21100.0
1988-05-11,95.80999755859375,97.08999633789062,94.95999908447266,97.08999633789062,19600.0
1988-05-12,95.80000305175781,96.2300033569336,95.51000213623047,95.94999694824219,17300.0
1988-05-13,451.07,451.07,451.07,451.07,0.0
1988-05-16,98.33000183105469,99.01000213623047,96.94999694824219,96.94999694824219,15800.0
1988-05-17,451.07,451.07,451.07,451.07,0.0
1988-05-18,451.07,451.07,451.07,451.07,0.0
1988-05-19,451.07,451.07,451.07,451.07,0.0
1988-05-20,98.5,98.5,97.41999816894531,97.91999816894531,16500.0
1988-05-23,102.0,102.27999877929688,98.87999725341797,99.02999877929688,17100.0
1988-05-24,451.07,451.07,451.07,451.07,0.0
1988-05-25,451.07,451.07,451.07,451.07,0.0
1988-05-26,451.07,451.07,451.07,451.07,0.0
1988-05-27,99.0199966430664,99.83999633789062,98.87999725341797,99.83999633789062,14100.0
1988-05-30,451.07,451.07,451.07,451.07,0.0
1988-05-31,451.07,451.07,451.07,451.07,0.0
1988-06-01,451.33,451.33,451.33,451.33,0.0
1988-06-02,451.33,451.33,451.33,451.33,0.0
1988-06-03,451.33,451.33,451.33,451.33,0.0
1988-06-06,111.16000366210938,112.1500015258789,110.3499984741211,111.25,21700.0
1988-06-07,109.80999755859375,112.20999908447266,109.80999755859375,111.05000305175781,26500.0
1988-06-08,109.45999908447266,110.18000030517578,109.06999969482422,110.18000030517578,32100.0
1988-06-09,451.33,451.33,451.33,451.33,0.0
1988-06-10,109.22000122070312,111.51000213623047,109.11000061035156,110.66999816894531,25400.0
1988-06-13,451.33,451.33,451.33,451.33,0.0
1988-06-14,451.33,451.33,451.33,451.33,0.0
1988-06-15,451.33,451.33,451.33,451.33,0.0
1988-06-16,109.70999908447266,111.31999969482422,109.63999938964844,110.52999877929688,27100.0
1988-06-17,451.33,451.33,451.33,451.33,0.0
1988-06-20,451.33,451.33,451.33,451.33,0.0
1988-06-21,111.83000183105469,111.83000183105469,110.58000183105469,110.98999786376953,23100.0
1988-06-22,451.33,451.33,451.33,451.33,0.0
1988-06-23,108.9000015258789,110.08000183105469,108.9000015258789,109.44999694824219,25300.0
1988-06-24,451.33,451.33,451.33,451.33,0.0
1988-06-27,451.33,451.33,451.33,451.33,0.0
1988-06-28,104.69000244140625,105.86000061035156,104.66000366210938,104.97000122070312,20800.0
1988-06-29,451.33,451.33,451.33,451.33,0.0
1988-06-30,451.33,451.33,451.33,451.33,0.0
1988-07-01,437.63,437.63,437.63,437.63,0.0
1988-07-04,437.63,437.63,437.63,437.63,0.0
1988-07-05,103.9000015258789,103.9800033569336,103.02999877929688,103.29000091552734,22100.0
1988-07-06,437.63,437.63,437.63,437.63,0.0
1988-07-07,106.3499984741211,106.79000091552734,105.41000366210938,105.41000366210938,22000.0
1988-07-08,437.63,437.63,437.63,437.63,0.0
1988-07-11,437.63,437.63,437.63,437.63,0.0
1988-07-12,437.63,437.63,437.63,437.63,0.0
1988-07-13,105.37000274658203,105.41000366210938,103.26000213623047,103.62000274658203,26800.0
1988-07-14,437.63,437.63,437.63,437.63,0.0
1988-07-15,437.63,437.63,437.63,437.63,0.0
1988-07-18,437.63,437.63,437.63,437.63,0.0
1988-07-19,108.37999725341797,108.44999694824219,104.0199966430664,105.31999969482422,25000.0
1988-07-20,109.06999969482422,109.06999969482422,107.80999755859375,108.45999908447266,27400.0
1988-07-21,107.16000366210938,110.12999725341797,107.05000305175781,108.68000030517578,24600.0
1988-07-22,437.63,437.63,437.63,437.63,0.0
1988-07-25,437.63,437.63,437.63,437.63,0.0
1988-07-26,102.02999877929688,102.87999725341797,101.77999877929688,102.16000366210938,19100.0
1988-07-27,101.43000030517578,102.5199966430664,101.37999725341797,102.36000061035156,17900.0
1988-07-28,100.86000061035156,101.54000091552734,100.61000061035156,101.16999816894531,25800.0
1988-07-29,437.63,437.63,437.63,437.63,0.0
1988-08-01,431.28,431.28,431.28,431.28,0.0
1988-08-02,100.80999755859375,102.88999938964844,100.80999755859375,102.7300033569336,21400.0
1988-08-03,100.55000305175781,101.70999908447266,100.5199966430664,100.88999938964844,23900.0
1988-08-04,101.16999816894531,101.18000030517578,99.98999786376953,100.95999908447266,22800.0
1988-08-05,431.28,431.28,431.28,431.28,0.0
1988-08-08,431.28,431.28,431.28,431.28,0.0
1988-08-09,431.28,431.28,431.28,431.28,0.0
1988-08-10,94.97000122070312,96.05000305175781,94.30000305175781,95.62999725341797,27400.0
1988-08-11,431.28,431.28,431.28,431.28,0.0
1988-08-12,431.28,431.28,431.28,431.28,0.0
1988-08-15,431.28,431.28,431.28,431.28,0.0
1988-08-16,431.28,431.28,431.28,431.28,0.0
1988-08-17,431.28,431.28,431.28,431.28,0.0
1988-08-18,94.58999633789062,95.01000213623047,94.08999633789062,94.2699966430664,19800.0
1988-08-19,94.91999816894531,95.54000091552734,94.44000244140625,94.44000244140625,20200.0
1988-08-22,94.94000244140625,95.27999877929688,94.62999725341797,95.02999877929688,18500.0
1988-08-23,94.66000366210938,95.25,94.26000213623047,94.81999969482422,22300.0
1988-08-24,431.28,431.28,431.28,431.28,0.0
1988-08-25,431.28,431.28,431.28,431.28,0.0
1988-08-26,431.28,431.28,431.28,431.28,0.0
1988-08-29,431.28,431.28,431.28,431.28,0.0
1988-08-30,94.27999877929688,94.62000274658203,93.97000122070312,94.58000183105469,16100.0
1988-08-31,431.28,431.28,431.28,431.28,0.0
1988-09-01,92.22000122070312,94.0,91.86000061035156,93.97000122070312,23000.0
1988-09-02,92.33000183105469,92.63999938964844,91.3499984741211,92.23999786376953,25500.0
1988-09-05,413.46,413.46,413.46,413.46,0.0
1988-09-06,91.9800033569336,92.7699966430664,91.69000244140625,92.68000030517578,16200.0
1988-09-07,92.22000122070312,92.3499984741211,91.30999755859375,92.12000274658203,20200.0
1988-09-08,91.43000030517578,92.0,90.9000015258789,92.0,22400.0
1988-09-09,413.46,413.46,413.46,413.46,0.0
1988-09-12,89.20999908447266,89.62999725341797,88.02999877929688,88.48999786376953,18400.0
1988-09-13,90.55000305175781,90.55000305175781,88.95999908447266,89.2300033569336,24800.0
1988-09-14,413.46,413.46,413.46,413.46,0.0
1988-09-15,413.46,413.46,413.46,413.46,0.0
1988-09-16,88.73999786376953,89.0999984741211,87.47000122070312,89.0999984741211,30000.0
1988-09-19,413.46,413.46,413.46,413.46,0.0
1988-09-20,413.46,413.46,413.46,413.46,0.0
1988-09-21,413.46,413.46,413.46,413.46,0.0
1988-09-22,413.46,413.46,413.46,413.46,0.0
1988-09-23,89.86000061035156,91.11000061035156,89.86000061035156,90.33000183105469,22600.0
1988-09-26,413.46,413.46,413.46,413.46,0.0
1988-09-27,413.46,413.46,413.46,413.46,0.0
1988-09-28,92.20999908447266,92.29000091552734,89.73999786376953,90.33000183105469,17200.0
1988-09-29,413.46,413.46,413.46,413.46,0.0
1988-09-30,91.55000305175781,92.3499984741211,91.02999877929688,92.16999816894531,26900.0
1988-10-03,93.0,93.01000213623047,91.41000366210938,91.44999694824219,18800.0
1988-10-04,92.02999877929688,92.91999816894531,91.95999908447266,92.44999694824219,22300.0
1988-10-05,92.12000274658203,92.25,90.76000213623047,91.4000015258789,28300.0
1988-10-06,93.20999908447266,93.31999969482422,92.27999877929688,93.06999969482422,30200.0
1988-10-07,406.78,406.78,406.78,406.78,0.0
1988-10-10,406.78,406.78,406.78,406.78,0.0
1988-10-11,406.78,406.78,406.78,406.78,0.0
1988-10-12,406.78,406.78,406.78,406.78,0.0
1988-10-13,406.78,406.78,406.78,406.78,0.0
1988-10-14,93.20999908447266,93.95999908447266,92.91000366210938,93.72000122070312,31100.0
1988-10-17,94.26000213623047,95.01000213623047,94.04000091552734,94.04000091552734,21600.0
1988-10-18,95.36000061035156,95.45999908447266,94.05000305175781,94.19000244140625,28400.0
1988-10-19,406.78,406.78,406.78,406.78,0.0
1988-10-20,406.78,406.78,406.78,406.78,0.0
1988-10-21,94.30000305175781,94.81999969482422,93.73999786376953,94.58000183105469,32700.0
1988-10-24,406.78,406.78,406.78,406.78,0.0
1988-10-25,406.78,406.78,406.78,406.78,0.0
1988-10-26,406.78,406.78,406.78,406.78,0.0
1988-10-27,90.11000061035156,91.68000030517578,90.11000061035156,91.68000030517578,29700.0
1988-10-28,91.18000030517578,91.61000061035156,90.30000305175781,91.27999877929688,22300.0
1988-10-31,91.5199966430664,91.5199966430664,90.93000030517578,90.93000030517578,24800.0
1988-11-01,92.44999694824219,92.44999694824219,91.08000183105469,91.12000274658203,21800.0
1988-11-02,95.72000122070312,95.7300033569336,92.86000061035156,92.86000061035156,27700.0
1988-11-03,95.19999694824219,96.70999908447266,95.19999694824219,96.06999969482422,27300.0
1988-11-04,420.17,420.17,420.17,420.17,0.0
1988-11-07,93.27999877929688,93.87000274658203,92.62999725341797,93.75,18400.0
1988-11-08,92.7300033569336,93.27999877929688,92.2300033569336,92.81999969482422,17200.0
1988-11-09,420.17,420.17,420.17,420.17,0.0
1988-11-10,420.17,420.17,420.17,420.17,0.0
1988-11-11,92.2699966430664,94.19999694824219,92.19000244140625,93.87999725341797,20200.0
1988-11-14,420.17,420.17,420.17,420.17,0.0
1988-11-15,420.17,420.17,420.17,420.17,0.0
1988-11-16,420.17,420.17,420.17,420.17,0.0
1988-11-17,420.17,420.17,420.17,420.17,0.0
1988-11-18,89.45999908447266,90.05000305175781,88.9800033569336,89.94000244140625,19100.0
1988-11-21,89.93000030517578,89.94999694824219,88.72000122070312,89.30999755859375,20900.0
1988-11-22,89.98999786376953,90.30000305175781,89.41000366210938,90.16000366210938,22000.0
1988-11-23,89.44999694824219,90.26000213623047,89.37999725341797,89.79000091552734,27000.0
1988-11-24,420.17,420.17,420.17,420.17,0.0
1988-11-25,420.17,420.17,420.17,420.17,0.0
1988-11-28,91.22000122070312,92.31999969482422,90.79000091552734,92.05999755859375,24700.0
1988-11-29,90.81999969482422,91.4800033569336,90.29000091552734,91.19000244140625,25400.0
1988-11-30,92.66999816894531,92.66999816894531,90.80999755859375,91.08000183105469,21000.0
1988-12-01,419.05,419.05,419.05,419.05,0.0
1988-12-02,419.05,419.05,419.05,419.05,0.0
1988-12-05,419.05,419.05,419.05,419.05,0.0
1988-12-06,419.05,419.05,419.05,419.05,0.0
1988-12-07,419.05,419.05,419.05,419.05,0.0
1988-12-08,419.05,419.05,419.05,419.05,0.0
1988-12-09,419.05,419.05,419.05,419.05,0.0
1988-12-12,419.05,419.05,419.05,419.05,0.0
1988-12-13,88.80999755859375,89.19000244140625,88.41999816894531,88.70999908447266,20300.0
1988-12-14,89.02999877929688,89.06999969482422,88.29000091552734,88.80999755859375,25000.0
1988-12-15,419.05,419.05,419.05,419.05,0.0
1988-12-16,419.05,419.05,419.05,419.05,0.0
1988-12-19,419.05,419.05,419.05,419.05,0.0
1988-12-20,87.22000122070312,87.62000274658203,86.94000244140625,87.62000274658203,28800.0
1988-12-21,419.05,419.05,419.05,419.05,0.0
1988-12-22,86.58999633789062,88.2300033569336,86.44999694824219,87.62000274658203,44200.0
1988-12-23,86.63999938964844,86.91999816894531,86.41999816894531,86.54000091552734,13700.0
1988-12-26,419.05,419.05,419.05,419.05,0.0
1988-12-27,419.05,419.05,419.05,419.05,0.0
1988-12-28,419.05,419.05,419.05,419.05,0.0
1988-12-29,419.05,419.05,419.05,419.05,0.0
1988-12-30,419.05,419.05,419.05,419.05,0.0
1989-01-02,404.01,404.01,404.01,404.01,0.0
1989-01-03,85.7300033569336,87.80999755859375,85.5,87.62000274658203,21000.0
1989-01-04,85.61000061035156,85.91000366210938,84.83000183105469,85.58999633789062,24800.0
1989-01-05,86.37999725341797,87.25,85.66000366210938,85.66000366210938,33800.0
1989-01-06,86.83999633789062,87.2699966430664,86.30999755859375,86.62000274658203,32200.0
1989-01-09,404.01,404.01,404.01,404.01,0.0
1989-01-10,404.01,404.01,404.01,404.01,0.0
1989-01-11,404.01,404.01,404.01,404.01,0.0
1989-01-12,88.30000305175781,88.83999633789062,86.7300033569336,86.7300033569336,28700.0
1989-01-13,89.5,89.94000244140625,88.19000244140625,88.19000244140625,27100.0
1989-01-16,89.19000244140625,89.48999786376953,88.83999633789062,89.36000061035156,21400.0
1989-01-17,89.23999786376953,89.66999816894531,88.68000030517578,89.1500015258789,32300.0
1989-01-18,89.68000030517578,89.68000030517578,88.69000244140625,89.20999908447266,43400.0
1989-01-19,404.01,404.01,404.01,404.01,0.0
1989-01-20,95.83999633789062,95.91999816894531,91.58999633789062,91.58999633789062,31600.0
1989-01-23,404.01,404.01,404.01,404.01,0.0
1989-01-24,404.01,404.01,404.01,404.01,0.0
1989-01-25,404.01,404.01,404.01,404.01,0.0
1989-01-26,96.0999984741211,96.66999816894531,95.70999908447266,96.01000213623047,29900.0
1989-01-27,91.66000366210938,95.63999938964844,90.69999694824219,95.63999938964844,43600.0
1989-01-30,89.80999755859375,91.31999969482422,89.62000274658203,91.29000091552734,30100.0
1989-01-31,90.31999969482422,91.11000061035156,89.70999908447266,90.11000061035156,32500.0
1989-02-01,90.29000091552734,91.01000213623047,89.76000213623047,90.13999938964844,30500.0
1989-02-02,93.62999725341797,94.33999633789062,90.52999877929688,90.52999877929688,27400.0
1989-02-03,387.51,387.51,387.51,387.51,0.0
1989-02-06,95.4800033569336,95.69999694824219,93.97000122070312,95.22000122070312,26400.0
1989-02-07,387.51,387.51,387.51,387.51,0.0
1989-02-08,96.2300033569336,96.80000305175781,95.0,95.51000213623047,37200.0
1989-02-09,387.51,387.51,387.51,387.51,0.0
1989-02-10,387.51,387.51,387.51,387.51,0.0
1989-02-13,387.51,387.51,387.51,387.51,0.0
1989-02-14,97.05999755859375,97.44000244140625,96.55000305175781,96.94999694824219,28600.0
1989-02-15,387.51,387.51,387.51,387.51,0.0
1989-02-16,387.51,387.51,387.51,387.51,0.0
1989-02-17,97.37999725341797,97.56999969482422,96.54000091552734,97.4000015258789,36400.0
1989-02-20,387.51,387.51,387.51,387.51,0.0
1989-02-21,98.3499984741211,98.87999725341797,96.44999694824219,97.38999938964844,35300.0
1989-02-22,387.51,387.51,387.51,387.51,0.0
1989-02-23,102.4800033569336,102.55999755859375,99.83999633789062,100.12999725341797,33600.0
1989-02-24,387.51,387.51,387.51,387.51,0.0
1989-02-27,101.38999938964844,102.55000305175781,100.81999969482422,101.81999969482422,30500.0
1989-02-28,100.73999786376953,101.48999786376953,100.1500015258789,101.27999877929688,31300.0
1989-03-01,98.66999816894531,100.31999969482422,98.41000366210938,100.08999633789062,31100.0
1989-03-02,99.16000366210938,100.36000061035156,98.55999755859375,98.55999755859375,29900.0
1989-03-03,98.37999725341797,99.26000213623047,98.30999755859375,99.26000213623047,29900.0
1989-03-06,99.04000091552734,99.16000366210938,98.26000213623047,98.6500015258789,39600.0
1989-03-07,99.2300033569336,99.62000274658203,98.44000244140625,98.6500015258789,30400.0
1989-03-08,390.15,390.15,390.15,390.15,0.0
1989-03-09,98.61000061035156,98.91999816894531,97.2300033569336,98.43000030517578,30600.0
1989-03-10,390.15,390.15,390.15,390.15,0.0
1989-03-13,390.15,390.15,390.15,390.15,0.0
1989-03-14,390.15,390.15,390.15,390.15,0.0
1989-03-15,390.15,390.15,390.15,390.15,0.0
1989-03-16,390.15,390.15,390.15,390.15,0.0
1989-03-17,97.76000213623047,99.02999877929688,97.30000305175781,97.8499984741211,31100.0
1989-03-20,390.15,390.15,390.15,390.15,0.0
1989-03-21,390.15,390.15,390.15,390.15,0.0
1989-03-22,390.15,390.15,390.15,390.15,0.0
1989-03-23,390.15,390.15,390.15,390.15,0.0
1989-03-24,390.15,390.15,390.15,390.15,0.0
1989-03-27,95.6500015258789,95.91000366210938,95.19000244140625,95.62000274658203,22100.0
1989-03-28,93.61000061035156,95.8499984741211,93.31999969482422,95.80999755859375,28600.0
1989-03-29,390.15,390.15,390.15,390.15,0.0
1989-03-30,390.15,390.15,390.15,390.15,0.0
1989-03-31,390.15,390.15,390.15,390.15,0.0
1989-04-03,93.62999725341797,94.20999908447266,93.13999938964844,94.20999908447266,33800.0
1989-04-04,384.4,384.4,384.4,384.4,0.0
1989-04-05,384.4,384.4,384.4,384.4,0.0
1989-04-06,384.4,384.4,384.4,384.4,0.0
1989-04-07,92.7699966430664,93.16000366210938,92.26000213623047,92.36000061035156,23800.0
1989-04-10,93.05999755859375,93.27999877929688,91.94999694824219,92.88999938964844,25900.0
1989-04-11,384.4,384.4,384.4,384.4,0.0
1989-04-12,384.4,384.4,384.4,384.4,0.0
1989-04-13,384.4,384.4,384.4,384.4,0.0
1989-04-14,384.4,384.4,384.4,384.4,0.0
1989-04-17,384.4,384.4,384.4,384.4,0.0
1989-04-18,384.4,384.4,384.4,384.4,0.0
1989-04-19,384.4,384.4,384.4,384.4,0.0
1989-04-20,91.22000122070312,91.22000122070312,89.91999816894531,90.08999633789062,32900.0
1989-04-21,91.97000122070312,92.02999877929688,90.81999969482422,91.33999633789062,35500.0
1989-04-24,92.4800033569336,93.51000213623047,91.19000244140625,91.97000122070312,35500.0
1989-04-25,91.68000030517578,92.38999938964844,91.63999938964844,92.38999938964844,35500.0
1989-04-26,384.4,384.4,384.4,384.4,0.0
1989-04-27,384.4,384.4,384.4,384.4,0.0
1989-04-28,384.4,384.4,384.4,384.4,0.0
1989-05-01,371.05,371.05,371.05,371.05,0.0
1989-05-02,371.05,371.05,371.05,371.05,0.0
1989-05-03,87.97000122070312,88.45999908447266,87.55000305175781,88.41999816894531,29700.0
1989-05-04,88.70999908447266,88.87000274658203,87.77999877929688,87.77999877929688,26600.0
1989-05-05,87.79000091552734,88.6500015258789,87.25,88.6500015258789,31500.0
1989-05-08,371.05,371.05,371.05,371.05,0.0
1989-05-09,88.97000122070312,89.31999969482422,87.29000091552734,87.77999877929688,24700.0
1989-05-10,89.27999877929688,89.91000366210938,88.33000183105469,88.88999938964844,27600.0
1989-05-11,90.81999969482422,91.08000183105469,89.61000061035156,89.87000274658203,23300.0
1989-05-12,371.05,371.05,371.05,371.05,0.0
1989-05-15,371.05,371.05,371.05,371.05,0.0
1989-05-16,371.05,371.05,371.05,371.05,0.0
1989-05-17,371.05,371.05,371.05,371.05,0.0
1989-05-18,86.91000366210938,87.62000274658203,86.12999725341797,86.20999908447266,33400.0
1989-05-19,87.66000366210938,87.69000244140625,86.4800033569336,86.62999725341797,37900.0
1989-05-22,86.38999938964844,87.08000183105469,86.25,87.08000183105469,31800.0
1989-05-23,85.58000183105469,86.83000183105469,85.55000305175781,86.69000244140625,95800.0
1989-05-24,85.7300033569336,86.08999633789062,85.2300033569336,85.63999938964844,31200.0
1989-05-25,371.05,371.05,371.05,371.05,0.0
1989-05-26,371.05,371.05,371.05,371.05,0.0
1989-05-29,371.05,371.05,371.05,371.05,0.0
1989-05-30,371.05,371.05,371.05,371.05,0.0
1989-05-31,371.05,371.05,371.05,371.05,0.0
1989-06-01,85.81999969482422,86.54000091552734,85.81999969482422,86.44999694824219,33300.0
1989-06-02,86.7300033569336,86.93000030517578,85.48999786376953,85.73999786376953,43500.0
1989-06-05,86.05999755859375,86.8499984741211,86.05999755859375,86.79000091552734,28900.0
1989-06-06,90.38999938964844,90.38999938964844,85.98999786376953,86.13999938964844,31900.0
1989-06-07,367.6,367.6,367.6,367.6,0.0
1989-06-08,367.6,367.6,367.6,367.6,0.0
1989-06-09,87.19000244140625,89.66999816894531,86.77999877929688,89.25,30500.0
1989-06-12,367.6,367.6,367.6,367.6,0.0
1989-06-13,88.7300033569336,89.36000061035156,87.26000213623047,87.87999725341797,30800.0
1989-06-14,367.6,367.6,367.6,367.6,0.0
1989-06-15,367.6,367.6,367.6,367.6,0.0
1989-06-16,367.6,367.6,367.6,367.6,0.0
1989-06-19,367.6,367.6,367.6,367.6,0.0
1989-06-20,90.13999938964844,90.93000030517578,89.69999694824219,90.54000091552734,27700.0
1989-06-21,90.41000366210938,90.81999969482422,89.51000213623047,89.91999816894531,35200.0
1989-06-22,94.0,94.2300033569336,93.30999755859375,94.2300033569336,31900.0
1989-06-23,94.19999694824219,94.68000030517578,93.0999984741211,93.87000274658203,36000.0
1989-06-26,94.3499984741211,94.55999755859375,93.51000213623047,93.91000366210938,26700.0
1989-06-27,94.69999694824219,95.02999877929688,94.27999877929688,94.5,26700.0
1989-06-28,94.12999725341797,94.5,93.73999786376953,94.45999908447266,24100.0
1989-06-29,367.6,367.6,367.6,367.6,0.0
1989-06-30,92.44000244140625,92.83999633789062,91.27999877929688,92.7300033569336,32400.0
1989-07-03,91.69999694824219,92.43000030517578,91.45999908447266,92.43000030517578,32400.0
1989-07-04,375.04,375.04,375.04,375.04,0.0
1989-07-05,375.04,375.04,375.04,375.04,0.0
1989-07-06,375.04,375.04,375.04,375.04,0.0
1989-07-07,375.04,375.04,375.04,375.04,0.0
1989-07-10,96.36000061035156,96.98999786376953,95.83000183105469,95.83000183105469,26800.0
1989-07-11,96.05999755859375,96.30999755859375,95.30000305175781,95.87999725341797,34700.0
1989-07-12,97.79000091552734,99.0999984741211,96.05000305175781,96.05999755859375,31300.0
1989-07-13,375.04,375.04,375.04,375.04,0.0
1989-07-14,375.04,375.04,375.04,375.04,0.0
1989-07-17,96.87000274658203,97.36000061035156,96.16999816894531,96.75,21800.0
1989-07-18,96.37999725341797,97.19999694824219,96.11000061035156,96.94000244140625,33100.0
1989-07-19,375.04,375.04,375.04,375.04,0.0
1989-07-20,95.7300033569336,96.26000213623047,95.16999816894531,95.47000122070312,31600.0
1989-07-21,95.55000305175781,96.08999633789062,94.75,95.80000305175781,26000.0
1989-07-24,375.04,375.04,375.04,375.04,0.0
1989-07-25,95.1500015258789,95.77999877929688,95.01000213623047,95.31999969482422,29800.0
1989-07-26,96.2699966430664,96.33999633789062,94.94000244140625,95.18000030517578,79100.0
1989-07-27,95.97000122070312,96.41999816894531,95.62000274658203,96.2699966430664,38800.0
1989-07-28,375.04,375.04,375.04,375.04,0.0
1989-07-31,95.44000244140625,95.62999725341797,94.79000091552734,94.9000015258789,32200.0
1989-08-01,365.14,365.14,365.14,365.14,0.0
1989-08-02,98.33999633789062,98.33999633789062,94.61000061035156,94.6500015258789,35100.0
1989-08-03,365.14,365.14,365.14,365.14,0.0
1989-08-04,365.14,365.14,365.14,365.14,0.0
1989-08-07,365.14,365.14,365.14,365.14,0.0
1989-08-08,365.14,365.14,365.14,365.14,0.0
1989-08-09,101.77999877929688,102.5,100.63999938964844,101.55000305175781,41300.0
1989-08-10,365.14,365.14,365.14,365.14,0.0
1989-08-11,98.75,101.30000305175781,98.54000091552734,101.30000305175781,53100.0
1989-08-14,99.51000213623047,100.12000274658203,98.2300033569336,98.37000274658203,23800.0
1989-08-15,365.14,365.14,365.14,365.14,0.0
1989-08-16,365.14,365.14,365.14,365.14,0.0
1989-08-17,365.14,365.14,365.14,365.14,0.0
1989-08-18,365.14,365.14,365.14,365.14,0.0
1989-08-21,365.14,365.14,365.14,365.14,0.0
1989-08-22,365.14,365.14,365.14,365.14,0.0
1989-08-23,99.83000183105469,100.25,99.19999694824219,100.02999877929688,27300.0
1989-08-24,365.14,365.14,365.14,365.14,0.0
1989-08-25,98.7699966430664,99.36000061035156,98.08999633789062,99.36000061035156,32300.0
1989-08-28,98.7699966430664,98.7699966430664,98.0199966430664,98.19000244140625,28000.0
1989-08-29,365.14,365.14,365.14,365.14,0.0
1989-08-30,102.26000213623047,102.26000213623047,98.58000183105469,98.80999755859375,30000.0
1989-08-31,102.12999725341797,102.12999725341797,101.13999938964844,102.0999984741211,27600.0
1989-09-01,361.75,361.75,361.75,361.75,0.0
1989-09-04,361.75,361.75,361.75,361.75,0.0
1989-09-05,101.87000274658203,101.87999725341797,100.5999984741211,101.87999725341797,26500.0
1989-09-06,102.41999816894531,102.75,101.51000213623047,101.75,31200.0
1989-09-07,100.83000183105469,102.12000274658203,100.69999694824219,102.12000274658203,27600.0
1989-09-08,361.75,361.75,361.75,361.75,0.0
1989-09-11,99.61000061035156,99.86000061035156,99.11000061035156,99.63999938964844,21800.0
1989-09-12,361.75,361.75,361.75,361.75,0.0
1989-09-13,361.75,361.75,361.75,361.75,0.0
1989-09-14,361.75,361.75,361.75,361.75,0.0
1989-09-15,98.7300033569336,98.97000122070312,96.61000061035156,98.55999755859375,27500.0
1989-09-18,361.75,361.75,361.75,361.75,0.0
1989-09-19,98.62000274658203,99.58000183105469,98.47000122070312,99.5199966430664,28700.0
1989-09-20,101.12999725341797,102.08999633789062,99.29000091552734,99.29000091552734,24100.0
1989-09-21,361.75,361.75,361.75,361.75,0.0
1989-09-22,103.66999816894531,104.29000091552734,102.36000061035156,102.36000061035156,26500.0
1989-09-25,361.75,361.75,361.75,361.75,0.0
1989-09-26,361.75,361.75,361.75,361.75,0.0
1989-09-27,104.22000122070312,106.06999969482422,104.22000122070312,105.3499984741211,37600.0
1989-09-28,104.9000015258789,104.9000015258789,103.86000061035156,104.2300033569336,55600.0
1989-09-29,361.75,361.75,361.75,361.75,0.0
1989-10-02,103.8499984741211,103.95999908447266,103.11000061035156,103.45999908447266,28400.0
1989-10-03,103.52999877929688,103.62999725341797,103.01000213623047,103.5199966430664,70100.0
1989-10-04,103.86000061035156,103.86000061035156,102.86000061035156,103.1500015258789,59100.0
1989-10-05,366.88,366.88,366.88,366.88,0.0
1989-10-06,101.3499984741211,101.73999786376953,100.66999816894531,101.58999633789062,53600.0
1989-10-09,366.88,366.88,366.88,366.88,0.0
1989-10-10,366.88,366.88,366.88,366.88,0.0
1989-10-11,101.54000091552734,101.86000061035156,100.44999694824219,100.44999694824219,29400.0
1989-10-12,102.02999877929688,102.36000061035156,101.20999908447266,101.47000122070312,29400.0
1989-10-13,98.12999725341797,101.91000366210938,96.7699966430664,101.80999755859375,34800.0
1989-10-16,99.11000061035156,99.12000274658203,95.6500015258789,97.37000274658203,63900.0
1989-10-17,366.88,366.88,366.88,366.88,0.0
1989-10-18,366.88,366.88,366.88,366.88,0.0
1989-10-19,98.76000213623047,99.5,98.08000183105469,99.02999877929688,27600.0
1989-10-20,366.88,366.88,366.88,366.88,0.0
1989-10-23,366.88,366.88,366.88,366.88,0.0
1989-10-24,97.91000366210938,98.4800033569336,96.30999755859375,97.72000122070312,14600.0
1989-10-25,98.19999694824219,98.91999816894531,97.75,97.97000122070312,35800.0
1989-10-26,366.88,366.88,366.88,366.88,0.0
1989-10-27,366.88,366.88,366.88,366.88,0.0
1989-10-30,106.87999725341797,108.2300033569336,106.3499984741211,108.2300033569336,25600.0
1989-10-31,366.88,366.88,366.88,366.88,0.0
1989-11-01,107.55999755859375,107.66999816894531,104.98999786376953,105.25,21400.0
1989-11-02,110.5999984741211,110.7699966430664,107.76000213623047,107.76000213623047,31300.0
1989-11-03,111.19999694824219,113.04000091552734,110.55999755859375,110.68000030517578,33700.0
1989-11-06,394.26,394.26,394.26,394.26,0.0
1989-11-07,394.26,394.26,394.26,394.26,0.0
1989-11-08,394.26,394.26,394.26,394.26,0.0
1989-11-09,394.26,394.26,394.26,394.26,0.0
1989-11-10,115.55000305175781,115.55000305175781,113.27999877929688,114.33000183105469,36100.0
1989-11-13,394.26,394.26,394.26,394.26,0.0
1989-11-14,119.4800033569336,119.69000244140625,117.16999816894531,118.0199966430664,35000.0
1989-11-15,116.76000213623047,118.93000030517578,116.63999938964844,118.68000030517578,25800.0
1989-11-16,115.62000274658203,116.73999786376953,115.2699966430664,116.5199966430664,47000.0
1989-11-17,116.83000183105469,116.83000183105469,115.43000030517578,115.93000030517578,29700.0
1989-11-20,118.80000305175781,119.12999725341797,116.2699966430664,117.02999877929688,27600.0
1989-11-21,121.55000305175781,122.2699966430664,118.80000305175781,118.80000305175781,25400.0
1989-11-22,121.3499984741211,124.29000091552734,120.43000030517578,122.5,94800.0
1989-11-23,394.26,394.26,394.26,394.26,0.0
1989-11-24,123.41000366210938,123.62999725341797,121.94999694824219,122.29000091552734,23200.0
1989-11-27,120.29000091552734,122.11000061035156,120.04000091552734,122.11000061035156,98700.0
1989-11-28,119.94000244140625,120.5,117.73999786376953,118.19999694824219,37000.0
1989-11-29,394.26,394.26,394.26,394.26,0.0
1989-11-30,394.26,394.26,394.26,394.26,0.0
1989-12-01,119.80000305175781,121.06999969482422,119.5,120.7699966430664,88700.0
1989-12-04,409.39,409.39,409.39,409.39,0.0
1989-12-05,409.39,409.39,409.39,409.39,0.0
1989-12-06,117.70999908447266,117.83999633789062,116.04000091552734,116.2300033569336,38500.0
1989-12-07,121.66000366210938,121.66000366210938,117.48999786376953,117.76000213623047,30800.0
1989-12-08,123.88999938964844,124.33000183105469,120.4000015258789,120.4000015258789,31900.0
1989-12-11,126.75,127.5,124.2699966430664,124.2699966430664,31300.0
1989-12-12,128.02000427246094,128.36000061035156,126.06999969482422,126.7699966430664,32200.0
1989-12-13,409.39,409.39,409.39,409.39,0.0
1989-12-14,409.39,409.39,409.39,409.39,0.0
1989-12-15,127.2300033569336,127.3499984741211,125.01000213623047,125.01000213623047,21900.0
1989-12-18,409.39,409.39,409.39,409.39,0.0
1989-12-19,409.39,409.39,409.39,409.39,0.0
1989-12-20,409.39,409.39,409.39,409.39,0.0
1989-12-21,409.39,409.39,409.39,409.39,0.0
1989-12-22,121.62000274658203,122.87000274658203,121.58000183105469,122.66000366210938,40800.0
1989-12-25,409.39,409.39,409.39,409.39,0.0
1989-12-26,118.54000091552734,121.27999877929688,118.54000091552734,121.27999877929688,31900.0
1989-12-27,117.4800033569336,119.97000122070312,116.94999694824219,118.76000213623047,46000.0
1989-12-28,117.16999816894531,117.44999694824219,116.25,117.26000213623047,50600.0
1989-12-29,409.39,409.39,409.39,409.39,0.0
1990-01-01,410.11,410.11,410.11,410.11,0.0
1990-01-02,410.11,410.11,410.11,410.11,0.0
1990-01-03,119.08000183105469,121.37000274658203,118.23999786376953,121.37000274658203,32200.0
1990-01-04,410.11,410.11,410.11,410.11,0.0
1990-01-05,410.11,410.11,410.11,410.11,0.0
1990-01-08,122.58000183105469,124.29000091552734,122.5199966430664,124.16999816894531,38500.0
1990-01-09,410.11,410.11,410.11,410.11,0.0
1990-01-10,410.11,410.11,410.11,410.11,0.0
1990-01-11,410.11,410.11,410.11,410.11,0.0
1990-01-12,410.11,410.11,410.11,410.11,0.0
1990-01-15,410.11,410.11,410.11,410.11,0.0
1990-01-16,410.11,410.11,410.11,410.11,0.0
1990-01-17,410.11,410.11,410.11,410.11,0.0
1990-01-18,130.00999450683594,134.10000610351562,128.9600067138672,134.02999877929688,25000.0
1990-01-19,410.11,410.11,410.11,410.11,0.0
1990-01-22,410.11,410.11,410.11,410.11,0.0
1990-01-23,410.11,410.11,410.11,410.11,0.0
1990-01-24,132.61000061035156,132.8699951171875,132.49000549316406,132.49000549316406,31300.0
1990-01-25,133.00999450683594,133.00999450683594,130.2100067138672,132.35000610351562,31400.0
1990-01-26,410.11,410.11,410.11,410.11,0.0
1990-01-29,410.11,410.11,410.11,410.11,0.0
1990-01-30,136.9600067138672,137.4600067138672,134.89999389648438,135.60000610351562,34900.0
1990-01-31,410.11,410.11,410.11,410.11,0.0
1990-02-01,132.22999572753906,132.47999572753906,131.24000549316406,131.24000549316406,24100.0
1990-02-02,131.0500030517578,132.74000549316406,130.5,132.14999389648438,32900.0
1990-02-05,416.81,416.81,416.81,416.81,0.0
1990-02-06,416.81,416.81,416.81,416.81,0.0
1990-02-07,132.52999877929688,136.69000244140625,132.30999755859375,135.27999877929688,37500.0
1990-02-08,133.0,133.38999938964844,131.99000549316406,132.72000122070312,35400.0
1990-02-09,416.81,416.81,416.81,416.81,0.0
1990-02-12,416.81,416.81,416.81,416.81,0.0
1990-02-13,416.81,416.81,416.81,416.81,0.0
1990-02-14,416.81,416.81,416.81,416.81,0.0
1990-02-15,416.81,416.81,416.81,416.81,0.0
1990-02-16,125.75,128.22999572753906,125.5,126.83999633789062,23100.0
1990-02-19,416.81,416.81,416.81,416.81,0.0
1990-02-20,416.81,416.81,416.81,416.81,0.0
1990-02-21,416.81,416.81,416.81,416.81,0.0
1990-02-22,416.81,416.81,416.81,416.81,0.0
1990-02-23,416.81,416.81,416.81,416.81,0.0
1990-02-26,118.30000305175781,121.4800033569336,116.25,121.29000091552734,34900.0
1990-02-27,416.81,416.81,416.81,416.81,0.0
1990-02-28,416.81,416.81,416.81,416.81,0.0
1990-03-01,122.63999938964844,122.69000244140625,120.19999694824219,120.6500015258789,31200.0
1990-03-02,121.55000305175781,122.30999755859375,120.69999694824219,121.9800033569336,29200.0
1990-03-05,393.06,393.06,393.06,393.06,0.0
1990-03-06,121.23999786376953,122.41000366210938,120.88999938964844,121.05999755859375,55100.0
1990-03-07,393.06,393.06,393.06,393.06,0.0
1990-03-08,393.06,393.06,393.06,393.06,0.0
1990-03-09,117.37999725341797,117.93000030517578,116.86000061035156,117.55000305175781,40800.0
1990-03-12,117.98999786376953,118.38999938964844,117.52999877929688,118.19000244140625,33900.0
1990-03-13,393.06,393.06,393.06,393.06,0.0
1990-03-14,118.2300033569336,118.58999633789062,117.13999938964844,117.52999877929688,23500.0
1990-03-15,121.5,121.5,118.19999694824219,118.19999694824219,20700.0
1990-03-16,122.83999633789062,123.9000015258789,121.98999786376953,121.98999786376953,53700.0
1990-03-19,393.06,393.06,393.06,393.06,0.0
1990-03-20,119.70999908447266,124.80000305175781,119.0999984741211,124.80000305175781,34500.0
1990-03-21,393.06,393.06,393.06,393.06,0.0
1990-03-22,393.06,393.06,393.06,393.06,0.0
1990-03-23,393.06,393.06,393.06,393.06,0.0
1990-03-26,109.37000274658203,111.55000305175781,109.23999786376953,110.5999984741211,26700.0
1990-03-27,110.13999938964844,111.19999694824219,109.94999694824219,110.58999633789062,27500.0
1990-03-28,110.7300033569336,111.19999694824219,110.05999755859375,110.4000015258789,42100.0
1990-03-29,112.81999969482422,113.30000305175781,110.91000366210938,110.91000366210938,37300.0
1990-03-30,112.70999908447266,112.70999908447266,111.5,112.58999633789062,21100.0
1990-04-02,374.24,374.24,374.24,374.24,0.0
1990-04-03,374.24,374.24,374.24,374.24,0.0
1990-04-04,374.24,374.24,374.24,374.24,0.0
1990-04-05,374.24,374.24,374.24,374.24,0.0
1990-04-06,374.24,374.24,374.24,374.24,0.0
1990-04-09,374.24,374.24,374.24,374.24,0.0
1990-04-10,374.24,374.24,374.24,374.24,0.0
1990-04-11,107.8499984741211,109.83999633789062,107.55999755859375,109.76000213623047,22900.0
1990-04-12,374.24,374.24,374.24,374.24,0.0
1990-04-13,374.24,374.24,374.24,374.24,0.0
1990-04-16,105.1500015258789,106.12999725341797,104.69000244140625,106.12999725341797,27000.0
1990-04-17,104.58000183105469,105.13999938964844,103.98999786376953,104.87999725341797,25000.0
1990-04-18,109.16999816894531,109.16999816894531,104.33999633789062,104.62999725341797,36700.0
1990-04-19,108.30000305175781,109.33999633789062,107.54000091552734,109.27999877929688,39400.0
1990-04-20,374.24,374.24,374.24,374.24,0.0
1990-04-23,105.13999938964844,106.41000366210938,103.73999786376953,104.33000183105469,33100.0
1990-04-24,104.44999694824219,105.58999633789062,103.72000122070312,104.5999984741211,37000.0
1990-04-25,101.63999938964844,103.45999908447266,101.63999938964844,103.45999908447266,43500.0
1990-04-26,101.93000030517578,103.13999938964844,101.93000030517578,102.0199966430664,29900.0
1990-04-27,374.24,374.24,374.24,374.24,0.0
1990-04-30,374.24,374.24,374.24,374.24,0.0
1990-05-01,100.05000305175781,100.97000122070312,98.68000030517578,99.8499984741211,26500.0
1990-05-02,98.48999786376953,99.93000030517578,97.73999786376953,99.79000091552734,33100.0
1990-05-03,99.80000305175781,99.80000305175781,98.22000122070312,98.7300033569336,29900.0
1990-05-04,99.25,100.01000213623047,98.16000366210938,99.77999877929688,27500.0
1990-05-07,369.05,369.05,369.05,369.05,0.0
1990-05-08,100.30000305175781,101.31999969482422,99.06999969482422,101.11000061035156,25100.0
1990-05-09,105.30999755859375,105.30999755859375,99.80999755859375,100.26000213623047,42200.0
1990-05-10,106.3499984741211,107.05000305175781,105.33999633789062,105.80000305175781,59000.0
1990-05-11,369.05,369.05,369.05,369.05,0.0
1990-05-14,369.05,369.05,369.05,369.05,0.0
1990-05-15,369.05,369.05,369.05,369.05,0.0
1990-05-16,369.05,369.05,369.05,369.05,0.0
1990-05-17,369.05,369.05,369.05,369.05,0.0
1990-05-18,106.91999816894531,106.94999694824219,103.1500015258789,103.55000305175781,20000.0
1990-05-21,109.23999786376953,109.23999786376953,106.83999633789062,107.0,27500.0
1990-05-22,369.05,369.05,369.05,369.05,0.0
1990-05-23,369.05,369.05,369.05,369.05,0.0
1990-05-24,106.76000213623047,107.36000061035156,106.52999877929688,106.52999877929688,29900.0
1990-05-25,106.79000091552734,107.0999984741211,106.16999816894531,106.61000061035156,18900.0
1990-05-28,369.05,369.05,369.05,369.05,0.0
1990-05-29,369.05,369.05,369.05,369.05,0.0
1990-05-30,369.05,369.05,369.05,369.05,0.0
1990-05-31,369.05,369.05,369.05,369.05,0.0
1990-06-01,352.33,352.33,352.33,352.33,0.0
1990-06-04,352.33,352.33,352.33,352.33,0.0
1990-06-05,102.08000183105469,102.08999633789062,100.29000091552734,101.33000183105469,44400.0
1990-06-06,352.33,352.33,352.33,352.33,0.0
1990-06-07,96.5999984741211,99.68000030517578,96.5999984741211,99.68000030517578,31300.0
1990-06-08,352.33,352.33,352.33,352.33,0.0
1990-06-11,97.19999694824219,97.19999694824219,95.66000366210938,95.66000366210938,21500.0
1990-06-12,352.33,352.33,352.33,352.33,0.0
1990-06-13,352.33,352.33,352.33,352.33,0.0
1990-06-14,91.69000244140625,94.37000274658203,91.66999816894531,94.37000274658203,18500.0
1990-06-15,352.33,352.33,352.33,352.33,0.0
1990-06-18,352.33,352.33,352.33,352.33,0.0
1990-06-19,95.0199966430664,95.61000061035156,94.44999694824219,94.4800033569336,26300.0
1990-06-20,98.62000274658203,98.62000274658203,94.97000122070312,94.97000122070312,22700.0
1990-06-21,352.33,352.33,352.33,352.33,0.0
1990-06-22,95.62999725341797,97.72000122070312,95.47000122070312,97.56999969482422,28900.0
1990-06-25,352.33,352.33,352.33,352.33,0.0
1990-06-26,352.33,352.33,352.33,352.33,0.0
1990-06-27,97.23999786376953,97.61000061035156,95.91000366210938,95.94000244140625,21300.0
1990-06-28,352.33,352.33,352.33,352.33,0.0
1990-06-29,352.33,352.33,352.33,352.33,0.0
1990-07-02,362.53,362.53,362.53,362.53,0.0
1990-07-03,103.16000366210938,104.02999877929688,100.97000122070312,101.19000244140625,48600.0
1990-07-04,362.53,362.53,362.53,362.53,0.0
1990-07-05,100.58999633789062,102.52999877929688,100.5199966430664,102.52999877929688,31300.0
1990-07-06,362.53,362.53,362.53,362.53,0.0
1990-07-09,362.53,362.53,362.53,362.53,0.0
1990-07-10,98.55999755859375,99.08999633789062,97.68000030517578,98.55999755859375,34800.0
1990-07-11,98.0,98.70999908447266,97.55000305175781,98.33000183105469,23200.0
1990-07-12,101.58999633789062,101.58999633789062,96.58999633789062,97.36000061035156,25400.0
1990-07-13,362.53,362.53,362.53,362.53,0.0
1990-07-16,105.62999725341797,105.62999725341797,103.94000244140625,104.5,24400.0
1990-07-17,106.27999877929688,106.69000244140625,104.37000274658203,105.12000274658203,29600.0
1990-07-18,362.53,362.53,362.53,362.53,0.0
1990-07-19,362.53,362.53,362.53,362.53,0.0
1990-07-20,103.4000015258789,104.47000122070312,103.1500015258789,104.43000030517578,32900.0
1990-07-23,106.02999877929688,106.4800033569336,105.05999755859375,105.05999755859375,38900.0
1990-07-24,105.61000061035156,106.56999969482422,105.16000366210938,106.05999755859375,34600.0
1990-07-25,107.98999786376953,108.52999877929688,106.91999816894531,106.91999816894531,33600.0
1990-07-26,362.53,362.53,362.53,362.53,0.0
1990-07-27,362.53,362.53,362.53,362.53,0.0
1990-07-30,362.53,362.53,362.53,362.53,0.0
1990-07-31,362.53,362.53,362.53,362.53,0.0
1990-08-01,111.45999908447266,112.22000122070312,108.44000244140625,108.80000305175781,52800.0
1990-08-02,394.73,394.73,394.73,394.73,0.0
1990-08-03,394.73,394.73,394.73,394.73,0.0
1990-08-06,394.73,394.73,394.73,394.73,0.0
1990-08-07,115.0999984741211,115.0999984741211,111.54000091552734,114.01000213623047,33700.0
1990-08-08,113.41000366210938,115.19999694824219,112.11000061035156,115.18000030517578,35600.0
1990-08-09,112.2300033569336,113.48999786376953,111.94000244140625,113.26000213623047,31000.0
1990-08-10,394.73,394.73,394.73,394.73,0.0
1990-08-13,394.73,394.73,394.73,394.73,0.0
1990-08-14,120.54000091552734,125.04000091552734,119.87000274658203,123.69999694824219,39800.0
1990-08-15,394.73,394.73,394.73,394.73,0.0
1990-08-16,394.73,394.73,394.73,394.73,0.0
1990-08-17,124.27999877929688,124.58999633789062,123.0999984741211,123.83999633789062,21500.0
1990-08-20,394.73,394.73,394.73,394.73,0.0
1990-08-21,394.73,394.73,394.73,394.73,0.0
1990-08-22,394.73,394.73,394.73,394.73,0.0
1990-08-23,119.52999877929688,124.37000274658203,118.88999938964844,123.61000061035156,31600.0
1990-08-24,394.73,394.73,394.73,394.73,0.0
1990-08-27,394.73,394.73,394.73,394.73,0.0
1990-08-28,394.73,394.73,394.73,394.73,0.0
1990-08-29,394.73,394.73,394.73,394.73,0.0
1990-08-30,108.16000366210938,111.13999938964844,107.69999694824219,109.83000183105469,20900.0
1990-08-31,108.05000305175781,108.54000091552734,106.93000030517578,108.43000030517578,13700.0
1990-09-03,389.32,389.32,389.32,389.32,0.0
1990-09-04,389.32,389.32,389.32,389.32,0.0
1990-09-05,389.32,389.32,389.32,389.32,0.0
1990-09-06,389.32,389.32,389.32,389.32,0.0
1990-09-07,105.77999877929688,106.62999725341797,105.19000244140625,106.37000274658203,19400.0
1990-09-10,101.91999816894531,104.83999633789062,100.7699966430664,104.83999633789062,19500.0
1990-09-11,103.05999755859375,103.47000122070312,101.26000213623047,101.33999633789062,22200.0
1990-09-12,389.32,389.32,389.32,389.32,0.0
1990-09-13,103.19999694824219,103.43000030517578,102.12000274658203,102.63999938964844,20900.0
1990-09-14,105.29000091552734,105.30000305175781,103.80000305175781,103.8499984741211,21100.0
1990-09-17,107.4000015258789,107.66000366210938,106.1500015258789,106.23999786376953,27900.0
1990-09-18,105.44999694824219,106.30000305175781,105.18000030517578,106.22000122070312,23800.0
1990-09-19,103.83000183105469,105.16000366210938,103.47000122070312,105.16000366210938,21700.0
1990-09-20,104.79000091552734,104.79000091552734,103.02999877929688,103.81999969482422,28200.0
1990-09-21,105.41000366210938,106.33000183105469,104.41000366210938,104.9000015258789,26000.0
1990-09-24,389.32,389.32,389.32,389.32,0.0
1990-09-25,389.32,389.32,389.32,389.32,0.0
1990-09-26,389.32,389.32,389.32,389.32,0.0
1990-09-27,109.08000183105469,111.55999755859375,108.83000183105469,111.55999755859375,34500.0
1990-09-28,389.32,389.32,389.32,389.32,0.0
1990-10-01,380.74,380.74,380.74,380.74,0.0
1990-10-02,380.74,380.74,380.74,380.74,0.0
1990-10-03,103.48999786376953,103.76000213623047,101.9000015258789,102.0999984741211,25100.0
1990-10-04,102.41999816894531,104.54000091552734,101.69000244140625,104.08999633789062,37000.0
1990-10-05,380.74,380.74,380.74,380.74,0.0
1990-10-08,100.30000305175781,101.3499984741211,99.66999816894531,100.63999938964844,46400.0
1990-10-09,97.51000213623047,101.41000366210938,96.94000244140625,100.73999786376953,25500.0
1990-10-10,96.7300033569336,98.16999816894531,96.0999984741211,97.8499984741211,32500.0
1990-10-11,380.74,380.74,380.74,380.74,0.0
1990-10-12,92.7300033569336,94.51000213623047,92.12000274658203,93.66999816894531,27400.0
1990-10-15,87.19000244140625,91.91000366210938,87.02999877929688,91.91000366210938,30400.0
1990-10-16,86.16000366210938,87.41000366210938,83.48999786376953,85.44000244140625,33400.0
1990-10-17,88.25,88.33999633789062,86.58999633789062,86.61000061035156,34400.0
1990-10-18,380.74,380.74,380.74,380.74,0.0
1990-10-19,89.54000091552734,90.5199966430664,89.18000030517578,90.38999938964844,30600.0
1990-10-22,88.41999816894531,88.88999938964844,87.81999969482422,88.86000061035156,25900.0
1990-10-23,380.74,380.74,380.74,380.74,0.0
1990-10-24,88.87999725341797,88.88999938964844,86.7300033569336,87.08999633789062,23700.0
1990-10-25,90.55000305175781,91.4800033569336,88.77999877929688,89.04000091552734,30200.0
1990-10-26,88.08000183105469,90.4000015258789,87.66999816894531,90.4000015258789,15900.0
1990-10-29,88.44000244140625,88.86000061035156,87.76000213623047,88.05000305175781,48400.0
1990-10-30,90.33999633789062,90.44000244140625,87.58000183105469,88.33000183105469,43900.0
1990-10-31,89.77999877929688,90.08999633789062,88.87000274658203,89.97000122070312,38000.0
1990-11-01,381.73,381.73,381.73,381.73,0.0
1990-11-02,89.37000274658203,90.73999786376953,89.12999725341797,90.73999786376953,39600.0
1990-11-05,91.44999694824219,92.22000122070312,89.37000274658203,89.37000274658203,23600.0
1990-11-06,91.8499984741211,92.22000122070312,90.72000122070312,90.98999786376953,27000.0
1990-11-07,90.77999877929688,91.91000366210938,90.77999877929688,91.37000274658203,28200.0
1990-11-08,381.73,381.73,381.73,381.73,0.0
1990-11-09,381.73,381.73,381.73,381.73,0.0
1990-11-12,381.73,381.73,381.73,381.73,0.0
1990-11-13,381.73,381.73,381.73,381.73,0.0
1990-11-14,381.73,381.73,381.73,381.73,0.0
1990-11-15,85.91999816894531,86.75,85.3499984741211,86.33999633789062,27100.0
1990-11-16,85.93000030517578,86.56999969482422,85.23999786376953,86.13999938964844,24300.0
1990-11-19,86.16000366210938,86.69999694824219,84.98999786376953,85.7300033569336,29000.0
1990-11-20,381.73,381.73,381.73,381.73,0.0
1990-11-21,82.44000244140625,83.4000015258789,81.56999969482422,83.4000015258789,27900.0
1990-11-22,381.73,381.73,381.73,381.73,0.0
1990-11-23,83.27999877929688,83.72000122070312,82.5999984741211,82.62999725341797,15600.0
1990-11-26,84.54000091552734,84.73999786376953,83.80999755859375,84.16999816894531,22300.0
1990-11-27,84.83000183105469,85.0,83.5199966430664,84.16000366210938,31800.0
1990-11-28,381.73,381.73,381.73,381.73,0.0
1990-11-29,86.37000274658203,87.16000366210938,85.94000244140625,86.16000366210938,22200.0
1990-11-30,85.23999786376953,86.47000122070312,84.54000091552734,86.33000183105469,26000.0
1990-12-03,376.95,376.95,376.95,376.95,0.0
1990-12-04,376.95,376.95,376.95,376.95,0.0
1990-12-05,376.95,376.95,376.95,376.95,0.0
1990-12-06,376.95,376.95,376.95,376.95,0.0
1990-12-07,81.44999694824219,81.52999877929688,80.5199966430664,80.5199966430664,23800.0
1990-12-10,83.43000030517578,83.43000030517578,82.05999755859375,82.05999755859375,27300.0
1990-12-11,81.80000305175781,82.88999938964844,81.69999694824219,82.79000091552734,32000.0
1990-12-12,83.0999984741211,83.0999984741211,81.47000122070312,81.83000183105469,33700.0
1990-12-13,83.58000183105469,83.87000274658203,82.13999938964844,82.6500015258789,24000.0
1990-12-14,83.94000244140625,84.6500015258789,83.11000061035156,83.31999969482422,23300.0
1990-12-17,84.1500015258789,84.16999816894531,83.29000091552734,83.66999816894531,21200.0
1990-12-18,83.02999877929688,84.0199966430664,82.95999908447266,83.51000213623047,25400.0
1990-12-19,88.20999908447266,88.20999908447266,82.72000122070312,82.83000183105469,30900.0
1990-12-20,89.26000213623047,90.22000122070312,87.98999786376953,89.20999908447266,31300.0
1990-12-21,88.19000244140625,89.86000061035156,87.44000244140625,89.86000061035156,27800.0
1990-12-24,376.95,376.95,376.95,376.95,0.0
1990-12-25,376.95,376.95,376.95,376.95,0.0
1990-12-26,376.95,376.95,376.95,376.95,0.0
1990-12-27,376.95,376.95,376.95,376.95,0.0
1990-12-28,376.95,376.95,376.95,376.95,0.0
1990-12-31,376.95,376.95,376.95,376.95,0.0
1991-01-01,383.64,383.64,383.64,383.64,0.0
1991-01-02,383.64,383.64,383.64,383.64,0.0
1991-01-03,94.29000091552734,94.29000091552734,92.55000305175781,94.1500015258789,22600.0
1991-01-04,90.91999816894531,94.23999786376953,90.87000274658203,94.01000213623047,23500.0
1991-01-07,383.64,383.64,383.64,383.64,0.0
1991-01-08,95.56999969482422,95.87999725341797,94.1500015258789,95.87999725341797,36300.0
1991-01-09,94.62999725341797,95.22000122070312,90.0199966430664,94.19999694824219,27300.0
1991-01-10,93.2699966430664,94.48999786376953,93.0,94.37999725341797,20700.0
1991-01-11,93.5999984741211,94.18000030517578,93.13999938964844,93.6500015258789,25700.0
1991-01-14,94.37999725341797,97.44999694824219,94.02999877929688,95.69000244140625,30100.0
1991-01-15,383.64,383.64,383.64,383.64,0.0
1991-01-16,92.5,94.80000305175781,92.5,94.69999694824219,17200.0
1991-01-17,85.0,90.22000122070312,84.66000366210938,90.01000213623047,37400.0
1991-01-18,85.4800033569336,86.76000213623047,84.94000244140625,85.36000061035156,22200.0
1991-01-21,383.64,383.64,383.64,383.64,0.0
1991-01-22,87.0199966430664,87.0199966430664,86.0,86.52999877929688,21900.0
1991-01-23,383.64,383.64,383.64,383.64,0.0
1991-01-24,83.30000305175781,83.6500015258789,81.91000366210938,83.6500015258789,31300.0
1991-01-25,83.02999877929688,83.4800033569336,82.5,83.30999755859375,29000.0
1991-01-28,82.55000305175781,82.68000030517578,81.9000015258789,82.68000030517578,19000.0
1991-01-29,383.64,383.64,383.64,383.64,0.0
1991-01-30,80.18000030517578,80.4800033569336,79.58000183105469,79.81999969482422,53500.0
1991-01-31,80.30999755859375,80.98999786376953,79.83999633789062,80.05000305175781,24900.0
1991-02-01,80.33000183105469,80.81999969482422,79.7300033569336,80.23999786376953,29500.0
1991-02-04,78.0,80.51000213623047,77.91000366210938,80.51000213623047,46000.0
1991-02-05,78.61000061035156,78.80000305175781,77.18000030517578,77.61000061035156,59000.0
1991-02-06,82.86000061035156,82.94999694824219,77.36000061035156,77.66999816894531,35300.0
1991-02-07,85.44999694824219,86.37000274658203,83.0199966430664,83.0199966430664,51400.0
1991-02-08,363.83,363.83,363.83,363.83,0.0
1991-02-11,363.83,363.83,363.83,363.83,0.0
1991-02-12,363.83,363.83,363.83,363.83,0.0
1991-02-13,363.83,363.83,363.83,363.83,0.0
1991-02-14,363.83,363.83,363.83,363.83,0.0
1991-02-15,363.83,363.83,363.83,363.83,0.0
1991-02-18,363.83,363.83,363.83,363.83,0.0
1991-02-19,363.83,363.83,363.83,363.83,0.0
1991-02-20,363.83,363.83,363.83,363.83,0.0
1991-02-21,83.31999969482422,83.76000213623047,82.62999725341797,83.12999725341797,30000.0
1991-02-22,79.62000274658203,81.9800033569336,79.08000183105469,81.9800033569336,39100.0
1991-02-25,80.80000305175781,81.37999725341797,79.33999633789062,79.3499984741211,34500.0
1991-02-26,363.83,363.83,363.83,363.83,0.0
1991-02-27,363.83,363.83,363.83,363.83,0.0
1991-02-28,363.83,363.83,363.83,363.83,0.0
1991-03-01,86.86000061035156,87.13999938964844,85.9000015258789,86.58999633789062,23500.0
1991-03-04,363.34,363.34,363.34,363.34,0.0
1991-03-05,87.93000030517578,88.55000305175781,87.0199966430664,88.55000305175781,35100.0
1991-03-06,363.34,363.34,363.34,363.34,0.0
1991-03-07,86.94000244140625,88.0999984741211,86.69999694824219,87.86000061035156,42700.0
1991-03-08,90.83000183105469,90.87999725341797,86.86000061035156,86.86000061035156,25500.0
1991-03-11,363.34,363.34,363.34,363.34,0.0
1991-03-12,363.34,363.34,363.34,363.34,0.0
1991-03-13,363.34,363.34,363.34,363.34,0.0
1991-03-14,363.34,363.34,363.34,363.34,0.0
1991-03-15,363.34,363.34,363.34,363.34,0.0
1991-03-18,363.34,363.34,363.34,363.34,0.0
1991-03-19,363.34,363.34,363.34,363.34,0.0
1991-03-20,85.77999877929688,87.04000091552734,85.23999786376953,86.54000091552734,29300.0
1991-03-21,363.34,363.34,363.34,363.34,0.0
1991-03-22,85.5199966430664,85.80000305175781,85.05000305175781,85.58999633789062,24000.0
1991-03-25,363.34,363.34,363.34,363.34,0.0
1991-03-26,83.30000305175781,83.5199966430664,82.73999786376953,83.43000030517578,24800.0
1991-03-27,363.34,363.34,363.34,363.34,0.0
1991-03-28,363.34,363.34,363.34,363.34,0.0
1991-03-29,363.34,363.34,363.34,363.34,0.0
1991-04-01,358.38,358.38,358.38,358.38,0.0
1991-04-02,358.38,358.38,358.38,358.38,0.0
1991-04-03,358.38,358.38,358.38,358.38,0.0
1991-04-04,86.63999938964844,87.87000274658203,86.58000183105469,87.3499984741211,34400.0
1991-04-05,358.38,358.38,358.38,358.38,0.0
1991-04-08,87.06999969482422,87.06999969482422,85.33999633789062,85.33999633789062,30700.0
1991-04-09,358.38,358.38,358.38,358.38,0.0
1991-04-10,358.38,358.38,358.38,358.38,0.0
1991-04-11,358.38,358.38,358.38,358.38,0.0
1991-04-12,84.80999755859375,86.0199966430664,84.16999816894531,85.76000213623047,23400.0
1991-04-15,83.43000030517578,84.94999694824219,82.87000274658203,84.77999877929688,25600.0
1991-04-16,358.38,358.38,358.38,358.38,0.0
1991-04-17,358.38,358.38,358.38,358.38,0.0
1991-04-18,358.38,358.38,358.38,358.38,0.0
1991-04-19,80.81999969482422,81.44000244140625,80.33000183105469,81.44000244140625,27700.0
1991-04-22,83.3499984741211,83.37000274658203,79.9800033569336,80.55999755859375,32600.0
1991-04-23,82.87000274658203,82.9800033569336,81.66999816894531,82.9800033569336,28200.0
1991-04-24,358.38,358.38,358.38,358.38,0.0
1991-04-25,79.80000305175781,81.12000274658203,79.33000183105469,80.9000015258789,26200.0
1991-04-26,358.38,358.38,358.38,358.38,0.0
1991-04-29,78.16999816894531,79.25,78.12999725341797,79.25,59900.0
1991-04-30,80.56999969482422,80.58000183105469,79.2300033569336,79.37999725341797,27700.0
1991-05-01,79.83999633789062,80.75,79.79000091552734,80.6500015258789,27700.0
1991-05-02,80.58999633789062,80.58999633789062,79.25,79.44000244140625,31500.0
1991-05-03,78.83000183105469,80.22000122070312,78.5199966430664,80.22000122070312,25300.0
1991-05-06,80.0999984741211,80.0999984741211,78.41999816894531,79.0199966430664,23700.0
1991-05-07,356.95,356.95,356.95,356.95,0.0
1991-05-08,356.95,356.95,356.95,356.95,0.0
1991-05-09,356.95,356.95,356.95,356.95,0.0
1991-05-10,356.95,356.95,356.95,356.95,0.0
1991-05-13,79.44999694824219,79.44999694824219,77.94000244140625,78.41999816894531,29400.0
1991-05-14,356.95,356.95,356.95,356.95,0.0
1991-05-15,80.72000122070312,81.51000213623047,79.81999969482422,79.81999969482422,30700.0
1991-05-16,356.95,356.95,356.95,356.95,0.0
1991-05-17,78.3499984741211,79.41000366210938,78.3499984741211,79.19999694824219,33100.0
1991-05-20,356.95,356.95,356.95,356.95,0.0
1991-05-21,356.95,356.95,356.95,356.95,0.0
1991-05-22,356.95,356.95,356.95,356.95,0.0
1991-05-23,356.95,356.95,356.95,356.95,0.0
1991-05-24,356.95,356.95,356.95,356.95,0.0
1991-05-27,356.95,356.95,356.95,356.95,0.0
1991-05-28,356.95,356.95,356.95,356.95,0.0
1991-05-29,356.95,356.95,356.95,356.95,0.0
1991-05-30,356.95,356.95,356.95,356.95,0.0
1991-05-31,82.31999969482422,82.37000274658203,81.55999755859375,82.16999816894531,29600.0
1991-06-03,366.72,366.72,366.72,366.72,0.0
1991-06-04,83.52999877929688,83.69999694824219,82.95999908447266,83.52999877929688,56200.0
1991-06-05,83.94000244140625,84.3499984741211,82.86000061035156,83.52999877929688,30300.0
1991-06-06,87.93000030517578,88.06999969482422,84.51000213623047,84.51000213623047,26800.0
1991-06-07,366.72,366.72,366.72,366.72,0.0
1991-06-10,366.72,366.72,366.72,366.72,0.0
1991-06-11,89.66999816894531,89.83999633789062,88.54000091552734,89.83999633789062,24900.0
1991-06-12,366.72,366.72,366.72,366.72,0.0
1991-06-13,88.43000030517578,88.80000305175781,88.16000366210938,88.7300033569336,23700.0
1991-06-14,86.58000183105469,88.38999938964844,86.44000244140625,88.20999908447266,25500.0
1991-06-17,366.72,366.72,366.72,366.72,0.0
1991-06-18,87.93000030517578,88.62999725341797,87.25,88.12000274658203,23800.0
1991-06-19,366.72,366.72,366.72,366.72,0.0
1991-06-20,87.72000122070312,88.27999877929688,87.05000305175781,88.19999694824219,23500.0
1991-06-21,85.58999633789062,87.61000061035156,85.58000183105469,87.52999877929688,28300.0
1991-06-24,84.04000091552734,85.06999969482422,82.93000030517578,85.06999969482422,22600.0
1991-06-25,85.44999694824219,85.5199966430664,84.1500015258789,84.1500015258789,30000.0
1991-06-26,88.19999694824219,88.19999694824219,85.72000122070312,85.72000122070312,27200.0
1991-06-27,88.19999694824219,88.88999938964844,87.5999984741211,87.94999694824219,28800.0
1991-06-28,366.72,366.72,366.72,366.72,0.0
1991-07-01,367.69,367.69,367.69,367.69,0.0
1991-07-02,367.69,367.69,367.69,367.69,0.0
1991-07-03,94.69999694824219,95.0199966430664,92.38999938964844,92.38999938964844,25600.0
1991-07-04,367.69,367.69,367.69,367.69,0.0
1991-07-05,94.52999877929688,95.58000183105469,94.1500015258789,94.77999877929688,13800.0
1991-07-08,367.69,367.69,367.69,367.69,0.0
1991-07-09,367.69,367.69,367.69,367.69,0.0
1991-07-10,93.27999877929688,95.4000015258789,93.27999877929688,94.58999633789062,27500.0
1991-07-11,367.69,367.69,367.69,367.69,0.0
1991-07-12,92.2699966430664,92.44000244140625,90.63999938964844,91.0,31100.0
1991-07-15,93.58000183105469,93.69999694824219,92.20999908447266,92.20999908447266,36800.0
1991-07-16,92.88999938964844,93.77999877929688,92.75,93.41999816894531,30900.0
1991-07-17,367.69,367.69,367.69,367.69,0.0
1991-07-18,367.69,367.69,367.69,367.69,0.0
1991-07-19,367.69,367.69,367.69,367.69,0.0
1991-07-22,367.69,367.69,367.69,367.69,0.0
1991-07-23,367.69,367.69,367.69,367.69,0.0
1991-07-24,367.69,367.69,367.69,367.69,0.0
1991-07-25,89.02999877929688,90.51000213623047,88.9800033569336,90.05000305175781,28100.0
1991-07-26,367.69,367.69,367.69,367.69,0.0
1991-07-29,367.69,367.69,367.69,367.69,0.0
1991-07-30,367.69,367.69,367.69,367.69,0.0
1991-07-31,367.69,367.69,367.69,367.69,0.0
1991-08-01,356.31,356.31,356.31,356.31,0.0
1991-08-02,356.31,356.31,356.31,356.31,0.0
1991-08-05,356.31,356.31,356.31,356.31,0.0
1991-08-06,356.31,356.31,356.31,356.31,0.0
1991-08-07,356.31,356.31,356.31,356.31,0.0
1991-08-08,356.31,356.31,356.31,356.31,0.0
1991-08-09,84.58999633789062,85.16000366210938,84.25,84.44999694824219,57200.0
1991-08-12,83.38999938964844,84.38999938964844,83.2699966430664,84.36000061035156,50200.0
1991-08-13,82.70999908447266,83.30000305175781,82.36000061035156,82.95999908447266,85700.0
1991-08-14,356.31,356.31,356.31,356.31,0.0
1991-08-15,356.31,356.31,356.31,356.31,0.0
1991-08-16,356.31,356.31,356.31,356.31,0.0
1991-08-19,356.31,356.31,356.31,356.31,0.0
1991-08-20,356.31,356.31,356.31,356.31,0.0
1991-08-21,81.19999694824219,82.91999816894531,80.86000061035156,82.91999816894531,13000.0
1991-08-22,356.31,356.31,356.31,356.31,0.0
1991-08-23,356.31,356.31,356.31,356.31,0.0
1991-08-26,79.83999633789062,79.83999633789062,78.5199966430664,78.70999908447266,4800.0
1991-08-27,79.01000213623047,79.38999938964844,78.63999938964844,79.20999908447266,5300.0
1991-08-28,356.31,356.31,356.31,356.31,0.0
1991-08-29,356.31,356.31,356.31,356.31,0.0
1991-08-30,75.91000366210938,76.08000183105469,74.88999938964844,75.77999877929688,4400.0
1991-09-02,348.74,348.74,348.74,348.74,0.0
1991-09-03,79.04000091552734,79.19999694824219,75.43000030517578,75.94999694824219,3900.0
1991-09-04,77.95999908447266,78.66999816894531,77.6500015258789,78.66999816894531,6100.0
1991-09-05,76.66000366210938,77.69999694824219,76.5999984741211,77.58999633789062,6700.0
1991-09-06,78.37000274658203,78.5999984741211,76.80999755859375,76.80999755859375,7500.0
1991-09-09,348.74,348.74,348.74,348.74,0.0
1991-09-10,348.74,348.74,348.74,348.74,0.0
1991-09-11,348.74,348.74,348.74,348.74,0.0
1991-09-12,74.87999725341797,75.80999755859375,74.41000366210938,75.25,8000.0
1991-09-13,348.74,348.74,348.74,348.74,0.0
1991-09-16,348.74,348.74,348.74,348.74,0.0
1991-09-17,348.74,348.74,348.74,348.74,0.0
1991-09-18,348.74,348.74,348.74,348.74,0.0
1991-09-19,348.74,348.74,348.74,348.74,0.0
1991-09-20,348.74,348.74,348.74,348.74,0.0
1991-09-23,77.16000366210938,77.16000366210938,75.05999755859375,75.12999725341797,72000.0
1991-09-24,348.74,348.74,348.74,348.74,0.0
1991-09-25,348.74,348.74,348.74,348.74,0.0
1991-09-26,348.74,348.74,348.74,348.74,0.0
1991-09-27,348.74,348.74,348.74,348.74,0.0
1991-09-30,78.83000183105469,78.91999816894531,77.95999908447266,77.95999908447266,82200.0
1991-10-01,358.69,358.69,358.69,358.69,0.0
1991-10-02,78.58000183105469,79.16000366210938,77.62999725341797,77.62999725341797,106600.0
1991-10-03,358.69,358.69,358.69,358.69,0.0
1991-10-04,358.69,358.69,358.69,358.69,0.0
1991-10-07,358.69,358.69,358.69,358.69,0.0
1991-10-08,77.97000122070312,79.61000061035156,77.86000061035156,79.5,103600.0
1991-10-09,79.1500015258789,79.58000183105469,77.91999816894531,77.94999694824219,133400.0
1991-10-10,358.69,358.69,358.69,358.69,0.0
1991-10-11,81.0,81.0,78.0999984741211,78.37999725341797,80200.0
1991-10-14,80.88999938964844,81.38999938964844,80.63999938964844,80.87999725341797,38500.0
1991-10-15,80.91000366210938,82.05999755859375,80.01000213623047,80.77999877929688,98300.0
1991-10-16,358.69,358.69,358.69,358.69,0.0
1991-10-17,84.31999969482422,84.38999938964844,81.88999938964844,81.88999938964844,73200.0
1991-10-18,358.69,358.69,358.69,358.69,0.0
1991-10-21,358.69,358.69,358.69,358.69,0.0
1991-10-22,86.56999969482422,86.81999969482422,85.22000122070312,85.86000061035156,99500.0
1991-10-23,85.12999725341797,86.12999725341797,85.12999725341797,86.12999725341797,79300.0
1991-10-24,84.87999725341797,85.5199966430664,84.41000366210938,84.72000122070312,67500.0
1991-10-25,84.66000366210938,85.7699966430664,84.44000244140625,85.0999984741211,28600.0
1991-10-28,83.58999633789062,83.91999816894531,82.88999938964844,83.8499984741211,69300.0
1991-10-29,84.2300033569336,85.0,82.73999786376953,83.0199966430664,126400.0
1991-10-30,358.69,358.69,358.69,358.69,0.0
1991-10-31,358.69,358.69,358.69,358.69,0.0
1991-11-01,360.17,360.17,360.17,360.17,0.0
1991-11-04,360.17,360.17,360.17,360.17,0.0
1991-11-05,80.0999984741211,81.4000015258789,80.0199966430664,81.25,76200.0
1991-11-06,360.17,360.17,360.17,360.17,0.0
1991-11-07,360.17,360.17,360.17,360.17,0.0
1991-11-08,360.17,360.17,360.17,360.17,0.0
1991-11-11,79.45999908447266,79.91999816894531,78.91000366210938,79.33000183105469,45300.0
1991-11-12,79.55999755859375,79.83000183105469,78.76000213623047,79.44000244140625,97600.0
1991-11-13,79.52999877929688,80.61000061035156,79.05999755859375,79.97000122070312,87800.0
1991-11-14,79.16999816894531,79.5,78.58000183105469,79.08000183105469,106100.0
1991-11-15,360.17,360.17,360.17,360.17,0.0
1991-11-18,80.86000061035156,81.5,80.36000061035156,81.5,135500.0
1991-11-19,82.02999877929688,82.93000030517578,81.55999755859375,81.55999755859375,117300.0
1991-11-20,360.17,360.17,360.17,360.17,0.0
1991-11-21,360.17,360.17,360.17,360.17,0.0
1991-11-22,85.5999984741211,86.41000366210938,85.33000183105469,85.79000091552734,89700.0
1991-11-25,360.17,360.17,360.17,360.17,0.0
1991-11-26,83.58000183105469,85.27999877929688,83.58000183105469,84.95999908447266,82200.0
1991-11-27,360.17,360.17,360.17,360.17,0.0
1991-11-28,360.17,360.17,360.17,360.17,0.0
1991-11-29,360.17,360.17,360.17,360.17,0.0
1991-12-02,361.73,361.73,361.73,361.73,0.0
1991-12-03,361.73,361.73,361.73,361.73,0.0
1991-12-04,361.73,361.73,361.73,361.73,0.0
1991-12-05,84.93000030517578,84.93000030517578,82.0199966430664,82.52999877929688,64100.0
1991-12-06,85.2300033569336,85.61000061035156,84.66999816894531,84.9000015258789,81500.0
1991-12-09,85.43000030517578,86.63999938964844,84.83999633789062,85.94999694824219,64200.0
1991-12-10,84.83000183105469,85.58000183105469,84.51000213623047,85.43000030517578,78600.0
1991-12-11,83.05999755859375,84.62999725341797,82.55000305175781,84.55999755859375,66400.0
1991-12-12,79.77999877929688,82.37999725341797,79.2699966430664,82.37999725341797,72800.0
1991-12-13,79.8499984741211,80.36000061035156,79.54000091552734,80.19999694824219,95900.0
1991-12-16,78.47000122070312,80.27999877929688,77.75,80.12999725341797,63800.0
1991-12-17,361.73,361.73,361.73,361.73,0.0
1991-12-18,361.73,361.73,361.73,361.73,0.0
1991-12-19,361.73,361.73,361.73,361.73,0.0
1991-12-20,361.73,361.73,361.73,361.73,0.0
1991-12-23,76.0,76.0,74.55999755859375,75.16999816894531,142500.0
1991-12-24,75.70999908447266,76.16999816894531,75.26000213623047,76.06999969482422,47800.0
1991-12-25,361.73,361.73,361.73,361.73,0.0
1991-12-26,361.73,361.73,361.73,361.73,0.0
1991-12-27,74.33000183105469,74.44000244140625,73.5199966430664,73.77999877929688,61800.0
1991-12-30,75.36000061035156,75.44000244140625,74.0199966430664,74.12000274658203,59500.0
1991-12-31,80.79000091552734,80.79000091552734,75.38999938964844,75.38999938964844,52800.0
1992-01-01,354.45,354.45,354.45,354.45,0.0
1992-01-02,79.81999969482422,79.81999969482422,78.38999938964844,79.01000213623047,75900.0
1992-01-03,354.45,354.45,354.45,354.45,0.0
1992-01-06,77.5999984741211,78.76000213623047,77.38999938964844,78.76000213623047,118400.0
1992-01-07,75.69999694824219,77.19000244140625,75.5999984741211,77.19000244140625,81000.0
1992-01-08,75.9000015258789,76.27999877929688,75.54000091552734,76.2300033569336,77400.0
1992-01-09,354.45,354.45,354.45,354.45,0.0
1992-01-10,79.05999755859375,81.5199966430664,79.05999755859375,81.22000122070312,75500.0
1992-01-13,77.7300033569336,78.80000305175781,77.69999694824219,78.80000305175781,70500.0
1992-01-14,79.0999984741211,79.66999816894531,77.87999725341797,77.87999725341797,98900.0
1992-01-15,79.7699966430664,80.37999725341797,79.12999725341797,79.91000366210938,125200.0
1992-01-16,354.45,354.45,354.45,354.45,0.0
1992-01-17,354.45,354.45,354.45,354.45,0.0
1992-01-20,354.45,354.45,354.45,354.45,0.0
1992-01-21,84.66999816894531,85.69999694824219,84.30999755859375,85.68000030517578,78600.0
1992-01-22,354.45,354.45,354.45,354.45,0.0
1992-01-23,354.45,354.45,354.45,354.45,0.0
1992-01-24,81.5,81.97000122070312,80.87000274658203,81.69999694824219,98700.0
1992-01-27,82.81999969482422,82.93000030517578,81.86000061035156,81.97000122070312,70100.0
1992-01-28,354.45,354.45,354.45,354.45,0.0
1992-01-29,81.66999816894531,83.69000244140625,81.66999816894531,83.3499984741211,69300.0
1992-01-30,81.1500015258789,82.37000274658203,80.70999908447266,82.06999969482422,94700.0
1992-01-31,354.45,354.45,354.45,354.45,0.0
1992-02-03,83.72000122070312,84.23999786376953,82.68000030517578,83.13999938964844,58300.0
1992-02-04,82.72000122070312,83.91999816894531,82.72000122070312,83.52999877929688,89800.0
1992-02-05,82.83000183105469,83.51000213623047,82.29000091552734,82.30000305175781,96700.0
1992-02-06,84.05000305175781,84.56999969482422,83.19999694824219,83.19999694824219,99300.0
1992-02-07,82.91999816894531,84.18000030517578,81.94000244140625,84.16000366210938,114900.0
1992-02-10,353.91,353.91,353.91,353.91,0.0
1992-02-11,353.91,353.91,353.91,353.91,0.0
1992-02-12,353.91,353.91,353.91,353.91,0.0
1992-02-13,353.91,353.91,353.91,353.91,0.0
1992-02-14,81.98999786376953,83.72000122070312,81.98999786376953,83.36000061035156,144600.0
1992-02-17,353.91,353.91,353.91,353.91,0.0
1992-02-18,82.41000366210938,82.41000366210938,81.01000213623047,81.75,121100.0
1992-02-19,353.91,353.91,353.91,353.91,0.0
1992-02-20,83.68000030517578,83.68000030517578,82.48999786376953,83.1500015258789,113100.0
1992-02-21,353.91,353.91,353.91,353.91,0.0
1992-02-24,353.91,353.91,353.91,353.91,0.0
1992-02-25,353.91,353.91,353.91,353.91,0.0
1992-02-26,80.83999633789062,80.86000061035156,80.12999725341797,80.62000274658203,66500.0
1992-02-27,353.91,353.91,353.91,353.91,0.0
1992-02-28,353.91,353.91,353.91,353.91,0.0
1992-03-02,80.58999633789062,80.66999816894531,79.91000366210938,80.66999816894531,57800.0
1992-03-03,80.18000030517578,80.66999816894531,79.95999908447266,80.62000274658203,54200.0
1992-03-04,80.30999755859375,80.69999694824219,79.7699966430664,80.23999786376953,120900.0
1992-03-05,344.34,344.34,344.34,344.34,0.0
1992-03-06,79.97000122070312,80.11000061035156,78.98999786376953,80.11000061035156,70200.0
1992-03-09,78.68000030517578,79.41000366210938,78.51000213623047,79.41000366210938,48600.0
1992-03-10,79.16000366210938,79.55000305175781,78.0999984741211,78.56999969482422,76100.0
1992-03-11,79.25,80.05999755859375,77.9800033569336,78.9000015258789,67700.0
1992-03-12,77.26000213623047,78.31999969482422,76.79000091552734,78.23999786376953,70800.0
1992-03-13,75.56999969482422,77.38999938964844,74.94999694824219,77.05999755859375,114200.0
1992-03-16,75.05999755859375,75.2300033569336,73.91999816894531,75.2300033569336,61600.0
1992-03-17,73.87000274658203,74.04000091552734,72.9000015258789,74.04000091552734,91200.0
1992-03-18,344.34,344.34,344.34,344.34,0.0
1992-03-19,73.1500015258789,73.48999786376953,72.13999938964844,72.58000183105469,64800.0
1992-03-20,72.16999816894531,73.5199966430664,72.08999633789062,73.02999877929688,107500.0
1992-03-23,71.98999786376953,72.33000183105469,71.33999633789062,72.16999816894531,51800.0
1992-03-24,71.33000183105469,72.3499984741211,70.7300033569336,72.06999969482422,55100.0
1992-03-25,344.34,344.34,344.34,344.34,0.0
1992-03-26,71.2699966430664,71.80000305175781,71.19000244140625,71.33999633789062,54500.0
1992-03-27,344.34,344.34,344.34,344.34,0.0
1992-03-30,71.41999816894531,71.87000274658203,71.19999694824219,71.63999938964844,88100.0
1992-03-31,344.34,344.34,344.34,344.34,0.0
1992-04-01,338.62,338.62,338.62,338.62,0.0
1992-04-02,71.13999938964844,71.61000061035156,70.55000305175781,71.56999969482422,85800.0
1992-04-03,71.26000213623047,71.51000213623047,70.56999969482422,71.01000213623047,97700.0
1992-04-06,70.4800033569336,70.94999694824219,70.4000015258789,70.93000030517578,61400.0
1992-04-07,69.08999633789062,71.19000244140625,69.01000213623047,71.19000244140625,94700.0
1992-04-08,67.55999755859375,68.9800033569336,67.44000244140625,68.86000061035156,102700.0
1992-04-09,70.08999633789062,70.08999633789062,67.7300033569336,68.01000213623047,95700.0
1992-04-10,72.11000061035156,72.43000030517578,70.72000122070312,70.72000122070312,105000.0
1992-04-13,72.62000274658203,72.63999938964844,71.5999984741211,72.16000366210938,62300.0
1992-04-14,338.62,338.62,338.62,338.62,0.0
1992-04-15,338.62,338.62,338.62,338.62,0.0
1992-04-16,338.62,338.62,338.62,338.62,0.0
1992-04-17,338.62,338.62,338.62,338.62,0.0
1992-04-20,68.19999694824219,68.5,67.83999633789062,68.1500015258789,47900.0
1992-04-21,70.86000061035156,71.43000030517578,68.41999816894531,68.5999984741211,73200.0
1992-04-22,70.02999877929688,70.48999786376953,69.44999694824219,70.48999786376953,64000.0
1992-04-23,70.1500015258789,70.25,69.5999984741211,69.88999938964844,93900.0
1992-04-24,69.11000061035156,69.80000305175781,68.87000274658203,69.80000305175781,65400.0
1992-04-27,338.62,338.62,338.62,338.62,0.0
1992-04-28,67.94000244140625,68.5199966430664,67.69999694824219,68.2300033569336,55000.0
1992-04-29,338.62,338.62,338.62,338.62,0.0
1992-04-30,338.62,338.62,338.62,338.62,0.0
1992-05-01,70.7300033569336,70.98999786376953,68.9800033569336,69.80999755859375,53700.0
1992-05-04,70.44000244140625,70.58000183105469,69.83999633789062,70.51000213623047,51000.0
1992-05-05,73.0999984741211,73.11000061035156,70.22000122070312,70.22000122070312,53900.0
1992-05-06,337.24,337.24,337.24,337.24,0.0
1992-05-07,337.24,337.24,337.24,337.24,0.0
1992-05-08,337.24,337.24,337.24,337.24,0.0
1992-05-11,337.24,337.24,337.24,337.24,0.0
1992-05-12,337.24,337.24,337.24,337.24,0.0
1992-05-13,337.24,337.24,337.24,337.24,0.0
1992-05-14,76.62999725341797,76.62999725341797,73.23999786376953,73.23999786376953,132400.0
1992-05-15,337.24,337.24,337.24,337.24,0.0
1992-05-18,337.24,337.24,337.24,337.24,0.0
1992-05-19,76.97000122070312,77.8499984741211,75.95999908447266,77.20999908447266,62700.0
1992-05-20,337.24,337.24,337.24,337.24,0.0
1992-05-21,337.24,337.24,337.24,337.24,0.0
1992-05-22,337.24,337.24,337.24,337.24,0.0
1992-05-25,337.24,337.24,337.24,337.24,0.0
1992-05-26,77.4800033569336,77.83000183105469,76.41000366210938,76.7699966430664,55800.0
1992-05-27,77.52999877929688,78.77999877929688,77.52999877929688,77.56999969482422,59800.0
1992-05-28,337.24,337.24,337.24,337.24,0.0
1992-05-29,75.0199966430664,77.05999755859375,75.0199966430664,76.69000244140625,96600.0
1992-06-01,76.97000122070312,76.97000122070312,75.0199966430664,75.44000244140625,58000.0
1992-06-02,340.81,340.81,340.81,340.81,0.0
1992-06-03,340.81,340.81,340.81,340.81,0.0
1992-06-04,75.23999786376953,75.43000030517578,74.77999877929688,75.06999969482422,64300.0
1992-06-05,340.81,340.81,340.81,340.81,0.0
1992-06-08,76.43000030517578,76.43000030517578,75.58999633789062,75.66999816894531,69700.0
1992-06-09,77.80999755859375,77.80999755859375,76.05000305175781,76.37999725341797,80700.0
1992-06-10,77.3499984741211,77.91000366210938,77.23999786376953,77.6500015258789,58400.0
1992-06-11,79.54000091552734,80.13999938964844,76.81999969482422,77.7699966430664,99700.0
1992-06-12,340.81,340.81,340.81,340.81,0.0
1992-06-15,340.81,340.81,340.81,340.81,0.0
1992-06-16,340.81,340.81,340.81,340.81,0.0
1992-06-17,340.81,340.81,340.81,340.81,0.0
1992-06-18,79.13999938964844,80.30000305175781,78.26000213623047,78.58000183105469,112000.0
1992-06-19,77.91999816894531,80.62000274658203,77.91999816894531,79.77999877929688,75000.0
1992-06-22,340.81,340.81,340.81,340.81,0.0
1992-06-23,340.81,340.81,340.81,340.81,0.0
1992-06-24,78.12999725341797,79.37999725341797,77.8499984741211,79.12000274658203,90200.0
1992-06-25,77.43000030517578,78.77999877929688,77.19999694824219,78.47000122070312,129500.0
1992-06-26,76.55999755859375,77.73999786376953,76.55999755859375,77.3499984741211,67500.0
1992-06-29,77.66999816894531,77.80000305175781,76.0,76.55999755859375,101600.0
1992-06-30,78.5199966430664,78.5199966430664,76.69999694824219,77.9800033569336,63900.0
1992-07-01,352.72,352.72,352.72,352.72,0.0
1992-07-02,80.55000305175781,81.1500015258789,80.01000213623047,80.16999816894531,91400.0
1992-07-03,352.72,352.72,352.72,352.72,0.0
1992-07-06,352.72,352.72,352.72,352.72,0.0
1992-07-07,352.72,352.72,352.72,352.72,0.0
1992-07-08,352.72,352.72,352.72,352.72,0.0
1992-07-09,81.72000122070312,81.72000122070312,80.66000366210938,81.3499984741211,116400.0
1992-07-10,81.26000213623047,81.98999786376953,80.9000015258789,81.62000274658203,86900.0
1992-07-13,81.05999755859375,81.69999694824219,80.6500015258789,81.37999725341797,62900.0
1992-07-14,352.72,352.72,352.72,352.72,0.0
1992-07-15,85.76000213623047,85.76000213623047,82.91999816894531,83.19999694824219,153300.0
1992-07-16,352.72,352.72,352.72,352.72,0.0
1992-07-17,87.08999633789062,88.30999755859375,86.4800033569336,86.4800033569336,113400.0
1992-07-20,352.72,352.72,352.72,352.72,0.0
1992-07-21,352.72,352.72,352.72,352.72,0.0
1992-07-22,84.69999694824219,84.98999786376953,83.88999938964844,84.61000061035156,45800.0
1992-07-23,84.38999938964844,84.83000183105469,83.73999786376953,84.83000183105469,60000.0
1992-07-24,352.72,352.72,352.72,352.72,0.0
1992-07-27,352.72,352.72,352.72,352.72,0.0
1992-07-28,352.72,352.72,352.72,352.72,0.0
1992-07-29,352.72,352.72,352.72,352.72,0.0
1992-07-30,81.48999786376953,82.12000274658203,81.01000213623047,82.08999633789062,69000.0
1992-07-31,352.72,352.72,352.72,352.72,0.0
1992-08-03,343.06,343.06,343.06,343.06,0.0
1992-08-04,343.06,343.06,343.06,343.06,0.0
1992-08-05,79.41000366210938,79.98999786376953,78.98999786376953,79.72000122070312,49400.0
1992-08-06,343.06,343.06,343.06,343.06,0.0
1992-08-07,343.06,343.06,343.06,343.06,0.0
1992-08-10,343.06,343.06,343.06,343.06,0.0
1992-08-11,343.06,343.06,343.06,343.06,0.0
1992-08-12,343.06,343.06,343.06,343.06,0.0
1992-08-13,343.06,343.06,343.06,343.06,0.0
1992-08-14,74.63999938964844,74.94999694824219,73.54000091552734,73.54000091552734,102500.0
1992-08-17,343.06,343.06,343.06,343.06,0.0
1992-08-18,343.06,343.06,343.06,343.06,0.0
1992-08-19,75.3499984741211,75.70999908447266,74.5,74.68000030517578,86500.0
1992-08-20,343.06,343.06,343.06,343.06,0.0
1992-08-21,74.83000183105469,74.94999694824219,73.31999969482422,73.98999786376953,139800.0
1992-08-24,76.94999694824219,77.4800033569336,75.88999938964844,76.0,131700.0
1992-08-25,75.91999816894531,77.1500015258789,75.83999633789062,76.94999694824219,17200.0
1992-08-26,75.5999984741211,75.87999725341797,74.83000183105469,75.66999816894531,10800.0
1992-08-27,76.80000305175781,77.01000213623047,75.41999816894531,75.48999786376953,54900.0
1992-08-28,78.38999938964844,78.38999938964844,76.94999694824219,76.94999694824219,68700.0
1992-08-31,343.06,343.06,343.06,343.06,0.0
1992-09-01,345.43,345.43,345.43,345.43,0.0
1992-09-02,76.79000091552734,78.13999938964844,76.54000091552734,78.06999969482422,77900.0
1992-09-03,345.43,345.43,345.43,345.43,0.0
1992-09-04,76.87999725341797,77.94999694824219,76.87999725341797,77.41999816894531,145500.0
1992-09-07,345.43,345.43,345.43,345.43,0.0
1992-09-08,76.76000213623047,77.41000366210938,76.7300033569336,77.05999755859375,60000.0
1992-09-09,76.5,77.61000061035156,76.13999938964844,77.19000244140625,117600.0
1992-09-10,76.41000366210938,76.7699966430664,75.87999725341797,76.25,96700.0
1992-09-11,75.41999816894531,76.0199966430664,74.83999633789062,76.0199966430664,149600.0
1992-09-14,345.43,345.43,345.43,345.43,0.0
1992-09-15,345.43,345.43,345.43,345.43,0.0
1992-09-16,82.88999938964844,82.88999938964844,79.33999633789062,79.33999633789062,144600.0
1992-09-17,345.43,345.43,345.43,345.43,0.0
1992-09-18,345.43,345.43,345.43,345.43,0.0
1992-09-21,78.87999725341797,79.97000122070312,78.41999816894531,79.80000305175781,79000.0
1992-09-22,345.43,345.43,345.43,345.43,0.0
1992-09-23,79.94000244140625,80.02999877929688,79.19000244140625,79.4800033569336,96900.0
1992-09-24,345.43,345.43,345.43,345.43,0.0
1992-09-25,81.0,81.0199966430664,80.33000183105469,80.41000366210938,108300.0
1992-09-28,80.91000366210938,80.94999694824219,80.0199966430664,80.56999969482422,56300.0
1992-09-29,345.43,345.43,345.43,345.43,0.0
1992-09-30,80.44999694824219,81.58999633789062,79.95999908447266,81.48999786376953,33800.0
1992-10-01,79.72000122070312,80.58999633789062,78.91000366210938,80.58999633789062,97400.0
1992-10-02,79.61000061035156,80.06999969482422,79.20999908447266,79.58999633789062,97400.0
1992-10-05,81.12000274658203,82.30999755859375,79.26000213623047,79.54000091552734,106600.0
1992-10-06,344.38,344.38,344.38,344.38,0.0
1992-10-07,344.38,344.38,344.38,344.38,0.0
1992-10-08,344.38,344.38,344.38,344.38,0.0
1992-10-09,344.38,344.38,344.38,344.38,0.0
1992-10-12,76.58999633789062,78.80000305175781,76.58999633789062,78.80000305175781,47200.0
1992-10-13,76.41000366210938,76.5,75.01000213623047,76.19000244140625,100000.0
1992-10-14,344.38,344.38,344.38,344.38,0.0
1992-10-15,344.38,344.38,344.38,344.38,0.0
1992-10-16,344.38,344.38,344.38,344.38,0.0
1992-10-19,76.86000061035156,77.25,76.26000213623047,76.26000213623047,126300.0
1992-10-20,77.9000015258789,78.43000030517578,76.94000244140625,77.3499984741211,157700.0
1992-10-21,77.72000122070312,78.01000213623047,77.25,77.98999786376953,86100.0
1992-10-22,344.38,344.38,344.38,344.38,0.0
1992-10-23,76.91000366210938,77.02999877929688,76.43000030517578,76.55000305175781,94300.0
1992-10-26,75.5999984741211,76.22000122070312,74.8499984741211,76.22000122070312,94300.0
1992-10-27,73.87999725341797,74.79000091552734,73.5199966430664,74.79000091552734,70500.0
1992-10-28,344.38,344.38,344.38,344.38,0.0
1992-10-29,76.05000305175781,76.43000030517578,75.44000244140625,75.44000244140625,84500.0
1992-10-30,75.61000061035156,76.38999938964844,75.30999755859375,76.38999938964844,78300.0
1992-11-02,335.02,335.02,335.02,335.02,0.0
1992-11-03,76.95999908447266,77.19000244140625,74.63999938964844,75.73999786376953,94700.0
1992-11-04,335.02,335.02,335.02,335.02,0.0
1992-11-05,335.02,335.02,335.02,335.02,0.0
1992-11-06,335.02,335.02,335.02,335.02,0.0
1992-11-09,335.02,335.02,335.02,335.02,0.0
1992-11-10,335.02,335.02,335.02,335.02,0.0
1992-11-11,335.02,335.02,335.02,335.02,0.0
1992-11-12,335.02,335.02,335.02,335.02,0.0
1992-11-13,68.66000366210938,69.30999755859375,67.87000274658203,68.2300033569336,107000.0
1992-11-16,335.02,335.02,335.02,335.02,0.0
1992-11-17,66.75,67.98999786376953,66.75,67.91999816894531,118800.0
1992-11-18,335.02,335.02,335.02,335.02,0.0
1992-11-19,66.55000305175781,67.1500015258789,65.66999816894531,67.06999969482422,91800.0
1992-11-20,335.02,335.02,335.02,335.02,0.0
1992-11-23,66.11000061035156,66.52999877929688,65.80000305175781,66.51000213623047,99500.0
1992-11-24,65.94000244140625,66.30999755859375,65.37000274658203,65.81999969482422,72800.0
1992-11-25,335.02,335.02,335.02,335.02,0.0
1992-11-26,335.02,335.02,335.02,335.02,0.0
1992-11-27,335.02,335.02,335.02,335.02,0.0
1992-11-30,65.80999755859375,65.91999816894531,65.0199966430664,65.20999908447266,69900.0
1992-12-01,67.22000122070312,67.26000213623047,66.05999755859375,66.13999938964844,67800.0
1992-12-02,67.80999755859375,68.38999938964844,67.37000274658203,67.37000274658203,97200.0
1992-12-03,334.82,334.82,334.82,334.82,0.0
1992-12-04,67.94999694824219,68.43000030517578,67.62999725341797,68.08999633789062,93700.0
1992-12-07,334.82,334.82,334.82,334.82,0.0
1992-12-08,68.56999969482422,68.88999938964844,67.88999938964844,67.97000122070312,111700.0
1992-12-09,67.69999694824219,68.31999969482422,67.13999938964844,68.20999908447266,95100.0
1992-12-10,69.36000061035156,69.36000061035156,67.6500015258789,67.6500015258789,92900.0
1992-12-11,334.82,334.82,334.82,334.82,0.0
1992-12-14,69.72000122070312,70.27999877929688,69.1500015258789,70.0199966430664,50100.0
1992-12-15,334.82,334.82,334.82,334.82,0.0
1992-12-16,71.9800033569336,72.45999908447266,70.95999908447266,70.95999908447266,61100.0
1992-12-17,334.82,334.82,334.82,334.82,0.0
1992-12-18,72.8499984741211,73.75,72.41000366210938,73.75,119400.0
1992-12-21,71.43000030517578,71.66999816894531,70.94000244140625,71.66000366210938,61200.0
1992-12-22,69.94999694824219,70.94999694824219,69.66999816894531,70.94999694824219,109300.0
1992-12-23,334.82,334.82,334.82,334.82,0.0
1992-12-24,70.37999725341797,70.4800033569336,69.94999694824219,70.2699966430664,16700.0
1992-12-25,334.82,334.82,334.82,334.82,0.0
1992-12-28,334.82,334.82,334.82,334.82,0.0
1992-12-29,68.97000122070312,69.87000274658203,68.86000061035156,69.83999633789062,61900.0
1992-12-30,70.02999877929688,70.43000030517578,68.91999816894531,68.91999816894531,50900.0
1992-12-31,71.30000305175781,71.51000213623047,69.6500015258789,70.30999755859375,41900.0
1993-01-01,329.01,329.01,329.01,329.01,0.0
1993-01-04,69.55999755859375,70.01000213623047,68.77999877929688,70.01000213623047,10800.0
1993-01-05,69.94999694824219,70.20999908447266,69.2699966430664,69.45999908447266,87800.0
1993-01-06,70.05999755859375,70.30000305175781,69.6500015258789,69.87000274658203,79800.0
1993-01-07,69.4000015258789,69.8499984741211,68.93000030517578,69.52999877929688,75900.0
1993-01-08,69.2699966430664,70.19000244140625,69.0199966430664,69.44999694824219,80800.0
1993-01-11,68.69999694824219,69.27999877929688,68.37000274658203,69.12999725341797,83600.0
1993-01-12,69.0199966430664,69.38999938964844,68.44999694824219,69.0199966430664,77400.0
1993-01-13,329.01,329.01,329.01,329.01,0.0
1993-01-14,329.01,329.01,329.01,329.01,0.0
1993-01-15,329.01,329.01,329.01,329.01,0.0
1993-01-18,329.01,329.01,329.01,329.01,0.0
1993-01-19,329.01,329.01,329.01,329.01,0.0
1993-01-20,329.01,329.01,329.01,329.01,0.0
1993-01-21,329.01,329.01,329.01,329.01,0.0
1993-01-22,68.47000122070312,69.19000244140625,68.18000030517578,68.93000030517578,104500.0
1993-01-25,329.01,329.01,329.01,329.01,0.0
1993-01-26,329.01,329.01,329.01,329.01,0.0
1993-01-27,329.01,329.01,329.01,329.01,0.0
1993-01-28,329.01,329.01,329.01,329.01,0.0
1993-01-29,71.52999877929688,72.5199966430664,71.25,72.05999755859375,93600.0
1993-02-01,72.02999877929688,72.2300033569336,71.22000122070312,71.47000122070312,107400.0
1993-02-02,72.5199966430664,72.91999816894531,71.73999786376953,71.95999908447266,90800.0
1993-02-03,329.31,329.31,329.31,329.31,0.0
1993-02-04,73.76000213623047,74.16000366210938,72.30999755859375,72.47000122070312,105200.0
1993-02-05,74.5999984741211,74.69999694824219,73.11000061035156,73.80000305175781,98200.0
1993-02-08,74.6500015258789,75.29000091552734,73.93000030517578,74.11000061035156,105400.0
1993-02-09,77.41000366210938,77.5199966430664,74.02999877929688,74.66999816894531,101200.0
1993-02-10,81.33000183105469,81.33000183105469,78.0999984741211,78.0999984741211,165000.0
1993-02-11,329.31,329.31,329.31,329.31,0.0
1993-02-12,329.31,329.31,329.31,329.31,0.0
1993-02-15,329.31,329.31,329.31,329.31,0.0
1993-02-16,78.9000015258789,79.48999786376953,76.81999969482422,76.81999969482422,120800.0
1993-02-17,329.31,329.31,329.31,329.31,0.0
1993-02-18,329.31,329.31,329.31,329.31,0.0
1993-02-19,78.16000366210938,78.5,77.0199966430664,77.4000015258789,145600.0
1993-02-22,329.31,329.31,329.31,329.31,0.0
1993-02-23,80.83000183105469,81.2699966430664,78.58000183105469,78.58000183105469,114500.0
1993-02-24,329.31,329.31,329.31,329.31,0.0
1993-02-25,329.31,329.31,329.31,329.31,0.0
1993-02-26,329.31,329.31,329.31,329.31,0.0
1993-03-01,330.08,330.08,330.08,330.08,0.0
1993-03-02,330.08,330.08,330.08,330.08,0.0
1993-03-03,76.69999694824219,77.18000030517578,76.41999816894531,77.0199966430664,112700.0
1993-03-04,76.87999725341797,76.87999725341797,75.81999969482422,76.6500015258789,75700.0
1993-03-05,77.48999786376953,78.7300033569336,77.06999969482422,77.06999969482422,111100.0
1993-03-08,330.08,330.08,330.08,330.08,0.0
1993-03-09,76.62000274658203,76.70999908447266,75.66999816894531,75.8499984741211,100800.0
1993-03-10,330.08,330.08,330.08,330.08,0.0
1993-03-11,330.08,330.08,330.08,330.08,0.0
1993-03-12,330.08,330.08,330.08,330.08,0.0
1993-03-15,330.08,330.08,330.08,330.08,0.0
1993-03-16,330.08,330.08,330.08,330.08,0.0
1993-03-17,330.08,330.08,330.08,330.08,0.0
1993-03-18,81.80000305175781,82.0,79.75,79.75,110300.0
1993-03-19,330.08,330.08,330.08,330.08,0.0
1993-03-22,85.8499984741211,86.1500015258789,83.86000061035156,85.19000244140625,154100.0
1993-03-23,330.08,330.08,330.08,330.08,0.0
1993-03-24,330.08,330.08,330.08,330.08,0.0
1993-03-25,85.16000366210938,85.66999816894531,84.72000122070312,85.13999938964844,83100.0
1993-03-26,84.11000061035156,85.08999633789062,83.95999908447266,85.08999633789062,94100.0
1993-03-29,82.37999725341797,83.41000366210938,82.05999755859375,82.83000183105469,48000.0
1993-03-30,330.08,330.08,330.08,330.08,0.0
1993-03-31,86.81999969482422,88.43000030517578,85.93000030517578,88.01000213623047,94800.0
1993-04-01,87.38999938964844,87.44000244140625,85.16999816894531,86.70999908447266,115100.0
1993-04-02,342.15,342.15,342.15,342.15,0.0
1993-04-05,87.81999969482422,88.22000122070312,87.18000030517578,87.61000061035156,70000.0
1993-04-06,86.29000091552734,87.75,86.05999755859375,87.61000061035156,100500.0
1993-04-07,85.9000015258789,85.9000015258789,84.7699966430664,85.80999755859375,76600.0
1993-04-08,342.15,342.15,342.15,342.15,0.0
1993-04-09,342.15,342.15,342.15,342.15,0.0
1993-04-12,82.0,83.86000061035156,81.5999984741211,83.61000061035156,81900.0
1993-04-13,342.15,342.15,342.15,342.15,0.0
1993-04-14,342.15,342.15,342.15,342.15,0.0
1993-04-15,342.15,342.15,342.15,342.15,0.0
1993-04-16,342.15,342.15,342.15,342.15,0.0
1993-04-19,85.55000305175781,86.08999633789062,84.81999969482422,85.25,96500.0
1993-04-20,342.15,342.15,342.15,342.15,0.0
1993-04-21,85.38999938964844,86.0999984741211,85.16999816894531,86.0999984741211,86500.0
1993-04-22,342.15,342.15,342.15,342.15,0.0
1993-04-23,342.15,342.15,342.15,342.15,0.0
1993-04-26,342.15,342.15,342.15,342.15,0.0
1993-04-27,94.9800033569336,95.93000030517578,93.94999694824219,95.93000030517578,115400.0
1993-04-28,97.69000244140625,98.05999755859375,93.58000183105469,94.62000274658203,90000.0
1993-04-29,342.15,342.15,342.15,342.15,0.0
1993-04-30,98.80999755859375,98.83999633789062,96.80000305175781,98.43000030517578,55200.0
1993-05-03,367.18,367.18,367.18,367.18,0.0
1993-05-04,367.18,367.18,367.18,367.18,0.0
1993-05-05,95.5999984741211,96.04000091552734,94.80000305175781,95.5199966430664,155500.0
1993-05-06,98.52999877929688,99.11000061035156,95.70999908447266,95.73999786376953,58600.0
1993-05-07,367.18,367.18,367.18,367.18,0.0
1993-05-10,367.18,367.18,367.18,367.18,0.0
1993-05-11,367.18,367.18,367.18,367.18,0.0
1993-05-12,367.18,367.18,367.18,367.18,0.0
1993-05-13,367.18,367.18,367.18,367.18,0.0
1993-05-14,107.88999938964844,108.94999694824219,105.87000274658203,107.52999877929688,151400.0
1993-05-17,367.18,367.18,367.18,367.18,0.0
1993-05-18,112.62000274658203,112.62999725341797,104.2300033569336,105.08000183105469,113700.0
1993-05-19,104.0999984741211,115.02999877929688,103.91999816894531,113.77999877929688,163900.0
1993-05-20,105.91999816894531,106.73999786376953,103.48999786376953,104.12999725341797,93000.0
1993-05-21,110.5199966430664,110.72000122070312,105.94999694824219,105.94999694824219,94600.0
1993-05-24,367.18,367.18,367.18,367.18,0.0
1993-05-25,367.18,367.18,367.18,367.18,0.0
1993-05-26,367.18,367.18,367.18,367.18,0.0
1993-05-27,367.18,367.18,367.18,367.18,0.0
1993-05-28,111.11000061035156,113.95999908447266,108.41000366210938,109.18000030517578,89400.0
1993-05-31,367.18,367.18,367.18,367.18,0.0
1993-06-01,371.89,371.89,371.89,371.89,0.0
1993-06-02,106.38999938964844,107.79000091552734,104.86000061035156,105.02999877929688,76900.0
1993-06-03,108.9800033569336,109.33000183105469,107.62999725341797,107.62999725341797,50300.0
1993-06-04,110.77999877929688,111.2300033569336,109.62000274658203,109.62000274658203,128100.0
1993-06-07,371.89,371.89,371.89,371.89,0.0
1993-06-08,371.89,371.89,371.89,371.89,0.0
1993-06-09,105.44000244140625,106.41000366210938,104.87999725341797,106.26000213623047,83000.0
1993-06-10,371.89,371.89,371.89,371.89,0.0
1993-06-11,101.20999908447266,107.0,101.08000183105469,105.5999984741211,122900.0
1993-06-14,102.83000183105469,103.52999877929688,97.68000030517578,100.9800033569336,45300.0
1993-06-15,371.89,371.89,371.89,371.89,0.0
1993-06-16,371.89,371.89,371.89,371.89,0.0
1993-06-17,371.89,371.89,371.89,371.89,0.0
1993-06-18,371.89,371.89,371.89,371.89,0.0
1993-06-21,108.27999877929688,109.43000030517578,107.58999633789062,108.72000122070312,225300.0
1993-06-22,107.5199966430664,107.7300033569336,106.56999969482422,107.58999633789062,121500.0
1993-06-23,371.89,371.89,371.89,371.89,0.0
1993-06-24,371.89,371.89,371.89,371.89,0.0
1993-06-25,371.89,371.89,371.89,371.89,0.0
1993-06-28,114.77999877929688,115.16999816894531,113.20999908447266,115.12999725341797,79100.0
1993-06-29,117.98999786376953,119.05999755859375,114.97000122070312,115.05000305175781,67500.0
1993-06-30,371.89,371.89,371.89,371.89,0.0
1993-07-01,121.76000213623047,122.19000244140625,116.72000122070312,116.83000183105469,70600.0
1993-07-02,122.54000091552734,124.51000213623047,121.94999694824219,122.43000030517578,55600.0
1993-07-05,392.19,392.19,392.19,392.19,0.0
1993-07-06,126.55999755859375,127.0999984741211,124.33999633789062,124.73999786376953,103700.0
1993-07-07,392.19,392.19,392.19,392.19,0.0
1993-07-08,117.47000122070312,122.7699966430664,117.47000122070312,122.7699966430664,138400.0
1993-07-09,116.98999786376953,118.87000274658203,116.27999877929688,116.88999938964844,135700.0
1993-07-12,392.19,392.19,392.19,392.19,0.0
1993-07-13,119.19000244140625,119.94999694824219,118.72000122070312,119.66000366210938,91400.0
1993-07-14,392.19,392.19,392.19,392.19,0.0
1993-07-15,392.19,392.19,392.19,392.19,0.0
1993-07-16,392.19,392.19,392.19,392.19,0.0
1993-07-19,115.08999633789062,117.83000183105469,115.08999633789062,116.94000244140625,86900.0
1993-07-20,115.05000305175781,116.2699966430664,114.70999908447266,115.16000366210938,76600.0
1993-07-21,113.05000305175781,115.94999694824219,113.05000305175781,115.12000274658203,48000.0
1993-07-22,392.19,392.19,392.19,392.19,0.0
1993-07-23,392.19,392.19,392.19,392.19,0.0
1993-07-26,116.9000015258789,116.91000366210938,113.5199966430664,113.5199966430664,85200.0
1993-07-27,392.19,392.19,392.19,392.19,0.0
1993-07-28,392.19,392.19,392.19,392.19,0.0
1993-07-29,126.38999938964844,126.83000183105469,118.88999938964844,119.41000366210938,116400.0
1993-07-30,392.19,392.19,392.19,392.19,0.0
1993-08-02,129.07000732421875,129.07000732421875,125.62999725341797,128.77999877929688,46200.0
1993-08-03,378.84,378.84,378.84,378.84,0.0
1993-08-04,378.84,378.84,378.84,378.84,0.0
1993-08-05,378.84,378.84,378.84,378.84,0.0
1993-08-06,378.84,378.84,378.84,378.84,0.0
1993-08-09,378.84,378.84,378.84,378.84,0.0
1993-08-10,117.3499984741211,117.41000366210938,115.68000030517578,117.2699966430664,81100.0
1993-08-11,378.84,378.84,378.84,378.84,0.0
1993-08-12,378.84,378.84,378.84,378.84,0.0
1993-08-13,378.84,378.84,378.84,378.84,0.0
1993-08-16,112.0999984741211,112.7300033569336,111.29000091552734,111.51000213623047,82900.0
1993-08-17,378.84,378.84,378.84,378.84,0.0
1993-08-18,378.84,378.84,378.84,378.84,0.0
1993-08-19,378.84,378.84,378.84,378.84,0.0
1993-08-20,378.84,378.84,378.84,378.84,0.0
1993-08-23,378.84,378.84,378.84,378.84,0.0
1993-08-24,378.84,378.84,378.84,378.84,0.0
1993-08-25,118.12000274658203,118.70999908447266,116.47000122070312,117.20999908447266,156400.0
1993-08-26,378.84,378.84,378.84,378.84,0.0
1993-08-27,115.41000366210938,115.6500015258789,114.02999877929688,114.91000366210938,68700.0
1993-08-30,378.84,378.84,378.84,378.84,0.0
1993-08-31,378.84,378.84,378.84,378.84,0.0
1993-09-01,355.28,355.28,355.28,355.28,0.0
1993-09-02,112.43000030517578,116.54000091552734,111.9800033569336,116.54000091552734,101200.0
1993-09-03,355.28,355.28,355.28,355.28,0.0
1993-09-06,355.28,355.28,355.28,355.28,0.0
1993-09-07,99.56999969482422,107.68000030517578,98.9800033569336,107.68000030517578,106700.0
1993-09-08,355.28,355.28,355.28,355.28,0.0
1993-09-09,355.28,355.28,355.28,355.28,0.0
1993-09-10,355.28,355.28,355.28,355.28,0.0
1993-09-13,355.28,355.28,355.28,355.28,0.0
1993-09-14,355.28,355.28,355.28,355.28,0.0
1993-09-15,355.28,355.28,355.28,355.28,0.0
1993-09-16,355.28,355.28,355.28,355.28,0.0
1993-09-17,355.28,355.28,355.28,355.28,0.0
1993-09-20,103.38999938964844,104.72000122070312,103.25,103.30000305175781,230200.0
1993-09-21,109.30999755859375,109.43000030517578,102.66999816894531,103.45999908447266,120300.0
1993-09-22,355.28,355.28,355.28,355.28,0.0
1993-09-23,108.37000274658203,108.58000183105469,106.4800033569336,106.4800033569336,170900.0
1993-09-24,108.4000015258789,108.7300033569336,106.91999816894531,108.05999755859375,76700.0
1993-09-27,355.28,355.28,355.28,355.28,0.0
1993-09-28,104.31999969482422,105.86000061035156,104.08999633789062,104.7300033569336,51100.0
1993-09-29,102.16000366210938,103.94000244140625,101.25,103.94000244140625,58800.0
1993-09-30,104.11000061035156,104.93000030517578,102.44000244140625,102.58000183105469,56100.0
1993-10-01,103.7699966430664,104.33000183105469,102.94000244140625,104.11000061035156,59700.0
1993-10-04,364.18,364.18,364.18,364.18,0.0
1993-10-05,107.0999984741211,107.7699966430664,106.22000122070312,106.43000030517578,58000.0
1993-10-06,364.18,364.18,364.18,364.18,0.0
1993-10-07,113.0,113.3499984741211,111.13999938964844,112.0,72200.0
1993-10-08,114.5199966430664,114.76000213623047,112.58000183105469,113.13999938964844,97800.0
1993-10-11,364.18,364.18,364.18,364.18,0.0
1993-10-12,118.16000366210938,118.94999694824219,113.69999694824219,114.56999969482422,125000.0
1993-10-13,364.18,364.18,364.18,364.18,0.0
1993-10-14,117.1500015258789,119.44999694824219,116.69000244140625,118.0,166300.0
1993-10-15,116.5,117.4000015258789,115.44000244140625,117.4000015258789,122100.0
1993-10-18,119.80000305175781,121.44000244140625,115.73999786376953,115.73999786376953,77000.0
1993-10-19,364.18,364.18,364.18,364.18,0.0
1993-10-20,364.18,364.18,364.18,364.18,0.0
1993-10-21,121.05999755859375,125.06999969482422,120.83999633789062,124.72000122070312,100800.0
1993-10-22,123.47000122070312,124.05999755859375,119.58999633789062,119.86000061035156,128200.0
1993-10-25,122.52999877929688,124.0999984741211,121.87000274658203,123.30999755859375,188600.0
1993-10-26,126.5199966430664,126.5199966430664,121.33000183105469,122.20999908447266,105700.0
1993-10-27,125.06999969482422,127.80999755859375,124.37000274658203,126.25,81100.0
1993-10-28,124.04000091552734,125.73999786376953,123.63999938964844,125.31999969482422,88700.0
1993-10-29,364.18,364.18,364.18,364.18,0.0
1993-11-01,120.87999725341797,121.69000244140625,119.54000091552734,121.69000244140625,82800.0
1993-11-02,118.93000030517578,121.5999984741211,118.08999633789062,120.98999786376953,108700.0
1993-11-03,123.0999984741211,124.54000091552734,118.31999969482422,118.93000030517578,92900.0
1993-11-04,125.91000366210938,126.75,124.41999816894531,124.41999816894531,91200.0
1993-11-05,125.30000305175781,128.5,123.7300033569336,127.23999786376953,90900.0
1993-11-08,373.83,373.83,373.83,373.83,0.0
1993-11-09,126.70999908447266,126.91999816894531,123.26000213623047,124.69000244140625,68700.0
1993-11-10,373.83,373.83,373.83,373.83,0.0
1993-11-11,373.83,373.83,373.83,373.83,0.0
1993-11-12,129.27000427246094,130.38999938964844,128.39999389648438,129.80999755859375,204700.0
1993-11-15,129.61000061035156,130.64999389648438,129.16000366210938,129.5399932861328,115700.0
1993-11-16,373.83,373.83,373.83,373.83,0.0
1993-11-17,373.83,373.83,373.83,373.83,0.0
1993-11-18,373.83,373.83,373.83,373.83,0.0
1993-11-19,127.61000061035156,127.61000061035156,125.19999694824219,126.08999633789062,157800.0
1993-11-22,373.83,373.83,373.83,373.83,0.0
1993-11-23,373.83,373.83,373.83,373.83,0.0
1993-11-24,373.83,373.83,373.83,373.83,0.0
1993-11-25,373.83,373.83,373.83,373.83,0.0
1993-11-26,373.83,373.83,373.83,373.83,0.0
1993-11-29,373.83,373.83,373.83,373.83,0.0
1993-11-30,373.83,373.83,373.83,373.83,0.0
1993-12-01,120.86000061035156,121.91000366210938,119.05999755859375,119.08999633789062,61400.0
1993-12-02,383.3,383.3,383.3,383.3,0.0
1993-12-03,383.3,383.3,383.3,383.3,0.0
1993-12-06,383.3,383.3,383.3,383.3,0.0
1993-12-07,383.3,383.3,383.3,383.3,0.0
1993-12-08,383.3,383.3,383.3,383.3,0.0
1993-12-09,383.3,383.3,383.3,383.3,0.0
1993-12-10,383.3,383.3,383.3,383.3,0.0
1993-12-13,135.13999938964844,135.3800048828125,132.5399932861328,132.5399932861328,85200.0
1993-12-14,133.1699981689453,134.92999267578125,133.0,134.92999267578125,88700.0
1993-12-15,383.3,383.3,383.3,383.3,0.0
1993-12-16,132.44000244140625,132.8300018310547,131.9199981689453,132.7100067138672,89500.0
1993-12-17,132.80999755859375,132.99000549316406,131.3800048828125,132.82000732421875,88800.0
1993-12-20,383.3,383.3,383.3,383.3,0.0
1993-12-21,383.3,383.3,383.3,383.3,0.0
1993-12-22,129.3300018310547,129.3300018310547,127.80000305175781,128.55999755859375,42200.0
1993-12-23,383.3,383.3,383.3,383.3,0.0
1993-12-24,383.3,383.3,383.3,383.3,0.0
1993-12-27,130.52999877929688,130.6999969482422,129.55999755859375,129.55999755859375,34700.0
1993-12-28,383.3,383.3,383.3,383.3,0.0
1993-12-29,383.3,383.3,383.3,383.3,0.0
1993-12-30,383.3,383.3,383.3,383.3,0.0
1993-12-31,383.3,383.3,383.3,383.3,0.0
1994-01-03,386.88,386.88,386.88,386.88,0.0
1994-01-04,386.88,386.88,386.88,386.88,0.0
1994-01-05,386.88,386.88,386.88,386.88,0.0
1994-01-06,386.88,386.88,386.88,386.88,0.0
1994-01-07,136.3800048828125,143.82000732421875,136.3800048828125,143.30999755859375,80900.0
1994-01-10,386.88,386.88,386.88,386.88,0.0
1994-01-11,386.88,386.88,386.88,386.88,0.0
1994-01-12,386.88,386.88,386.88,386.88,0.0
1994-01-13,386.88,386.88,386.88,386.88,0.0
1994-01-14,386.88,386.88,386.88,386.88,0.0
1994-01-17,386.88,386.88,386.88,386.88,0.0
1994-01-18,386.88,386.88,386.88,386.88,0.0
1994-01-19,386.88,386.88,386.88,386.88,0.0
1994-01-20,386.88,386.88,386.88,386.88,0.0
1994-01-21,386.88,386.88,386.88,386.88,0.0
1994-01-24,386.88,386.88,386.88,386.88,0.0
1994-01-25,386.88,386.88,386.88,386.88,0.0
1994-01-26,386.88,386.88,386.88,386.88,0.0
1994-01-27,386.88,386.88,386.88,386.88,0.0
1994-01-28,129.07000732421875,130.86000061035156,127.77999877929688,128.99000549316406,238800.0
1994-01-31,131.83999633789062,131.83999633789062,128.17999267578125,129.91000366210938,87100.0
1994-02-01,381.91,381.91,381.91,381.91,0.0
1994-02-02,381.91,381.91,381.91,381.91,0.0
1994-02-03,381.91,381.91,381.91,381.91,0.0
1994-02-04,133.2100067138672,139.24000549316406,132.82000732421875,137.14999389648438,127600.0
1994-02-07,381.91,381.91,381.91,381.91,0.0
1994-02-08,126.13999938964844,128.25999450683594,125.51000213623047,126.9000015258789,98500.0
1994-02-09,381.91,381.91,381.91,381.91,0.0
1994-02-10,128.0399932861328,130.02999877929688,126.7300033569336,127.62999725341797,94500.0
1994-02-11,381.91,381.91,381.91,381.91,0.0
1994-02-14,381.91,381.91,381.91,381.91,0.0
1994-02-15,381.91,381.91,381.91,381.91,0.0
1994-02-16,131.02000427246094,131.0399932861328,127.27999877929688,127.44000244140625,40600.0
1994-02-17,381.91,381.91,381.91,381.91,0.0
1994-02-18,125.9000015258789,129.08999633789062,125.9000015258789,129.08999633789062,42100.0
1994-02-21,381.91,381.91,381.91,381.91,0.0
1994-02-22,123.6500015258789,126.4000015258789,122.48999786376953,126.06999969482422,37600.0
1994-02-23,381.91,381.91,381.91,381.91,0.0
1994-02-24,381.91,381.91,381.91,381.91,0.0
1994-02-25,381.91,381.91,381.91,381.91,0.0
1994-02-28,128.38999938964844,128.5800018310547,127.33000183105469,127.33000183105469,42300.0
1994-03-01,384.13,384.13,384.13,384.13,0.0
1994-03-02,124.45999908447266,126.0999984741211,122.87000274658203,125.76000213623047,61500.0
1994-03-03,122.93000030517578,124.66999816894531,122.04000091552734,124.62000274658203,84000.0
1994-03-04,384.13,384.13,384.13,384.13,0.0
1994-03-07,384.13,384.13,384.13,384.13,0.0
1994-03-08,384.13,384.13,384.13,384.13,0.0
1994-03-09,384.13,384.13,384.13,384.13,0.0
1994-03-10,126.52999877929688,127.69999694824219,123.13999938964844,123.61000061035156,34800.0
1994-03-11,384.13,384.13,384.13,384.13,0.0
1994-03-14,384.13,384.13,384.13,384.13,0.0
1994-03-15,384.13,384.13,384.13,384.13,0.0
1994-03-16,384.13,384.13,384.13,384.13,0.0
1994-03-17,384.13,384.13,384.13,384.13,0.0
1994-03-18,384.13,384.13,384.13,384.13,0.0
1994-03-21,384.13,384.13,384.13,384.13,0.0
1994-03-22,129.8699951171875,130.33999633789062,127.1500015258789,127.27999877929688,52900.0
1994-03-23,133.1199951171875,133.1199951171875,129.47000122070312,129.6300048828125,46600.0
1994-03-24,384.13,384.13,384.13,384.13,0.0
1994-03-25,384.13,384.13,384.13,384.13,0.0
1994-03-28,134.7100067138672,136.99000549316406,134.7100067138672,136.44000244140625,40200.0
1994-03-29,133.1999969482422,135.75999450683594,132.42999267578125,134.2899932861328,55600.0
1994-03-30,384.13,384.13,384.13,384.13,0.0
1994-03-31,133.6999969482422,134.2100067138672,130.9499969482422,131.25,62100.0
1994-04-01,377.27,377.27,377.27,377.27,0.0
1994-04-04,377.27,377.27,377.27,377.27,0.0
1994-04-05,377.27,377.27,377.27,377.27,0.0
1994-04-06,377.27,377.27,377.27,377.27,0.0
1994-04-07,125.05999755859375,125.05999755859375,123.1500015258789,124.41999816894531,35900.0
1994-04-08,123.63999938964844,126.95999908447266,123.63999938964844,125.25,35400.0
1994-04-11,121.02999877929688,123.04000091552734,120.05999755859375,122.91999816894531,40800.0
1994-04-12,120.98999786376953,122.33999633789062,120.45999908447266,120.45999908447266,35300.0
1994-04-13,377.27,377.27,377.27,377.27,0.0
1994-04-14,119.18000030517578,120.20999908447266,118.62999725341797,119.8499984741211,29700.0
1994-04-15,114.0999984741211,118.69000244140625,114.0999984741211,118.62000274658203,34100.0
1994-04-18,110.72000122070312,115.62000274658203,110.43000030517578,114.62999725341797,42200.0
1994-04-19,107.30999755859375,109.62999725341797,105.87000274658203,109.62999725341797,47300.0
1994-04-20,377.27,377.27,377.27,377.27,0.0
1994-04-21,109.29000091552734,109.6500015258789,106.98999786376953,106.98999786376953,43700.0
1994-04-22,377.27,377.27,377.27,377.27,0.0
1994-04-25,111.01000213623047,111.58000183105469,108.86000061035156,108.86000061035156,42200.0
1994-04-26,112.83999633789062,113.66999816894531,111.69999694824219,112.37999725341797,66000.0
1994-04-27,377.27,377.27,377.27,377.27,0.0
1994-04-28,115.58999633789062,115.68000030517578,111.69000244140625,112.41999816894531,52300.0
1994-04-29,377.27,377.27,377.27,377.27,0.0
1994-05-02,381.43,381.43,381.43,381.43,0.0
1994-05-03,111.33999633789062,113.20999908447266,111.30000305175781,113.12999725341797,47500.0
1994-05-04,381.43,381.43,381.43,381.43,0.0
1994-05-05,381.43,381.43,381.43,381.43,0.0
1994-05-06,116.55000305175781,117.83000183105469,109.68000030517578,110.26000213623047,40700.0
1994-05-09,116.16999816894531,117.7300033569336,115.8499984741211,116.55000305175781,86700.0
1994-05-10,112.81999969482422,116.30999755859375,112.66999816894531,116.16999816894531,42600.0
1994-05-11,114.7699966430664,117.02999877929688,112.81999969482422,112.81999969482422,41800.0
1994-05-12,113.55000305175781,114.7699966430664,111.83000183105469,114.7699966430664,52300.0
1994-05-13,113.18000030517578,115.54000091552734,111.7699966430664,113.55000305175781,47900.0
1994-05-16,115.06999969482422,115.87000274658203,112.08000183105469,113.18000030517578,30800.0
1994-05-17,113.61000061035156,115.18000030517578,113.08999633789062,114.54000091552734,31000.0
1994-05-18,381.43,381.43,381.43,381.43,0.0
1994-05-19,381.43,381.43,381.43,381.43,0.0
1994-05-20,121.27999877929688,121.9000015258789,118.0,118.0,42000.0
1994-05-23,381.43,381.43,381.43,381.43,0.0
1994-05-24,119.0199966430664,122.98999786376953,118.63999938964844,122.98999786376953,53200.0
1994-05-25,381.43,381.43,381.43,381.43,0.0
1994-05-26,381.43,381.43,381.43,381.43,0.0
1994-05-27,381.43,381.43,381.43,381.43,0.0
1994-05-30,381.43,381.43,381.43,381.43,0.0
1994-05-31,120.31999969482422,120.80000305175781,119.22000122070312,119.22000122070312,28900.0
1994-06-01,385.64,385.64,385.64,385.64,0.0
1994-06-02,385.64,385.64,385.64,385.64,0.0
1994-06-03,114.87999725341797,116.69000244140625,114.69000244140625,116.51000213623047,43300.0
1994-06-06,114.12000274658203,115.22000122070312,112.87999725341797,115.16000366210938,66100.0
1994-06-07,385.64,385.64,385.64,385.64,0.0
1994-06-08,112.94000244140625,114.69000244140625,112.94000244140625,114.18000030517578,38000.0
1994-06-09,114.13999938964844,115.12000274658203,113.05999755859375,113.12999725341797,38200.0
1994-06-10,113.22000122070312,114.33999633789062,112.87999725341797,114.04000091552734,33400.0
1994-06-13,114.87000274658203,114.87000274658203,112.56999969482422,113.0999984741211,36200.0
1994-06-14,116.12000274658203,116.12000274658203,114.66000366210938,114.91999816894531,49400.0
1994-06-15,385.64,385.64,385.64,385.64,0.0
1994-06-16,115.69999694824219,118.12999725341797,115.2699966430664,117.79000091552734,40500.0
1994-06-17,119.26000213623047,119.9800033569336,116.25,116.30999755859375,33900.0
1994-06-20,118.54000091552734,120.0999984741211,118.08999633789062,119.58999633789062,36000.0
1994-06-21,120.87999725341797,121.36000061035156,118.37999725341797,119.80999755859375,43900.0
1994-06-22,118.66000366210938,120.47000122070312,117.95999908447266,120.47000122070312,36900.0
1994-06-23,385.64,385.64,385.64,385.64,0.0
1994-06-24,117.16000366210938,119.55000305175781,116.97000122070312,119.08000183105469,32700.0
1994-06-27,385.64,385.64,385.64,385.64,0.0
1994-06-28,385.64,385.64,385.64,385.64,0.0
1994-06-29,385.64,385.64,385.64,385.64,0.0
1994-06-30,385.64,385.64,385.64,385.64,0.0
1994-07-01,385.49,385.49,385.49,385.49,0.0
1994-07-04,385.49,385.49,385.49,385.49,0.0
1994-07-05,112.37000274658203,115.48999786376953,112.27999877929688,115.33999633789062,38600.0
1994-07-06,385.49,385.49,385.49,385.49,0.0
1994-07-07,385.49,385.49,385.49,385.49,0.0
1994-07-08,385.49,385.49,385.49,385.49,0.0
1994-07-11,385.49,385.49,385.49,385.49,0.0
1994-07-12,112.0,114.0199966430664,111.94999694824219,112.69999694824219,36600.0
1994-07-13,385.49,385.49,385.49,385.49,0.0
1994-07-14,110.70999908447266,111.5,109.80000305175781,111.2300033569336,33400.0
1994-07-15,385.49,385.49,385.49,385.49,0.0
1994-07-18,385.49,385.49,385.49,385.49,0.0
1994-07-19,385.49,385.49,385.49,385.49,0.0
1994-07-20,385.49,385.49,385.49,385.49,0.0
1994-07-21,385.49,385.49,385.49,385.49,0.0
1994-07-22,385.49,385.49,385.49,385.49,0.0
1994-07-25,385.49,385.49,385.49,385.49,0.0
1994-07-26,113.62000274658203,113.98999786376953,112.58999633789062,113.54000091552734,54100.0
1994-07-27,115.5999984741211,115.75,114.04000091552734,114.04000091552734,45200.0
1994-07-28,385.49,385.49,385.49,385.49,0.0
1994-07-29,385.49,385.49,385.49,385.49,0.0
1994-08-01,380.36,380.36,380.36,380.36,0.0
1994-08-02,380.36,380.36,380.36,380.36,0.0
1994-08-03,109.25,110.55999755859375,109.25,109.69999694824219,51700.0
1994-08-04,380.36,380.36,380.36,380.36,0.0
1994-08-05,380.36,380.36,380.36,380.36,0.0
1994-08-08,380.36,380.36,380.36,380.36,0.0
1994-08-09,380.36,380.36,380.36,380.36,0.0
1994-08-10,380.36,380.36,380.36,380.36,0.0
1994-08-11,380.36,380.36,380.36,380.36,0.0
1994-08-12,108.41000366210938,109.26000213623047,107.23999786376953,109.26000213623047,32700.0
1994-08-15,108.08999633789062,108.69000244140625,107.94999694824219,108.5,36800.0
1994-08-16,107.72000122070312,108.48999786376953,106.94000244140625,107.9000015258789,44900.0
1994-08-17,380.36,380.36,380.36,380.36,0.0
1994-08-18,110.31999969482422,110.66999816894531,108.5999984741211,108.6500015258789,46600.0
1994-08-19,380.36,380.36,380.36,380.36,0.0
1994-08-22,111.04000091552734,112.33000183105469,110.55000305175781,111.55000305175781,38100.0
1994-08-23,380.36,380.36,380.36,380.36,0.0
1994-08-24,112.37999725341797,113.77999877929688,110.80999755859375,110.94000244140625,53000.0
1994-08-25,380.36,380.36,380.36,380.36,0.0
1994-08-26,380.36,380.36,380.36,380.36,0.0
1994-08-29,114.88999938964844,114.95999908447266,110.22000122070312,111.29000091552734,44900.0
1994-08-30,380.36,380.36,380.36,380.36,0.0
1994-08-31,118.5199966430664,118.95999908447266,116.20999908447266,116.79000091552734,60400.0
1994-09-01,119.08000183105469,119.51000213623047,117.97000122070312,118.45999908447266,55200.0
1994-09-02,391.58,391.58,391.58,391.58,0.0
1994-09-05,391.58,391.58,391.58,391.58,0.0
1994-09-06,123.33999633789062,123.95999908447266,121.58000183105469,121.73999786376953,54300.0
1994-09-07,391.58,391.58,391.58,391.58,0.0
1994-09-08,391.58,391.58,391.58,391.58,0.0
1994-09-09,391.58,391.58,391.58,391.58,0.0
1994-09-12,125.26000213623047,125.91999816894531,123.26000213623047,123.94999694824219,73600.0
1994-09-13,124.2300033569336,124.94999694824219,123.66999816894531,124.87000274658203,49000.0
1994-09-14,391.58,391.58,391.58,391.58,0.0
1994-09-15,121.55999755859375,122.55999755859375,120.98999786376953,122.55999755859375,41600.0
1994-09-16,122.95999908447266,124.08999633789062,122.27999877929688,122.27999877929688,44000.0
1994-09-19,391.58,391.58,391.58,391.58,0.0
1994-09-20,391.58,391.58,391.58,391.58,0.0
1994-09-21,391.58,391.58,391.58,391.58,0.0
1994-09-22,132.1300048828125,132.1300048828125,127.30999755859375,129.11000061035156,46800.0
1994-09-23,391.58,391.58,391.58,391.58,0.0
1994-09-26,132.92999267578125,134.44000244140625,131.75999450683594,133.75999450683594,57900.0
1994-09-27,135.8699951171875,135.89999389648438,132.27999877929688,133.3699951171875,46100.0
1994-09-28,133.42999267578125,134.9600067138672,132.60000610351562,134.9600067138672,46300.0
1994-09-29,133.39999389648438,133.66000366210938,132.47000122070312,133.22000122070312,38700.0
1994-09-30,132.22999572753906,132.97000122070312,131.5800018310547,132.97000122070312,39800.0
1994-10-03,389.77,389.77,389.77,389.77,0.0
1994-10-04,389.77,389.77,389.77,389.77,0.0
1994-10-05,389.77,389.77,389.77,389.77,0.0
1994-10-06,389.77,389.77,389.77,389.77,0.0
1994-10-07,389.77,389.77,389.77,389.77,0.0
1994-10-10,389.77,389.77,389.77,389.77,0.0
1994-10-11,389.77,389.77,389.77,389.77,0.0
1994-10-12,129.11000061035156,129.11000061035156,126.68000030517578,127.0199966430664,36100.0
1994-10-13,126.30000305175781,128.8699951171875,124.87999725341797,128.8699951171875,45900.0
1994-10-14,124.11000061035156,127.1500015258789,123.7300033569336,126.45999908447266,33700.0
1994-10-17,125.66000366210938,126.4800033569336,124.05000305175781,124.4800033569336,34900.0
1994-10-18,389.77,389.77,389.77,389.77,0.0
1994-10-19,389.77,389.77,389.77,389.77,0.0
1994-10-20,128.02999877929688,128.94000244140625,125.75,125.75,45300.0
1994-10-21,389.77,389.77,389.77,389.77,0.0
1994-10-24,389.77,389.77,389.77,389.77,0.0
1994-10-25,125.23999786376953,125.62000274658203,124.37999725341797,125.62000274658203,48500.0
1994-10-26,123.23999786376953,125.20999908447266,123.23999786376953,124.41999816894531,53700.0
1994-10-27,389.77,389.77,389.77,389.77,0.0
1994-10-28,116.44999694824219,119.95999908447266,116.38999938964844,119.29000091552734,55300.0
1994-10-31,117.41000366210938,119.36000061035156,114.94999694824219,115.5199966430664,55800.0
1994-11-01,117.02999877929688,119.05999755859375,117.0199966430664,117.77999877929688,60500.0
1994-11-02,384.39,384.39,384.39,384.39,0.0
1994-11-03,384.39,384.39,384.39,384.39,0.0
1994-11-04,384.39,384.39,384.39,384.39,0.0
1994-11-07,114.5199966430664,115.27999877929688,114.30000305175781,115.1500015258789,43700.0
1994-11-08,116.0199966430664,117.0,115.7699966430664,115.7699966430664,42100.0
1994-11-09,384.39,384.39,384.39,384.39,0.0
1994-11-10,115.13999938964844,115.16999816894531,113.95999908447266,114.5199966430664,40400.0
1994-11-11,384.39,384.39,384.39,384.39,0.0
1994-11-14,384.39,384.39,384.39,384.39,0.0
1994-11-15,384.39,384.39,384.39,384.39,0.0
1994-11-16,113.19000244140625,114.38999938964844,112.86000061035156,113.23999786376953,41500.0
1994-11-17,384.39,384.39,384.39,384.39,0.0
1994-11-18,109.2300033569336,110.97000122070312,109.2300033569336,110.97000122070312,44500.0
1994-11-21,107.58999633789062,109.2300033569336,106.94000244140625,109.2300033569336,42000.0
1994-11-22,384.39,384.39,384.39,384.39,0.0
1994-11-23,102.41999816894531,105.7300033569336,102.41999816894531,105.02999877929688,51500.0
1994-11-24,384.39,384.39,384.39,384.39,0.0
1994-11-25,384.39,384.39,384.39,384.39,0.0
1994-11-28,384.39,384.39,384.39,384.39,0.0
1994-11-29,105.54000091552734,106.7300033569336,104.43000030517578,104.43000030517578,46700.0
1994-11-30,102.69999694824219,106.4000015258789,102.55999755859375,106.0999984741211,54900.0
1994-12-01,102.58999633789062,104.48999786376953,102.5199966430664,102.70999908447266,72500.0
1994-12-02,379.29,379.29,379.29,379.29,0.0
1994-12-05,100.12999725341797,102.4000015258789,100.12999725341797,102.01000213623047,48100.0
1994-12-06,102.18000030517578,102.18000030517578,98.77999877929688,100.43000030517578,68000.0
1994-12-07,105.0199966430664,105.0199966430664,102.33000183105469,102.33000183105469,42100.0
1994-12-08,103.38999938964844,104.56999969482422,103.29000091552734,104.56999969482422,46400.0
1994-12-09,104.5199966430664,104.62999725341797,102.58000183105469,102.7699966430664,41200.0
1994-12-12,105.80000305175781,105.9000015258789,104.31999969482422,104.37000274658203,42700.0
1994-12-13,105.97000122070312,107.5199966430664,105.97000122070312,106.16000366210938,50100.0
1994-12-14,107.41000366210938,108.41999816894531,106.56999969482422,106.56999969482422,54900.0
1994-12-15,105.33000183105469,107.72000122070312,105.33000183105469,107.45999908447266,53100.0
1994-12-16,379.29,379.29,379.29,379.29,0.0
1994-12-19,379.29,379.29,379.29,379.29,0.0
1994-12-20,379.29,379.29,379.29,379.29,0.0
1994-12-21,379.29,379.29,379.29,379.29,0.0
1994-12-22,379.29,379.29,379.29,379.29,0.0
1994-12-23,379.29,379.29,379.29,379.29,0.0
1994-12-26,379.29,379.29,379.29,379.29,0.0
1994-12-27,379.29,379.29,379.29,379.29,0.0
1994-12-28,379.29,379.29,379.29,379.29,0.0
1994-12-29,379.29,379.29,379.29,379.29,0.0
1994-12-30,379.29,379.29,379.29,379.29,0.0
1995-01-02,378.55,378.55,378.55,378.55,0.0
1995-01-03,378.55,378.55,378.55,378.55,0.0
1995-01-04,99.80999755859375,103.58000183105469,99.44999694824219,103.18000030517578,54700.0
1995-01-05,101.25,101.56999969482422,99.98999786376953,100.58000183105469,56100.0
1995-01-06,98.7699966430664,101.66999816894531,98.7699966430664,101.25,43400.0
1995-01-09,99.91000366210938,100.1500015258789,98.87000274658203,98.87000274658203,37000.0
1995-01-10,102.30000305175781,102.30000305175781,99.58000183105469,100.04000091552734,53000.0
1995-01-11,107.86000061035156,107.93000030517578,102.8499984741211,102.8499984741211,46900.0
1995-01-12,378.55,378.55,378.55,378.55,0.0
1995-01-13,106.88999938964844,106.97000122070312,105.9000015258789,106.97000122070312,41500.0
1995-01-16,378.55,378.55,378.55,378.55,0.0
1995-01-17,378.55,378.55,378.55,378.55,0.0
1995-01-18,378.55,378.55,378.55,378.55,0.0
1995-01-19,378.55,378.55,378.55,378.55,0.0
1995-01-20,378.55,378.55,378.55,378.55,0.0
1995-01-23,104.63999938964844,106.83000183105469,104.12999725341797,106.83000183105469,53600.0
1995-01-24,104.5,105.06999969482422,103.4800033569336,104.95999908447266,49200.0
1995-01-25,378.55,378.55,378.55,378.55,0.0
1995-01-26,378.55,378.55,378.55,378.55,0.0
1995-01-27,378.55,378.55,378.55,378.55,0.0
1995-01-30,378.55,378.55,378.55,378.55,0.0
1995-01-31,378.55,378.55,378.55,378.55,0.0
1995-02-01,376.64,376.64,376.64,376.64,0.0
1995-02-02,376.64,376.64,376.64,376.64,0.0
1995-02-03,100.45999908447266,101.94000244140625,99.95999908447266,101.94000244140625,75700.0
1995-02-06,100.62000274658203,101.31999969482422,99.05999755859375,100.0199966430664,66400.0
1995-02-07,99.33000183105469,100.37000274658203,98.91000366210938,100.22000122070312,49100.0
1995-02-08,100.6500015258789,100.6500015258789,98.6500015258789,99.25,42700.0
1995-02-09,101.8499984741211,101.98999786376953,100.66000366210938,100.94999694824219,47400.0
1995-02-10,101.30999755859375,102.58000183105469,101.23999786376953,101.69999694824219,43500.0
1995-02-13,100.55000305175781,101.30999755859375,99.6500015258789,101.23999786376953,45100.0
1995-02-14,376.64,376.64,376.64,376.64,0.0
1995-02-15,100.80000305175781,101.31999969482422,100.19999694824219,100.9000015258789,53100.0
1995-02-16,101.0,102.48999786376953,101.0,101.16000366210938,48500.0
1995-02-17,103.05999755859375,104.55999755859375,101.87999725341797,101.87999725341797,46400.0
1995-02-20,376.64,376.64,376.64,376.64,0.0
1995-02-21,376.64,376.64,376.64,376.64,0.0
1995-02-22,106.43000030517578,107.0,103.63999938964844,103.63999938964844,45300.0
1995-02-23,376.64,376.64,376.64,376.64,0.0
1995-02-24,376.64,376.64,376.64,376.64,0.0
1995-02-27,103.6500015258789,103.87999725341797,102.55999755859375,103.18000030517578,48600.0
1995-02-28,376.64,376.64,376.64,376.64,0.0
1995-03-01,382.12,382.12,382.12,382.12,0.0
1995-03-02,382.12,382.12,382.12,382.12,0.0
1995-03-03,100.41000366210938,103.80999755859375,100.41000366210938,102.93000030517578,60000.0
1995-03-06,104.63999938964844,104.69999694824219,101.16999816894531,101.38999938964844,72800.0
1995-03-07,382.12,382.12,382.12,382.12,0.0
1995-03-08,382.12,382.12,382.12,382.12,0.0
1995-03-09,382.12,382.12,382.12,382.12,0.0
1995-03-10,382.12,382.12,382.12,382.12,0.0
1995-03-13,382.12,382.12,382.12,382.12,0.0
1995-03-14,111.4800033569336,111.4800033569336,110.02999877929688,111.0999984741211,52700.0
1995-03-15,382.12,382.12,382.12,382.12,0.0
1995-03-16,112.48999786376953,112.9800033569336,110.83000183105469,112.52999877929688,54800.0
1995-03-17,382.12,382.12,382.12,382.12,0.0
1995-03-20,115.47000122070312,115.9000015258789,112.88999938964844,113.19000244140625,50200.0
1995-03-21,382.12,382.12,382.12,382.12,0.0
1995-03-22,114.29000091552734,115.27999877929688,113.98999786376953,114.36000061035156,46800.0
1995-03-23,382.12,382.12,382.12,382.12,0.0
1995-03-24,382.12,382.12,382.12,382.12,0.0
1995-03-27,114.83000183105469,115.08999633789062,114.06999969482422,114.68000030517578,50500.0
1995-03-28,115.95999908447266,115.95999908447266,113.18000030517578,114.77999877929688,56500.0
1995-03-29,382.12,382.12,382.12,382.12,0.0
1995-03-30,382.12,382.12,382.12,382.12,0.0
1995-03-31,382.12,382.12,382.12,382.12,0.0
1995-04-03,391.03,391.03,391.03,391.03,0.0
1995-04-04,391.03,391.03,391.03,391.03,0.0
1995-04-05,391.03,391.03,391.03,391.03,0.0
1995-04-06,391.03,391.03,391.03,391.03,0.0
1995-04-07,391.03,391.03,391.03,391.03,0.0
1995-04-10,391.03,391.03,391.03,391.03,0.0
1995-04-11,391.03,391.03,391.03,391.03,0.0
1995-04-12,391.03,391.03,391.03,391.03,0.0
1995-04-13,116.27999877929688,119.69999694824219,115.62000274658203,119.69999694824219,47400.0
1995-04-14,391.03,391.03,391.03,391.03,0.0
1995-04-17,391.03,391.03,391.03,391.03,0.0
1995-04-18,124.87999725341797,125.38999938964844,121.45999908447266,122.37999725341797,54900.0
1995-04-19,124.08000183105469,126.94999694824219,124.05000305175781,125.41000366210938,70100.0
1995-04-20,391.03,391.03,391.03,391.03,0.0
1995-04-21,121.31999969482422,121.4000015258789,118.69000244140625,119.29000091552734,43500.0
1995-04-24,391.03,391.03,391.03,391.03,0.0
1995-04-25,391.03,391.03,391.03,391.03,0.0
1995-04-26,391.03,391.03,391.03,391.03,0.0
1995-04-27,391.03,391.03,391.03,391.03,0.0
1995-04-28,391.03,391.03,391.03,391.03,0.0
1995-05-01,385.22,385.22,385.22,385.22,0.0
1995-05-02,119.08000183105469,120.9800033569336,118.6500015258789,118.91999816894531,61400.0
1995-05-03,116.16000366210938,118.94999694824219,116.16000366210938,118.94999694824219,59600.0
1995-05-04,385.22,385.22,385.22,385.22,0.0
1995-05-05,385.22,385.22,385.22,385.22,0.0
1995-05-08,385.22,385.22,385.22,385.22,0.0
1995-05-09,112.0,116.06999969482422,111.94999694824219,116.06999969482422,62700.0
1995-05-10,385.22,385.22,385.22,385.22,0.0
1995-05-11,385.22,385.22,385.22,385.22,0.0
1995-05-12,385.22,385.22,385.22,385.22,0.0
1995-05-15,385.22,385.22,385.22,385.22,0.0
1995-05-16,385.22,385.22,385.22,385.22,0.0
1995-05-17,385.22,385.22,385.22,385.22,0.0
1995-05-18,385.22,385.22,385.22,385.22,0.0
1995-05-19,385.22,385.22,385.22,385.22,0.0
1995-05-22,113.19999694824219,115.6500015258789,113.19999694824219,114.86000061035156,50500.0
1995-05-23,385.22,385.22,385.22,385.22,0.0
1995-05-24,385.22,385.22,385.22,385.22,0.0
1995-05-25,385.22,385.22,385.22,385.22,0.0
1995-05-26,385.22,385.22,385.22,385.22,0.0
1995-05-29,385.22,385.22,385.22,385.22,0.0
1995-05-30,385.22,385.22,385.22,385.22,0.0
1995-05-31,120.0,120.0199966430664,118.3499984741211,118.9000015258789,58900.0
1995-06-01,387.56,387.56,387.56,387.56,0.0
1995-06-02,387.56,387.56,387.56,387.56,0.0
1995-06-05,387.56,387.56,387.56,387.56,0.0
1995-06-06,117.98999786376953,118.70999908447266,117.1500015258789,118.70999908447266,73000.0
1995-06-07,120.45999908447266,120.87999725341797,118.29000091552734,118.29000091552734,70800.0
1995-06-08,122.04000091552734,122.04000091552734,119.20999908447266,119.83000183105469,66400.0
1995-06-09,387.56,387.56,387.56,387.56,0.0
1995-06-12,387.56,387.56,387.56,387.56,0.0
1995-06-13,387.56,387.56,387.56,387.56,0.0
1995-06-14,387.56,387.56,387.56,387.56,0.0
1995-06-15,126.7300033569336,127.98999786376953,124.0,124.0,53600.0
1995-06-16,387.56,387.56,387.56,387.56,0.0
1995-06-19,129.05999755859375,129.0800018310547,127.22000122070312,127.22000122070312,53000.0
1995-06-20,387.56,387.56,387.56,387.56,0.0
1995-06-21,387.56,387.56,387.56,387.56,0.0
1995-06-22,387.56,387.56,387.56,387.56,0.0
1995-06-23,387.56,387.56,387.56,387.56,0.0
1995-06-26,123.69999694824219,125.69999694824219,123.6500015258789,125.69999694824219,43900.0
1995-06-27,387.56,387.56,387.56,387.56,0.0
1995-06-28,387.56,387.56,387.56,387.56,0.0
1995-06-29,387.56,387.56,387.56,387.56,0.0
1995-06-30,120.19000244140625,122.04000091552734,119.37000274658203,121.98999786376953,31500.0
1995-07-03,119.81999969482422,120.26000213623047,119.66000366210938,120.19000244140625,15000.0
1995-07-04,386.23,386.23,386.23,386.23,0.0
1995-07-05,386.23,386.23,386.23,386.23,0.0
1995-07-06,124.02999877929688,124.02999877929688,120.41999816894531,120.41999816894531,58600.0
1995-07-07,126.29000091552734,126.36000061035156,124.4800033569336,124.87000274658203,72400.0
1995-07-10,386.23,386.23,386.23,386.23,0.0
1995-07-11,386.23,386.23,386.23,386.23,0.0
1995-07-12,131.0,132.6999969482422,128.80999755859375,129.38999938964844,66400.0
1995-07-13,126.70999908447266,131.67999267578125,126.44999694824219,131.08999633789062,48600.0
1995-07-14,127.51000213623047,129.19000244140625,126.70999908447266,126.87999725341797,38600.0
1995-07-17,129.75,129.88999938964844,127.56999969482422,127.5999984741211,44800.0
1995-07-18,128.52999877929688,129.77999877929688,127.70999908447266,129.75,43800.0
1995-07-19,125.91999816894531,130.67999267578125,124.16999816894531,129.22000122070312,57800.0
1995-07-20,123.33000183105469,125.55000305175781,123.16999816894531,125.2300033569336,50900.0
1995-07-21,386.23,386.23,386.23,386.23,0.0
1995-07-24,386.23,386.23,386.23,386.23,0.0
1995-07-25,386.23,386.23,386.23,386.23,0.0
1995-07-26,386.23,386.23,386.23,386.23,0.0
1995-07-27,386.23,386.23,386.23,386.23,0.0
1995-07-28,119.69999694824219,120.91999816894531,119.51000213623047,119.9000015258789,41300.0
1995-07-31,118.69999694824219,120.2699966430664,118.19999694824219,119.80000305175781,48000.0
1995-08-01,123.5999984741211,123.5999984741211,118.61000061035156,118.61000061035156,41800.0
1995-08-02,122.9000015258789,123.44999694824219,122.38999938964844,123.06999969482422,43700.0
1995-08-03,383.67,383.67,383.67,383.67,0.0
1995-08-04,122.87000274658203,123.83999633789062,121.97000122070312,123.7300033569336,70100.0
1995-08-07,121.55000305175781,124.69999694824219,121.55000305175781,123.30000305175781,34900.0
1995-08-08,123.77999877929688,124.43000030517578,122.56999969482422,122.5999984741211,40800.0
1995-08-09,122.30000305175781,124.22000122070312,122.05999755859375,124.16000366210938,39400.0
1995-08-10,383.67,383.67,383.67,383.67,0.0
1995-08-11,120.5999984741211,121.05000305175781,119.33000183105469,121.04000091552734,36200.0
1995-08-14,383.67,383.67,383.67,383.67,0.0
1995-08-15,126.31999969482422,126.9000015258789,124.18000030517578,124.79000091552734,47400.0
1995-08-16,383.67,383.67,383.67,383.67,0.0
1995-08-17,383.67,383.67,383.67,383.67,0.0
1995-08-18,125.87999725341797,127.06999969482422,125.62000274658203,126.63999938964844,34900.0
1995-08-21,383.67,383.67,383.67,383.67,0.0
1995-08-22,383.67,383.67,383.67,383.67,0.0
1995-08-23,383.67,383.67,383.67,383.67,0.0
1995-08-24,126.30999755859375,128.0500030517578,125.72000122070312,127.44999694824219,41900.0
1995-08-25,126.9000015258789,127.29000091552734,126.20999908447266,126.20999908447266,61700.0
1995-08-28,126.8499984741211,127.0999984741211,125.9800033569336,126.44999694824219,43900.0
1995-08-29,124.58999633789062,126.58999633789062,124.45999908447266,126.58999633789062,61000.0
1995-08-30,121.55000305175781,124.38999938964844,121.43000030517578,124.18000030517578,51100.0
1995-08-31,122.66000366210938,123.69000244140625,121.66999816894531,121.94000244140625,43100.0
1995-09-01,383.06,383.06,383.06,383.06,0.0
1995-09-04,383.06,383.06,383.06,383.06,0.0
1995-09-05,383.06,383.06,383.06,383.06,0.0
1995-09-06,383.06,383.06,383.06,383.06,0.0
1995-09-07,126.37999725341797,127.08000183105469,125.56999969482422,125.56999969482422,71400.0
1995-09-08,383.06,383.06,383.06,383.06,0.0
1995-09-11,127.79000091552734,128.22000122070312,127.0999984741211,127.38999938964844,68600.0
1995-09-12,383.06,383.06,383.06,383.06,0.0
1995-09-13,383.06,383.06,383.06,383.06,0.0
1995-09-14,383.06,383.06,383.06,383.06,0.0
1995-09-15,383.06,383.06,383.06,383.06,0.0
1995-09-18,383.06,383.06,383.06,383.06,0.0
1995-09-19,383.06,383.06,383.06,383.06,0.0
1995-09-20,383.06,383.06,383.06,383.06,0.0
1995-09-21,383.06,383.06,383.06,383.06,0.0
1995-09-22,383.06,383.06,383.06,383.06,0.0
1995-09-25,383.06,383.06,383.06,383.06,0.0
1995-09-26,383.06,383.06,383.06,383.06,0.0
1995-09-27,122.88999938964844,123.58999633789062,122.18000030517578,122.23999786376953,44800.0
1995-09-28,383.06,383.06,383.06,383.06,0.0
1995-09-29,124.19999694824219,124.33000183105469,123.41000366210938,123.62999725341797,39900.0
1995-10-02,383.14,383.14,383.14,383.14,0.0
1995-10-03,383.14,383.14,383.14,383.14,0.0
1995-10-04,383.14,383.14,383.14,383.14,0.0
1995-10-05,120.97000122070312,121.63999938964844,120.38999938964844,120.95999908447266,49000.0
1995-10-06,383.14,383.14,383.14,383.14,0.0
1995-10-09,383.14,383.14,383.14,383.14,0.0
1995-10-10,383.14,383.14,383.14,383.14,0.0
1995-10-11,383.14,383.14,383.14,383.14,0.0
1995-10-12,119.01000213623047,121.72000122070312,118.79000091552734,121.72000122070312,46800.0
1995-10-13,383.14,383.14,383.14,383.14,0.0
1995-10-16,383.14,383.14,383.14,383.14,0.0
1995-10-17,115.30000305175781,117.0199966430664,115.30000305175781,116.80000305175781,43200.0
1995-10-18,113.13999938964844,116.51000213623047,113.13999938964844,115.76000213623047,55600.0
1995-10-19,113.0,114.12000274658203,111.26000213623047,112.30000305175781,62300.0
1995-10-20,383.14,383.14,383.14,383.14,0.0
1995-10-23,383.14,383.14,383.14,383.14,0.0
1995-10-24,383.14,383.14,383.14,383.14,0.0
1995-10-25,113.12000274658203,113.12000274658203,111.61000061035156,111.94000244140625,62000.0
1995-10-26,111.0,113.51000213623047,109.83999633789062,113.13999938964844,69500.0
1995-10-27,108.41999816894531,110.91999816894531,107.93000030517578,110.5199966430664,63400.0
1995-10-30,108.0,110.08000183105469,108.0,108.72000122070312,58300.0
1995-10-31,107.18000030517578,110.12999725341797,106.6500015258789,109.18000030517578,51400.0
1995-11-01,385.31,385.31,385.31,385.31,0.0
1995-11-02,385.31,385.31,385.31,385.31,0.0
1995-11-03,111.66000366210938,112.97000122070312,111.58999633789062,112.20999908447266,57000.0
1995-11-06,114.33999633789062,114.83999633789062,111.80999755859375,111.80999755859375,51800.0
1995-11-07,385.31,385.31,385.31,385.31,0.0
1995-11-08,385.31,385.31,385.31,385.31,0.0
1995-11-09,385.31,385.31,385.31,385.31,0.0
1995-11-10,119.48999786376953,120.81999969482422,119.20999908447266,119.20999908447266,39900.0
1995-11-13,385.31,385.31,385.31,385.31,0.0
1995-11-14,385.31,385.31,385.31,385.31,0.0
1995-11-15,385.31,385.31,385.31,385.31,0.0
1995-11-16,385.31,385.31,385.31,385.31,0.0
1995-11-17,385.31,385.31,385.31,385.31,0.0
1995-11-20,385.31,385.31,385.31,385.31,0.0
1995-11-21,385.31,385.31,385.31,385.31,0.0
1995-11-22,115.83000183105469,117.91999816894531,115.76000213623047,116.61000061035156,45700.0
1995-11-23,385.31,385.31,385.31,385.31,0.0
1995-11-24,117.19999694824219,117.66000366210938,116.2699966430664,116.2699966430664,15800.0
1995-11-27,121.45999908447266,121.45999908447266,118.01000213623047,118.0999984741211,103000.0
1995-11-28,122.80999755859375,123.54000091552734,122.19999694824219,122.5999984741211,44200.0
1995-11-29,385.31,385.31,385.31,385.31,0.0
1995-11-30,385.31,385.31,385.31,385.31,0.0
1995-12-01,387.44,387.44,387.44,387.44,0.0
1995-12-04,387.44,387.44,387.44,387.44,0.0
1995-12-05,124.70999908447266,124.70999908447266,122.44000244140625,122.44000244140625,69900.0
1995-12-06,387.44,387.44,387.44,387.44,0.0
1995-12-07,124.47000122070312,126.04000091552734,124.36000061035156,125.23999786376953,64600.0
1995-12-08,125.6500015258789,126.27999877929688,124.54000091552734,124.56999969482422,48200.0
1995-12-11,124.62999725341797,126.75,124.62999725341797,125.81999969482422,45000.0
1995-12-12,123.04000091552734,125.37999725341797,123.04000091552734,125.37999725341797,82400.0
1995-12-13,387.44,387.44,387.44,387.44,0.0
1995-12-14,387.44,387.44,387.44,387.44,0.0
1995-12-15,387.44,387.44,387.44,387.44,0.0
1995-12-18,121.05999755859375,122.43000030517578,120.80000305175781,121.13999938964844,55400.0
1995-12-19,387.44,387.44,387.44,387.44,0.0
1995-12-20,387.44,387.44,387.44,387.44,0.0
1995-12-21,387.44,387.44,387.44,387.44,0.0
1995-12-22,387.44,387.44,387.44,387.44,0.0
1995-12-25,387.44,387.44,387.44,387.44,0.0
1995-12-26,387.44,387.44,387.44,387.44,0.0
1995-12-27,387.44,387.44,387.44,387.44,0.0
1995-12-28,119.48999786376953,120.56999969482422,119.48999786376953,119.87000274658203,52300.0
1995-12-29,120.41999816894531,120.47000122070312,119.31999969482422,119.45999908447266,57100.0
1996-01-01,399.45,399.45,399.45,399.45,0.0
1996-01-02,126.4800033569336,126.4800033569336,121.86000061035156,121.86000061035156,50700.0
1996-01-03,129.5500030517578,130.41000366210938,127.68000030517578,127.68000030517578,58000.0
1996-01-04,399.45,399.45,399.45,399.45,0.0
1996-01-05,132.66000366210938,133.1699981689453,129.75999450683594,129.75999450683594,54800.0
1996-01-08,134.4499969482422,135.1300048828125,133.63999938964844,133.63999938964844,26900.0
1996-01-09,399.45,399.45,399.45,399.45,0.0
1996-01-10,137.1999969482422,138.89999389648438,135.27999877929688,135.27999877929688,68100.0
1996-01-11,133.52000427246094,136.9600067138672,133.4600067138672,136.9600067138672,48300.0
1996-01-12,131.30999755859375,133.47999572753906,130.30999755859375,133.4600067138672,44300.0
1996-01-15,399.45,399.45,399.45,399.45,0.0
1996-01-16,132.2100067138672,134.05999755859375,131.47000122070312,133.66000366210938,45100.0
1996-01-17,134.5500030517578,134.5500030517578,130.8800048828125,131.89999389648438,48600.0
1996-01-18,132.5500030517578,133.8300018310547,132.5500030517578,133.30999755859375,55700.0
1996-01-19,135.49000549316406,136.05999755859375,133.55999755859375,133.6199951171875,55500.0
1996-01-22,399.45,399.45,399.45,399.45,0.0
1996-01-23,140.11000061035156,140.8300018310547,138.5500030517578,140.8300018310547,57500.0
1996-01-24,137.07000732421875,139.25999450683594,137.07000732421875,138.83999633789062,78500.0
1996-01-25,139.4199981689453,141.42999267578125,139.25999450683594,139.63999938964844,65400.0
1996-01-26,139.8300018310547,140.33999633789062,138.57000732421875,139.10000610351562,57400.0
1996-01-29,142.25999450683594,142.92999267578125,139.3000030517578,139.36000061035156,51300.0
1996-01-30,399.45,399.45,399.45,399.45,0.0
1996-01-31,399.45,399.45,399.45,399.45,0.0
1996-02-01,404.76,404.76,404.76,404.76,0.0
1996-02-02,150.6199951171875,150.64999389648438,148.35000610351562,148.35000610351562,69700.0
1996-02-05,152.6999969482422,152.72999572753906,149.72999572753906,150.91000366210938,47400.0
1996-02-06,404.76,404.76,404.76,404.76,0.0
1996-02-07,145.5500030517578,155.60000610351562,145.4499969482422,153.5399932861328,79800.0
1996-02-08,145.5399932861328,145.5399932861328,141.1999969482422,144.10000610351562,63000.0
1996-02-09,143.07000732421875,145.08999633789062,142.02999877929688,144.32000732421875,56700.0
1996-02-12,404.76,404.76,404.76,404.76,0.0
1996-02-13,404.76,404.76,404.76,404.76,0.0
1996-02-14,147.77999877929688,147.99000549316406,143.13999938964844,143.6999969482422,52800.0
1996-02-15,143.33999633789062,149.05999755859375,143.1999969482422,147.89999389648438,49700.0
1996-02-16,144.6199951171875,145.32000732421875,143.63999938964844,144.55999755859375,45900.0
1996-02-19,404.76,404.76,404.76,404.76,0.0
1996-02-20,404.76,404.76,404.76,404.76,0.0
1996-02-21,144.22999572753906,144.39999389648438,139.6999969482422,140.44000244140625,57500.0
1996-02-22,143.2100067138672,143.9199981689453,142.1699981689453,143.4499969482422,60800.0
1996-02-23,142.4499969482422,143.25,141.42999267578125,142.6199951171875,57800.0
1996-02-26,404.76,404.76,404.76,404.76,0.0
1996-02-27,145.5,147.60000610351562,144.66000366210938,145.92999267578125,52500.0
1996-02-28,145.07000732421875,146.41000366210938,143.3300018310547,145.6199951171875,53300.0
1996-02-29,404.76,404.76,404.76,404.76,0.0
1996-03-01,396.21,396.21,396.21,396.21,0.0
1996-03-04,136.82000732421875,140.07000732421875,136.77000427246094,140.07000732421875,54000.0
1996-03-05,396.21,396.21,396.21,396.21,0.0
1996-03-06,138.30999755859375,139.44000244140625,137.5800018310547,138.24000549316406,71400.0
1996-03-07,140.47000122070312,140.63999938964844,137.80999755859375,138.08999633789062,48100.0
1996-03-08,138.05999755859375,142.6199951171875,137.08999633789062,142.10000610351562,59500.0
1996-03-11,139.6999969482422,139.82000732421875,136.8699951171875,137.17999267578125,73100.0
1996-03-12,136.97999572753906,140.55999755859375,136.97999572753906,139.69000244140625,121500.0
1996-03-13,138.77000427246094,139.05999755859375,136.07000732421875,137.52999877929688,59000.0
1996-03-14,396.21,396.21,396.21,396.21,0.0
1996-03-15,396.21,396.21,396.21,396.21,0.0
1996-03-18,136.55999755859375,137.0,135.41000366210938,136.8800048828125,63800.0
1996-03-19,396.21,396.21,396.21,396.21,0.0
1996-03-20,136.55999755859375,138.38999938964844,135.8699951171875,136.4600067138672,56300.0
1996-03-21,137.5800018310547,138.36000061035156,136.41000366210938,136.4199981689453,48000.0
1996-03-22,139.6999969482422,139.75,136.9499969482422,137.64999389648438,42000.0
1996-03-25,142.6199951171875,142.6199951171875,139.17999267578125,139.36000061035156,41400.0
1996-03-26,148.8000030517578,148.8000030517578,143.5500030517578,143.6699981689453,44000.0
1996-03-27,149.52999877929688,149.52999877929688,147.36000061035156,147.8800048828125,48000.0
1996-03-28,143.8300018310547,148.0,143.77000427246094,147.75999450683594,50700.0
1996-03-29,396.21,396.21,396.21,396.21,0.0
1996-04-01,143.72000122070312,143.72000122070312,142.02999877929688,142.9499969482422,42900.0
1996-04-02,142.58999633789062,143.5500030517578,141.77000427246094,143.50999450683594,47800.0
1996-04-03,392.85,392.85,392.85,392.85,0.0
1996-04-04,392.85,392.85,392.85,392.85,0.0
1996-04-05,392.85,392.85,392.85,392.85,0.0
1996-04-08,148.35000610351562,148.35000610351562,141.9600067138672,143.1199951171875,44800.0
1996-04-09,146.27999877929688,148.4499969482422,146.16000366210938,147.25,44700.0
1996-04-10,392.85,392.85,392.85,392.85,0.0
1996-04-11,392.85,392.85,392.85,392.85,0.0
1996-04-12,392.85,392.85,392.85,392.85,0.0
1996-04-15,145.27000427246094,145.69000244140625,143.72000122070312,143.97999572753906,41600.0
1996-04-16,141.83999633789062,148.1199951171875,141.83999633789062,145.3699951171875,59900.0
1996-04-17,140.41000366210938,142.47999572753906,140.22999572753906,141.72000122070312,78100.0
1996-04-18,141.10000610351562,142.0800018310547,140.02999877929688,141.00999450683594,53500.0
1996-04-19,137.77999877929688,141.44000244140625,137.77999877929688,141.10000610351562,50200.0
1996-04-22,139.47000122070312,139.64999389648438,138.13999938964844,138.5399932861328,101500.0
1996-04-23,141.47000122070312,141.47000122070312,139.80999755859375,139.97000122070312,66300.0
1996-04-24,139.94000244140625,141.41000366210938,139.94000244140625,141.1300048828125,71100.0
1996-04-25,392.85,392.85,392.85,392.85,0.0
1996-04-26,392.85,392.85,392.85,392.85,0.0
1996-04-29,392.85,392.85,392.85,392.85,0.0
1996-04-30,392.85,392.85,392.85,392.85,0.0
1996-05-01,391.93,391.93,391.93,391.93,0.0
1996-05-02,391.93,391.93,391.93,391.93,0.0
1996-05-03,140.1300048828125,142.3699951171875,139.52999877929688,141.25999450683594,66600.0
1996-05-06,391.93,391.93,391.93,391.93,0.0
1996-05-07,148.77999877929688,149.14999389648438,145.8000030517578,145.8000030517578,76200.0
1996-05-08,147.05999755859375,150.4199981689453,146.8300018310547,149.52000427246094,52700.0
1996-05-09,147.02999877929688,147.47999572753906,145.9600067138672,146.80999755859375,53500.0
1996-05-10,391.93,391.93,391.93,391.93,0.0
1996-05-13,147.6999969482422,147.8000030517578,146.0,146.74000549316406,53300.0
1996-05-14,391.93,391.93,391.93,391.93,0.0
1996-05-15,391.93,391.93,391.93,391.93,0.0
1996-05-16,391.93,391.93,391.93,391.93,0.0
1996-05-17,145.9499969482422,146.74000549316406,145.47999572753906,146.67999267578125,54200.0
1996-05-20,142.39999389648438,145.17999267578125,142.38999938964844,145.17999267578125,53400.0
1996-05-21,146.14999389648438,146.4600067138672,142.58999633789062,143.50999450683594,68100.0
1996-05-22,145.4600067138672,146.55999755859375,144.9600067138672,146.0500030517578,61400.0
1996-05-23,143.55999755859375,145.1699981689453,143.4600067138672,145.08999633789062,74000.0
1996-05-24,391.93,391.93,391.93,391.93,0.0
1996-05-27,391.93,391.93,391.93,391.93,0.0
1996-05-28,143.72999572753906,145.50999450683594,143.66000366210938,144.6999969482422,53200.0
1996-05-29,391.93,391.93,391.93,391.93,0.0
1996-05-30,145.57000732421875,145.8300018310547,144.39999389648438,144.39999389648438,49200.0
1996-05-31,148.88999938964844,149.0500030517578,145.50999450683594,145.86000061035156,43200.0
1996-06-03,147.6999969482422,149.10000610351562,147.27000427246094,148.9600067138672,47800.0
1996-06-04,385.27,385.27,385.27,385.27,0.0
1996-06-05,385.27,385.27,385.27,385.27,0.0
1996-06-06,133.77000427246094,137.16000366210938,133.6999969482422,135.55999755859375,55600.0
1996-06-07,385.27,385.27,385.27,385.27,0.0
1996-06-10,385.27,385.27,385.27,385.27,0.0
1996-06-11,385.27,385.27,385.27,385.27,0.0
1996-06-12,385.27,385.27,385.27,385.27,0.0
1996-06-13,385.27,385.27,385.27,385.27,0.0
1996-06-14,385.27,385.27,385.27,385.27,0.0
1996-06-17,385.27,385.27,385.27,385.27,0.0
1996-06-18,129.38999938964844,130.19000244140625,128.41000366210938,128.58999633789062,47000.0
1996-06-19,129.9199981689453,131.5,129.47999572753906,130.22000122070312,53800.0
1996-06-20,129.02000427246094,130.3300018310547,128.97999572753906,130.0,50900.0
1996-06-21,125.31999969482422,128.72000122070312,125.31999969482422,128.6699981689453,46400.0
1996-06-24,128.94000244140625,128.94000244140625,124.2699966430664,125.3499984741211,38400.0
1996-06-25,127.30999755859375,130.5800018310547,126.83999633789062,128.92999267578125,51000.0
1996-06-26,385.27,385.27,385.27,385.27,0.0
1996-06-27,124.12000274658203,126.5999984741211,123.41000366210938,125.77999877929688,51900.0
1996-06-28,123.76000213623047,125.48999786376953,122.98999786376953,124.27999877929688,44300.0
1996-07-01,125.72000122070312,126.76000213623047,124.47000122070312,124.47000122070312,41100.0
1996-07-02,383.47,383.47,383.47,383.47,0.0
1996-07-03,383.47,383.47,383.47,383.47,0.0
1996-07-04,383.47,383.47,383.47,383.47,0.0
1996-07-05,383.47,383.47,383.47,383.47,0.0
1996-07-08,127.4000015258789,130.07000732421875,126.93000030517578,130.07000732421875,56600.0
1996-07-09,383.47,383.47,383.47,383.47,0.0
1996-07-10,131.32000732421875,132.7100067138672,130.5800018310547,132.14999389648438,53900.0
1996-07-11,383.47,383.47,383.47,383.47,0.0
1996-07-12,383.47,383.47,383.47,383.47,0.0
1996-07-15,383.47,383.47,383.47,383.47,0.0
1996-07-16,119.05000305175781,122.44999694824219,113.86000061035156,122.06999969482422,70100.0
1996-07-17,116.75,120.05000305175781,116.75,119.48999786376953,53200.0
1996-07-18,383.47,383.47,383.47,383.47,0.0
1996-07-19,121.36000061035156,121.87999725341797,120.20999908447266,120.66000366210938,53000.0
1996-07-22,383.47,383.47,383.47,383.47,0.0
1996-07-23,383.47,383.47,383.47,383.47,0.0
1996-07-24,116.80999755859375,118.43000030517578,116.3499984741211,118.3499984741211,62200.0
1996-07-25,383.47,383.47,383.47,383.47,0.0
1996-07-26,383.47,383.47,383.47,383.47,0.0
1996-07-29,383.47,383.47,383.47,383.47,0.0
1996-07-30,383.47,383.47,383.47,383.47,0.0
1996-07-31,383.47,383.47,383.47,383.47,0.0
1996-08-01,124.31999969482422,126.33999633789062,122.79000091552734,123.51000213623047,53700.0
1996-08-02,126.13999938964844,126.16000366210938,123.66999816894531,124.58000183105469,44800.0
1996-08-05,387.35,387.35,387.35,387.35,0.0
1996-08-06,387.35,387.35,387.35,387.35,0.0
1996-08-07,126.6500015258789,128.10000610351562,126.38999938964844,128.02999877929688,56200.0
1996-08-08,128.75,129.22999572753906,126.51000213623047,126.6500015258789,41400.0
1996-08-09,387.35,387.35,387.35,387.35,0.0
1996-08-12,387.35,387.35,387.35,387.35,0.0
1996-08-13,126.20999908447266,127.7699966430664,125.62000274658203,127.7699966430664,37800.0
1996-08-14,123.33000183105469,125.19000244140625,122.98999786376953,124.51000213623047,36300.0
1996-08-15,124.33999633789062,125.33000183105469,123.0999984741211,123.0999984741211,36600.0
1996-08-16,121.66000366210938,124.37999725341797,121.66000366210938,124.37999725341797,35500.0
1996-08-19,125.7300033569336,125.7300033569336,121.68000030517578,122.27999877929688,37900.0
1996-08-20,127.70999908447266,127.70999908447266,124.81999969482422,125.44000244140625,43900.0
1996-08-21,125.80000305175781,126.81999969482422,125.80000305175781,126.81999969482422,58900.0
1996-08-22,387.35,387.35,387.35,387.35,0.0
1996-08-23,387.35,387.35,387.35,387.35,0.0
1996-08-26,387.35,387.35,387.35,387.35,0.0
1996-08-27,387.35,387.35,387.35,387.35,0.0
1996-08-28,387.35,387.35,387.35,387.35,0.0
1996-08-29,387.35,387.35,387.35,387.35,0.0
1996-08-30,387.35,387.35,387.35,387.35,0.0
1996-09-02,383.14,383.14,383.14,383.14,0.0
1996-09-03,126.66999816894531,127.02999877929688,123.7699966430664,124.2300033569336,45100.0
1996-09-04,126.45999908447266,126.45999908447266,125.3499984741211,126.16000366210938,47900.0
1996-09-05,125.41000366210938,127.61000061035156,125.41000366210938,126.6500015258789,53400.0
1996-09-06,383.14,383.14,383.14,383.14,0.0
1996-09-09,121.26000213623047,125.22000122070312,120.66000366210938,125.22000122070312,59800.0
1996-09-10,383.14,383.14,383.14,383.14,0.0
1996-09-11,383.14,383.14,383.14,383.14,0.0
1996-09-12,383.14,383.14,383.14,383.14,0.0
1996-09-13,383.14,383.14,383.14,383.14,0.0
1996-09-16,123.63999938964844,124.2300033569336,122.51000213623047,124.2300033569336,54400.0
1996-09-17,383.14,383.14,383.14,383.14,0.0
1996-09-18,383.14,383.14,383.14,383.14,0.0
1996-09-19,383.14,383.14,383.14,383.14,0.0
1996-09-20,119.5,120.18000030517578,118.80999755859375,120.18000030517578,46400.0
1996-09-23,383.14,383.14,383.14,383.14,0.0
1996-09-24,383.14,383.14,383.14,383.14,0.0
1996-09-25,383.14,383.14,383.14,383.14,0.0
1996-09-26,116.26000213623047,118.72000122070312,116.02999877929688,118.66999816894531,53800.0
1996-09-27,383.14,383.14,383.14,383.14,0.0
1996-09-30,383.14,383.14,383.14,383.14,0.0
1996-10-01,381.07,381.07,381.07,381.07,0.0
1996-10-02,381.07,381.07,381.07,381.07,0.0
1996-10-03,381.07,381.07,381.07,381.07,0.0
1996-10-04,381.07,381.07,381.07,381.07,0.0
1996-10-07,117.22000122070312,118.58000183105469,116.62999725341797,117.08000183105469,49700.0
1996-10-08,381.07,381.07,381.07,381.07,0.0
1996-10-09,381.07,381.07,381.07,381.07,0.0
1996-10-10,119.37999725341797,119.9000015258789,117.8499984741211,117.97000122070312,52900.0
1996-10-11,381.07,381.07,381.07,381.07,0.0
1996-10-14,116.38999938964844,118.22000122070312,116.38999938964844,117.94999694824219,43100.0
1996-10-15,117.2300033569336,117.58999633789062,115.63999938964844,116.11000061035156,56100.0
1996-10-16,117.13999938964844,118.16999816894531,116.51000213623047,117.47000122070312,54300.0
1996-10-17,381.07,381.07,381.07,381.07,0.0
1996-10-18,381.07,381.07,381.07,381.07,0.0
1996-10-21,381.07,381.07,381.07,381.07,0.0
1996-10-22,381.07,381.07,381.07,381.07,0.0
1996-10-23,381.07,381.07,381.07,381.07,0.0
1996-10-24,119.16999816894531,119.20999908447266,118.11000061035156,118.41999816894531,54600.0
1996-10-25,118.9800033569336,119.9000015258789,118.43000030517578,118.83999633789062,43000.0
1996-10-28,381.07,381.07,381.07,381.07,0.0
1996-10-29,381.07,381.07,381.07,381.07,0.0
1996-10-30,381.07,381.07,381.07,381.07,0.0
1996-10-31,381.07,381.07,381.07,381.07,0.0
1996-11-01,377.85,377.85,377.85,377.85,0.0
1996-11-04,116.70999908447266,117.33999633789062,116.0199966430664,116.41999816894531,48500.0
1996-11-05,377.85,377.85,377.85,377.85,0.0
1996-11-06,377.85,377.85,377.85,377.85,0.0
1996-11-07,116.87999725341797,118.02999877929688,113.97000122070312,114.45999908447266,70600.0
1996-11-08,118.62999725341797,119.22000122070312,115.0199966430664,115.6500015258789,48600.0
1996-11-11,120.91000366210938,121.16999816894531,118.19000244140625,119.16999816894531,51000.0
1996-11-12,126.06999969482422,126.11000061035156,120.26000213623047,120.63999938964844,73500.0
1996-11-13,377.85,377.85,377.85,377.85,0.0
1996-11-14,125.19000244140625,126.95999908447266,124.43000030517578,126.91999816894531,77400.0
1996-11-15,377.85,377.85,377.85,377.85,0.0
1996-11-18,122.47000122070312,124.1500015258789,122.44999694824219,124.1500015258789,47100.0
1996-11-19,377.85,377.85,377.85,377.85,0.0
1996-11-20,377.85,377.85,377.85,377.85,0.0
1996-11-21,377.85,377.85,377.85,377.85,0.0
1996-11-22,377.85,377.85,377.85,377.85,0.0
1996-11-25,117.87999725341797,119.2699966430664,117.20999908447266,118.66000366210938,65900.0
1996-11-26,119.95999908447266,122.75,116.38999938964844,117.7300033569336,80200.0
1996-11-27,377.85,377.85,377.85,377.85,0.0
1996-11-28,377.85,377.85,377.85,377.85,0.0
1996-11-29,377.85,377.85,377.85,377.85,0.0
1996-12-02,369.0,369.0,369.0,369.0,0.0
1996-12-03,369.0,369.0,369.0,369.0,0.0
1996-12-04,369.0,369.0,369.0,369.0,0.0
1996-12-05,122.13999938964844,123.75,117.63999938964844,117.88999938964844,63900.0
1996-12-06,369.0,369.0,369.0,369.0,0.0
1996-12-09,369.0,369.0,369.0,369.0,0.0
1996-12-10,369.0,369.0,369.0,369.0,0.0
1996-12-11,369.0,369.0,369.0,369.0,0.0
1996-12-12,369.0,369.0,369.0,369.0,0.0
1996-12-13,118.44999694824219,119.44999694824219,117.36000061035156,118.83999633789062,51200.0
1996-12-16,369.0,369.0,369.0,369.0,0.0
1996-12-17,120.16000366210938,121.5,118.44999694824219,119.06999969482422,48400.0
1996-12-18,369.0,369.0,369.0,369.0,0.0
1996-12-19,119.76000213623047,120.0999984741211,118.43000030517578,118.77999877929688,54600.0
1996-12-20,369.0,369.0,369.0,369.0,0.0
1996-12-23,118.62999725341797,118.93000030517578,117.72000122070312,117.76000213623047,46000.0
1996-12-24,118.7300033569336,119.0999984741211,118.12000274658203,118.70999908447266,25500.0
1996-12-25,369.0,369.0,369.0,369.0,0.0
1996-12-26,369.0,369.0,369.0,369.0,0.0
1996-12-27,369.0,369.0,369.0,369.0,0.0
1996-12-30,369.0,369.0,369.0,369.0,0.0
1996-12-31,369.0,369.0,369.0,369.0,0.0
1997-01-01,355.11,355.11,355.11,355.11,0.0
1997-01-02,114.12000274658203,116.86000061035156,113.29000091552734,116.86000061035156,59300.0
1997-01-03,355.11,355.11,355.11,355.11,0.0
1997-01-06,355.11,355.11,355.11,355.11,0.0
1997-01-07,109.91999816894531,110.26000213623047,108.45999908447266,108.45999908447266,59400.0
1997-01-08,107.8499984741211,108.9000015258789,106.94000244140625,108.75,74400.0
1997-01-09,111.55999755859375,111.86000061035156,108.41000366210938,108.47000122070312,74300.0
1997-01-10,113.2300033569336,113.2300033569336,110.68000030517578,111.54000091552734,59500.0
1997-01-13,355.11,355.11,355.11,355.11,0.0
1997-01-14,355.11,355.11,355.11,355.11,0.0
1997-01-15,108.62000274658203,110.20999908447266,108.62000274658203,108.93000030517578,62400.0
1997-01-16,111.97000122070312,112.31999969482422,109.61000061035156,109.68000030517578,66200.0
1997-01-17,113.37000274658203,114.19999694824219,111.91999816894531,111.91999816894531,64900.0
1997-01-20,355.11,355.11,355.11,355.11,0.0
1997-01-21,111.5999984741211,113.5999984741211,111.22000122070312,112.62000274658203,69800.0
1997-01-22,355.11,355.11,355.11,355.11,0.0
1997-01-23,355.11,355.11,355.11,355.11,0.0
1997-01-24,355.11,355.11,355.11,355.11,0.0
1997-01-27,355.11,355.11,355.11,355.11,0.0
1997-01-28,355.11,355.11,355.11,355.11,0.0
1997-01-29,355.11,355.11,355.11,355.11,0.0
1997-01-30,110.62999725341797,113.30999755859375,110.43000030517578,112.91999816894531,78000.0
1997-01-31,355.11,355.11,355.11,355.11,0.0
1997-02-03,112.3499984741211,113.44999694824219,110.5999984741211,110.62999725341797,60600.0
1997-02-04,111.38999938964844,112.94999694824219,110.88999938964844,112.0,51000.0
1997-02-05,346.58,346.58,346.58,346.58,0.0
1997-02-06,108.13999938964844,109.08999633789062,106.83999633789062,108.94999694824219,73500.0
1997-02-07,346.58,346.58,346.58,346.58,0.0
1997-02-10,346.58,346.58,346.58,346.58,0.0
1997-02-11,346.58,346.58,346.58,346.58,0.0
1997-02-12,112.20999908447266,112.80999755859375,105.66999816894531,107.04000091552734,77900.0
1997-02-13,112.4000015258789,115.41000366210938,112.12000274658203,112.12000274658203,92400.0
1997-02-14,114.63999938964844,115.02999877929688,111.94999694824219,113.0,66100.0
1997-02-17,346.58,346.58,346.58,346.58,0.0
1997-02-18,346.58,346.58,346.58,346.58,0.0
1997-02-19,346.58,346.58,346.58,346.58,0.0
1997-02-20,118.61000061035156,119.58999633789062,114.08000183105469,114.97000122070312,52300.0
1997-02-21,118.52999877929688,121.16000366210938,118.52999877929688,119.83000183105469,54900.0
1997-02-24,120.8499984741211,120.8499984741211,118.83999633789062,119.81999969482422,54600.0
1997-02-25,120.4000015258789,120.91999816894531,119.1500015258789,120.20999908447266,64100.0
1997-02-26,117.66999816894531,121.37000274658203,116.58999633789062,121.37000274658203,81100.0
1997-02-27,121.44000244140625,122.63999938964844,120.08000183105469,120.1500015258789,62700.0
1997-02-28,346.58,346.58,346.58,346.58,0.0
1997-03-03,120.4800033569336,121.72000122070312,119.91999816894531,121.72000122070312,57800.0
1997-03-04,117.7699966430664,118.66000366210938,117.63999938964844,118.62999725341797,57400.0
1997-03-05,117.19000244140625,117.38999938964844,115.0,115.97000122070312,74500.0
1997-03-06,115.73999786376953,117.68000030517578,115.43000030517578,117.38999938964844,90400.0
1997-03-07,114.20999908447266,115.41000366210938,113.4000015258789,115.33000183105469,73600.0
1997-03-10,115.33999633789062,115.56999969482422,114.08999633789062,114.36000061035156,54200.0
1997-03-11,351.81,351.81,351.81,351.81,0.0
1997-03-12,351.81,351.81,351.81,351.81,0.0
1997-03-13,351.81,351.81,351.81,351.81,0.0
1997-03-14,351.81,351.81,351.81,351.81,0.0
1997-03-17,351.81,351.81,351.81,351.81,0.0
1997-03-18,113.37000274658203,114.01000213623047,111.47000122070312,112.62000274658203,55300.0
1997-03-19,113.16000366210938,114.01000213623047,111.56999969482422,112.93000030517578,60200.0
1997-03-20,351.81,351.81,351.81,351.81,0.0
1997-03-21,109.98999786376953,112.08999633789062,109.98999786376953,111.01000213623047,50300.0
1997-03-24,109.06999969482422,109.5,108.62999725341797,109.0999984741211,58400.0
1997-03-25,108.36000061035156,109.18000030517578,107.61000061035156,109.1500015258789,54100.0
1997-03-26,351.81,351.81,351.81,351.81,0.0
1997-03-27,105.0999984741211,109.4800033569336,104.8499984741211,109.2699966430664,55000.0
1997-03-28,351.81,351.81,351.81,351.81,0.0
1997-03-31,351.81,351.81,351.81,351.81,0.0
1997-04-01,103.95999908447266,104.87999725341797,103.04000091552734,104.2699966430664,47500.0
1997-04-02,104.93000030517578,106.16000366210938,103.69000244140625,103.69000244140625,45400.0
1997-04-03,103.83000183105469,105.45999908447266,103.20999908447266,104.41000366210938,52400.0
1997-04-04,103.55000305175781,103.79000091552734,102.80000305175781,103.06999969482422,48300.0
1997-04-07,102.58999633789062,103.66999816894531,101.87000274658203,103.5,56700.0
1997-04-08,344.47,344.47,344.47,344.47,0.0
1997-04-09,101.05999755859375,102.70999908447266,100.66999816894531,102.05000305175781,67300.0
1997-04-10,103.83000183105469,104.45999908447266,100.7300033569336,101.11000061035156,42800.0
1997-04-11,100.72000122070312,103.43000030517578,100.4000015258789,103.30999755859375,41500.0
1997-04-14,98.93000030517578,101.27999877929688,98.93000030517578,101.08999633789062,44300.0
1997-04-15,344.47,344.47,344.47,344.47,0.0
1997-04-16,344.47,344.47,344.47,344.47,0.0
1997-04-17,99.37999725341797,100.63999938964844,96.66000366210938,97.16999816894531,54900.0
1997-04-18,97.52999877929688,100.4000015258789,97.52999877929688,99.62000274658203,68100.0
1997-04-21,97.4800033569336,98.86000061035156,97.33999633789062,98.05999755859375,40300.0
1997-04-22,95.75,97.0199966430664,95.19999694824219,96.73999786376953,49600.0
1997-04-23,344.47,344.47,344.47,344.47,0.0
1997-04-24,344.47,344.47,344.47,344.47,0.0
1997-04-25,92.44000244140625,93.58000183105469,92.12999725341797,93.04000091552734,54900.0
1997-04-28,344.47,344.47,344.47,344.47,0.0
1997-04-29,93.62000274658203,93.86000061035156,92.56999969482422,92.91999816894531,76100.0
1997-04-30,93.86000061035156,94.2699966430664,92.9800033569336,94.19000244140625,57700.0
1997-05-01,95.68000030517578,95.81999969482422,93.05000305175781,93.33000183105469,52900.0
1997-05-02,96.6500015258789,96.73999786376953,94.94999694824219,95.55999755859375,66000.0
1997-05-05,343.84,343.84,343.84,343.84,0.0
1997-05-06,98.7699966430664,99.56999969482422,98.11000061035156,98.95999908447266,76900.0
1997-05-07,343.84,343.84,343.84,343.84,0.0
1997-05-08,343.84,343.84,343.84,343.84,0.0
1997-05-09,343.84,343.84,343.84,343.84,0.0
1997-05-12,343.84,343.84,343.84,343.84,0.0
1997-05-13,103.0199966430664,105.81999969482422,102.79000091552734,104.94999694824219,69200.0
1997-05-14,101.31999969482422,103.55000305175781,101.19999694824219,103.16000366210938,70200.0
1997-05-15,103.81999969482422,103.9800033569336,101.0999984741211,101.70999908447266,63700.0
1997-05-16,101.41000366210938,103.0199966430664,101.30999755859375,103.0199966430664,48500.0
1997-05-19,343.84,343.84,343.84,343.84,0.0
1997-05-20,343.84,343.84,343.84,343.84,0.0
1997-05-21,343.84,343.84,343.84,343.84,0.0
1997-05-22,343.84,343.84,343.84,343.84,0.0
1997-05-23,343.84,343.84,343.84,343.84,0.0
1997-05-26,343.84,343.84,343.84,343.84,0.0
1997-05-27,343.84,343.84,343.84,343.84,0.0
1997-05-28,343.84,343.84,343.84,343.84,0.0
1997-05-29,343.84,343.84,343.84,343.84,0.0
1997-05-30,104.30999755859375,105.55000305175781,104.02999877929688,105.26000213623047,50200.0
1997-06-02,340.76,340.76,340.76,340.76,0.0
1997-06-03,100.0199966430664,101.77999877929688,99.9000015258789,101.77999877929688,65300.0
1997-06-04,98.11000061035156,99.97000122070312,98.0999984741211,99.33000183105469,80700.0
1997-06-05,101.4000015258789,101.76000213623047,98.5199966430664,98.5199966430664,76100.0
1997-06-06,340.76,340.76,340.76,340.76,0.0
1997-06-09,103.2300033569336,103.2300033569336,102.02999877929688,102.02999877929688,108200.0
1997-06-10,102.69999694824219,103.18000030517578,102.19000244140625,102.97000122070312,57000.0
1997-06-11,103.88999938964844,104.83000183105469,102.7300033569336,102.9000015258789,59000.0
1997-06-12,104.5999984741211,104.5999984741211,102.30000305175781,103.27999877929688,75100.0
1997-06-13,340.76,340.76,340.76,340.76,0.0
1997-06-16,340.76,340.76,340.76,340.76,0.0
1997-06-17,340.76,340.76,340.76,340.76,0.0
1997-06-18,340.76,340.76,340.76,340.76,0.0
1997-06-19,340.76,340.76,340.76,340.76,0.0
1997-06-20,340.76,340.76,340.76,340.76,0.0
1997-06-23,340.76,340.76,340.76,340.76,0.0
1997-06-24,94.7300033569336,95.37000274658203,94.12000274658203,95.33000183105469,53000.0
1997-06-25,96.73999786376953,97.87000274658203,95.55999755859375,95.55999755859375,61700.0
1997-06-26,340.76,340.76,340.76,340.76,0.0
1997-06-27,95.30999755859375,96.51000213623047,94.55999755859375,96.51000213623047,53900.0
1997-06-30,95.5999984741211,95.5999984741211,94.2300033569336,95.20999908447266,46900.0
1997-07-01,324.1,324.1,324.1,324.1,0.0
1997-07-02,324.1,324.1,324.1,324.1,0.0
1997-07-03,324.1,324.1,324.1,324.1,0.0
1997-07-04,324.1,324.1,324.1,324.1,0.0
1997-07-07,324.1,324.1,324.1,324.1,0.0
1997-07-08,324.1,324.1,324.1,324.1,0.0
1997-07-09,88.81999969482422,89.38999938964844,87.9800033569336,89.38999938964844,77800.0
1997-07-10,91.7300033569336,92.22000122070312,89.72000122070312,89.73999786376953,60600.0
1997-07-11,93.98999786376953,93.98999786376953,91.56999969482422,91.66000366210938,51700.0
1997-07-14,324.1,324.1,324.1,324.1,0.0
1997-07-15,324.1,324.1,324.1,324.1,0.0
1997-07-16,324.1,324.1,324.1,324.1,0.0
1997-07-17,94.16999816894531,94.18000030517578,91.08999633789062,91.1500015258789,73000.0
1997-07-18,97.08999633789062,97.62999725341797,93.55999755859375,94.04000091552734,62000.0
1997-07-21,94.30999755859375,96.22000122070312,94.11000061035156,96.22000122070312,54100.0
1997-07-22,94.70999908447266,96.2699966430664,94.5999984741211,94.83999633789062,63500.0
1997-07-23,93.70999908447266,94.55000305175781,93.06999969482422,93.97000122070312,73900.0
1997-07-24,94.08999633789062,95.5999984741211,92.43000030517578,93.52999877929688,61700.0
1997-07-25,324.1,324.1,324.1,324.1,0.0
1997-07-28,324.1,324.1,324.1,324.1,0.0
1997-07-29,324.1,324.1,324.1,324.1,0.0
1997-07-30,97.68000030517578,97.69000244140625,96.44000244140625,96.69000244140625,65200.0
1997-07-31,97.91999816894531,98.51000213623047,96.97000122070312,97.83000183105469,72500.0
1997-08-01,98.0999984741211,98.33000183105469,97.12000274658203,97.7699966430664,48200.0
1997-08-04,324.01,324.01,324.01,324.01,0.0
1997-08-05,95.37000274658203,97.01000213623047,95.1500015258789,97.01000213623047,59700.0
1997-08-06,97.33000183105469,97.41000366210938,94.95999908447266,95.19999694824219,59500.0
1997-08-07,98.2300033569336,99.05000305175781,97.41999816894531,97.58999633789062,53700.0
1997-08-08,324.01,324.01,324.01,324.01,0.0
1997-08-11,324.01,324.01,324.01,324.01,0.0
1997-08-12,101.79000091552734,102.30000305175781,100.80000305175781,102.30000305175781,61100.0
1997-08-13,324.01,324.01,324.01,324.01,0.0
1997-08-14,99.93000030517578,102.16999816894531,99.72000122070312,102.16999816894531,47800.0
1997-08-15,100.68000030517578,101.61000061035156,99.79000091552734,99.9800033569336,52000.0
1997-08-18,100.5,100.87000274658203,99.51000213623047,100.05000305175781,47600.0
1997-08-19,324.01,324.01,324.01,324.01,0.0
1997-08-20,99.4000015258789,99.8499984741211,98.44999694824219,98.8499984741211,65500.0
1997-08-21,100.4000015258789,101.18000030517578,100.01000213623047,100.19000244140625,58500.0
1997-08-22,324.01,324.01,324.01,324.01,0.0
1997-08-25,101.05000305175781,101.31999969482422,100.54000091552734,101.0199966430664,44100.0
1997-08-26,324.01,324.01,324.01,324.01,0.0
1997-08-27,99.12999725341797,100.2699966430664,99.12999725341797,100.20999908447266,59200.0
1997-08-28,99.5,100.75,99.30000305175781,99.52999877929688,64100.0
1997-08-29,324.01,324.01,324.01,324.01,0.0
1997-09-01,322.82,322.82,322.82,322.82,0.0
1997-09-02,98.87999725341797,99.12999725341797,98.0199966430664,98.66999816894531,45300.0
1997-09-03,98.19000244140625,98.87999725341797,98.16000366210938,98.66999816894531,67900.0
1997-09-04,322.82,322.82,322.82,322.82,0.0
1997-09-05,97.98999786376953,98.44000244140625,97.55000305175781,98.30999755859375,52900.0
1997-09-08,322.82,322.82,322.82,322.82,0.0
1997-09-09,95.70999908447266,95.94000244140625,94.43000030517578,94.81999969482422,53700.0
1997-09-10,95.48999786376953,96.73999786376953,95.33999633789062,95.6500015258789,55600.0
1997-09-11,322.82,322.82,322.82,322.82,0.0
1997-09-12,94.08999633789062,94.44999694824219,93.55999755859375,93.87000274658203,62900.0
1997-09-15,92.69000244140625,93.79000091552734,92.55000305175781,93.56999969482422,58500.0
1997-09-16,91.91000366210938,92.55999755859375,91.54000091552734,92.30000305175781,62100.0
1997-09-17,92.75,93.38999938964844,92.19999694824219,92.25,65500.0
1997-09-18,322.82,322.82,322.82,322.82,0.0
1997-09-19,94.83999633789062,96.5999984741211,94.83999633789062,95.80999755859375,51600.0
1997-09-22,92.95999908447266,95.25,92.95999908447266,94.87000274658203,54300.0
1997-09-23,94.94999694824219,94.94999694824219,92.80000305175781,92.91999816894531,49800.0
1997-09-24,98.0999984741211,98.1500015258789,95.4000015258789,95.41999816894531,57400.0
1997-09-25,103.41999816894531,103.5,98.79000091552734,98.79000091552734,56700.0
1997-09-26,102.2300033569336,102.72000122070312,101.7699966430664,102.5999984741211,47400.0
1997-09-29,105.44999694824219,105.81999969482422,102.5,102.5,55300.0
1997-09-30,322.82,322.82,322.82,322.82,0.0
1997-10-01,324.87,324.87,324.87,324.87,0.0
1997-10-02,107.25,108.8499984741211,106.98999786376953,107.81999969482422,44900.0
1997-10-03,324.87,324.87,324.87,324.87,0.0
1997-10-06,106.56999969482422,108.18000030517578,106.16999816894531,108.18000030517578,50900.0
1997-10-07,324.87,324.87,324.87,324.87,0.0
1997-10-08,324.87,324.87,324.87,324.87,0.0
1997-10-09,324.87,324.87,324.87,324.87,0.0
1997-10-10,324.87,324.87,324.87,324.87,0.0
1997-10-13,324.87,324.87,324.87,324.87,0.0
1997-10-14,105.66999816894531,107.16000366210938,105.66999816894531,106.73999786376953,47700.0
1997-10-15,324.87,324.87,324.87,324.87,0.0
1997-10-16,324.87,324.87,324.87,324.87,0.0
1997-10-17,101.37999725341797,101.95999908447266,100.43000030517578,101.95999908447266,57800.0
1997-10-20,324.87,324.87,324.87,324.87,0.0
1997-10-21,324.87,324.87,324.87,324.87,0.0
1997-10-22,324.87,324.87,324.87,324.87,0.0
1997-10-23,324.87,324.87,324.87,324.87,0.0
1997-10-24,96.51000213623047,102.2699966430664,96.51000213623047,102.2699966430664,57200.0
1997-10-27,85.63999938964844,96.08000183105469,85.54000091552734,96.08000183105469,78000.0
1997-10-28,324.87,324.87,324.87,324.87,0.0
1997-10-29,86.30999755859375,89.06999969482422,86.13999938964844,88.94999694824219,65500.0
1997-10-30,90.45999908447266,90.83000183105469,87.16999816894531,87.23999786376953,62100.0
1997-10-31,324.87,324.87,324.87,324.87,0.0
1997-11-03,88.2699966430664,90.1500015258789,88.05999755859375,88.72000122070312,90800.0
1997-11-04,306.04,306.04,306.04,306.04,0.0
1997-11-05,85.7699966430664,87.66000366210938,85.5199966430664,87.54000091552734,44600.0
1997-11-06,84.73999786376953,85.58999633789062,84.38999938964844,85.16000366210938,47200.0
1997-11-07,306.04,306.04,306.04,306.04,0.0
1997-11-10,306.04,306.04,306.04,306.04,0.0
1997-11-11,80.80999755859375,83.19999694824219,79.91000366210938,82.9000015258789,47200.0
1997-11-12,306.04,306.04,306.04,306.04,0.0
1997-11-13,306.04,306.04,306.04,306.04,0.0
1997-11-14,77.05000305175781,77.12999725341797,74.08999633789062,76.75,66400.0
1997-11-17,306.04,306.04,306.04,306.04,0.0
1997-11-18,306.04,306.04,306.04,306.04,0.0
1997-11-19,306.04,306.04,306.04,306.04,0.0
1997-11-20,306.04,306.04,306.04,306.04,0.0
1997-11-21,76.52999877929688,77.81999969482422,76.41999816894531,77.16000366210938,56000.0
1997-11-24,74.5,76.44000244140625,74.3499984741211,76.41000366210938,53200.0
1997-11-25,72.88999938964844,74.63999938964844,72.75,74.44999694824219,51400.0
1997-11-26,306.04,306.04,306.04,306.04,0.0
1997-11-27,306.04,306.04,306.04,306.04,0.0
1997-11-28,70.81999969482422,70.81999969482422,70.0,70.48999786376953,17600.0
1997-12-01,288.74,288.74,288.74,288.74,0.0
1997-12-02,70.5199966430664,71.3499984741211,69.68000030517578,70.52999877929688,50200.0
1997-12-03,288.74,288.74,288.74,288.74,0.0
1997-12-04,64.79000091552734,68.41000366210938,64.79000091552734,68.41000366210938,74600.0
1997-12-05,67.29000091552734,67.69999694824219,65.37999725341797,65.37999725341797,113400.0
1997-12-08,65.8499984741211,67.5199966430664,65.80999755859375,67.5199966430664,49900.0
1997-12-09,64.19999694824219,65.11000061035156,63.279998779296875,65.11000061035156,58400.0
1997-12-10,67.62999725341797,67.8499984741211,65.29000091552734,65.29000091552734,65400.0
1997-12-11,65.94000244140625,68.20999908447266,65.80999755859375,67.19000244140625,64500.0
1997-12-12,67.73999786376953,67.91999816894531,66.06999969482422,66.36000061035156,50700.0
1997-12-15,288.74,288.74,288.74,288.74,0.0
1997-12-16,288.74,288.74,288.74,288.74,0.0
1997-12-17,288.74,288.74,288.74,288.74,0.0
1997-12-18,72.80000305175781,75.77999877929688,72.80000305175781,74.58999633789062,49900.0
1997-12-19,288.74,288.74,288.74,288.74,0.0
1997-12-22,288.74,288.74,288.74,288.74,0.0
1997-12-23,73.58999633789062,73.58999633789062,72.27999877929688,72.33999633789062,50300.0
1997-12-24,75.41999816894531,76.16999816894531,74.27999877929688,74.29000091552734,26400.0
1997-12-25,288.74,288.74,288.74,288.74,0.0
1997-12-26,74.56999969482422,75.0999984741211,74.20999908447266,75.0999984741211,17500.0
1997-12-29,72.22000122070312,74.30999755859375,72.11000061035156,74.25,47300.0
1997-12-30,288.74,288.74,288.74,288.74,0.0
1997-12-31,74.19000244140625,74.33999633789062,72.88999938964844,73.18000030517578,52400.0
1998-01-01,289.1,289.1,289.1,289.1,0.0
1998-01-02,75.33999633789062,76.0199966430664,73.70999908447266,74.13999938964844,36000.0
1998-01-05,289.1,289.1,289.1,289.1,0.0
1998-01-06,69.04000091552734,71.30000305175781,68.80000305175781,70.91999816894531,49600.0
1998-01-07,69.94000244140625,70.37000274658203,68.30999755859375,68.56999969482422,58200.0
1998-01-08,65.79000091552734,69.05999755859375,65.08000183105469,69.05999755859375,51300.0
1998-01-09,63.650001525878906,65.5999984741211,63.5099983215332,65.5999984741211,57400.0
1998-01-12,61.4900016784668,63.79999923706055,61.22999954223633,63.20000076293945,64900.0
1998-01-13,66.51000213623047,66.58000183105469,62.709999084472656,62.880001068115234,47600.0
1998-01-14,289.1,289.1,289.1,289.1,0.0
1998-01-15,289.1,289.1,289.1,289.1,0.0
1998-01-16,71.81999969482422,72.62000274658203,70.9800033569336,71.62000274658203,53400.0
1998-01-19,289.1,289.1,289.1,289.1,0.0
1998-01-20,69.2300033569336,70.47000122070312,67.87000274658203,70.12000274658203,59500.0
1998-01-21,70.68000030517578,70.8499984741211,69.22000122070312,69.72000122070312,55800.0
1998-01-22,68.86000061035156,71.69999694824219,68.86000061035156,71.0999984741211,60300.0
1998-01-23,289.1,289.1,289.1,289.1,0.0
1998-01-26,289.1,289.1,289.1,289.1,0.0
1998-01-27,77.55000305175781,77.55999755859375,76.2300033569336,76.38999938964844,52100.0
1998-01-28,78.97000122070312,79.01000213623047,75.97000122070312,76.4800033569336,55300.0
1998-01-29,75.41000366210938,78.30999755859375,75.41000366210938,78.30999755859375,66400.0
1998-01-30,289.1,289.1,289.1,289.1,0.0
1998-02-02,75.02999877929688,75.63999938964844,74.38999938964844,74.94000244140625,65900.0
1998-02-03,70.87000274658203,73.38999938964844,70.63999938964844,73.38999938964844,66700.0
1998-02-04,297.49,297.49,297.49,297.49,0.0
1998-02-05,297.49,297.49,297.49,297.49,0.0
1998-02-06,297.49,297.49,297.49,297.49,0.0
1998-02-09,297.49,297.49,297.49,297.49,0.0
1998-02-10,75.69000244140625,77.75,75.51000213623047,77.69999694824219,58800.0
1998-02-11,74.41000366210938,75.69999694824219,74.41000366210938,75.19000244140625,69000.0
1998-02-12,75.41000366210938,75.41999816894531,74.0,74.38999938964844,52100.0
1998-02-13,297.49,297.49,297.49,297.49,0.0
1998-02-16,297.49,297.49,297.49,297.49,0.0
1998-02-17,297.49,297.49,297.49,297.49,0.0
1998-02-18,297.49,297.49,297.49,297.49,0.0
1998-02-19,72.31999969482422,73.06999969482422,71.45999908447266,73.01000213623047,54300.0
1998-02-20,297.49,297.49,297.49,297.49,0.0
1998-02-23,69.5999984741211,69.9800033569336,68.95999908447266,69.69000244140625,59300.0
1998-02-24,68.7699966430664,69.55999755859375,68.43000030517578,68.73999786376953,62300.0
1998-02-25,69.1500015258789,69.73999786376953,68.9800033569336,69.19999694824219,69500.0
1998-02-26,297.49,297.49,297.49,297.49,0.0
1998-02-27,297.49,297.49,297.49,297.49,0.0
1998-03-02,75.16999816894531,75.55000305175781,74.37999725341797,75.19999694824219,55400.0
1998-03-03,295.94,295.94,295.94,295.94,0.0
1998-03-04,295.94,295.94,295.94,295.94,0.0
1998-03-05,295.94,295.94,295.94,295.94,0.0
1998-03-06,295.94,295.94,295.94,295.94,0.0
1998-03-09,295.94,295.94,295.94,295.94,0.0
1998-03-10,295.94,295.94,295.94,295.94,0.0
1998-03-11,75.86000061035156,77.16000366210938,75.55000305175781,77.11000061035156,57800.0
1998-03-12,295.94,295.94,295.94,295.94,0.0
1998-03-13,76.56999969482422,77.13999938964844,75.45999908447266,75.48999786376953,48800.0
1998-03-16,295.94,295.94,295.94,295.94,0.0
1998-03-17,72.80000305175781,74.7300033569336,72.80000305175781,74.66000366210938,60100.0
1998-03-18,72.55999755859375,72.62000274658203,71.55999755859375,71.87000274658203,48700.0
1998-03-19,71.94000244140625,73.04000091552734,71.8499984741211,72.54000091552734,62600.0
1998-03-20,71.20999908447266,72.37000274658203,71.12999725341797,72.26000213623047,54100.0
1998-03-23,76.7699966430664,76.81999969482422,72.69000244140625,72.69000244140625,54000.0
1998-03-24,75.91999816894531,77.62000274658203,75.31999969482422,77.48999786376953,59800.0
1998-03-25,295.94,295.94,295.94,295.94,0.0
1998-03-26,295.94,295.94,295.94,295.94,0.0
1998-03-27,295.94,295.94,295.94,295.94,0.0
1998-03-30,295.94,295.94,295.94,295.94,0.0
1998-03-31,295.94,295.94,295.94,295.94,0.0
1998-04-01,308.29,308.29,308.29,308.29,0.0
1998-04-02,308.29,308.29,308.29,308.29,0.0
1998-04-03,308.29,308.29,308.29,308.29,0.0
1998-04-06,308.29,308.29,308.29,308.29,0.0
1998-04-07,308.29,308.29,308.29,308.29,0.0
1998-04-08,308.29,308.29,308.29,308.29,0.0
1998-04-09,85.63999938964844,87.77999877929688,85.56999969482422,87.77999877929688,49900.0
1998-04-10,308.29,308.29,308.29,308.29,0.0
1998-04-13,86.3499984741211,87.05000305175781,85.20999908447266,86.05999755859375,53200.0
1998-04-14,84.30999755859375,85.98999786376953,84.0199966430664,85.83999633789062,62800.0
1998-04-15,308.29,308.29,308.29,308.29,0.0
1998-04-16,308.29,308.29,308.29,308.29,0.0
1998-04-17,83.91000366210938,85.79000091552734,83.75,85.4800033569336,54200.0
1998-04-20,308.29,308.29,308.29,308.29,0.0
1998-04-21,308.29,308.29,308.29,308.29,0.0
1998-04-22,308.29,308.29,308.29,308.29,0.0
1998-04-23,308.29,308.29,308.29,308.29,0.0
1998-04-24,89.87999725341797,92.69999694824219,89.87999725341797,92.66999816894531,57100.0
1998-04-27,86.41999816894531,88.9800033569336,86.22000122070312,88.9800033569336,56200.0
1998-04-28,308.29,308.29,308.29,308.29,0.0
1998-04-29,308.29,308.29,308.29,308.29,0.0
1998-04-30,87.93000030517578,91.22000122070312,87.16999816894531,91.22000122070312,59600.0
1998-05-01,85.69000244140625,87.86000061035156,84.18000030517578,87.83999633789062,49700.0
1998-05-04,85.93000030517578,87.25,84.94000244140625,86.41000366210938,46300.0
1998-05-05,299.1,299.1,299.1,299.1,0.0
1998-05-06,299.1,299.1,299.1,299.1,0.0
1998-05-07,299.1,299.1,299.1,299.1,0.0
1998-05-08,299.1,299.1,299.1,299.1,0.0
1998-05-11,299.1,299.1,299.1,299.1,0.0
1998-05-12,299.1,299.1,299.1,299.1,0.0
1998-05-13,299.1,299.1,299.1,299.1,0.0
1998-05-14,83.7300033569336,84.12000274658203,81.48999786376953,82.62999725341797,50000.0
1998-05-15,299.1,299.1,299.1,299.1,0.0
1998-05-18,299.1,299.1,299.1,299.1,0.0
1998-05-19,299.1,299.1,299.1,299.1,0.0
1998-05-20,299.1,299.1,299.1,299.1,0.0
1998-05-21,299.1,299.1,299.1,299.1,0.0
1998-05-22,299.1,299.1,299.1,299.1,0.0
1998-05-25,299.1,299.1,299.1,299.1,0.0
1998-05-26,299.1,299.1,299.1,299.1,0.0
1998-05-27,299.1,299.1,299.1,299.1,0.0
1998-05-28,299.1,299.1,299.1,299.1,0.0
1998-05-29,299.1,299.1,299.1,299.1,0.0
1998-06-01,292.32,292.32,292.32,292.32,0.0
1998-06-02,73.25,73.47000122070312,71.94000244140625,71.94000244140625,47100.0
1998-06-03,73.36000061035156,74.08999633789062,72.95999908447266,73.38999938964844,70500.0
1998-06-04,72.83999633789062,73.38999938964844,72.36000061035156,72.62000274658203,41600.0
1998-06-05,292.32,292.32,292.32,292.32,0.0
1998-06-08,76.5999984741211,76.5999984741211,72.66000366210938,72.73999786376953,51700.0
1998-06-09,73.58999633789062,78.2300033569336,73.58999633789062,76.80999755859375,42500.0
1998-06-10,72.16000366210938,73.91000366210938,72.16000366210938,73.91000366210938,38800.0
1998-06-11,292.32,292.32,292.32,292.32,0.0
1998-06-12,68.2300033569336,69.7300033569336,66.51000213623047,69.16000366210938,37900.0
1998-06-15,292.32,292.32,292.32,292.32,0.0
1998-06-16,292.32,292.32,292.32,292.32,0.0
1998-06-17,70.52999877929688,71.04000091552734,69.55999755859375,69.55999755859375,48600.0
1998-06-18,69.08000183105469,70.18000030517578,67.8499984741211,70.18000030517578,39600.0
1998-06-19,69.54000091552734,71.44999694824219,69.54000091552734,70.45999908447266,32700.0
1998-06-22,68.19999694824219,68.80000305175781,67.61000061035156,68.80000305175781,38400.0
1998-06-23,69.55000305175781,69.55000305175781,68.02999877929688,68.19000244140625,42100.0
1998-06-24,292.32,292.32,292.32,292.32,0.0
1998-06-25,292.32,292.32,292.32,292.32,0.0
1998-06-26,292.32,292.32,292.32,292.32,0.0
1998-06-29,292.32,292.32,292.32,292.32,0.0
1998-06-30,71.72000122070312,71.91999816894531,69.7699966430664,69.8499984741211,48100.0
1998-07-01,292.87,292.87,292.87,292.87,0.0
1998-07-02,68.80000305175781,70.1500015258789,68.3499984741211,70.1500015258789,40800.0
1998-07-03,292.87,292.87,292.87,292.87,0.0
1998-07-06,69.08999633789062,69.4000015258789,68.48999786376953,68.6500015258789,42000.0
1998-07-07,292.87,292.87,292.87,292.87,0.0
1998-07-08,70.4000015258789,70.58000183105469,69.58999633789062,70.37000274658203,89100.0
1998-07-09,292.87,292.87,292.87,292.87,0.0
1998-07-10,292.87,292.87,292.87,292.87,0.0
1998-07-13,67.04000091552734,68.95999908447266,66.9800033569336,67.7300033569336,71900.0
1998-07-14,68.5199966430664,68.5199966430664,67.5199966430664,67.86000061035156,53400.0
1998-07-15,292.87,292.87,292.87,292.87,0.0
1998-07-16,69.80000305175781,69.83999633789062,67.94000244140625,67.94000244140625,53000.0
1998-07-17,292.87,292.87,292.87,292.87,0.0
1998-07-20,71.44000244140625,71.5199966430664,70.25,70.5999984741211,50100.0
1998-07-21,69.55999755859375,71.30000305175781,69.55999755859375,70.87999725341797,51300.0
1998-07-22,69.76000213623047,70.19000244140625,69.45999908447266,69.52999877929688,50900.0
1998-07-23,67.18000030517578,69.44999694824219,67.18000030517578,69.12000274658203,51300.0
1998-07-24,66.1500015258789,68.55999755859375,66.01000213623047,67.55999755859375,40100.0
1998-07-27,292.87,292.87,292.87,292.87,0.0
1998-07-28,292.87,292.87,292.87,292.87,0.0
1998-07-29,292.87,292.87,292.87,292.87,0.0
1998-07-30,292.87,292.87,292.87,292.87,0.0
1998-07-31,292.87,292.87,292.87,292.87,0.0
1998-08-03,284.11,284.11,284.11,284.11,0.0
1998-08-04,284.11,284.11,284.11,284.11,0.0
1998-08-05,284.11,284.11,284.11,284.11,0.0
1998-08-06,63.459999084472656,63.599998474121094,62.869998931884766,63.09000015258789,51800.0
1998-08-07,63.20000076293945,63.38999938964844,62.619998931884766,62.9900016784668,59900.0
1998-08-10,63.16999816894531,63.279998779296875,62.279998779296875,62.97999954223633,37700.0
1998-08-11,60.54999923706055,62.099998474121094,59.970001220703125,62.02000045776367,59800.0
1998-08-12,284.11,284.11,284.11,284.11,0.0
1998-08-13,284.11,284.11,284.11,284.11,0.0
1998-08-14,284.11,284.11,284.11,284.11,0.0
1998-08-17,60.31999969482422,60.95000076293945,59.93000030517578,60.25,42000.0
1998-08-18,284.11,284.11,284.11,284.11,0.0
1998-08-19,61.810001373291016,62.310001373291016,60.75,60.90999984741211,82000.0
1998-08-20,63.77000045776367,63.77000045776367,62.15999984741211,62.15999984741211,41800.0
1998-08-21,284.11,284.11,284.11,284.11,0.0
1998-08-24,284.11,284.11,284.11,284.11,0.0
1998-08-25,284.11,284.11,284.11,284.11,0.0
1998-08-26,284.11,284.11,284.11,284.11,0.0
1998-08-27,284.11,284.11,284.11,284.11,0.0
1998-08-28,284.11,284.11,284.11,284.11,0.0
1998-08-31,284.11,284.11,284.11,284.11,0.0
1998-09-01,288.98,288.98,288.98,288.98,0.0
1998-09-02,288.98,288.98,288.98,288.98,0.0
1998-09-03,58.279998779296875,58.5,50.4900016784668,51.45000076293945,45900.0
1998-09-04,288.98,288.98,288.98,288.98,0.0
1998-09-07,288.98,288.98,288.98,288.98,0.0
1998-09-08,63.7599983215332,64.91999816894531,61.7400016784668,64.73999786376953,57800.0
1998-09-09,60.84000015258789,62.630001068115234,60.63999938964844,62.630001068115234,41100.0
1998-09-10,288.98,288.98,288.98,288.98,0.0
1998-09-11,288.98,288.98,288.98,288.98,0.0
1998-09-14,288.98,288.98,288.98,288.98,0.0
1998-09-15,65.12999725341797,67.97000122070312,64.91000366210938,66.91999816894531,61200.0
1998-09-16,64.05999755859375,64.72000122070312,63.47999954223633,64.72000122070312,58400.0
1998-09-17,288.98,288.98,288.98,288.98,0.0
1998-09-18,68.02999877929688,68.08999633789062,65.68000030517578,67.0,54000.0
1998-09-21,64.5199966430664,69.54000091552734,64.5199966430664,68.69999694824219,32800.0
1998-09-22,288.98,288.98,288.98,288.98,0.0
1998-09-23,288.98,288.98,288.98,288.98,0.0
1998-09-24,74.69000244140625,75.08000183105469,69.66000366210938,69.66999816894531,62800.0
1998-09-25,288.98,288.98,288.98,288.98,0.0
1998-09-28,78.45999908447266,78.5999984741211,72.55000305175781,72.94000244140625,75300.0
1998-09-29,73.5,78.52999877929688,73.38999938964844,78.38999938964844,52000.0
1998-09-30,74.98999786376953,75.93000030517578,70.91999816894531,73.33999633789062,40700.0
1998-10-01,79.29000091552734,79.29000091552734,76.66000366210938,77.26000213623047,44200.0
1998-10-02,295.93,295.93,295.93,295.93,0.0
1998-10-05,78.30999755859375,81.30000305175781,78.2300033569336,81.02999877929688,47700.0
1998-10-06,80.76000213623047,80.79000091552734,75.06999969482422,76.68000030517578,49100.0
1998-10-07,295.93,295.93,295.93,295.93,0.0
1998-10-08,83.43000030517578,87.52999877929688,83.36000061035156,87.12999725341797,70100.0
1998-10-09,295.93,295.93,295.93,295.93,0.0
1998-10-12,76.0999984741211,76.62000274658203,71.41000366210938,76.54000091552734,43300.0
1998-10-13,73.58999633789062,75.76000213623047,73.5,75.76000213623047,43400.0
1998-10-14,295.93,295.93,295.93,295.93,0.0
1998-10-15,75.5199966430664,75.58000183105469,71.69999694824219,71.69999694824219,71600.0
1998-10-16,76.3499984741211,76.72000122070312,74.02999877929688,75.33999633789062,60600.0
1998-10-19,73.26000213623047,75.73999786376953,73.26000213623047,75.73999786376953,45000.0
1998-10-20,74.54000091552734,74.70999908447266,72.58999633789062,73.44999694824219,59800.0
1998-10-21,295.93,295.93,295.93,295.93,0.0
1998-10-22,295.93,295.93,295.93,295.93,0.0
1998-10-23,295.93,295.93,295.93,295.93,0.0
1998-10-26,295.93,295.93,295.93,295.93,0.0
1998-10-27,295.93,295.93,295.93,295.93,0.0
1998-10-28,73.58999633789062,74.77999877929688,72.16000366210938,74.45999908447266,46800.0
1998-10-29,75.11000061035156,76.05000305175781,73.70999908447266,73.70999908447266,70300.0
1998-10-30,295.93,295.93,295.93,295.93,0.0
1998-11-02,73.58999633789062,75.91000366210938,73.56999969482422,75.41000366210938,53000.0
1998-11-03,73.0999984741211,74.41000366210938,72.55999755859375,72.83999633789062,45300.0
1998-11-04,79.18000030517578,79.18000030517578,73.98999786376953,73.98999786376953,75000.0
1998-11-05,83.05999755859375,85.05000305175781,78.0,79.08000183105469,48000.0
1998-11-06,79.27999877929688,83.31999969482422,78.94999694824219,82.41000366210938,46900.0
1998-11-09,79.02999877929688,79.02999877929688,77.55999755859375,78.73999786376953,38900.0
1998-11-10,294.12,294.12,294.12,294.12,0.0
1998-11-11,76.45999908447266,80.0,76.45999908447266,78.36000061035156,39800.0
1998-11-12,294.12,294.12,294.12,294.12,0.0
1998-11-13,294.12,294.12,294.12,294.12,0.0
1998-11-16,294.12,294.12,294.12,294.12,0.0
1998-11-17,294.12,294.12,294.12,294.12,0.0
1998-11-18,294.12,294.12,294.12,294.12,0.0
1998-11-19,77.43000030517578,78.3499984741211,75.91000366210938,78.2300033569336,46400.0
1998-11-20,77.05000305175781,78.58000183105469,77.05000305175781,77.68000030517578,51400.0
1998-11-23,294.12,294.12,294.12,294.12,0.0
1998-11-24,76.18000030517578,79.18000030517578,76.18000030517578,77.9000015258789,58300.0
1998-11-25,75.23999786376953,77.11000061035156,75.05999755859375,76.33000183105469,52000.0
1998-11-26,294.12,294.12,294.12,294.12,0.0
1998-11-27,74.61000061035156,75.33000183105469,74.56999969482422,75.08999633789062,30300.0
1998-11-30,294.12,294.12,294.12,294.12,0.0
1998-12-01,291.68,291.68,291.68,291.68,0.0
1998-12-02,69.37000274658203,71.66000366210938,69.37000274658203,70.8499984741211,49100.0
1998-12-03,291.68,291.68,291.68,291.68,0.0
1998-12-04,291.68,291.68,291.68,291.68,0.0
1998-12-07,291.68,291.68,291.68,291.68,0.0
1998-12-08,291.68,291.68,291.68,291.68,0.0
1998-12-09,291.68,291.68,291.68,291.68,0.0
1998-12-10,291.68,291.68,291.68,291.68,0.0
1998-12-11,291.68,291.68,291.68,291.68,0.0
1998-12-14,291.68,291.68,291.68,291.68,0.0
1998-12-15,66.33000183105469,67.08000183105469,65.83000183105469,65.9800033569336,48000.0
1998-12-16,69.80999755859375,69.80999755859375,66.7300033569336,66.81999969482422,43500.0
1998-12-17,66.23999786376953,69.0,66.22000122070312,69.0,82200.0
1998-12-18,291.68,291.68,291.68,291.68,0.0
1998-12-21,63.40999984741211,64.87000274658203,63.0099983215332,64.83999633789062,57600.0
1998-12-22,291.68,291.68,291.68,291.68,0.0
1998-12-23,63.22999954223633,63.38999938964844,60.20000076293945,61.11000061035156,62800.0
1998-12-24,291.68,291.68,291.68,291.68,0.0
1998-12-25,291.68,291.68,291.68,291.68,0.0
1998-12-28,62.22999954223633,63.13999938964844,60.79999923706055,63.02000045776367,49000.0
1998-12-29,64.8499984741211,65.30000305175781,62.54999923706055,62.54999923706055,96800.0
1998-12-30,291.68,291.68,291.68,291.68,0.0
1998-12-31,291.68,291.68,291.68,291.68,0.0
1999-01-01,287.08,287.08,287.08,287.08,0.0
1999-01-04,65.5199966430664,65.68000030517578,64.56999969482422,64.63999938964844,61400.0
1999-01-05,287.08,287.08,287.08,287.08,0.0
1999-01-06,287.08,287.08,287.08,287.08,0.0
1999-01-07,287.08,287.08,287.08,287.08,0.0
1999-01-08,287.08,287.08,287.08,287.08,0.0
1999-01-11,74.91999816894531,75.43000030517578,72.2300033569336,72.75,69000.0
1999-01-12,287.08,287.08,287.08,287.08,0.0
1999-01-13,287.08,287.08,287.08,287.08,0.0
1999-01-14,287.08,287.08,287.08,287.08,0.0
1999-01-15,287.08,287.08,287.08,287.08,0.0
1999-01-18,287.08,287.08,287.08,287.08,0.0
1999-01-19,67.58000183105469,68.70999908447266,67.43000030517578,68.37000274658203,62800.0
1999-01-20,67.97000122070312,68.02999877929688,66.37000274658203,67.30000305175781,71100.0
1999-01-21,68.48999786376953,69.04000091552734,67.75,68.62999725341797,57200.0
1999-01-22,66.91999816894531,67.83999633789062,66.56999969482422,67.70999908447266,59200.0
1999-01-25,65.91000366210938,68.19999694824219,65.8499984741211,67.87000274658203,56900.0
1999-01-26,287.08,287.08,287.08,287.08,0.0
1999-01-27,61.65999984741211,63.34000015258789,61.52000045776367,63.25,70700.0
1999-01-28,62.099998474121094,62.97999954223633,61.7400016784668,61.77000045776367,78200.0
1999-01-29,287.08,287.08,287.08,287.08,0.0
1999-02-01,65.72000122070312,65.72000122070312,63.58000183105469,63.84000015258789,56000.0
1999-02-02,287.33,287.33,287.33,287.33,0.0
1999-02-03,64.33000183105469,65.48999786376953,64.19000244140625,65.48999786376953,77600.0
1999-02-04,67.73999786376953,68.33000183105469,64.88999938964844,64.94000244140625,64600.0
1999-02-05,287.33,287.33,287.33,287.33,0.0
1999-02-08,287.33,287.33,287.33,287.33,0.0
1999-02-09,287.33,287.33,287.33,287.33,0.0
1999-02-10,287.33,287.33,287.33,287.33,0.0
1999-02-11,287.33,287.33,287.33,287.33,0.0
1999-02-12,287.33,287.33,287.33,287.33,0.0
1999-02-15,287.33,287.33,287.33,287.33,0.0
1999-02-16,287.33,287.33,287.33,287.33,0.0
1999-02-17,62.36000061035156,64.51000213623047,62.310001373291016,64.01000213623047,48500.0
1999-02-18,62.16999816894531,63.310001373291016,61.099998474121094,62.75,81700.0
1999-02-19,62.59000015258789,63.2599983215332,61.619998931884766,62.060001373291016,60000.0
1999-02-22,62.310001373291016,62.779998779296875,61.709999084472656,62.2400016784668,57800.0
1999-02-23,61.63999938964844,62.66999816894531,61.59000015258789,62.27000045776367,56800.0
1999-02-24,61.029998779296875,62.59000015258789,60.77000045776367,61.540000915527344,57900.0
1999-02-25,287.33,287.33,287.33,287.33,0.0
1999-02-26,60.560001373291016,61.5099983215332,59.849998474121094,61.459999084472656,45200.0
1999-03-01,60.709999084472656,60.709999084472656,59.7599983215332,60.29999923706055,45600.0
1999-03-02,60.70000076293945,62.52000045776367,60.70000076293945,61.040000915527344,54800.0
1999-03-03,61.349998474121094,61.349998474121094,60.060001373291016,60.75,55200.0
1999-03-04,285.96,285.96,285.96,285.96,0.0
1999-03-05,285.96,285.96,285.96,285.96,0.0
1999-03-08,64.91999816894531,64.91999816894531,62.43000030517578,62.83000183105469,62300.0
1999-03-09,285.96,285.96,285.96,285.96,0.0
1999-03-10,65.66999816894531,65.95999908447266,64.30999755859375,64.94000244140625,57400.0
1999-03-11,65.55000305175781,67.6500015258789,65.5199966430664,65.94999694824219,74200.0
1999-03-12,285.96,285.96,285.96,285.96,0.0
1999-03-15,61.400001525878906,62.939998626708984,61.400001525878906,62.90999984741211,56100.0
1999-03-16,285.96,285.96,285.96,285.96,0.0
1999-03-17,62.4900016784668,62.70000076293945,61.59000015258789,62.560001373291016,52000.0
1999-03-18,285.96,285.96,285.96,285.96,0.0
1999-03-19,285.96,285.96,285.96,285.96,0.0
1999-03-22,285.96,285.96,285.96,285.96,0.0
1999-03-23,61.13999938964844,62.959999084472656,61.13999938964844,62.779998779296875,55600.0
1999-03-24,285.96,285.96,285.96,285.96,0.0
1999-03-25,61.939998626708984,62.380001068115234,61.31999969482422,62.33000183105469,55800.0
1999-03-26,285.96,285.96,285.96,285.96,0.0
1999-03-29,58.52000045776367,61.08000183105469,58.09000015258789,60.880001068115234,67900.0
1999-03-30,56.439998626708984,58.38999938964844,56.439998626708984,58.38999938964844,56600.0
1999-03-31,285.96,285.96,285.96,285.96,0.0
1999-04-01,58.779998779296875,60.41999816894531,58.7400016784668,59.810001373291016,45700.0
1999-04-02,282.62,282.62,282.62,282.62,0.0
1999-04-05,57.20000076293945,58.939998626708984,57.150001525878906,58.790000915527344,53300.0
1999-04-06,58.029998779296875,58.90999984741211,56.93000030517578,57.20000076293945,62000.0
1999-04-07,57.86000061035156,58.720001220703125,57.65999984741211,58.209999084472656,80500.0
1999-04-08,57.02000045776367,58.689998626708984,56.83000183105469,58.41999816894531,76800.0
1999-04-09,59.22999954223633,59.22999954223633,56.65999984741211,57.13999938964844,51900.0
1999-04-12,61.29999923706055,61.720001220703125,60.52000045776367,60.52000045776367,62700.0
1999-04-13,61.08000183105469,62.13999938964844,60.65999984741211,61.77000045776367,69900.0
1999-04-14,58.939998626708984,61.459999084472656,58.939998626708984,61.029998779296875,72500.0
1999-04-15,282.62,282.62,282.62,282.62,0.0
1999-04-16,67.72000122070312,67.72000122070312,63.880001068115234,63.880001068115234,68500.0
1999-04-19,69.69999694824219,69.69999694824219,66.04000091552734,67.62999725341797,79600.0
1999-04-20,282.62,282.62,282.62,282.62,0.0
1999-04-21,282.62,282.62,282.62,282.62,0.0
1999-04-22,282.62,282.62,282.62,282.62,0.0
1999-04-23,282.62,282.62,282.62,282.62,0.0
1999-04-26,65.62999725341797,67.16999816894531,65.54000091552734,67.16999816894531,46800.0
1999-04-27,69.37000274658203,69.37000274658203,65.5199966430664,66.3499984741211,55500.0
1999-04-28,282.62,282.62,282.62,282.62,0.0
1999-04-29,282.62,282.62,282.62,282.62,0.0
1999-04-30,282.62,282.62,282.62,282.62,0.0
1999-05-03,75.83000183105469,75.83000183105469,72.43000030517578,73.30000305175781,63900.0
1999-05-04,276.44,276.44,276.44,276.44,0.0
1999-05-05,79.62999725341797,79.62999725341797,74.63999938964844,74.81999969482422,62200.0
1999-05-06,82.62999725341797,82.73999786376953,80.44000244140625,80.7699966430664,55800.0
1999-05-07,276.44,276.44,276.44,276.44,0.0
1999-05-10,276.44,276.44,276.44,276.44,0.0
1999-05-11,276.44,276.44,276.44,276.44,0.0
1999-05-12,276.44,276.44,276.44,276.44,0.0
1999-05-13,276.44,276.44,276.44,276.44,0.0
1999-05-14,68.72000122070312,70.9000015258789,68.13999938964844,68.23999786376953,47400.0
1999-05-17,276.44,276.44,276.44,276.44,0.0
1999-05-18,63.70000076293945,66.47000122070312,63.27000045776367,66.44999694824219,42000.0
1999-05-19,276.44,276.44,276.44,276.44,0.0
1999-05-20,276.44,276.44,276.44,276.44,0.0
1999-05-21,276.44,276.44,276.44,276.44,0.0
1999-05-24,276.44,276.44,276.44,276.44,0.0
1999-05-25,276.44,276.44,276.44,276.44,0.0
1999-05-26,276.44,276.44,276.44,276.44,0.0
1999-05-27,276.44,276.44,276.44,276.44,0.0
1999-05-28,276.44,276.44,276.44,276.44,0.0
1999-05-31,276.44,276.44,276.44,276.44,0.0
1999-06-01,261.31,261.31,261.31,261.31,0.0
1999-06-02,61.040000915527344,61.040000915527344,59.75,60.13999938964844,63800.0
1999-06-03,261.31,261.31,261.31,261.31,0.0
1999-06-04,261.31,261.31,261.31,261.31,0.0
1999-06-07,61.95000076293945,62.650001525878906,61.400001525878906,62.529998779296875,32500.0
1999-06-08,261.31,261.31,261.31,261.31,0.0
1999-06-09,59.810001373291016,60.93000030517578,58.81999969482422,60.54999923706055,46600.0
1999-06-10,261.31,261.31,261.31,261.31,0.0
1999-06-11,62.77000045776367,62.77000045776367,61.31999969482422,61.70000076293945,42300.0
1999-06-14,261.31,261.31,261.31,261.31,0.0
1999-06-15,61.15999984741211,62.0099983215332,60.810001373291016,61.59000015258789,41300.0
1999-06-16,60.54999923706055,61.130001068115234,59.959999084472656,61.130001068115234,47900.0
1999-06-17,61.029998779296875,61.369998931884766,60.459999084472656,60.77000045776367,40400.0
1999-06-18,61.79999923706055,62.20000076293945,60.83000183105469,61.529998779296875,42700.0
1999-06-21,60.61000061035156,61.88999938964844,60.38999938964844,61.84000015258789,47000.0
1999-06-22,261.31,261.31,261.31,261.31,0.0
1999-06-23,261.31,261.31,261.31,261.31,0.0
1999-06-24,61.97999954223633,63.869998931884766,61.97999954223633,62.880001068115234,40300.0
1999-06-25,63.20000076293945,63.4900016784668,62.13999938964844,62.310001373291016,33400.0
1999-06-28,63.7599983215332,64.5999984741211,63.68000030517578,63.84000015258789,32000.0
1999-06-29,65.20999908447266,65.20999908447266,63.22999954223633,63.91999816894531,38700.0
1999-06-30,261.31,261.31,261.31,261.31,0.0
1999-07-01,256.08,256.08,256.08,256.08,0.0
1999-07-02,256.08,256.08,256.08,256.08,0.0
1999-07-05,256.08,256.08,256.08,256.08,0.0
1999-07-06,256.08,256.08,256.08,256.08,0.0
1999-07-07,62.880001068115234,64.0199966430664,62.5,63.13999938964844,53100.0
1999-07-08,61.880001068115234,63.599998474121094,61.529998779296875,63.15999984741211,56900.0
1999-07-09,256.08,256.08,256.08,256.08,0.0
1999-07-12,256.08,256.08,256.08,256.08,0.0
1999-07-13,60.720001220703125,60.9900016784668,59.83000183105469,60.869998931884766,49900.0
1999-07-14,60.18000030517578,60.47999954223633,59.7400016784668,60.40999984741211,72000.0
1999-07-15,256.08,256.08,256.08,256.08,0.0
1999-07-16,256.08,256.08,256.08,256.08,0.0
1999-07-19,256.08,256.08,256.08,256.08,0.0
1999-07-20,256.08,256.08,256.08,256.08,0.0
1999-07-21,61.66999816894531,61.66999816894531,59.40999984741211,59.47999954223633,61800.0
1999-07-22,256.08,256.08,256.08,256.08,0.0
1999-07-23,61.290000915527344,62.02000045776367,61.2400016784668,61.88999938964844,41100.0
1999-07-26,61.13999938964844,61.279998779296875,60.529998779296875,61.060001373291016,37300.0
1999-07-27,61.36000061035156,62.38999938964844,61.36000061035156,61.65999984741211,44200.0
1999-07-28,61.77000045776367,62.09000015258789,60.900001525878906,61.150001525878906,50400.0
1999-07-29,64.62000274658203,64.80999755859375,61.209999084472656,61.45000076293945,53400.0
1999-07-30,256.08,256.08,256.08,256.08,0.0
1999-08-02,61.7400016784668,62.61000061035156,61.58000183105469,62.61000061035156,28300.0
1999-08-03,256.69,256.69,256.69,256.69,0.0
1999-08-04,66.47000122070312,66.9800033569336,65.45999908447266,65.66999816894531,48800.0
1999-08-05,256.69,256.69,256.69,256.69,0.0
1999-08-06,64.8499984741211,65.8499984741211,64.33999633789062,65.7300033569336,45100.0
1999-08-09,256.69,256.69,256.69,256.69,0.0
1999-08-10,256.69,256.69,256.69,256.69,0.0
1999-08-11,256.69,256.69,256.69,256.69,0.0
1999-08-12,69.51000213623047,72.1500015258789,69.37000274658203,71.6500015258789,39000.0
1999-08-13,68.94000244140625,69.95999908447266,68.0999984741211,69.93000030517578,39300.0
1999-08-16,67.2699966430664,67.77999877929688,66.4800033569336,67.69999694824219,34500.0
1999-08-17,256.69,256.69,256.69,256.69,0.0
1999-08-18,256.69,256.69,256.69,256.69,0.0
1999-08-19,256.69,256.69,256.69,256.69,0.0
1999-08-20,256.69,256.69,256.69,256.69,0.0
1999-08-23,256.69,256.69,256.69,256.69,0.0
1999-08-24,256.69,256.69,256.69,256.69,0.0
1999-08-25,256.69,256.69,256.69,256.69,0.0
1999-08-26,256.69,256.69,256.69,256.69,0.0
1999-08-27,256.69,256.69,256.69,256.69,0.0
1999-08-30,256.69,256.69,256.69,256.69,0.0
1999-08-31,256.69,256.69,256.69,256.69,0.0
1999-09-01,264.74,264.74,264.74,264.74,0.0
1999-09-02,264.74,264.74,264.74,264.74,0.0
1999-09-03,65.77999877929688,67.29000091552734,65.77999877929688,67.0999984741211,31300.0
1999-09-06,264.74,264.74,264.74,264.74,0.0
1999-09-07,264.74,264.74,264.74,264.74,0.0
1999-09-08,264.74,264.74,264.74,264.74,0.0
1999-09-09,264.74,264.74,264.74,264.74,0.0
1999-09-10,66.62999725341797,67.2699966430664,66.18000030517578,67.1500015258789,51700.0
1999-09-13,65.69000244140625,66.75,65.04000091552734,66.63999938964844,39100.0
1999-09-14,65.77999877929688,66.72000122070312,65.0199966430664,65.26000213623047,52000.0
1999-09-15,64.47000122070312,66.01000213623047,64.47000122070312,65.69999694824219,54100.0
1999-09-16,264.74,264.74,264.74,264.74,0.0
1999-09-17,264.74,264.74,264.74,264.74,0.0
1999-09-20,264.74,264.74,264.74,264.74,0.0
1999-09-21,68.48999786376953,68.68000030517578,65.76000213623047,65.76000213623047,49700.0
1999-09-22,69.33999633789062,71.05999755859375,69.13999938964844,70.08000183105469,61300.0
1999-09-23,264.74,264.74,264.74,264.74,0.0
1999-09-24,71.45999908447266,72.5,69.81999969482422,69.87000274658203,50400.0
1999-09-27,264.74,264.74,264.74,264.74,0.0
1999-09-28,86.18000030517578,92.72000122070312,86.04000091552734,91.38999938964844,64900.0
1999-09-29,82.25,84.9800033569336,80.80999755859375,84.54000091552734,55200.0
1999-09-30,264.74,264.74,264.74,264.74,0.0
1999-10-01,82.91000366210938,83.7300033569336,81.33000183105469,82.2699966430664,48200.0
1999-10-04,310.72,310.72,310.72,310.72,0.0
1999-10-05,310.72,310.72,310.72,310.72,0.0
1999-10-06,310.72,310.72,310.72,310.72,0.0
1999-10-07,310.72,310.72,310.72,310.72,0.0
1999-10-08,310.72,310.72,310.72,310.72,0.0
1999-10-11,310.72,310.72,310.72,310.72,0.0
1999-10-12,77.0,80.69999694824219,76.95999908447266,80.31999969482422,45400.0
1999-10-13,310.72,310.72,310.72,310.72,0.0
1999-10-14,310.72,310.72,310.72,310.72,0.0
1999-10-15,310.72,310.72,310.72,310.72,0.0
1999-10-18,310.72,310.72,310.72,310.72,0.0
1999-10-19,310.72,310.72,310.72,310.72,0.0
1999-10-20,310.72,310.72,310.72,310.72,0.0
1999-10-21,74.38999938964844,74.47000122070312,70.58000183105469,72.22000122070312,57300.0
1999-10-22,310.72,310.72,310.72,310.72,0.0
1999-10-25,310.72,310.72,310.72,310.72,0.0
1999-10-26,310.72,310.72,310.72,310.72,0.0
1999-10-27,310.72,310.72,310.72,310.72,0.0
1999-10-28,310.72,310.72,310.72,310.72,0.0
1999-10-29,310.72,310.72,310.72,310.72,0.0
1999-11-01,66.97000122070312,68.55000305175781,66.86000061035156,68.55000305175781,52700.0
1999-11-02,293.18,293.18,293.18,293.18,0.0
1999-11-03,293.18,293.18,293.18,293.18,0.0
1999-11-04,293.18,293.18,293.18,293.18,0.0
1999-11-05,66.80000305175781,68.43000030517578,66.72000122070312,68.19000244140625,69000.0
1999-11-08,68.26000213623047,68.30000305175781,65.9000015258789,66.37999725341797,59200.0
1999-11-09,69.51000213623047,70.66000366210938,67.4800033569336,67.91999816894531,62600.0
1999-11-10,73.20999908447266,73.22000122070312,69.54000091552734,69.61000061035156,74800.0
1999-11-11,293.18,293.18,293.18,293.18,0.0
1999-11-12,293.18,293.18,293.18,293.18,0.0
1999-11-15,293.18,293.18,293.18,293.18,0.0
1999-11-16,293.18,293.18,293.18,293.18,0.0
1999-11-17,68.31999969482422,70.5199966430664,68.2699966430664,69.72000122070312,90300.0
1999-11-18,293.18,293.18,293.18,293.18,0.0
1999-11-19,67.94000244140625,69.20999908447266,67.94000244140625,68.16000366210938,59700.0
1999-11-22,65.9800033569336,68.55000305175781,65.9800033569336,67.66999816894531,62100.0
1999-11-23,70.13999938964844,70.2300033569336,67.0199966430664,67.08999633789062,58500.0
1999-11-24,72.55000305175781,72.55000305175781,69.94999694824219,70.51000213623047,53600.0
1999-11-25,293.18,293.18,293.18,293.18,0.0
1999-11-26,293.18,293.18,293.18,293.18,0.0
1999-11-29,293.18,293.18,293.18,293.18,0.0
1999-11-30,67.04000091552734,68.04000091552734,66.98999786376953,67.23999786376953,59400.0
1999-12-01,66.19999694824219,67.12000274658203,65.88999938964844,66.7699966430664,55400.0
1999-12-02,64.80999755859375,65.80000305175781,64.04000091552734,65.6500015258789,64700.0
1999-12-03,283.07,283.07,283.07,283.07,0.0
1999-12-06,283.07,283.07,283.07,283.07,0.0
1999-12-07,283.07,283.07,283.07,283.07,0.0
1999-12-08,65.55999755859375,67.06999969482422,65.47000122070312,66.30000305175781,72800.0
1999-12-09,63.43000030517578,65.30000305175781,63.43000030517578,65.30000305175781,89500.0
1999-12-10,63.459999084472656,64.70999908447266,63.459999084472656,64.08999633789062,98400.0
1999-12-13,64.94999694824219,64.94999694824219,63.15999984741211,63.41999816894531,83600.0
1999-12-14,62.79999923706055,64.62000274658203,62.68000030517578,64.4800033569336,96900.0
1999-12-15,283.07,283.07,283.07,283.07,0.0
1999-12-16,283.07,283.07,283.07,283.07,0.0
1999-12-17,283.07,283.07,283.07,283.07,0.0
1999-12-20,65.83999633789062,67.80000305175781,65.79000091552734,67.79000091552734,84200.0
1999-12-21,67.41000366210938,67.58999633789062,65.0199966430664,65.75,83800.0
1999-12-22,66.44999694824219,67.05999755859375,65.45999908447266,66.97000122070312,70800.0
1999-12-23,283.07,283.07,283.07,283.07,0.0
1999-12-24,283.07,283.07,283.07,283.07,0.0
1999-12-27,283.07,283.07,283.07,283.07,0.0
1999-12-28,283.07,283.07,283.07,283.07,0.0
1999-12-29,283.07,283.07,283.07,283.07,0.0
1999-12-30,283.07,283.07,283.07,283.07,0.0
1999-12-31,67.97000122070312,68.44999694824219,67.72000122070312,67.72000122070312,45800.0
2000-01-03,284.32,284.32,284.32,284.32,0.0
2000-01-04,284.32,284.32,284.32,284.32,0.0
2000-01-05,66.4000015258789,66.76000213623047,65.55999755859375,65.55999755859375,83100.0
2000-01-06,284.32,284.32,284.32,284.32,0.0
2000-01-07,65.43000030517578,66.62999725341797,65.18000030517578,66.31999969482422,99900.0
2000-01-10,284.32,284.32,284.32,284.32,0.0
2000-01-11,284.32,284.32,284.32,284.32,0.0
2000-01-12,284.32,284.32,284.32,284.32,0.0
2000-01-13,64.91000366210938,65.80999755859375,64.88999938964844,65.31999969482422,79800.0
2000-01-14,284.32,284.32,284.32,284.32,0.0
2000-01-17,284.32,284.32,284.32,284.32,0.0
2000-01-18,66.87000274658203,66.87000274658203,64.72000122070312,64.73999786376953,81100.0
2000-01-19,66.55000305175781,66.75,65.83000183105469,66.69999694824219,77300.0
2000-01-20,284.32,284.32,284.32,284.32,0.0
2000-01-21,63.25,64.83000183105469,63.25,64.48999786376953,79400.0
2000-01-24,61.720001220703125,63.18000030517578,61.279998779296875,63.18000030517578,83200.0
2000-01-25,61.0,62.290000915527344,60.560001373291016,62.290000915527344,74700.0
2000-01-26,284.32,284.32,284.32,284.32,0.0
2000-01-27,284.32,284.32,284.32,284.32,0.0
2000-01-28,284.32,284.32,284.32,284.32,0.0
2000-01-31,284.32,284.32,284.32,284.32,0.0
2000-02-01,299.86,299.86,299.86,299.86,0.0
2000-02-02,299.86,299.86,299.86,299.86,0.0
2000-02-03,299.86,299.86,299.86,299.86,0.0
2000-02-04,299.86,299.86,299.86,299.86,0.0
2000-02-07,65.63999938964844,72.37000274658203,65.63999938964844,70.86000061035156,87400.0
2000-02-08,299.86,299.86,299.86,299.86,0.0
2000-02-09,67.58999633789062,68.61000061035156,65.37000274658203,65.37000274658203,93500.0
2000-02-10,299.86,299.86,299.86,299.86,0.0
2000-02-11,67.5,67.72000122070312,66.0,67.61000061035156,70300.0
2000-02-14,299.86,299.86,299.86,299.86,0.0
2000-02-15,299.86,299.86,299.86,299.86,0.0
2000-02-16,66.66000366210938,68.63999938964844,66.58999633789062,67.70999908447266,78000.0
2000-02-17,299.86,299.86,299.86,299.86,0.0
2000-02-18,68.04000091552734,68.11000061035156,66.33999633789062,66.36000061035156,81400.0
2000-02-21,299.86,299.86,299.86,299.86,0.0
2000-02-22,299.86,299.86,299.86,299.86,0.0
2000-02-23,299.86,299.86,299.86,299.86,0.0
2000-02-24,61.93000030517578,64.68000030517578,61.93000030517578,64.45999908447266,79600.0
2000-02-25,60.59000015258789,61.15999984741211,60.029998779296875,61.15999984741211,75900.0
2000-02-28,299.86,299.86,299.86,299.86,0.0
2000-02-29,59.7599983215332,60.939998626708984,59.66999816894531,60.58000183105469,80600.0
2000-03-01,60.93000030517578,60.970001220703125,59.93000030517578,59.970001220703125,92000.0
2000-03-02,59.790000915527344,60.470001220703125,58.61000061035156,60.2400016784668,90600.0
2000-03-03,286.39,286.39,286.39,286.39,0.0
2000-03-06,286.39,286.39,286.39,286.39,0.0
2000-03-07,286.39,286.39,286.39,286.39,0.0
2000-03-08,286.39,286.39,286.39,286.39,0.0
2000-03-09,286.39,286.39,286.39,286.39,0.0
2000-03-10,59.5,60.81999969482422,59.369998931884766,60.7400016784668,87800.0
2000-03-13,60.45000076293945,61.16999816894531,60.02000045776367,60.41999816894531,67800.0
2000-03-14,60.380001068115234,60.540000915527344,59.40999984741211,60.27000045776367,73500.0
2000-03-15,60.439998626708984,60.439998626708984,59.529998779296875,60.31999969482422,99200.0
2000-03-16,59.849998474121094,60.27000045776367,59.130001068115234,60.27000045776367,102900.0
2000-03-17,58.20000076293945,60.150001525878906,58.20000076293945,60.150001525878906,78200.0
2000-03-20,286.39,286.39,286.39,286.39,0.0
2000-03-21,61.810001373291016,61.849998474121094,59.16999816894531,59.40999984741211,89700.0
2000-03-22,59.04999923706055,61.0099983215332,59.04999923706055,60.9900016784668,70400.0
2000-03-23,59.689998626708984,59.689998626708984,58.68000030517578,58.810001373291016,87200.0
2000-03-24,59.83000183105469,60.560001373291016,59.400001525878906,59.540000915527344,80000.0
2000-03-27,286.39,286.39,286.39,286.39,0.0
2000-03-28,286.39,286.39,286.39,286.39,0.0
2000-03-29,286.39,286.39,286.39,286.39,0.0
2000-03-30,56.130001068115234,57.34000015258789,56.130001068115234,56.81999969482422,85900.0
2000-03-31,286.39,286.39,286.39,286.39,0.0
2000-04-03,56.599998474121094,57.029998779296875,55.880001068115234,56.4900016784668,69300.0
2000-04-04,279.69,279.69,279.69,279.69,0.0
2000-04-05,279.69,279.69,279.69,279.69,0.0
2000-04-06,57.16999816894531,58.54999923706055,57.130001068115234,58.43000030517578,75800.0
2000-04-07,56.11000061035156,57.400001525878906,55.83000183105469,57.150001525878906,64800.0
2000-04-10,56.52000045776367,56.91999816894531,55.66999816894531,56.619998931884766,63200.0
2000-04-11,279.69,279.69,279.69,279.69,0.0
2000-04-12,55.290000915527344,57.150001525878906,55.209999084472656,55.900001525878906,89600.0
2000-04-13,54.66999816894531,55.7400016784668,54.2400016784668,55.349998474121094,66000.0
2000-04-14,57.75,57.880001068115234,55.790000915527344,55.790000915527344,107500.0
2000-04-17,279.69,279.69,279.69,279.69,0.0
2000-04-18,279.69,279.69,279.69,279.69,0.0
2000-04-19,279.69,279.69,279.69,279.69,0.0
2000-04-20,279.69,279.69,279.69,279.69,0.0
2000-04-21,279.69,279.69,279.69,279.69,0.0
2000-04-24,279.69,279.69,279.69,279.69,0.0
2000-04-25,279.69,279.69,279.69,279.69,0.0
2000-04-26,55.470001220703125,55.84000015258789,54.5,54.97999954223633,73700.0
2000-04-27,279.69,279.69,279.69,279.69,0.0
2000-04-28,54.75,55.290000915527344,54.27000045776367,55.09000015258789,63300.0
2000-05-01,55.54999923706055,55.61000061035156,54.2599983215332,54.43000030517578,57500.0
2000-05-02,275.19,275.19,275.19,275.19,0.0
2000-05-03,275.19,275.19,275.19,275.19,0.0
2000-05-04,275.19,275.19,275.19,275.19,0.0
2000-05-05,275.19,275.19,275.19,275.19,0.0
2000-05-08,59.619998931884766,59.65999984741211,58.2599983215332,59.560001373291016,47900.0
2000-05-09,59.970001220703125,60.93000030517578,58.599998474121094,59.70000076293945,60600.0
2000-05-10,60.38999938964844,61.33000183105469,59.83000183105469,60.400001525878906,74500.0
2000-05-11,59.41999816894531,59.97999954223633,58.68000030517578,59.939998626708984,59400.0
2000-05-12,275.19,275.19,275.19,275.19,0.0
2000-05-15,59.66999816894531,60.459999084472656,58.709999084472656,58.95000076293945,54400.0
2000-05-16,59.86000061035156,61.119998931884766,59.25,59.650001525878906,60200.0
2000-05-17,275.19,275.19,275.19,275.19,0.0
2000-05-18,275.19,275.19,275.19,275.19,0.0
2000-05-19,56.720001220703125,58.209999084472656,56.56999969482422,56.790000915527344,57200.0
2000-05-22,57.279998779296875,59.43000030517578,56.88999938964844,57.0,52100.0
2000-05-23,275.19,275.19,275.19,275.19,0.0
2000-05-24,275.19,275.19,275.19,275.19,0.0
2000-05-25,275.19,275.19,275.19,275.19,0.0
2000-05-26,275.19,275.19,275.19,275.19,0.0
2000-05-29,275.19,275.19,275.19,275.19,0.0
2000-05-30,57.689998626708984,58.29999923706055,57.13999938964844,57.13999938964844,48300.0
2000-05-31,275.19,275.19,275.19,275.19,0.0
2000-06-01,285.73,285.73,285.73,285.73,0.0
2000-06-02,59.27000045776367,59.45000076293945,57.9900016784668,58.13999938964844,74300.0
2000-06-05,61.61000061035156,61.779998779296875,58.7599983215332,59.84000015258789,53200.0
2000-06-06,62.08000183105469,63.099998474121094,61.369998931884766,62.439998626708984,50400.0
2000-06-07,285.73,285.73,285.73,285.73,0.0
2000-06-08,59.56999969482422,60.47999954223633,59.099998474121094,59.41999816894531,60800.0
2000-06-09,285.73,285.73,285.73,285.73,0.0
2000-06-12,60.13999938964844,60.58000183105469,58.72999954223633,58.790000915527344,46900.0
2000-06-13,285.73,285.73,285.73,285.73,0.0
2000-06-14,285.73,285.73,285.73,285.73,0.0
2000-06-15,285.73,285.73,285.73,285.73,0.0
2000-06-16,60.209999084472656,61.45000076293945,60.119998931884766,60.27000045776367,59500.0
2000-06-19,285.73,285.73,285.73,285.73,0.0
2000-06-20,285.73,285.73,285.73,285.73,0.0
2000-06-21,285.73,285.73,285.73,285.73,0.0
2000-06-22,57.619998931884766,58.91999816894531,57.459999084472656,58.0099983215332,64700.0
2000-06-23,56.619998931884766,57.65999984741211,56.09000015258789,57.470001220703125,47300.0
2000-06-26,285.73,285.73,285.73,285.73,0.0
2000-06-27,285.73,285.73,285.73,285.73,0.0
2000-06-28,59.209999084472656,59.630001068115234,57.290000915527344,57.459999084472656,67500.0
2000-06-29,56.720001220703125,58.970001220703125,56.720001220703125,58.650001525878906,64500.0
2000-06-30,57.810001373291016,58.11000061035156,56.58000183105469,56.810001373291016,58300.0
2000-07-03,281.59,281.59,281.59,281.59,0.0
2000-07-04,281.59,281.59,281.59,281.59,0.0
2000-07-05,54.83000183105469,56.72999954223633,54.83000183105469,56.689998626708984,50500.0
2000-07-06,55.36000061035156,55.95000076293945,55.11000061035156,55.22999954223633,60500.0
2000-07-07,281.59,281.59,281.59,281.59,0.0
2000-07-10,55.29999923706055,55.41999816894531,54.91999816894531,54.91999816894531,52300.0
2000-07-11,56.91999816894531,56.959999084472656,54.869998931884766,55.150001525878906,69200.0
2000-07-12,281.59,281.59,281.59,281.59,0.0
2000-07-13,55.70000076293945,56.56999969482422,55.61000061035156,56.22999954223633,84100.0
2000-07-14,54.63999938964844,56.09000015258789,54.47999954223633,55.81999969482422,74000.0
2000-07-17,55.18000030517578,55.279998779296875,54.58000183105469,54.77000045776367,70900.0
2000-07-18,281.59,281.59,281.59,281.59,0.0
2000-07-19,53.29999923706055,54.52000045776367,53.2400016784668,54.52000045776367,77100.0
2000-07-20,52.2400016784668,53.65999984741211,52.11000061035156,53.47999954223633,79400.0
2000-07-21,281.59,281.59,281.59,281.59,0.0
2000-07-24,50.29999923706055,51.16999816894531,50.15999984741211,50.95000076293945,58000.0
2000-07-25,281.59,281.59,281.59,281.59,0.0
2000-07-26,51.040000915527344,51.310001373291016,50.22999954223633,50.5,61700.0
2000-07-27,281.59,281.59,281.59,281.59,0.0
2000-07-28,281.59,281.59,281.59,281.59,0.0
2000-07-31,281.59,281.59,281.59,281.59,0.0
2000-08-01,51.779998779296875,51.81999969482422,50.900001525878906,50.970001220703125,58200.0
2000-08-02,52.040000915527344,52.369998931884766,51.31999969482422,52.029998779296875,70400.0
2000-08-03,49.59000015258789,52.02000045776367,49.54999923706055,52.0,82500.0
2000-08-04,50.52000045776367,50.56999969482422,49.790000915527344,49.83000183105469,65300.0
2000-08-07,50.810001373291016,51.189998626708984,50.5,50.59000015258789,61200.0
2000-08-08,51.0099983215332,51.2400016784668,50.560001373291016,50.88999938964844,72600.0
2000-08-09,274.47,274.47,274.47,274.47,0.0
2000-08-10,50.66999816894531,50.939998626708984,50.349998474121094,50.5,63700.0
2000-08-11,274.47,274.47,274.47,274.47,0.0
2000-08-14,274.47,274.47,274.47,274.47,0.0
2000-08-15,274.47,274.47,274.47,274.47,0.0
2000-08-16,54.47999954223633,54.47999954223633,53.29999923706055,53.29999923706055,73300.0
2000-08-17,274.47,274.47,274.47,274.47,0.0
2000-08-18,52.02000045776367,52.7599983215332,51.70000076293945,52.7599983215332,65500.0
2000-08-21,274.47,274.47,274.47,274.47,0.0
2000-08-22,274.47,274.47,274.47,274.47,0.0
2000-08-23,274.47,274.47,274.47,274.47,0.0
2000-08-24,274.47,274.47,274.47,274.47,0.0
2000-08-25,51.79999923706055,51.93000030517578,51.459999084472656,51.459999084472656,50200.0
2000-08-28,274.47,274.47,274.47,274.47,0.0
2000-08-29,274.47,274.47,274.47,274.47,0.0
2000-08-30,274.47,274.47,274.47,274.47,0.0
2000-08-31,278.29998779296875,278.29998779296875,274.79998779296875,274.79998779296875,0.0
2000-09-01,277.0,277.0,277.0,277.0,0.0
2000-09-04,273.68,273.68,273.68,273.68,0.0
2000-09-05,275.79998779296875,275.79998779296875,275.79998779296875,275.79998779296875,2.0
2000-09-06,274.20001220703125,274.20001220703125,274.20001220703125,274.20001220703125,0.0
2000-09-07,53.9900016784668,54.25,53.33000183105469,53.88999938964844,80000.0
2000-09-08,273.68,273.68,273.68,273.68,0.0
2000-09-11,54.20000076293945,54.630001068115234,53.7599983215332,54.56999969482422,74400.0
2000-09-12,273.68,273.68,273.68,273.68,0.0
2000-09-13,272.79998779296875,272.79998779296875,272.79998779296875,272.79998779296875,0.0
2000-09-14,272.3999938964844,272.3999938964844,272.3999938964844,272.3999938964844,0.0
2000-09-15,51.209999084472656,52.630001068115234,51.209999084472656,52.34000015258789,70700.0
2000-09-18,271.3999938964844,271.3999938964844,271.3999938964844,271.3999938964844,0.0
2000-09-19,49.689998626708984,50.869998931884766,49.54999923706055,50.77000045776367,62700.0
2000-09-20,269.0,269.0,269.0,269.0,0.0
2000-09-21,270.29998779296875,270.29998779296875,270.29998779296875,270.29998779296875,0.0
2000-09-22,271.79998779296875,271.79998779296875,271.79998779296875,271.79998779296875,0.0
2000-09-25,49.59000015258789,49.970001220703125,49.0099983215332,49.630001068115234,76100.0
2000-09-26,273.68,273.68,273.68,273.68,0.0
2000-09-27,278.3999938964844,278.3999938964844,278.3999938964844,278.3999938964844,3511.0
2000-09-28,275.6000061035156,277.5,275.1000061035156,277.5,631.0
2000-09-29,273.68,273.68,273.68,273.68,0.0
2000-10-02,270.0,270.0,270.0,270.0,0.0
2000-10-03,270.0,270.0,270.0,270.0,0.0
2000-10-04,270.0,270.0,270.0,270.0,0.0
2000-10-05,47.08000183105469,48.810001373291016,46.90999984741211,48.790000915527344,105700.0
2000-10-06,269.29998779296875,270.20001220703125,269.29998779296875,269.79998779296875,2.0
2000-10-09,47.13999938964844,47.15999984741211,46.22999954223633,46.380001068115234,64400.0
2000-10-10,270.0,270.0,270.0,270.0,0.0
2000-10-11,270.5,273.5,270.5,272.5,18.0
2000-10-12,270.0,270.0,270.0,270.0,0.0
2000-10-13,272.3999938964844,274.20001220703125,272.3999938964844,274.20001220703125,0.0
2000-10-16,45.08000183105469,46.029998779296875,44.970001220703125,45.52000045776367,69100.0
2000-10-17,270.0,270.0,270.0,270.0,0.0
2000-10-18,270.29998779296875,270.29998779296875,270.29998779296875,270.29998779296875,0.0
2000-10-19,270.1000061035156,270.1000061035156,270.1000061035156,270.1000061035156,1.0
2000-10-20,270.0,270.0,270.0,270.0,0.0
2000-10-23,270.1000061035156,271.70001220703125,270.1000061035156,271.70001220703125,1.0
2000-10-24,270.1000061035156,270.1000061035156,269.79998779296875,269.79998779296875,16.0
2000-10-25,266.20001220703125,267.1000061035156,266.0,266.20001220703125,20.0
2000-10-26,264.8999938964844,267.0,264.8999938964844,266.0,0.0
2000-10-27,264.3999938964844,265.5,264.3999938964844,265.5,1.0
2000-10-30,264.29998779296875,264.29998779296875,264.29998779296875,264.29998779296875,2.0
2000-10-31,264.8999938964844,265.0,264.5,264.5,0.0
2000-11-01,43.43000030517578,44.54999923706055,43.31999969482422,43.9900016784668,67600.0
2000-11-02,266.01,266.01,266.01,266.01,0.0
2000-11-03,264.6000061035156,264.6000061035156,264.6000061035156,264.6000061035156,0.0
2000-11-06,266.01,266.01,266.01,266.01,0.0
2000-11-07,44.470001220703125,44.54999923706055,43.7599983215332,43.97999954223633,94300.0
2000-11-08,265.0,265.0,265.0,265.0,0.0
2000-11-09,265.79998779296875,265.79998779296875,265.79998779296875,265.79998779296875,0.0
2000-11-10,264.5,264.5,264.5,264.5,0.0
2000-11-13,266.01,266.01,266.01,266.01,0.0
2000-11-14,264.8999938964844,264.8999938964844,264.8999938964844,264.8999938964844,0.0
2000-11-15,265.1000061035156,265.1000061035156,265.1000061035156,265.1000061035156,0.0
2000-11-16,43.0,43.27000045776367,41.90999984741211,43.209999084472656,69100.0
2000-11-17,266.01,266.01,266.01,266.01,0.0
2000-11-20,266.01,266.01,266.01,266.01,0.0
2000-11-21,265.70001220703125,265.70001220703125,265.70001220703125,265.70001220703125,0.0
2000-11-22,266.29998779296875,266.29998779296875,266.29998779296875,266.29998779296875,0.0
2000-11-23,266.01,266.01,266.01,266.01,0.0
2000-11-24,44.52000045776367,45.04999923706055,44.150001525878906,44.91999816894531,24900.0
2000-11-27,270.1000061035156,270.1000061035156,270.1000061035156,270.1000061035156,0.0
2000-11-28,266.01,266.01,266.01,266.01,0.0
2000-11-29,46.22999954223633,46.959999084472656,45.68000030517578,46.95000076293945,185300.0
2000-11-30,266.01,266.01,266.01,266.01,0.0
2000-12-01,268.70001220703125,272.0,268.5,269.70001220703125,332.0
2000-12-04,271.45,271.45,271.45,271.45,0.0
2000-12-05,47.970001220703125,50.060001373291016,47.72999954223633,49.9900016784668,103700.0
2000-12-06,50.47999954223633,50.56999969482422,47.970001220703125,48.349998474121094,101800.0
2000-12-07,273.20001220703125,276.0,272.6000061035156,274.29998779296875,36.0
2000-12-08,271.45,271.45,271.45,271.45,0.0
2000-12-11,270.20001220703125,270.70001220703125,269.20001220703125,270.70001220703125,15.0
2000-12-12,270.29998779296875,270.29998779296875,269.5,270.29998779296875,62.0
2000-12-13,268.6000061035156,270.0,268.1000061035156,270.0,30.0
2000-12-14,269.0,269.0,268.0,268.6000061035156,31.0
2000-12-15,270.3999938964844,270.3999938964844,269.20001220703125,269.20001220703125,63.0
2000-12-18,49.61000061035156,50.20000076293945,49.18000030517578,49.189998626708984,85800.0
2000-12-19,269.70001220703125,269.70001220703125,269.0,269.70001220703125,203.0
2000-12-20,271.45,271.45,271.45,271.45,0.0
2000-12-21,273.70001220703125,273.70001220703125,273.0,273.0,110.0
2000-12-22,52.38999938964844,52.47999954223633,51.540000915527344,52.06999969482422,90400.0
2000-12-25,271.45,271.45,271.45,271.45,0.0
2000-12-26,274.1000061035156,274.79998779296875,273.20001220703125,273.20001220703125,0.0
2000-12-27,52.27000045776367,52.81999969482422,51.5099983215332,52.79999923706055,94800.0
2000-12-28,271.70001220703125,273.20001220703125,271.70001220703125,273.20001220703125,1.0
2000-12-29,272.0,272.0,272.0,272.0,0.0
2001-01-01,265.49,265.49,265.49,265.49,0.0
2001-01-02,268.3999938964844,268.3999938964844,268.3999938964844,268.3999938964844,0.0
2001-01-03,265.49,265.49,265.49,265.49,0.0
2001-01-04,265.49,265.49,265.49,265.49,0.0
2001-01-05,265.49,265.49,265.49,265.49,0.0
2001-01-08,265.49,265.49,265.49,265.49,0.0
2001-01-09,267.5,267.5,267.5,267.5,0.0
2001-01-10,264.70001220703125,264.70001220703125,264.70001220703125,264.70001220703125,0.0
2001-01-11,264.0,264.0,264.0,264.0,0.0
2001-01-12,265.49,265.49,265.49,265.49,0.0
2001-01-15,265.49,265.49,265.49,265.49,0.0
2001-01-16,263.29998779296875,263.29998779296875,263.29998779296875,263.29998779296875,0.0
2001-01-17,263.20001220703125,263.20001220703125,263.20001220703125,263.20001220703125,0.0
2001-01-18,264.20001220703125,264.20001220703125,264.20001220703125,264.20001220703125,0.0
2001-01-19,264.29998779296875,264.29998779296875,264.29998779296875,264.29998779296875,0.0
2001-01-22,265.49,265.49,265.49,265.49,0.0
2001-01-23,265.49,265.49,265.49,265.49,0.0
2001-01-24,265.49,265.49,265.49,265.49,0.0
2001-01-25,264.5,264.5,264.5,264.5,0.0
2001-01-26,265.49,265.49,265.49,265.49,0.0
2001-01-29,265.49,265.49,265.49,265.49,0.0
2001-01-30,265.49,265.49,265.49,265.49,0.0
2001-01-31,265.6000061035156,266.0,263.70001220703125,265.20001220703125,566.0
2001-02-01,268.5,268.8999938964844,266.29998779296875,266.29998779296875,410.0
2001-02-02,267.1000061035156,268.20001220703125,266.5,268.0,107.0
2001-02-05,265.20001220703125,265.79998779296875,265.1000061035156,265.1000061035156,192.0
2001-02-06,261.87,261.87,261.87,261.87,0.0
2001-02-07,261.87,261.87,261.87,261.87,0.0
2001-02-08,261.87,261.87,261.87,261.87,0.0
2001-02-09,261.87,261.87,261.87,261.87,0.0
2001-02-12,260.70001220703125,262.5,260.1000061035156,262.5,17.0
2001-02-13,260.29998779296875,261.0,261.0,261.0,0.0
2001-02-14,261.87,261.87,261.87,261.87,0.0
2001-02-15,255.10000610351562,259.5,255.10000610351562,259.5,23.0
2001-02-16,261.87,261.87,261.87,261.87,0.0
2001-02-19,261.87,261.87,261.87,261.87,0.0
2001-02-20,256.1000061035156,256.1000061035156,255.0,256.1000061035156,24.0
2001-02-21,258.20001220703125,258.20001220703125,256.6000061035156,256.70001220703125,40.0
2001-02-22,258.5,258.5,257.5,258.5,16.0
2001-02-23,260.8999938964844,260.8999938964844,259.6000061035156,260.0,0.0
2001-02-26,261.87,261.87,261.87,261.87,0.0
2001-02-27,267.3999938964844,267.3999938964844,267.0,267.0,0.0
2001-02-28,266.79998779296875,266.79998779296875,266.79998779296875,266.79998779296875,0.0
2001-03-01,263.03,263.03,263.03,263.03,0.0
2001-03-02,263.03,263.03,263.03,263.03,0.0
2001-03-05,263.03,263.03,263.03,263.03,0.0
2001-03-06,259.8999938964844,260.0,259.8999938964844,260.0,20.0
2001-03-07,261.3999938964844,261.3999938964844,259.0,259.0,0.0
2001-03-08,265.3999938964844,265.3999938964844,265.3999938964844,265.3999938964844,0.0
2001-03-09,270.79998779296875,270.79998779296875,270.79998779296875,270.79998779296875,0.0
2001-03-12,271.6000061035156,271.6000061035156,271.6000061035156,271.6000061035156,8.0
2001-03-13,263.03,263.03,263.03,263.03,0.0
2001-03-14,263.03,263.03,263.03,263.03,0.0
2001-03-15,263.03,263.03,263.03,263.03,0.0
2001-03-16,258.1000061035156,258.1000061035156,257.0,257.0,0.0
2001-03-19,263.03,263.03,263.03,263.03,0.0
2001-03-20,263.03,263.03,263.03,263.03,0.0
2001-03-21,261.8999938964844,261.8999938964844,261.8999938964844,261.8999938964844,0.0
2001-03-22,261.1000061035156,261.1000061035156,261.1000061035156,261.1000061035156,1.0
2001-03-23,263.03,263.03,263.03,263.03,0.0
2001-03-26,263.03,263.03,263.03,263.03,0.0
2001-03-27,261.0,261.0,261.0,261.0,0.0
2001-03-28,259.70001220703125,259.70001220703125,259.70001220703125,259.70001220703125,22994.0
2001-03-29,263.03,263.03,263.03,263.03,0.0
2001-03-30,257.8999938964844,259.29998779296875,256.6000061035156,258.79998779296875,2479.0
2001-04-02,255.60000610351562,257.79998779296875,255.0,257.20001220703125,456.0
2001-04-03,256.79998779296875,258.6000061035156,255.5,255.5,326.0
2001-04-04,258.3999938964844,260.5,258.0,258.29998779296875,175.0
2001-04-05,258.1000061035156,259.1000061035156,257.70001220703125,259.1000061035156,150.0
2001-04-06,260.48,260.48,260.48,260.48,0.0
2001-04-09,258.29998779296875,260.5,258.0,260.5,28.0
2001-04-10,260.48,260.48,260.48,260.48,0.0
2001-04-11,260.48,260.48,260.48,260.48,0.0
2001-04-12,260.1000061035156,261.0,259.0,260.1000061035156,20.0
2001-04-13,260.48,260.48,260.48,260.48,0.0
2001-04-16,263.29998779296875,263.79998779296875,260.29998779296875,260.5,71.0
2001-04-17,261.1000061035156,262.3999938964844,260.5,260.5,38.0
2001-04-18,261.29998779296875,262.29998779296875,259.5,260.0,0.0
2001-04-19,260.48,260.48,260.48,260.48,0.0
2001-04-20,260.48,260.48,260.48,260.48,0.0
2001-04-23,263.70001220703125,263.70001220703125,262.6000061035156,263.6000061035156,69.0
2001-04-24,264.1000061035156,265.0,264.0,265.0,64.0
2001-04-25,262.3999938964844,264.3999938964844,262.0,263.5,0.0
2001-04-26,260.48,260.48,260.48,260.48,0.0
2001-04-27,263.8999938964844,263.8999938964844,263.8999938964844,263.8999938964844,6.0
2001-04-30,264.0,264.0,264.0,264.0,0.0
2001-05-01,272.36,272.36,272.36,272.36,0.0
2001-05-02,265.3999938964844,265.3999938964844,265.3999938964844,265.3999938964844,0.0
2001-05-03,272.36,272.36,272.36,272.36,0.0
2001-05-04,266.1000061035156,266.1000061035156,266.1000061035156,266.1000061035156,0.0
2001-05-07,272.36,272.36,272.36,272.36,0.0
2001-05-08,265.1000061035156,265.1000061035156,265.1000061035156,265.1000061035156,0.0
2001-05-09,272.36,272.36,272.36,272.36,0.0
2001-05-10,272.36,272.36,272.36,272.36,0.0
2001-05-11,267.8999938964844,267.8999938964844,267.8999938964844,267.8999938964844,0.0
2001-05-14,268.29998779296875,268.29998779296875,268.29998779296875,268.29998779296875,0.0
2001-05-15,268.1000061035156,268.1000061035156,268.1000061035156,268.1000061035156,0.0
2001-05-16,272.0,272.0,272.0,272.0,0.0
2001-05-17,273.6000061035156,273.6000061035156,273.6000061035156,273.6000061035156,0.0
2001-05-18,287.3999938964844,287.3999938964844,287.3999938964844,287.3999938964844,0.0
2001-05-21,285.3999938964844,285.3999938964844,285.3999938964844,285.3999938964844,0.0
2001-05-22,285.1000061035156,285.1000061035156,285.1000061035156,285.1000061035156,0.0
2001-05-23,283.6000061035156,283.6000061035156,283.6000061035156,283.6000061035156,6.0
2001-05-24,279.1000061035156,279.1000061035156,279.1000061035156,279.1000061035156,6.0
2001-05-25,272.36,272.36,272.36,272.36,0.0
2001-05-28,272.36,272.36,272.36,272.36,0.0
2001-05-29,272.36,272.36,272.36,272.36,0.0
2001-05-30,272.36,272.36,272.36,272.36,0.0
2001-05-31,272.36,272.36,272.36,272.36,0.0
2001-06-01,266.3999938964844,266.8999938964844,264.5,264.70001220703125,251.0
2001-06-04,270.23,270.23,270.23,270.23,0.0
2001-06-05,270.23,270.23,270.23,270.23,0.0
2001-06-06,265.70001220703125,267.0,265.20001220703125,266.70001220703125,112.0
2001-06-07,266.0,266.5,265.0,266.29998779296875,119.0
2001-06-08,270.23,270.23,270.23,270.23,0.0
2001-06-11,270.23,270.23,270.23,270.23,0.0
2001-06-12,271.5,271.5,269.0,270.0,91.0
2001-06-13,272.0,272.5,270.0,271.8999938964844,38.0
2001-06-14,270.23,270.23,270.23,270.23,0.0
2001-06-15,271.20001220703125,274.70001220703125,271.20001220703125,274.29998779296875,20.0
2001-06-18,272.3999938964844,272.5,271.29998779296875,272.0,31.0
2001-06-19,273.3999938964844,273.3999938964844,273.0,273.0,21.0
2001-06-20,270.23,270.23,270.23,270.23,0.0
2001-06-21,272.6000061035156,272.6000061035156,271.79998779296875,271.79998779296875,12.0
2001-06-22,272.29998779296875,273.6000061035156,272.0,273.6000061035156,0.0
2001-06-25,270.23,270.23,270.23,270.23,0.0
2001-06-26,276.20001220703125,277.0,274.0,274.0,0.0
2001-06-27,272.1000061035156,275.70001220703125,272.1000061035156,275.70001220703125,0.0
2001-06-28,269.29998779296875,269.29998779296875,269.29998779296875,269.29998779296875,0.0
2001-06-29,270.23,270.23,270.23,270.23,0.0
2001-07-02,267.53,267.53,267.53,267.53,0.0
2001-07-03,267.53,267.53,267.53,267.53,0.0
2001-07-04,267.53,267.53,267.53,267.53,0.0
2001-07-05,265.1000061035156,265.1000061035156,263.70001220703125,265.1000061035156,1.0
2001-07-06,265.8999938964844,265.8999938964844,265.8999938964844,265.8999938964844,70.0
2001-07-09,266.5,266.5,266.5,266.5,0.0
2001-07-10,267.53,267.53,267.53,267.53,0.0
2001-07-11,267.53,267.53,267.53,267.53,0.0
2001-07-12,267.53,267.53,267.53,267.53,0.0
2001-07-13,267.53,267.53,267.53,267.53,0.0
2001-07-16,267.53,267.53,267.53,267.53,0.0
2001-07-17,268.1000061035156,268.1000061035156,268.1000061035156,268.1000061035156,5.0
2001-07-18,270.3999938964844,270.3999938964844,270.3999938964844,270.3999938964844,0.0
2001-07-19,269.3999938964844,269.3999938964844,269.3999938964844,269.3999938964844,5.0
2001-07-20,267.53,267.53,267.53,267.53,0.0
2001-07-23,267.53,267.53,267.53,267.53,0.0
2001-07-24,267.53,267.53,267.53,267.53,0.0
2001-07-25,267.70001220703125,267.70001220703125,267.70001220703125,267.70001220703125,0.0
2001-07-26,266.20001220703125,266.20001220703125,266.20001220703125,266.20001220703125,0.0
2001-07-27,267.3999938964844,267.3999938964844,267.3999938964844,267.3999938964844,17975.0
2001-07-30,267.53,267.53,267.53,267.53,0.0
2001-07-31,266.20001220703125,266.5,264.3999938964844,264.79998779296875,348.0
2001-08-01,267.3999938964844,268.1000061035156,265.79998779296875,266.20001220703125,284.0
2001-08-02,267.3999938964844,268.0,266.1000061035156,267.0,136.0
2001-08-03,267.8999938964844,268.5,266.5,267.0,234.0
2001-08-06,267.1000061035156,267.79998779296875,267.0,267.79998779296875,156.0
2001-08-07,267.20001220703125,267.20001220703125,265.8999938964844,267.0,291.0
2001-08-08,267.8999938964844,268.0,265.8999938964844,266.1000061035156,436.0
2001-08-09,273.3999938964844,274.0,268.0,268.0,107.0
2001-08-10,272.39,272.39,272.39,272.39,0.0
2001-08-13,272.39,272.39,272.39,272.39,0.0
2001-08-14,272.39,272.39,272.39,272.39,0.0
2001-08-15,275.70001220703125,276.0,275.0,275.0,2.0
2001-08-16,275.20001220703125,275.20001220703125,275.0,275.0,6.0
2001-08-17,279.29998779296875,279.29998779296875,277.20001220703125,277.6000061035156,26.0
2001-08-20,272.39,272.39,272.39,272.39,0.0
2001-08-21,272.39,272.39,272.39,272.39,0.0
2001-08-22,272.39,272.39,272.39,272.39,0.0
2001-08-23,272.39,272.39,272.39,272.39,0.0
2001-08-24,272.39,272.39,272.39,272.39,0.0
2001-08-27,272.6000061035156,272.6000061035156,272.3999938964844,272.5,56.0
2001-08-28,272.39,272.39,272.39,272.39,0.0
2001-08-29,272.39,272.39,272.39,272.39,0.0
2001-08-30,275.3999938964844,275.3999938964844,275.3999938964844,275.3999938964844,0.0
2001-08-31,274.3999938964844,274.3999938964844,274.3999938964844,274.3999938964844,0.0
2001-09-03,283.42,283.42,283.42,283.42,0.0
2001-09-04,283.42,283.42,283.42,283.42,0.0
2001-09-05,272.0,272.0,272.0,272.0,0.0
2001-09-06,273.0,273.0,273.0,273.0,0.0
2001-09-07,273.1000061035156,273.1000061035156,273.0,273.1000061035156,0.0
2001-09-10,283.42,283.42,283.42,283.42,0.0
2001-09-11,283.42,283.42,283.42,283.42,0.0
2001-09-12,283.42,283.42,283.42,283.42,0.0
2001-09-13,283.42,283.42,283.42,283.42,0.0
2001-09-14,290.20001220703125,290.20001220703125,290.20001220703125,290.20001220703125,0.0
2001-09-17,289.79998779296875,289.79998779296875,289.79998779296875,289.79998779296875,0.0
2001-09-18,283.42,283.42,283.42,283.42,0.0
2001-09-19,283.42,283.42,283.42,283.42,0.0
2001-09-20,283.42,283.42,283.42,283.42,0.0
2001-09-21,291.8999938964844,291.8999938964844,291.8999938964844,291.8999938964844,0.0
2001-09-24,289.70001220703125,289.79998779296875,289.70001220703125,289.79998779296875,0.0
2001-09-25,290.5,290.5,290.5,290.5,0.0
2001-09-26,293.29998779296875,293.29998779296875,293.29998779296875,293.29998779296875,1010.0
2001-09-27,291.70001220703125,293.5,289.0,293.5,942.0
2001-09-28,283.42,283.42,283.42,283.42,0.0
2001-10-01,283.06,283.06,283.06,283.06,0.0
2001-10-02,283.06,283.06,283.06,283.06,0.0
2001-10-03,283.06,283.06,283.06,283.06,0.0
2001-10-04,283.06,283.06,283.06,283.06,0.0
2001-10-05,283.06,283.06,283.06,283.06,0.0
2001-10-08,292.3999938964844,292.5,292.0,292.0,10.0
2001-10-09,288.8999938964844,292.70001220703125,288.8999938964844,292.70001220703125,17.0
2001-10-10,285.70001220703125,287.5,284.0,287.5,71.0
2001-10-11,281.79998779296875,283.5,280.5,283.5,140.0
2001-10-12,284.8999938964844,284.8999938964844,282.20001220703125,282.20001220703125,27.0
2001-10-15,282.1000061035156,282.70001220703125,282.1000061035156,282.70001220703125,51.0
2001-10-16,283.06,283.06,283.06,283.06,0.0
2001-10-17,283.06,283.06,283.06,283.06,0.0
2001-10-18,279.20001220703125,282.5,279.20001220703125,282.5,7.0
2001-10-19,283.06,283.06,283.06,283.06,0.0
2001-10-22,275.5,275.5,275.5,275.5,4.0
2001-10-23,283.06,283.06,283.06,283.06,0.0
2001-10-24,283.06,283.06,283.06,283.06,0.0
2001-10-25,277.79998779296875,277.79998779296875,277.79998779296875,277.79998779296875,1.0
2001-10-26,277.8999938964844,277.8999938964844,277.8999938964844,277.8999938964844,1.0
2001-10-29,283.06,283.06,283.06,283.06,0.0
2001-10-30,283.06,283.06,283.06,283.06,0.0
2001-10-31,283.06,283.06,283.06,283.06,0.0
2001-11-01,279.70001220703125,279.70001220703125,279.70001220703125,279.70001220703125,0.0
2001-11-02,279.79998779296875,279.79998779296875,279.79998779296875,279.79998779296875,0.0
2001-11-05,278.5,278.5,278.5,278.5,0.0
2001-11-06,276.16,276.16,276.16,276.16,0.0
2001-11-07,281.0,281.0,280.5,280.5,5.0
2001-11-08,276.79998779296875,278.0,276.79998779296875,278.0,1.0
2001-11-09,277.3999938964844,277.3999938964844,277.20001220703125,277.20001220703125,0.0
2001-11-12,278.29998779296875,278.29998779296875,278.29998779296875,278.29998779296875,4.0
2001-11-13,277.79998779296875,277.79998779296875,277.79998779296875,277.79998779296875,0.0
2001-11-14,277.79998779296875,277.79998779296875,277.79998779296875,277.79998779296875,0.0
2001-11-15,275.1000061035156,275.1000061035156,275.1000061035156,275.1000061035156,0.0
2001-11-16,274.70001220703125,274.70001220703125,274.70001220703125,274.70001220703125,0.0
2001-11-19,276.16,276.16,276.16,276.16,0.0
2001-11-20,276.16,276.16,276.16,276.16,0.0
2001-11-21,276.16,276.16,276.16,276.16,0.0
2001-11-22,276.16,276.16,276.16,276.16,0.0
2001-11-23,276.16,276.16,276.16,276.16,0.0
2001-11-26,272.29998779296875,272.29998779296875,272.29998779296875,272.29998779296875,0.0
2001-11-27,273.20001220703125,273.20001220703125,273.20001220703125,273.20001220703125,0.0
2001-11-28,276.16,276.16,276.16,276.16,0.0
2001-11-29,273.5,275.3999938964844,273.0,274.1000061035156,4710.0
2001-11-30,273.8999938964844,275.5,272.6000061035156,273.20001220703125,744.0
2001-12-03,276.8999938964844,277.5,273.5,273.5,389.0
2001-12-04,275.85,275.85,275.85,275.85,0.0
2001-12-05,273.70001220703125,275.6000061035156,273.0,275.29998779296875,198.0
2001-12-06,274.20001220703125,274.29998779296875,273.1000061035156,274.20001220703125,73.0
2001-12-07,273.8999938964844,274.3999938964844,273.29998779296875,274.1000061035156,478.0
2001-12-10,272.20001220703125,273.20001220703125,271.20001220703125,272.5,357.0
2001-12-11,272.20001220703125,272.5,271.5,272.5,79.0
2001-12-12,273.79998779296875,273.79998779296875,272.5,272.70001220703125,57.0
2001-12-13,275.85,275.85,275.85,275.85,0.0
2001-12-14,278.0,278.5,275.0,275.0,51.0
2001-12-17,275.85,275.85,275.85,275.85,0.0
2001-12-18,280.3999938964844,281.29998779296875,278.29998779296875,280.3999938964844,119.0
2001-12-19,275.5,280.0,275.5,280.0,18.0
2001-12-20,276.0,276.5,276.0,276.5,18.0
2001-12-21,278.0,278.6000061035156,276.0,276.0,39.0
2001-12-24,275.85,275.85,275.85,275.85,0.0
2001-12-25,275.85,275.85,275.85,275.85,0.0
2001-12-26,275.85,275.85,275.85,275.85,0.0
2001-12-27,277.3999938964844,278.5,277.20001220703125,278.0,2.0
2001-12-28,276.5,276.5,276.5,276.5,2.0
2001-12-31,278.70001220703125,278.70001220703125,276.79998779296875,276.79998779296875,2.0
2002-01-01,281.51,281.51,281.51,281.51,0.0
2002-01-02,281.51,281.51,281.51,281.51,0.0
2002-01-03,278.20001220703125,278.20001220703125,278.20001220703125,278.20001220703125,2.0
2002-01-04,278.8999938964844,278.8999938964844,278.8999938964844,278.8999938964844,2.0
2002-01-07,281.51,281.51,281.51,281.51,0.0
2002-01-08,278.8999938964844,278.8999938964844,278.8999938964844,278.8999938964844,1.0
2002-01-09,281.51,281.51,281.51,281.51,0.0
2002-01-10,281.51,281.51,281.51,281.51,0.0
2002-01-11,287.3999938964844,287.3999938964844,287.3999938964844,287.3999938964844,2.0
2002-01-14,285.3999938964844,285.3999938964844,285.3999938964844,285.3999938964844,2.0
2002-01-15,284.3999938964844,284.3999938964844,284.3999938964844,284.3999938964844,2.0
2002-01-16,287.29998779296875,287.29998779296875,287.29998779296875,287.29998779296875,2.0
2002-01-17,284.3999938964844,284.3999938964844,284.3999938964844,284.3999938964844,2.0
2002-01-18,283.1000061035156,283.1000061035156,283.1000061035156,283.1000061035156,2.0
2002-01-21,281.51,281.51,281.51,281.51,0.0
2002-01-22,281.51,281.51,281.51,281.51,0.0
2002-01-23,281.51,281.51,281.51,281.51,0.0
2002-01-24,281.51,281.51,281.51,281.51,0.0
2002-01-25,281.51,281.51,281.51,281.51,0.0
2002-01-28,278.29998779296875,278.29998779296875,278.29998779296875,278.29998779296875,2.0
2002-01-29,281.3999938964844,281.3999938964844,281.3999938964844,281.3999938964844,23818.0
2002-01-30,281.8999938964844,283.20001220703125,280.5,281.8999938964844,3680.0
2002-01-31,282.1000061035156,282.79998779296875,280.79998779296875,281.0,1082.0
2002-02-01,295.5,295.5,295.5,295.5,0.0
2002-02-04,289.29998779296875,290.0,285.3999938964844,286.0,336.0
2002-02-05,295.5,295.5,295.5,295.5,0.0
2002-02-06,297.5,308.0,296.20001220703125,297.29998779296875,239.0
2002-02-07,299.70001220703125,301.5,296.20001220703125,297.20001220703125,264.0
2002-02-08,303.5,307.3999938964844,302.79998779296875,304.5,187.0
2002-02-11,295.5,295.5,295.5,295.5,0.0
2002-02-12,300.70001220703125,300.70001220703125,297.0,299.0,454.0
2002-02-13,299.3999938964844,300.70001220703125,296.70001220703125,300.5,229.0
2002-02-14,299.70001220703125,300.5,299.3999938964844,300.0,20.0
2002-02-15,298.3999938964844,301.6000061035156,298.3999938964844,300.5,62.0
2002-02-18,295.5,295.5,295.5,295.5,0.0
2002-02-19,293.20001220703125,297.29998779296875,293.20001220703125,297.0,35.0
2002-02-20,292.29998779296875,294.20001220703125,290.79998779296875,294.1000061035156,24.0
2002-02-21,293.20001220703125,293.3999938964844,291.79998779296875,291.79998779296875,13.0
2002-02-22,293.20001220703125,293.20001220703125,292.5,293.20001220703125,151.0
2002-02-25,292.70001220703125,293.0,291.5,292.70001220703125,0.0
2002-02-26,298.0,298.0,293.20001220703125,294.0,4.0
2002-02-27,296.29998779296875,296.29998779296875,295.29998779296875,295.29998779296875,5.0
2002-02-28,296.70001220703125,296.70001220703125,296.0,296.0,0.0
2002-03-01,294.06,294.06,294.06,294.06,0.0
2002-03-04,294.06,294.06,294.06,294.06,0.0
2002-03-05,294.06,294.06,294.06,294.06,0.0
2002-03-06,294.06,294.06,294.06,294.06,0.0
2002-03-07,290.1000061035156,290.1000061035156,290.1000061035156,290.1000061035156,76.0
2002-03-08,294.06,294.06,294.06,294.06,0.0
2002-03-11,294.06,294.06,294.06,294.06,0.0
2002-03-12,294.06,294.06,294.06,294.06,0.0
2002-03-13,294.06,294.06,294.06,294.06,0.0
2002-03-14,291.0,291.0,291.0,291.0,0.0
2002-03-15,289.8999938964844,289.8999938964844,289.8999938964844,289.8999938964844,0.0
2002-03-18,292.1000061035156,292.1000061035156,292.1000061035156,292.1000061035156,0.0
2002-03-19,292.79998779296875,292.79998779296875,292.79998779296875,292.79998779296875,0.0
2002-03-20,292.1000061035156,292.1000061035156,292.1000061035156,292.1000061035156,6.0
2002-03-21,292.79998779296875,292.79998779296875,292.79998779296875,292.79998779296875,0.0
2002-03-22,294.06,294.06,294.06,294.06,0.0
2002-03-25,294.06,294.06,294.06,294.06,0.0
2002-03-26,296.6000061035156,296.6000061035156,296.6000061035156,296.6000061035156,24896.0
2002-03-27,294.06,294.06,294.06,294.06,0.0
2002-03-28,294.06,294.06,294.06,294.06,0.0
2002-03-29,294.06,294.06,294.06,294.06,0.0
2002-04-01,302.68,302.68,302.68,302.68,0.0
2002-04-02,302.68,302.68,302.68,302.68,0.0
2002-04-03,302.68,302.68,302.68,302.68,0.0
2002-04-04,301.1000061035156,302.6000061035156,299.0,302.6000061035156,86.0
2002-04-05,300.1000061035156,302.5,298.70001220703125,300.70001220703125,97.0
2002-04-08,300.5,301.5,299.0,299.0,133.0
2002-04-09,298.79998779296875,300.0,298.5,300.0,66.0
2002-04-10,301.70001220703125,302.5,297.70001220703125,298.0,42.0
2002-04-11,302.68,302.68,302.68,302.68,0.0
2002-04-12,302.1000061035156,302.1000061035156,300.5,301.5,118.0
2002-04-15,300.0,303.29998779296875,299.8999938964844,303.29998779296875,132.0
2002-04-16,298.79998779296875,299.20001220703125,297.5,299.20001220703125,39.0
2002-04-17,302.1000061035156,303.29998779296875,298.79998779296875,298.79998779296875,11.0
2002-04-18,304.5,306.0,303.6000061035156,303.6000061035156,68.0
2002-04-19,302.68,302.68,302.68,302.68,0.0
2002-04-22,303.0,304.1000061035156,303.0,304.1000061035156,40.0
2002-04-23,304.0,304.0,302.79998779296875,302.8999938964844,120.0
2002-04-24,304.29998779296875,305.70001220703125,304.29998779296875,305.0,173.0
2002-04-25,308.1000061035156,309.29998779296875,305.3999938964844,305.3999938964844,0.0
2002-04-26,311.6000061035156,312.5,306.5,308.3999938964844,0.0
2002-04-29,311.20001220703125,311.20001220703125,311.20001220703125,311.20001220703125,0.0
2002-04-30,308.8999938964844,308.8999938964844,308.8999938964844,308.8999938964844,0.0
2002-05-01,309.1000061035156,309.1000061035156,309.1000061035156,309.1000061035156,0.0
2002-05-02,308.29998779296875,308.29998779296875,308.29998779296875,308.29998779296875,0.0
2002-05-03,312.20001220703125,312.20001220703125,312.20001220703125,312.20001220703125,0.0
2002-05-06,311.20001220703125,311.20001220703125,311.20001220703125,311.20001220703125,0.0
2002-05-07,311.6000061035156,311.6000061035156,311.6000061035156,311.6000061035156,0.0
2002-05-08,314.49,314.49,314.49,314.49,0.0
2002-05-09,314.49,314.49,314.49,314.49,0.0
2002-05-10,314.49,314.49,314.49,314.49,0.0
2002-05-13,314.49,314.49,314.49,314.49,0.0
2002-05-14,307.29998779296875,307.5,306.79998779296875,307.5,0.0
2002-05-15,308.70001220703125,308.70001220703125,308.70001220703125,308.70001220703125,0.0
2002-05-16,309.79998779296875,309.79998779296875,309.79998779296875,309.79998779296875,0.0
2002-05-17,310.6000061035156,310.6000061035156,310.6000061035156,310.6000061035156,0.0
2002-05-20,314.49,314.49,314.49,314.49,0.0
2002-05-21,314.49,314.49,314.49,314.49,0.0
2002-05-22,318.0,318.0,318.0,318.0,0.0
2002-05-23,322.5,322.5,322.5,322.5,0.0
2002-05-24,320.3999938964844,320.3999938964844,320.3999938964844,320.3999938964844,0.0
2002-05-27,314.49,314.49,314.49,314.49,0.0
2002-05-28,323.8999938964844,323.8999938964844,323.8999938964844,323.8999938964844,0.0
2002-05-29,325.3999938964844,325.3999938964844,325.3999938964844,325.3999938964844,22051.0
2002-05-30,314.49,314.49,314.49,314.49,0.0
2002-05-31,314.49,314.49,314.49,314.49,0.0
2002-06-03,326.70001220703125,328.5,325.0,326.6000061035156,1866.0
2002-06-04,327.79998779296875,330.29998779296875,327.0,327.0,996.0
2002-06-05,321.18,321.18,321.18,321.18,0.0
2002-06-06,324.8999938964844,326.0,321.1000061035156,321.1000061035156,422.0
2002-06-07,324.6000061035156,327.5,323.8999938964844,325.5,237.0
2002-06-10,318.70001220703125,323.8999938964844,318.0,323.0,171.0
2002-06-11,319.70001220703125,319.70001220703125,316.0,319.29998779296875,602.0
2002-06-12,320.29998779296875,322.29998779296875,318.79998779296875,319.6000061035156,71.0
2002-06-13,321.18,321.18,321.18,321.18,0.0
2002-06-14,319.1000061035156,321.5,319.1000061035156,321.20001220703125,43.0
2002-06-17,321.18,321.18,321.18,321.18,0.0
2002-06-18,319.20001220703125,319.20001220703125,317.0,317.0,19.0
2002-06-19,319.79998779296875,320.6000061035156,319.79998779296875,320.20001220703125,116.0
2002-06-20,323.20001220703125,324.5,321.29998779296875,321.29998779296875,52.0
2002-06-21,324.6000061035156,325.20001220703125,322.20001220703125,322.8999938964844,329.0
2002-06-24,324.29998779296875,327.29998779296875,324.0,326.5,294.0
2002-06-25,320.20001220703125,323.70001220703125,318.0,323.70001220703125,0.0
2002-06-26,320.5,324.0,320.5,322.1000061035156,13.0
2002-06-27,321.18,321.18,321.18,321.18,0.0
2002-06-28,313.5,313.5,313.5,313.5,0.0
2002-07-01,314.0,314.0,314.0,314.0,20.0
2002-07-02,312.79998779296875,315.29998779296875,312.79998779296875,315.0,0.0
2002-07-03,310.8999938964844,311.0,310.8999938964844,311.0,2.0
2002-07-04,313.29,313.29,313.29,313.29,0.0
2002-07-05,313.29,313.29,313.29,313.29,0.0
2002-07-08,312.1000061035156,313.29998779296875,312.1000061035156,313.29998779296875,10.0
2002-07-09,316.1000061035156,316.1000061035156,312.6000061035156,313.3999938964844,0.0
2002-07-10,314.70001220703125,314.70001220703125,314.70001220703125,314.70001220703125,0.0
2002-07-11,313.29,313.29,313.29,313.29,0.0
2002-07-12,315.6000061035156,315.6000061035156,315.6000061035156,315.6000061035156,2.0
2002-07-15,319.6000061035156,320.5,319.0,320.5,18.0
2002-07-16,317.20001220703125,318.20001220703125,317.20001220703125,318.20001220703125,0.0
2002-07-17,317.3999938964844,317.3999938964844,317.3999938964844,317.3999938964844,24.0
2002-07-18,313.29,313.29,313.29,313.29,0.0
2002-07-19,323.8999938964844,323.8999938964844,323.8999938964844,323.8999938964844,403.0
2002-07-22,323.6000061035156,323.6000061035156,323.6000061035156,323.6000061035156,0.0
2002-07-23,312.70001220703125,312.70001220703125,312.70001220703125,312.70001220703125,0.0
2002-07-24,311.5,311.5,311.5,311.5,0.0
2002-07-25,309.79998779296875,309.79998779296875,309.79998779296875,309.79998779296875,3.0
2002-07-26,303.3999938964844,303.3999938964844,303.3999938964844,303.3999938964844,0.0
2002-07-29,302.5,302.5,300.79998779296875,302.5,23830.0
2002-07-30,303.70001220703125,305.20001220703125,301.5,301.5,3224.0
2002-07-31,313.29,313.29,313.29,313.29,0.0
2002-08-01,304.0,304.79998779296875,298.0,303.20001220703125,217.0
2002-08-02,307.0,307.8999938964844,303.6000061035156,303.6000061035156,392.0
2002-08-05,310.26,310.26,310.26,310.26,0.0
2002-08-06,305.5,307.5,304.79998779296875,307.5,52.0
2002-08-07,314.29998779296875,315.5,307.8999938964844,308.0,177.0
2002-08-08,310.3999938964844,314.6000061035156,310.29998779296875,314.6000061035156,86.0
2002-08-09,314.20001220703125,315.0,310.0,310.0,29.0
2002-08-12,314.1000061035156,318.0,313.79998779296875,313.79998779296875,8.0
2002-08-13,314.20001220703125,315.0,313.6000061035156,313.6000061035156,68.0
2002-08-14,311.79998779296875,317.0,311.0,317.0,152.0
2002-08-15,310.26,310.26,310.26,310.26,0.0
2002-08-16,313.70001220703125,315.0,312.20001220703125,313.1000061035156,725.0
2002-08-19,310.26,310.26,310.26,310.26,0.0
2002-08-20,308.70001220703125,308.70001220703125,306.20001220703125,307.3999938964844,219.0
2002-08-21,310.26,310.26,310.26,310.26,0.0
2002-08-22,310.26,310.26,310.26,310.26,0.0
2002-08-23,306.70001220703125,306.70001220703125,305.20001220703125,305.5,53.0
2002-08-26,309.3999938964844,310.5,309.3999938964844,310.5,153.0
2002-08-27,312.29998779296875,312.8999938964844,308.5,308.5,0.0
2002-08-28,309.3999938964844,312.5,309.3999938964844,311.8999938964844,17.0
2002-08-29,312.8999938964844,312.8999938964844,312.0,312.0,0.0
2002-08-30,312.3999938964844,312.3999938964844,312.3999938964844,312.3999938964844,36.0
2002-09-02,319.14,319.14,319.14,319.14,0.0
2002-09-03,313.3999938964844,313.3999938964844,312.5,312.5,0.0
2002-09-04,319.14,319.14,319.14,319.14,0.0
2002-09-05,318.20001220703125,318.20001220703125,318.20001220703125,318.20001220703125,7.0
2002-09-06,319.8999938964844,320.0,319.8999938964844,320.0,0.0
2002-09-09,321.29998779296875,321.29998779296875,321.29998779296875,321.29998779296875,0.0
2002-09-10,317.8999938964844,317.8999938964844,317.8999938964844,317.8999938964844,0.0
2002-09-11,316.6000061035156,316.6000061035156,316.6000061035156,316.6000061035156,0.0
2002-09-12,318.8999938964844,318.8999938964844,318.8999938964844,318.8999938964844,0.0
2002-09-13,316.6000061035156,319.0,316.6000061035156,319.0,0.0
2002-09-16,317.1000061035156,317.1000061035156,317.1000061035156,317.1000061035156,0.0
2002-09-17,317.0,317.0,317.0,317.0,0.0
2002-09-18,319.14,319.14,319.14,319.14,0.0
2002-09-19,322.6000061035156,322.6000061035156,322.6000061035156,322.6000061035156,0.0
2002-09-20,321.8999938964844,321.8999938964844,321.8999938964844,321.8999938964844,7.0
2002-09-23,323.0,323.0,323.0,323.0,0.0
2002-09-24,325.8999938964844,325.8999938964844,325.8999938964844,325.8999938964844,0.0
2002-09-25,319.14,319.14,319.14,319.14,0.0
2002-09-26,320.29998779296875,320.29998779296875,320.29998779296875,320.29998779296875,3485.0
2002-09-27,319.14,319.14,319.14,319.14,0.0
2002-09-30,323.8999938964844,324.20001220703125,320.3999938964844,320.70001220703125,43.0
2002-10-01,316.56,316.56,316.56,316.56,0.0
2002-10-02,321.5,321.5,319.6000061035156,319.6000061035156,41.0
2002-10-03,321.1000061035156,322.8999938964844,321.0,321.0,9.0
2002-10-04,316.56,316.56,316.56,316.56,0.0
2002-10-07,321.8999938964844,322.20001220703125,321.8999938964844,322.0,12.0
2002-10-08,318.20001220703125,319.70001220703125,318.20001220703125,319.0,5.0
2002-10-09,316.56,316.56,316.56,316.56,0.0
2002-10-10,316.56,316.56,316.56,316.56,0.0
2002-10-11,316.29998779296875,317.0,316.29998779296875,316.70001220703125,18.0
2002-10-14,316.56,316.56,316.56,316.56,0.0
2002-10-15,316.56,316.56,316.56,316.56,0.0
2002-10-16,314.0,314.5,314.0,314.5,539.0
2002-10-17,311.6000061035156,314.0,311.5,314.0,17.0
2002-10-18,312.70001220703125,313.20001220703125,311.79998779296875,312.20001220703125,17.0
2002-10-21,310.8999938964844,313.0,310.8999938964844,310.8999938964844,12.0
2002-10-22,316.56,316.56,316.56,316.56,0.0
2002-10-23,312.0,313.29998779296875,312.0,313.29998779296875,80.0
2002-10-24,310.70001220703125,311.70001220703125,309.79998779296875,311.70001220703125,10.0
2002-10-25,316.56,316.56,316.56,316.56,0.0
2002-10-28,316.56,316.56,316.56,316.56,0.0
2002-10-29,317.70001220703125,317.70001220703125,316.0,317.70001220703125,13.0
2002-10-30,316.5,316.5,316.0,316.5,2.0
2002-10-31,318.0,318.0,318.0,318.0,0.0
2002-11-01,318.79998779296875,318.79998779296875,318.79998779296875,318.79998779296875,0.0
2002-11-04,319.07,319.07,319.07,319.07,0.0
2002-11-05,319.07,319.07,319.07,319.07,0.0
2002-11-06,319.07,319.07,319.07,319.07,0.0
2002-11-07,320.5,320.5,320.5,320.5,2.0
2002-11-08,321.29998779296875,321.5,321.29998779296875,321.5,0.0
2002-11-11,321.20001220703125,321.20001220703125,321.20001220703125,321.20001220703125,0.0
2002-11-12,324.5,324.5,324.5,324.5,4.0
2002-11-13,319.07,319.07,319.07,319.07,0.0
2002-11-14,317.8999938964844,318.79998779296875,317.8999938964844,318.79998779296875,0.0
2002-11-15,319.07,319.07,319.07,319.07,0.0
2002-11-18,319.20001220703125,319.20001220703125,319.20001220703125,319.20001220703125,0.0
2002-11-19,318.6000061035156,318.6000061035156,318.6000061035156,318.6000061035156,0.0
2002-11-20,317.3999938964844,317.3999938964844,317.3999938964844,317.3999938964844,0.0
2002-11-21,317.3999938964844,317.3999938964844,317.3999938964844,317.3999938964844,2.0
2002-11-22,320.70001220703125,320.70001220703125,317.20001220703125,317.3999938964844,4.0
2002-11-25,319.07,319.07,319.07,319.07,0.0
2002-11-26,319.07,319.07,319.07,319.07,0.0
2002-11-27,319.07,319.07,319.07,319.07,0.0
2002-11-28,319.07,319.07,319.07,319.07,0.0
2002-11-29,319.07,319.07,319.07,319.07,0.0
2002-12-02,317.6000061035156,318.5,315.5,318.1000061035156,750.0
2002-12-03,320.20001220703125,321.20001220703125,317.1000061035156,317.3999938964844,628.0
2002-12-04,322.20001220703125,323.0,319.79998779296875,319.79998779296875,395.0
2002-12-05,331.92,331.92,331.92,331.92,0.0
2002-12-06,326.29998779296875,328.0,324.29998779296875,324.29998779296875,134.0
2002-12-09,325.79998779296875,326.6000061035156,324.79998779296875,325.70001220703125,124.0
2002-12-10,331.92,331.92,331.92,331.92,0.0
2002-12-11,331.92,331.92,331.92,331.92,0.0
2002-12-12,331.92,331.92,331.92,331.92,0.0
2002-12-13,331.92,331.92,331.92,331.92,0.0
2002-12-16,331.92,331.92,331.92,331.92,0.0
2002-12-17,337.3999938964844,342.0,336.5,337.5,27.0
2002-12-18,342.1000061035156,342.5,337.0,337.29998779296875,84.0
2002-12-19,345.8999938964844,349.20001220703125,342.5,344.3999938964844,48.0
2002-12-20,340.5,346.0,340.0,346.0,57.0
2002-12-23,345.1000061035156,345.1000061035156,342.0,344.5,227.0
2002-12-24,346.79998779296875,347.70001220703125,346.0,346.1000061035156,43.0
2002-12-25,331.92,331.92,331.92,331.92,0.0
2002-12-26,348.8999938964844,350.3999938964844,346.0,346.0,0.0
2002-12-27,349.20001220703125,350.5,347.20001220703125,348.79998779296875,95.0
2002-12-30,343.3999938964844,350.3999938964844,343.3999938964844,350.3999938964844,11.0
2002-12-31,331.92,331.92,331.92,331.92,0.0
2003-01-01,356.859,356.859,356.859,356.859,0.0
2003-01-02,356.859,356.859,356.859,356.859,0.0
2003-01-03,351.20001220703125,351.20001220703125,345.20001220703125,345.20001220703125,0.0
2003-01-06,351.70001220703125,351.70001220703125,351.1000061035156,351.70001220703125,2.0
2003-01-07,356.859,356.859,356.859,356.859,0.0
2003-01-08,356.859,356.859,356.859,356.859,0.0
2003-01-09,356.859,356.859,356.859,356.859,0.0
2003-01-10,356.859,356.859,356.859,356.859,0.0
2003-01-13,356.859,356.859,356.859,356.859,0.0
2003-01-14,356.859,356.859,356.859,356.859,0.0
2003-01-15,350.70001220703125,350.70001220703125,350.0,350.0,0.0
2003-01-16,357.70001220703125,357.70001220703125,357.70001220703125,357.70001220703125,0.0
2003-01-17,356.6000061035156,356.6000061035156,356.6000061035156,356.6000061035156,0.0
2003-01-20,356.859,356.859,356.859,356.859,0.0
2003-01-21,357.29998779296875,357.29998779296875,356.20001220703125,357.29998779296875,20.0
2003-01-22,356.859,356.859,356.859,356.859,0.0
2003-01-23,364.5,364.5,364.5,364.5,1.0
2003-01-24,368.2000122070313,368.2000122070313,367.0,368.2000122070313,44.0
2003-01-27,369.3999938964844,372.0,369.3999938964844,371.0,28.0
2003-01-28,356.859,356.859,356.859,356.859,0.0
2003-01-29,356.859,356.859,356.859,356.859,0.0
2003-01-30,368.6000061035156,370.0,362.6000061035156,366.0,6537.0
2003-01-31,356.859,356.859,356.859,356.859,0.0
2003-02-03,370.79998779296875,372.0,368.0,368.0,1358.0
2003-02-04,379.0,379.5,371.20001220703125,371.3999938964844,833.0
2003-02-05,358.97,358.97,358.97,358.97,0.0
2003-02-06,370.1000061035156,377.0,368.3999938964844,370.0,179.0
2003-02-07,369.8999938964844,374.5,367.5,370.5,572.0
2003-02-10,363.7000122070313,372.0,363.7000122070313,370.3999938964844,611.0
2003-02-11,358.97,358.97,358.97,358.97,0.0
2003-02-12,358.97,358.97,358.97,358.97,0.0
2003-02-13,358.97,358.97,358.97,358.97,0.0
2003-02-14,351.8999938964844,357.6000061035156,349.8999938964844,354.8999938964844,518.0
2003-02-17,358.97,358.97,358.97,358.97,0.0
2003-02-18,358.97,358.97,358.97,358.97,0.0
2003-02-19,358.97,358.97,358.97,358.97,0.0
2003-02-20,353.1000061035156,355.0,350.0,351.70001220703125,202.0
2003-02-21,358.97,358.97,358.97,358.97,0.0
2003-02-24,356.29998779296875,358.0,353.0,353.8999938964844,115.0
2003-02-25,352.29998779296875,359.0,352.0,357.3999938964844,0.0
2003-02-26,358.97,358.97,358.97,358.97,0.0
2003-02-27,346.1000061035156,346.1000061035156,346.1000061035156,346.1000061035156,0.0
2003-02-28,350.20001220703125,350.20001220703125,350.20001220703125,350.20001220703125,16.0
2003-03-03,349.20001220703125,349.20001220703125,349.20001220703125,349.20001220703125,0.0
2003-03-04,340.55,340.55,340.55,340.55,0.0
2003-03-05,340.55,340.55,340.55,340.55,0.0
2003-03-06,340.55,340.55,340.55,340.55,0.0
2003-03-07,350.79998779296875,350.79998779296875,350.79998779296875,350.79998779296875,0.0
2003-03-10,340.55,340.55,340.55,340.55,0.0
2003-03-11,350.5,350.5,350.5,350.5,0.0
2003-03-12,346.5,346.5,346.5,346.5,1.0
2003-03-13,335.8999938964844,342.70001220703125,335.8999938964844,342.70001220703125,1.0
2003-03-14,336.5,336.5,336.5,336.5,4.0
2003-03-17,337.1000061035156,343.0,337.1000061035156,343.0,24.0
2003-03-18,337.6000061035156,340.1000061035156,336.0,336.0,5.0
2003-03-19,336.1000061035156,336.1000061035156,336.1000061035156,336.1000061035156,0.0
2003-03-20,340.55,340.55,340.55,340.55,0.0
2003-03-21,340.55,340.55,340.55,340.55,0.0
2003-03-24,340.55,340.55,340.55,340.55,0.0
2003-03-25,328.3999938964844,328.3999938964844,328.3999938964844,328.3999938964844,13.0
2003-03-26,330.29998779296875,330.29998779296875,330.29998779296875,330.29998779296875,0.0
2003-03-27,328.70001220703125,328.70001220703125,328.70001220703125,328.70001220703125,0.0
2003-03-28,328.70001220703125,331.5,328.70001220703125,331.5,4021.0
2003-03-31,335.8999938964844,336.3999938964844,331.6000061035156,331.6000061035156,2026.0
2003-04-01,328.18,328.18,328.18,328.18,0.0
2003-04-02,329.6000061035156,335.70001220703125,327.5,334.3999938964844,293.0
2003-04-03,324.8999938964844,329.70001220703125,323.20001220703125,329.70001220703125,636.0
2003-04-04,328.18,328.18,328.18,328.18,0.0
2003-04-07,321.5,323.5,319.29998779296875,321.0,55.0
2003-04-08,322.20001220703125,323.8999938964844,321.5,322.29998779296875,860.0
2003-04-09,328.18,328.18,328.18,328.18,0.0
2003-04-10,326.70001220703125,327.29998779296875,324.3999938964844,327.0,45.0
2003-04-11,328.18,328.18,328.18,328.18,0.0
2003-04-14,328.18,328.18,328.18,328.18,0.0
2003-04-15,324.8999938964844,325.8999938964844,322.5,324.5,149.0
2003-04-16,328.18,328.18,328.18,328.18,0.0
2003-04-17,328.18,328.18,328.18,328.18,0.0
2003-04-18,328.18,328.18,328.18,328.18,0.0
2003-04-21,333.5,333.5,329.5,329.70001220703125,0.0
2003-04-22,328.18,328.18,328.18,328.18,0.0
2003-04-23,331.5,334.70001220703125,331.5,334.29998779296875,77.0
2003-04-24,334.79998779296875,335.20001220703125,331.79998779296875,332.6000061035156,21.0
2003-04-25,333.3999938964844,334.5,333.29998779296875,333.3999938964844,0.0
2003-04-28,328.18,328.18,328.18,328.18,0.0
2003-04-29,333.70001220703125,333.0,333.0,333.0,1.0
2003-04-30,339.1000061035156,337.0,337.0,337.0,6.0
2003-05-01,342.1000061035156,339.0,339.0,339.0,1.0
2003-05-02,341.0,342.20001220703125,342.20001220703125,342.1000061035156,1.0
2003-05-05,342.29998779296875,342.29998779296875,342.29998779296875,342.29998779296875,1.0
2003-05-06,342.5,342.5,342.5,342.5,5.0
2003-05-07,355.683,355.683,355.683,355.683,0.0
2003-05-08,348.3999938964844,344.6000061035156,344.6000061035156,344.6000061035156,6.0
2003-05-09,348.6000061035156,348.20001220703125,348.20001220703125,348.29998779296875,1.0
2003-05-12,355.683,355.683,355.683,355.683,0.0
2003-05-13,355.683,355.683,355.683,355.683,0.0
2003-05-14,352.29998779296875,350.1000061035156,350.1000061035156,350.1000061035156,1.0
2003-05-15,355.683,355.683,355.683,355.683,0.0
2003-05-16,354.70001220703125,352.70001220703125,352.70001220703125,352.6000061035156,1.0
2003-05-19,364.20001220703125,364.20001220703125,364.20001220703125,364.20001220703125,1.0
2003-05-20,366.29998779296875,366.29998779296875,366.29998779296875,366.29998779296875,1.0
2003-05-21,372.0,366.3999938964844,366.3999938964844,366.3999938964844,1.0
2003-05-22,355.683,355.683,355.683,355.683,0.0
2003-05-23,355.683,355.683,355.683,355.683,0.0
2003-05-26,355.683,355.683,355.683,355.683,0.0
2003-05-27,367.79998779296875,367.79998779296875,367.79998779296875,367.79998779296875,68840.0
2003-05-28,355.683,355.683,355.683,355.683,0.0
2003-05-29,369.6000061035156,370.0,360.20001220703125,365.1000061035156,33180.0
2003-05-30,364.5,369.6000061035156,360.5,368.6000061035156,4747.0
2003-06-02,366.0,367.0,360.0,360.0,1955.0
2003-06-03,356.352,356.352,356.352,356.352,0.0
2003-06-04,362.6000061035156,366.1000061035156,361.5,366.1000061035156,452.0
2003-06-05,368.6000061035156,370.0,360.8999938964844,361.7999877929688,1831.0
2003-06-06,356.352,356.352,356.352,356.352,0.0
2003-06-09,356.352,356.352,356.352,356.352,0.0
2003-06-10,356.352,356.352,356.352,356.352,0.0
2003-06-11,355.5,356.1000061035156,352.20001220703125,352.20001220703125,558.0
2003-06-12,356.352,356.352,356.352,356.352,0.0
2003-06-13,356.352,356.352,356.352,356.352,0.0
2003-06-16,359.0,359.29998779296875,356.5,359.1000061035156,560.0
2003-06-17,363.2000122070313,365.0,359.8999938964844,359.8999938964844,146.0
2003-06-18,357.20001220703125,361.0,356.79998779296875,360.70001220703125,67.0
2003-06-19,356.352,356.352,356.352,356.352,0.0
2003-06-20,356.352,356.352,356.352,356.352,0.0
2003-06-23,356.352,356.352,356.352,356.352,0.0
2003-06-24,356.352,356.352,356.352,356.352,0.0
2003-06-25,349.29998779296875,349.8999938964844,347.70001220703125,348.1000061035156,514.0
2003-06-26,343.8999938964844,345.5,343.3999938964844,346.5,1.0
2003-06-27,345.20001220703125,345.20001220703125,345.20001220703125,345.20001220703125,3.0
2003-06-30,346.0,345.29998779296875,345.29998779296875,345.29998779296875,3.0
2003-07-01,351.02,351.02,351.02,351.02,0.0
2003-07-02,351.29998779296875,351.3999938964844,351.3999938964844,351.3999938964844,3.0
2003-07-03,351.02,351.02,351.02,351.02,0.0
2003-07-04,351.02,351.02,351.02,351.02,0.0
2003-07-07,351.02,351.02,351.02,351.02,0.0
2003-07-08,344.1000061035156,344.1000061035156,344.1000061035156,344.1000061035156,3.0
2003-07-09,343.6000061035156,343.6000061035156,343.6000061035156,343.6000061035156,3.0
2003-07-10,344.29998779296875,343.6000061035156,343.6000061035156,343.6000061035156,3.0
2003-07-11,344.79998779296875,344.0,344.0,344.0,1.0
2003-07-14,351.02,351.02,351.02,351.02,0.0
2003-07-15,342.1000061035156,347.70001220703125,347.70001220703125,347.70001220703125,120.0
2003-07-16,351.02,351.02,351.02,351.02,0.0
2003-07-17,344.20001220703125,343.1000061035156,343.1000061035156,343.1000061035156,100.0
2003-07-18,347.20001220703125,344.29998779296875,344.29998779296875,343.5,100.0
2003-07-21,350.8999938964844,350.8999938964844,350.8999938964844,350.8999938964844,100.0
2003-07-22,351.02,351.02,351.02,351.02,0.0
2003-07-23,358.6000061035156,350.6000061035156,350.6000061035156,350.6000061035156,100.0
2003-07-24,362.20001220703125,358.70001220703125,358.70001220703125,358.6000061035156,100.0
2003-07-25,362.7000122070313,362.7000122070313,362.7000122070313,362.7000122070313,100.0
2003-07-28,364.79998779296875,362.70001220703125,362.70001220703125,362.70001220703125,100.0
2003-07-29,351.02,351.02,351.02,351.02,0.0
2003-07-30,351.02,351.02,351.02,351.02,0.0
2003-07-31,354.0,357.5,353.0,354.70001220703125,2554.0
2003-08-01,346.1000061035156,355.1000061035156,346.0,354.1000061035156,2275.0
2003-08-04,359.768,359.768,359.768,359.768,0.0
2003-08-05,359.768,359.768,359.768,359.768,0.0
2003-08-06,359.768,359.768,359.768,359.768,0.0
2003-08-07,352.5,353.3999938964844,350.1000061035156,351.0,407.0
2003-08-08,356.29998779296875,357.5,352.0,354.0,151.0
2003-08-11,361.7000122070313,361.0,358.70001220703125,359.6000061035156,45.0
2003-08-12,358.5,359.6000061035156,358.1000061035156,359.6000061035156,25.0
2003-08-13,362.1000061035156,363.7999877929688,357.20001220703125,357.20001220703125,15.0
2003-08-14,366.0,366.0,363.0,363.79998779296875,15.0
2003-08-15,363.2000122070313,366.0,363.5,366.0,25.0
2003-08-18,359.768,359.768,359.768,359.768,0.0
2003-08-19,359.768,359.768,359.768,359.768,0.0
2003-08-20,359.768,359.768,359.768,359.768,0.0
2003-08-21,360.6000061035156,364.6000061035156,362.7000122070313,364.6000061035156,49.0
2003-08-22,363.1000061035156,363.5,362.0,362.0,37.0
2003-08-25,361.29998779296875,364.0,361.0,364.0,26.0
2003-08-26,365.79998779296875,366.5,361.0,361.5,187.0
2003-08-27,373.5,375.0,370.5,365.8999938964844,6.0
2003-08-28,370.5,369.0,369.0,369.0,7.0
2003-08-29,375.7000122070313,375.0,375.0,375.0,6.0
2003-09-01,378.945,378.945,378.945,378.945,0.0
2003-09-02,378.945,378.945,378.945,378.945,0.0
2003-09-03,373.8999938964844,373.8999938964844,373.8999938964844,373.8999938964844,8.0
2003-09-04,372.8999938964844,372.8999938964844,372.8999938964844,372.8999938964844,8.0
2003-09-05,377.6000061035156,377.6000061035156,377.6000061035156,377.6000061035156,8.0
2003-09-08,375.1000061035156,375.1000061035156,375.1000061035156,375.1000061035156,8.0
2003-09-09,381.7000122070313,381.7000122070313,381.7000122070313,381.7000122070313,8.0
2003-09-10,380.0,380.0,380.0,380.0,8.0
2003-09-11,379.70001220703125,378.0,378.0,378.0,1.0
2003-09-12,375.79998779296875,375.79998779296875,375.79998779296875,375.79998779296875,1.0
2003-09-15,374.5,375.3999938964844,375.3999938964844,375.3999938964844,1.0
2003-09-16,378.945,378.945,378.945,378.945,0.0
2003-09-17,376.20001220703125,376.20001220703125,376.20001220703125,376.20001220703125,1.0
2003-09-18,376.6000061035156,376.6000061035156,376.6000061035156,376.6000061035156,1.0
2003-09-19,381.7999877929688,381.7999877929688,381.7999877929688,381.7999877929688,1.0
2003-09-22,387.20001220703125,387.20001220703125,387.20001220703125,387.20001220703125,1.0
2003-09-23,385.8999938964844,385.8999938964844,385.8999938964844,385.8999938964844,1.0
2003-09-24,387.5,387.5,387.5,387.5,1.0
2003-09-25,378.945,378.945,378.945,378.945,0.0
2003-09-26,380.7999877929688,380.7999877929688,380.7999877929688,380.7999877929688,7322.0
2003-09-29,382.3999938964844,385.0,380.1000061035156,381.0,5080.0
2003-09-30,378.945,378.945,378.945,378.945,0.0
2003-10-01,378.92,378.92,378.92,378.92,0.0
2003-10-02,378.92,378.92,378.92,378.92,0.0
2003-10-03,369.3999938964844,384.5,368.0,383.0,708.0
2003-10-06,378.92,378.92,378.92,378.92,0.0
2003-10-07,377.20001220703125,376.79998779296875,374.6000061035156,374.6000061035156,89.0
2003-10-08,378.92,378.92,378.92,378.92,0.0
2003-10-09,378.92,378.92,378.92,378.92,0.0
2003-10-10,373.6000061035156,370.79998779296875,370.79998779296875,370.79998779296875,96.0
2003-10-13,378.92,378.92,378.92,378.92,0.0
2003-10-14,378.92,378.92,378.92,378.92,0.0
2003-10-15,378.92,378.92,378.92,378.92,0.0
2003-10-16,378.92,378.92,378.92,378.92,0.0
2003-10-17,378.92,378.92,378.92,378.92,0.0
2003-10-20,374.0,374.5,373.0,373.5,9.0
2003-10-21,381.70001220703125,382.0,377.6000061035156,378.70001220703125,98.0
2003-10-22,386.5,386.6000061035156,385.0,376.5,178.0
2003-10-23,384.70001220703125,387.79998779296875,384.6000061035156,386.0,28.0
2003-10-24,378.92,378.92,378.92,378.92,0.0
2003-10-27,387.8999938964844,389.0,387.0,387.7999877929688,54.0
2003-10-28,383.2000122070313,385.5,383.0,385.0,229.0
2003-10-29,386.7999877929688,387.0,380.7999877929688,383.0,2.0
2003-10-30,384.2999877929688,387.1000061035156,387.1000061035156,387.1000061035156,2.0
2003-10-31,384.5,384.5,384.5,384.5,2.0
2003-11-03,377.0,383.0,382.79998779296875,382.79998779296875,3.0
2003-11-04,379.8999938964844,377.0,377.0,377.0,3.0
2003-11-05,382.6000061035156,382.6000061035156,382.6000061035156,382.6000061035156,3.0
2003-11-06,380.6000061035156,380.6000061035156,380.6000061035156,380.6000061035156,3.0
2003-11-07,383.2999877929688,383.2999877929688,383.2999877929688,383.2999877929688,3.0
2003-11-10,386.6000061035156,386.6000061035156,386.6000061035156,386.6000061035156,3.0
2003-11-11,388.1000061035156,388.70001220703125,388.70001220703125,388.70001220703125,3.0
2003-11-12,394.8999938964844,396.5,396.0,391.7000122070313,1.0
2003-11-13,394.1000061035156,396.0,396.0,396.0,101.0
2003-11-14,389.91,389.91,389.91,389.91,0.0
2003-11-17,391.5,398.0,398.0,397.6000061035156,101.0
2003-11-18,389.91,389.91,389.91,389.91,0.0
2003-11-19,394.8999938964844,397.70001220703125,397.70001220703125,397.70001220703125,101.0
2003-11-20,393.7000122070313,393.7000122070313,393.7000122070313,393.7000122070313,101.0
2003-11-21,396.0,395.79998779296875,394.0,394.0,2.0
2003-11-24,391.5,391.5,391.5,391.5,77377.0
2003-11-25,391.1000061035156,393.2000122070313,389.5,391.5,74334.0
2003-11-26,396.7999877929688,402.0,390.6000061035156,390.7000122070313,12662.0
2003-11-27,389.91,389.91,389.91,389.91,0.0
2003-11-28,389.91,389.91,389.91,389.91,0.0
2003-12-01,406.953,406.953,406.953,406.953,0.0
2003-12-02,403.7000122070313,406.0,399.5,402.0,1519.0
2003-12-03,403.8999938964844,404.0,401.5,403.2000122070313,2672.0
2003-12-04,403.29998779296875,405.0,400.0,403.8999938964844,304.0
2003-12-05,406.953,406.953,406.953,406.953,0.0
2003-12-08,406.953,406.953,406.953,406.953,0.0
2003-12-09,408.2000122070313,409.1000061035156,406.5,407.0,1224.0
2003-12-10,406.2000122070313,412.0,405.7999877929688,406.8999938964844,842.0
2003-12-11,404.6000061035156,407.0,402.7000122070313,405.7999877929688,101.0
2003-12-12,406.953,406.953,406.953,406.953,0.0
2003-12-15,406.953,406.953,406.953,406.953,0.0
2003-12-16,407.70001220703125,410.0,407.0,410.0,39.0
2003-12-17,412.0,410.7999877929688,407.7000122070313,409.1000061035156,185.0
2003-12-18,410.3999938964844,413.20001220703125,408.0,413.20001220703125,85.0
2003-12-19,409.2000122070313,411.2000122070313,408.1000061035156,410.7999877929688,94.0
2003-12-22,410.6000061035156,411.5,409.6000061035156,409.6000061035156,52.0
2003-12-23,411.0,411.5,409.7999877929688,410.3999938964844,185.0
2003-12-24,412.29998779296875,413.20001220703125,410.5,411.5,165.0
2003-12-25,406.953,406.953,406.953,406.953,0.0
2003-12-26,406.953,406.953,406.953,406.953,0.0
2003-12-29,406.953,406.953,406.953,406.953,0.0
2003-12-30,416.8999938964844,416.8999938964844,416.8999938964844,416.8999938964844,1.0
2003-12-31,415.7000122070313,417.2000122070313,417.2000122070313,416.8999938964844,1.0
2004-01-01,413.788,413.788,413.788,413.788,0.0
2004-01-02,413.788,413.788,413.788,413.788,0.0
2004-01-05,424.3999938964844,422.5,422.5,415.70001220703125,20.0
2004-01-06,413.788,413.788,413.788,413.788,0.0
2004-01-07,421.8999938964844,423.0,423.0,423.0,20.0
2004-01-08,424.0,422.0,422.0,421.8999938964844,20.0
2004-01-09,426.3999938964844,423.8999938964844,423.8999938964844,424.0,20.0
2004-01-12,413.788,413.788,413.788,413.788,0.0
2004-01-13,413.788,413.788,413.788,413.788,0.0
2004-01-14,413.788,413.788,413.788,413.788,0.0
2004-01-15,413.788,413.788,413.788,413.788,0.0
2004-01-16,406.70001220703125,408.29998779296875,408.29998779296875,408.29998779296875,12.0
2004-01-19,413.788,413.788,413.788,413.788,0.0
2004-01-20,412.70001220703125,406.70001220703125,406.70001220703125,406.70001220703125,12.0
2004-01-21,413.788,413.788,413.788,413.788,0.0
2004-01-22,410.0,411.2999877929688,411.2999877929688,411.2999877929688,2.0
2004-01-23,407.8999938964844,407.8999938964844,407.8999938964844,407.8999938964844,2.0
2004-01-26,413.788,413.788,413.788,413.788,0.0
2004-01-27,410.0,410.0,410.0,410.0,2.0
2004-01-28,414.5,414.5,414.5,414.5,76523.0
2004-01-29,398.5,412.0,396.5,412.0,42434.0
2004-01-30,402.20001220703125,402.6000061035156,398.0,398.0,13533.0
2004-02-02,404.878,404.878,404.878,404.878,0.0
2004-02-03,404.878,404.878,404.878,404.878,0.0
2004-02-04,401.0,401.29998779296875,398.5,399.79998779296875,977.0
2004-02-05,404.878,404.878,404.878,404.878,0.0
2004-02-06,403.6000061035156,407.0,397.0,397.0,313.0
2004-02-09,406.79998779296875,407.5,403.79998779296875,403.79998779296875,101.0
2004-02-10,406.3999938964844,410.5,407.29998779296875,407.29998779296875,71.0
2004-02-11,404.878,404.878,404.878,404.878,0.0
2004-02-12,413.7000122070313,413.5,410.0,411.8999938964844,146.0
2004-02-13,404.878,404.878,404.878,404.878,0.0
2004-02-16,404.878,404.878,404.878,404.878,0.0
2004-02-17,404.878,404.878,404.878,404.878,0.0
2004-02-18,404.878,404.878,404.878,404.878,0.0
2004-02-19,404.878,404.878,404.878,404.878,0.0
2004-02-20,404.878,404.878,404.878,404.878,0.0
2004-02-23,399.0,400.2000122070313,399.0,399.0,162.0
2004-02-24,404.5,403.2000122070313,399.0,401.6000061035156,77.0
2004-02-25,395.7999877929688,404.7999877929688,395.0,404.7999877929688,31.0
2004-02-26,395.7999877929688,395.1000061035156,395.1000061035156,395.1000061035156,40.0
2004-02-27,396.3999938964844,395.0,395.0,395.1000061035156,2.0
2004-03-01,399.2999877929688,396.3999938964844,396.3999938964844,396.3999938964844,2.0
2004-03-02,393.5,398.7999877929688,393.5,397.5,104.0
2004-03-03,392.3999938964844,391.29998779296875,391.1000061035156,391.1000061035156,4.0
2004-03-04,406.667,406.667,406.667,406.667,0.0
2004-03-05,406.667,406.667,406.667,406.667,0.0
2004-03-08,400.6000061035156,399.5,399.0,399.5,11.0
2004-03-09,404.20001220703125,402.3999938964844,401.20001220703125,401.70001220703125,5.0
2004-03-10,406.667,406.667,406.667,406.667,0.0
2004-03-11,400.70001220703125,399.1000061035156,399.1000061035156,399.20001220703125,5.0
2004-03-12,395.29998779296875,395.29998779296875,395.29998779296875,395.29998779296875,5.0
2004-03-15,406.667,406.667,406.667,406.667,0.0
2004-03-16,406.667,406.667,406.667,406.667,0.0
2004-03-17,406.667,406.667,406.667,406.667,0.0
2004-03-18,406.667,406.667,406.667,406.667,0.0
2004-03-19,406.667,406.667,406.667,406.667,0.0
2004-03-22,417.3999938964844,417.3999938964844,417.3999938964844,417.3999938964844,2.0
2004-03-23,419.7999877929688,417.3999938964844,417.3999938964844,417.3999938964844,2.0
2004-03-24,417.2000122070313,417.2000122070313,417.2000122070313,417.2000122070313,2.0
2004-03-25,416.7000122070313,417.0,416.0,416.0,8.0
2004-03-26,422.1000061035156,422.0,422.0,422.0,8.0
2004-03-29,417.1000061035156,422.1000061035156,422.1000061035156,422.1000061035156,64296.0
2004-03-30,406.667,406.667,406.667,406.667,0.0
2004-03-31,427.29998779296875,428.0,420.6000061035156,421.0,4496.0
2004-04-01,403.26,403.26,403.26,403.26,0.0
2004-04-02,403.26,403.26,403.26,403.26,0.0
2004-04-05,403.26,403.26,403.26,403.26,0.0
2004-04-06,418.8999938964844,419.7999877929688,415.6000061035156,415.6000061035156,202.0
2004-04-07,422.79998779296875,423.6000061035156,417.79998779296875,418.8999938964844,381.0
2004-04-08,403.26,403.26,403.26,403.26,0.0
2004-04-09,403.26,403.26,403.26,403.26,0.0
2004-04-12,420.1000061035156,422.1000061035156,418.0,421.1000061035156,39.0
2004-04-13,407.0,417.7999877929688,406.0,417.7999877929688,496.0
2004-04-14,399.7999877929688,407.8999938964844,399.0,407.2999877929688,161.0
2004-04-15,397.7000122070313,401.0,396.5,401.0,333.0
2004-04-16,401.0,402.20001220703125,398.5,399.6000061035156,177.0
2004-04-19,400.6000061035156,404.6000061035156,400.20001220703125,404.6000061035156,76.0
2004-04-20,397.70001220703125,400.29998779296875,396.79998779296875,400.29998779296875,49.0
2004-04-21,403.26,403.26,403.26,403.26,0.0
2004-04-22,393.29998779296875,393.5,390.5,390.5,50.0
2004-04-23,395.1000061035156,396.7999877929688,393.0,393.0,41.0
2004-04-26,396.0,396.7000122070313,396.2999877929688,396.5,45.0
2004-04-27,398.6000061035156,399.0,395.79998779296875,397.70001220703125,61.0
2004-04-28,385.3999938964844,396.0,384.1000061035156,395.5,19.0
2004-04-29,386.6000061035156,386.0,380.0,380.0,6.0
2004-04-30,387.0,389.0,389.0,389.0,2.0
2004-05-03,387.0,387.0,387.0,387.0,4.0
2004-05-04,391.3999938964844,392.0,392.0,392.0,2.0
2004-05-05,393.3999938964844,391.3999938964844,391.3999938964844,391.3999938964844,0.0
2004-05-06,388.0,387.2000122070313,387.2000122070313,387.2000122070313,1.0
2004-05-07,378.7000122070313,377.0,377.0,388.1000061035156,3.0
2004-05-10,383.779,383.779,383.779,383.779,0.0
2004-05-11,383.779,383.779,383.779,383.779,0.0
2004-05-12,377.3999938964844,377.3999938964844,377.3999938964844,377.3999938964844,0.0
2004-05-13,383.779,383.779,383.779,383.779,0.0
2004-05-14,377.0,377.0,377.0,377.0,5.0
2004-05-17,379.5,379.5,379.5,379.5,0.0
2004-05-18,383.779,383.779,383.779,383.779,0.0
2004-05-19,382.8999938964844,382.8999938964844,382.8999938964844,382.8999938964844,0.0
2004-05-20,383.779,383.779,383.779,383.779,0.0
2004-05-21,383.779,383.779,383.779,383.779,0.0
2004-05-24,383.779,383.779,383.779,383.779,0.0
2004-05-25,383.779,383.779,383.779,383.779,0.0
2004-05-26,383.779,383.779,383.779,383.779,0.0
2004-05-27,394.8999938964844,395.8999938964844,388.1000061035156,388.20001220703125,53047.0
2004-05-28,394.0,396.29998779296875,392.6000061035156,395.29998779296875,9836.0
2004-05-31,383.779,383.779,383.779,383.779,0.0
2004-06-01,394.6000061035156,399.0,393.29998779296875,393.8999938964844,1864.0
2004-06-02,390.70001220703125,397.5,390.0,394.5,937.0
2004-06-03,388.1000061035156,393.0,387.3999938964844,390.70001220703125,601.0
2004-06-04,392.373,392.373,392.373,392.373,0.0
2004-06-07,393.7999877929688,394.0,392.0,392.6000061035156,130.0
2004-06-08,392.373,392.373,392.373,392.373,0.0
2004-06-09,384.5,391.6000061035156,383.0,391.6000061035156,543.0
2004-06-10,392.373,392.373,392.373,392.373,0.0
2004-06-11,392.373,392.373,392.373,392.373,0.0
2004-06-14,383.6000061035156,385.29998779296875,383.0,383.6000061035156,209.0
2004-06-15,388.1000061035156,388.5,383.0,383.1000061035156,51.0
2004-06-16,384.6000061035156,386.5,383.5,386.5,102.0
2004-06-17,392.373,392.373,392.373,392.373,0.0
2004-06-18,395.1000061035156,396.3999938964844,393.0,392.0,108.0
2004-06-21,392.373,392.373,392.373,392.373,0.0
2004-06-22,392.373,392.373,392.373,392.373,0.0
2004-06-23,395.0,397.2000122070313,394.5,395.5,50.0
2004-06-24,392.373,392.373,392.373,392.373,0.0
2004-06-25,392.373,392.373,392.373,392.373,0.0
2004-06-28,401.0,405.0,401.2999877929688,403.0,2.0
2004-06-29,392.5,400.2000122070313,398.0,400.2000122070313,5.0
2004-06-30,392.373,392.373,392.373,392.373,0.0
2004-07-01,396.0,396.0,396.0,396.0,146.0
2004-07-02,398.29998779296875,397.20001220703125,397.20001220703125,396.0,20.0
2004-07-05,398.091,398.091,398.091,398.091,0.0
2004-07-06,392.6000061035156,393.0,393.0,398.29998779296875,20.0
2004-07-07,402.2999877929688,397.7999877929688,397.7999877929688,397.7999877929688,6.0
2004-07-08,398.091,398.091,398.091,398.091,0.0
2004-07-09,407.5,407.8999938964844,407.8999938964844,407.7000122070313,15.0
2004-07-12,398.091,398.091,398.091,398.091,0.0
2004-07-13,402.0,408.1000061035156,408.1000061035156,408.1000061035156,15.0
2004-07-14,398.091,398.091,398.091,398.091,0.0
2004-07-15,398.091,398.091,398.091,398.091,0.0
2004-07-16,406.6000061035156,404.1000061035156,404.1000061035156,404.2000122070313,15.0
2004-07-19,405.6000061035156,406.6000061035156,406.6000061035156,406.6000061035156,15.0
2004-07-20,401.8999938964844,405.6000061035156,405.6000061035156,405.6000061035156,15.0
2004-07-21,397.1000061035156,401.8999938964844,401.8999938964844,401.7999877929688,15.0
2004-07-22,395.20001220703125,395.20001220703125,395.20001220703125,395.20001220703125,15.0
2004-07-23,390.5,391.0,391.0,395.20001220703125,4.0
2004-07-26,390.29998779296875,389.8999938964844,389.8999938964844,389.8999938964844,1.0
2004-07-27,387.0,390.20001220703125,390.20001220703125,390.29998779296875,0.0
2004-07-28,398.091,398.091,398.091,398.091,0.0
2004-07-29,387.0,391.0,385.0,389.0,42070.0
2004-07-30,391.0,392.0,387.0,388.20001220703125,4977.0
2004-08-02,391.7000122070313,394.5,391.0,394.0,1102.0
2004-08-03,394.0,394.7999877929688,388.7999877929688,392.0,2692.0
2004-08-04,392.2000122070313,393.6000061035156,390.5,393.6000061035156,149.0
2004-08-05,400.51,400.51,400.51,400.51,0.0
2004-08-06,399.7999877929688,401.5,391.0,392.5,132.0
2004-08-09,400.7000122070313,400.7000122070313,398.5,399.1000061035156,318.0
2004-08-10,400.0,401.29998779296875,398.5,399.29998779296875,92.0
2004-08-11,400.51,400.51,400.51,400.51,0.0
2004-08-12,394.29998779296875,396.0,393.5,395.70001220703125,69.0
2004-08-13,398.8999938964844,399.5,393.5,394.29998779296875,64.0
2004-08-16,402.8999938964844,403.0,399.0,399.0,288.0
2004-08-17,400.51,400.51,400.51,400.51,0.0
2004-08-18,404.29998779296875,404.5,402.70001220703125,403.0,61.0
2004-08-19,407.1000061035156,407.8999938964844,404.29998779296875,404.29998779296875,128.0
2004-08-20,413.20001220703125,412.79998779296875,407.0,407.0,254.0
2004-08-23,410.5,411.79998779296875,409.70001220703125,411.29998779296875,18.0
2004-08-24,403.0,407.0,404.0,410.5,33.0
2004-08-25,407.8999938964844,407.0,405.20001220703125,405.29998779296875,164.0
2004-08-26,400.51,400.51,400.51,400.51,0.0
2004-08-27,400.51,400.51,400.51,400.51,0.0
2004-08-30,400.51,400.51,400.51,400.51,0.0
2004-08-31,400.51,400.51,400.51,400.51,0.0
2004-09-01,408.79998779296875,407.29998779296875,407.29998779296875,407.29998779296875,0.0
2004-09-02,406.0,406.3999938964844,406.3999938964844,407.5,34.0
2004-09-03,400.5,400.5,400.5,400.5,34.0
2004-09-06,405.275,405.275,405.275,405.275,0.0
2004-09-07,397.3999938964844,398.0,398.0,398.0,60.0
2004-09-08,405.275,405.275,405.275,405.275,0.0
2004-09-09,398.5,398.8999938964844,398.8999938964844,398.8999938964844,20.0
2004-09-10,405.275,405.275,405.275,405.275,0.0
2004-09-13,405.275,405.275,405.275,405.275,0.0
2004-09-14,405.7000122070313,405.1000061035156,405.1000061035156,405.1000061035156,43.0
2004-09-15,405.0,404.0,404.0,407.0,24.0
2004-09-16,404.7000122070313,404.7000122070313,404.7000122070313,404.7000122070313,24.0
2004-09-17,405.7999877929688,405.7999877929688,405.7999877929688,405.7999877929688,24.0
2004-09-20,405.29998779296875,403.6000061035156,403.6000061035156,403.6000061035156,44.0
2004-09-21,405.275,405.275,405.275,405.275,0.0
2004-09-22,407.20001220703125,407.20001220703125,407.20001220703125,407.20001220703125,44.0
2004-09-23,410.8999938964844,410.8999938964844,410.8999938964844,410.8999938964844,44.0
2004-09-24,405.275,405.275,405.275,405.275,0.0
2004-09-27,409.1000061035156,409.1000061035156,409.1000061035156,409.1000061035156,44.0
2004-09-28,412.5,410.79998779296875,410.79998779296875,410.79998779296875,9143.0
2004-09-29,413.0,414.0,411.6000061035156,412.0,5052.0
2004-09-30,418.70001220703125,418.79998779296875,412.70001220703125,412.8999938964844,1162.0
2004-10-01,419.5,419.1000061035156,417.0,419.1000061035156,167.0
2004-10-04,414.0,415.0,411.5,419.0,327.0
2004-10-05,418.20001220703125,419.29998779296875,415.0,415.29998779296875,164.0
2004-10-06,418.3999938964844,419.0,417.0,417.5,186.0
2004-10-07,418.0,419.0,417.5,418.0,93.0
2004-10-08,423.1000061035156,425.0,418.0,418.70001220703125,75.0
2004-10-11,422.0,422.20001220703125,421.0,422.20001220703125,20.0
2004-10-12,415.1000061035156,419.1000061035156,413.5,419.1000061035156,299.0
2004-10-13,420.464,420.464,420.464,420.464,0.0
2004-10-14,418.1000061035156,418.79998779296875,415.20001220703125,416.0,101.0
2004-10-15,418.70001220703125,419.70001220703125,417.79998779296875,418.29998779296875,51.0
2004-10-18,416.20001220703125,419.0,417.1000061035156,419.0,6.0
2004-10-19,420.2999877929688,420.7000122070313,420.7000122070313,420.7000122070313,3.0
2004-10-20,423.5,425.1000061035156,420.2999877929688,420.2999877929688,7.0
2004-10-21,420.464,420.464,420.464,420.464,0.0
2004-10-22,420.464,420.464,420.464,420.464,0.0
2004-10-25,429.0,430.0,428.5,429.0,128.0
2004-10-26,426.79998779296875,429.1000061035156,425.3999938964844,429.1000061035156,55.0
2004-10-27,420.464,420.464,420.464,420.464,0.0
2004-10-28,420.464,420.464,420.464,420.464,0.0
2004-10-29,420.464,420.464,420.464,420.464,0.0
2004-11-01,427.29998779296875,427.29998779296875,427.29998779296875,427.29998779296875,319.0
2004-11-02,420.0,427.20001220703125,427.20001220703125,427.20001220703125,319.0
2004-11-03,424.6000061035156,424.6000061035156,424.6000061035156,424.6000061035156,319.0
2004-11-04,430.1000061035156,430.1000061035156,430.1000061035156,430.1000061035156,319.0
2004-11-05,433.6000061035156,433.6000061035156,433.6000061035156,433.6000061035156,319.0
2004-11-08,432.7000122070313,432.7000122070313,432.7000122070313,432.7000122070313,319.0
2004-11-09,435.70001220703125,434.0,434.0,434.0,2.0
2004-11-10,434.0,434.5,434.5,434.5,2.0
2004-11-11,439.375,439.375,439.375,439.375,0.0
2004-11-12,437.8999938964844,437.8999938964844,437.8999938964844,437.8999938964844,0.0
2004-11-15,437.0,437.0,437.0,437.0,0.0
2004-11-16,440.2000122070313,440.2000122070313,440.2000122070313,440.2000122070313,0.0
2004-11-17,444.7999877929688,444.7999877929688,444.7999877929688,444.7999877929688,0.0
2004-11-18,442.6000061035156,442.6000061035156,442.6000061035156,442.6000061035156,1.0
2004-11-19,446.7999877929688,446.7999877929688,446.7999877929688,446.7999877929688,0.0
2004-11-22,439.375,439.375,439.375,439.375,0.0
2004-11-23,439.375,439.375,439.375,439.375,0.0
2004-11-24,449.29998779296875,449.29998779296875,449.29998779296875,449.29998779296875,110725.0
2004-11-25,439.375,439.375,439.375,439.375,0.0
2004-11-26,439.375,439.375,439.375,439.375,0.0
2004-11-29,453.70001220703125,454.79998779296875,449.29998779296875,450.79998779296875,56709.0
2004-11-30,451.29998779296875,454.1000061035156,448.29998779296875,453.79998779296875,14253.0
2004-12-01,454.0,456.0,450.5,451.6000061035156,2682.0
2004-12-02,442.079,442.079,442.079,442.079,0.0
2004-12-03,456.0,455.5,448.5,450.3999938964844,1231.0
2004-12-06,454.2000122070313,456.1000061035156,451.5,454.3999938964844,674.0
2004-12-07,452.0,455.5,451.5,453.0,550.0
2004-12-08,437.20001220703125,450.0,434.0,449.0,2065.0
2004-12-09,435.7999877929688,440.6000061035156,432.6000061035156,437.5,1347.0
2004-12-10,433.8999938964844,437.1000061035156,432.6000061035156,436.5,209.0
2004-12-13,438.8999938964844,439.5,436.0,437.0,628.0
2004-12-14,442.079,442.079,442.079,442.079,0.0
2004-12-15,442.079,442.079,442.079,442.079,0.0
2004-12-16,436.8999938964844,442.6000061035156,437.0,440.79998779296875,232.0
2004-12-17,442.079,442.079,442.079,442.079,0.0
2004-12-20,442.079,442.079,442.079,442.079,0.0
2004-12-21,442.079,442.079,442.079,442.079,0.0
2004-12-22,440.2999877929688,442.7000122070313,439.0,442.1000061035156,70.0
2004-12-23,441.8999938964844,442.6000061035156,441.0,441.2999877929688,98.0
2004-12-24,442.079,442.079,442.079,442.079,0.0
2004-12-27,442.079,442.079,442.079,442.079,0.0
2004-12-28,444.2999877929688,445.5,443.0,445.5,2.0
2004-12-29,436.0,440.5,440.5,440.5,3.0
2004-12-30,437.5,439.0,438.8999938964844,437.70001220703125,3.0
2004-12-31,442.079,442.079,442.079,442.079,0.0
2005-01-03,428.7000122070313,431.0,431.0,431.0,4.0
2005-01-04,428.5,428.5,428.5,428.5,108.0
2005-01-05,426.6000061035156,425.70001220703125,425.70001220703125,425.70001220703125,2.0
2005-01-06,421.0,421.0,421.0,421.0,1.0
2005-01-07,424.03,424.03,424.03,424.03,0.0
2005-01-10,424.03,424.03,424.03,424.03,0.0
2005-01-11,424.03,424.03,424.03,424.03,0.0
2005-01-12,426.1000061035156,423.79998779296875,423.79998779296875,423.79998779296875,1.0
2005-01-13,424.5,424.7000122070313,424.7000122070313,424.7000122070313,1.0
2005-01-14,422.7000122070313,423.2000122070313,422.0,422.0,20.0
2005-01-17,424.03,424.03,424.03,424.03,0.0
2005-01-18,423.2000122070313,423.2000122070313,423.2000122070313,423.2000122070313,20.0
2005-01-19,423.0,426.5,426.5,426.5,20.0
2005-01-20,422.3999938964844,421.7999877929688,421.7999877929688,421.7999877929688,20.0
2005-01-21,424.03,424.03,424.03,424.03,0.0
2005-01-24,426.8999938964844,426.8999938964844,426.8999938964844,426.8999938964844,20.0
2005-01-25,422.0,422.0,422.0,422.0,20.0
2005-01-26,426.8999938964844,426.8999938964844,426.8999938964844,426.8999938964844,20.0
2005-01-27,424.03,424.03,424.03,424.03,0.0
2005-01-28,424.03,424.03,424.03,424.03,0.0
2005-01-31,424.03,424.03,424.03,424.03,0.0
2005-02-01,423.35,423.35,423.35,423.35,0.0
2005-02-02,421.1000061035156,422.29998779296875,419.79998779296875,420.8999938964844,426.0
2005-02-03,416.6000061035156,421.2999877929688,414.7000122070313,421.2999877929688,574.0
2005-02-04,414.0,417.7999877929688,413.7000122070313,416.3999938964844,320.0
2005-02-07,413.6000061035156,416.0,412.5,414.1000061035156,534.0
2005-02-08,423.35,423.35,423.35,423.35,0.0
2005-02-09,412.8999938964844,413.79998779296875,410.29998779296875,412.20001220703125,1300.0
2005-02-10,417.20001220703125,418.5,412.5,412.0,397.0
2005-02-11,423.35,423.35,423.35,423.35,0.0
2005-02-14,425.79998779296875,425.6000061035156,422.29998779296875,420.0,55.0
2005-02-15,425.8999938964844,426.2000122070313,424.0,425.8999938964844,113.0
2005-02-16,423.35,423.35,423.35,423.35,0.0
2005-02-17,423.35,423.35,423.35,423.35,0.0
2005-02-18,427.1000061035156,427.1000061035156,426.70001220703125,426.70001220703125,14.0
2005-02-21,423.35,423.35,423.35,423.35,0.0
2005-02-22,434.5,435.0,426.5,426.5,53.0
2005-02-23,434.8999938964844,435.5,433.2000122070313,434.0,107.0
2005-02-24,434.5,436.0,432.5,436.0,6.0
2005-02-25,434.8999938964844,436.0,436.0,434.5,1.0
2005-02-28,423.35,423.35,423.35,423.35,0.0
2005-03-01,432.8999938964844,433.0,433.0,435.0,1.0
2005-03-02,433.85,433.85,433.85,433.85,0.0
2005-03-03,433.85,433.85,433.85,433.85,0.0
2005-03-04,433.85,433.85,433.85,433.85,0.0
2005-03-07,435.0,435.0,435.0,435.0,0.0
2005-03-08,440.29998779296875,440.29998779296875,440.29998779296875,440.29998779296875,0.0
2005-03-09,442.1000061035156,442.1000061035156,442.1000061035156,442.1000061035156,0.0
2005-03-10,433.85,433.85,433.85,433.85,0.0
2005-03-11,446.2000122070313,446.3999938964844,446.3999938964844,446.3999938964844,0.0
2005-03-14,441.1000061035156,441.1000061035156,441.1000061035156,441.1000061035156,0.0
2005-03-15,433.85,433.85,433.85,433.85,0.0
2005-03-16,443.70001220703125,443.70001220703125,443.70001220703125,443.70001220703125,0.0
2005-03-17,438.70001220703125,438.70001220703125,438.70001220703125,438.70001220703125,0.0
2005-03-18,439.2999877929688,439.2999877929688,439.2999877929688,439.2999877929688,0.0
2005-03-21,433.85,433.85,433.85,433.85,0.0
2005-03-22,433.85,433.85,433.85,433.85,0.0
2005-03-23,425.20001220703125,425.20001220703125,425.20001220703125,425.20001220703125,0.0
2005-03-24,424.70001220703125,424.70001220703125,424.70001220703125,424.70001220703125,0.0
2005-03-25,433.85,433.85,433.85,433.85,0.0
2005-03-28,425.8999938964844,425.8999938964844,425.8999938964844,425.8999938964844,0.0
2005-03-29,426.0,426.0,426.0,426.0,0.0
2005-03-30,433.85,433.85,433.85,433.85,0.0
2005-03-31,433.85,433.85,433.85,433.85,0.0
2005-04-01,425.8999938964844,428.5,424.5,428.2999877929688,552.0
2005-04-04,423.8999938964844,426.2999877929688,422.7000122070313,426.0,486.0
2005-04-05,424.5,425.5,423.6000061035156,423.79998779296875,313.0
2005-04-06,429.233,429.233,429.233,429.233,0.0
2005-04-07,426.5,428.5,426.5,426.5,181.0
2005-04-08,429.233,429.233,429.233,429.233,0.0
2005-04-11,429.233,429.233,429.233,429.233,0.0
2005-04-12,427.6000061035156,430.20001220703125,426.5,428.1000061035156,148.0
2005-04-13,429.233,429.233,429.233,429.233,0.0
2005-04-14,429.233,429.233,429.233,429.233,0.0
2005-04-15,424.8999938964844,425.6000061035156,423.2000122070313,423.2000122070313,73.0
2005-04-18,427.5,427.5,423.6000061035156,423.6000061035156,29.0
2005-04-19,429.233,429.233,429.233,429.233,0.0
2005-04-20,429.233,429.233,429.233,429.233,0.0
2005-04-21,433.0,435.0,432.2999877929688,434.1000061035156,52.0
2005-04-22,429.233,429.233,429.233,429.233,0.0
2005-04-25,434.6000061035156,434.3999938964844,432.70001220703125,432.70001220703125,19.0
2005-04-26,429.233,429.233,429.233,429.233,0.0
2005-04-27,433.0,437.0,433.6000061035156,436.3999938964844,19.0
2005-04-28,429.233,429.233,429.233,429.233,0.0
2005-04-29,429.233,429.233,429.233,429.233,0.0
2005-05-02,429.5,429.5,429.5,429.5,0.0
2005-05-03,426.70001220703125,426.70001220703125,426.70001220703125,426.70001220703125,0.0
2005-05-04,421.873,421.873,421.873,421.873,0.0
2005-05-05,429.79998779296875,429.79998779296875,429.79998779296875,429.79998779296875,0.0
2005-05-06,426.1000061035156,429.7999877929688,429.7999877929688,429.7999877929688,0.0
2005-05-09,426.2000122070313,426.2000122070313,426.2000122070313,426.2000122070313,0.0
2005-05-10,421.873,421.873,421.873,421.873,0.0
2005-05-11,427.20001220703125,427.20001220703125,427.20001220703125,427.20001220703125,0.0
2005-05-12,421.873,421.873,421.873,421.873,0.0
2005-05-13,421.873,421.873,421.873,421.873,0.0
2005-05-16,418.8999938964844,418.8999938964844,418.8999938964844,418.8999938964844,0.0
2005-05-17,421.873,421.873,421.873,421.873,0.0
2005-05-18,421.873,421.873,421.873,421.873,0.0
2005-05-19,421.873,421.873,421.873,421.873,0.0
2005-05-20,421.873,421.873,421.873,421.873,0.0
2005-05-23,416.6000061035156,416.6000061035156,416.6000061035156,416.6000061035156,4.0
2005-05-24,417.5,417.5,417.5,417.5,4.0
2005-05-25,421.873,421.873,421.873,421.873,0.0
2005-05-26,418.0,418.1000061035156,418.1000061035156,418.79998779296875,72619.0
2005-05-27,419.79998779296875,420.0,417.3999938964844,417.79998779296875,51363.0
2005-05-30,421.873,421.873,421.873,421.873,0.0
2005-05-31,416.2999877929688,420.2000122070313,413.2000122070313,418.0,7494.0
2005-06-01,415.2999877929688,417.2999877929688,414.0,416.3999938964844,2816.0
2005-06-02,422.7000122070313,423.5,415.7999877929688,415.7999877929688,1984.0
2005-06-03,423.7000122070313,425.5,421.7000122070313,422.2000122070313,416.0
2005-06-06,430.657,430.657,430.657,430.657,0.0
2005-06-07,430.657,430.657,430.657,430.657,0.0
2005-06-08,430.657,430.657,430.657,430.657,0.0
2005-06-09,430.657,430.657,430.657,430.657,0.0
2005-06-10,430.657,430.657,430.657,430.657,0.0
2005-06-13,430.657,430.657,430.657,430.657,0.0
2005-06-14,427.5,428.2000122070313,426.5,428.2000122070313,73.0
2005-06-15,429.1000061035156,428.29998779296875,427.5,427.5,20.0
2005-06-16,430.657,430.657,430.657,430.657,0.0
2005-06-17,430.657,430.657,430.657,430.657,0.0
2005-06-20,430.657,430.657,430.657,430.657,0.0
2005-06-21,430.657,430.657,430.657,430.657,0.0
2005-06-22,438.1000061035156,438.5,437.5,438.7999877929688,169.0
2005-06-23,441.70001220703125,442.5,438.29998779296875,438.29998779296875,29.0
2005-06-24,440.5,441.5,438.5,441.5,31.0
2005-06-27,440.29998779296875,440.70001220703125,439.5,440.70001220703125,10.0
2005-06-28,436.3999938964844,437.5,436.0,436.0,0.0
2005-06-29,430.657,430.657,430.657,430.657,0.0
2005-06-30,435.8999938964844,435.8999938964844,435.8999938964844,435.8999938964844,0.0
2005-07-01,424.479,424.479,424.479,424.479,0.0
2005-07-04,424.479,424.479,424.479,424.479,0.0
2005-07-05,424.479,424.479,424.479,424.479,0.0
2005-07-06,423.5,423.79998779296875,423.5,423.5,16.0
2005-07-07,423.2999877929688,423.5,423.5,423.5,125.0
2005-07-08,424.479,424.479,424.479,424.479,0.0
2005-07-11,425.5,425.5,425.5,425.5,0.0
2005-07-12,424.479,424.479,424.479,424.479,0.0
2005-07-13,424.479,424.479,424.479,424.479,0.0
2005-07-14,424.479,424.479,424.479,424.479,0.0
2005-07-15,424.479,424.479,424.479,424.479,0.0
2005-07-18,420.5,420.3999938964844,420.3999938964844,420.3999938964844,0.0
2005-07-19,419.70001220703125,420.0,420.0,420.0,0.0
2005-07-20,421.70001220703125,419.70001220703125,419.70001220703125,419.70001220703125,0.0
2005-07-21,425.3999938964844,425.3999938964844,425.3999938964844,425.3999938964844,0.0
2005-07-22,424.7000122070313,425.3999938964844,425.3999938964844,425.3999938964844,0.0
2005-07-25,425.7000122070313,425.7000122070313,425.7000122070313,425.7000122070313,2.0
2005-07-26,423.3999938964844,423.3999938964844,423.3999938964844,423.3999938964844,2.0
2005-07-27,424.7000122070313,424.7000122070313,424.7000122070313,424.7000122070313,2.0
2005-07-28,427.2999877929688,424.7000122070313,424.7000122070313,424.7000122070313,40680.0
2005-07-29,424.479,424.479,424.479,424.479,0.0
2005-08-01,431.8999938964844,432.2999877929688,429.1000061035156,430.0,776.0
2005-08-02,437.93,437.93,437.93,437.93,0.0
2005-08-03,437.93,437.93,437.93,437.93,0.0
2005-08-04,437.8999938964844,439.0,436.1000061035156,436.5,91.0
2005-08-05,437.20001220703125,438.5,437.0,437.70001220703125,91.0
2005-08-08,434.7000122070313,437.0,434.0,437.0,51.0
2005-08-09,437.93,437.93,437.93,437.93,0.0
2005-08-10,437.93,437.93,437.93,437.93,0.0
2005-08-11,437.93,437.93,437.93,437.93,0.0
2005-08-12,445.8999938964844,449.5,444.5,445.79998779296875,169.0
2005-08-15,437.93,437.93,437.93,437.93,0.0
2005-08-16,446.1000061035156,442.5,441.7000122070313,441.7000122070313,234.0
2005-08-17,437.93,437.93,437.93,437.93,0.0
2005-08-18,439.5,440.3999938964844,438.5,440.3999938964844,46.0
2005-08-19,437.20001220703125,439.6000061035156,438.0,439.1000061035156,73.0
2005-08-22,438.1000061035156,439.0,437.0,437.0,12.0
2005-08-23,437.93,437.93,437.93,437.93,0.0
2005-08-24,437.2999877929688,439.7000122070313,437.0,439.7000122070313,29.0
2005-08-25,438.3999938964844,438.5,438.0,438.5,54.0
2005-08-26,437.93,437.93,437.93,437.93,0.0
2005-08-29,437.0,439.5,437.29998779296875,438.5,37.0
2005-08-30,431.2000122070313,439.5,437.2999877929688,438.5,0.0
2005-08-31,433.7999877929688,431.2000122070313,431.2000122070313,431.2000122070313,10.0
2005-09-01,442.29998779296875,442.5,438.5,438.5,4.0
2005-09-02,444.20001220703125,444.20001220703125,444.20001220703125,444.20001220703125,4.0
2005-09-05,456.048,456.048,456.048,456.048,0.0
2005-09-06,456.048,456.048,456.048,456.048,0.0
2005-09-07,444.8999938964844,444.7000122070313,444.7000122070313,444.7000122070313,1006.0
2005-09-08,446.70001220703125,446.70001220703125,446.70001220703125,446.70001220703125,6.0
2005-09-09,456.048,456.048,456.048,456.048,0.0
2005-09-12,449.70001220703125,449.70001220703125,449.70001220703125,449.70001220703125,6.0
2005-09-13,446.1000061035156,446.1000061035156,446.1000061035156,446.1000061035156,6.0
2005-09-14,456.048,456.048,456.048,456.048,0.0
2005-09-15,455.5,455.5,455.5,455.5,6.0
2005-09-16,459.5,459.5,459.5,459.5,6.0
2005-09-19,466.7000122070313,466.7000122070313,466.7000122070313,466.7000122070313,6.0
2005-09-20,456.048,456.048,456.048,456.048,0.0
2005-09-21,456.048,456.048,456.048,456.048,0.0
2005-09-22,466.6000061035156,467.5,467.5,467.5,2.0
2005-09-23,463.5,466.79998779296875,466.79998779296875,467.20001220703125,2.0
2005-09-26,465.8999938964844,463.8999938964844,463.8999938964844,463.8999938964844,2.0
2005-09-27,456.048,456.048,456.048,456.048,0.0
2005-09-28,469.7000122070313,469.7000122070313,469.7000122070313,469.7000122070313,2.0
2005-09-29,456.048,456.048,456.048,456.048,0.0
2005-09-30,469.0,474.0,468.5,472.70001220703125,2926.0
2005-10-03,466.1000061035156,468.0,464.20001220703125,467.79998779296875,493.0
2005-10-04,469.898,469.898,469.898,469.898,0.0
2005-10-05,466.1000061035156,465.0,463.5,465.0,226.0
2005-10-06,471.8999938964844,471.6000061035156,465.6000061035156,465.6000061035156,243.0
2005-10-07,474.7000122070313,475.5,470.0,473.0,96.0
2005-10-10,475.1000061035156,477.29998779296875,473.6000061035156,474.79998779296875,248.0
2005-10-11,469.898,469.898,469.898,469.898,0.0
2005-10-12,473.8999938964844,478.5,473.29998779296875,478.5,49.0
2005-10-13,471.1000061035156,472.0,468.29998779296875,472.0,48.0
2005-10-14,469.2000122070313,469.2999877929688,467.0,469.2999877929688,113.0
2005-10-17,474.1000061035156,475.0,473.0,473.0,18.0
2005-10-18,472.1000061035156,472.5,472.0,472.0,13.0
2005-10-19,469.898,469.898,469.898,469.898,0.0
2005-10-20,461.0,465.0,460.5,465.0,9.0
2005-10-21,469.898,469.898,469.898,469.898,0.0
2005-10-24,469.898,469.898,469.898,469.898,0.0
2005-10-25,472.79998779296875,474.0,465.0,465.0,18.0
2005-10-26,469.898,469.898,469.898,469.898,0.0
2005-10-27,473.7999877929688,475.5,471.0,471.0,2.0
2005-10-28,473.0,473.5,471.6000061035156,473.5,4.0
2005-10-31,469.898,469.898,469.898,469.898,0.0
2005-11-01,458.79998779296875,463.0,460.0,463.0,5.0
2005-11-02,462.79998779296875,462.79998779296875,462.79998779296875,462.79998779296875,2.0
2005-11-03,476.666,476.666,476.666,476.666,0.0
2005-11-04,476.666,476.666,476.666,476.666,0.0
2005-11-07,459.0,459.0,459.0,459.0,0.0
2005-11-08,476.666,476.666,476.666,476.666,0.0
2005-11-09,476.666,476.666,476.666,476.666,0.0
2005-11-10,466.6000061035156,466.6000061035156,466.6000061035156,466.6000061035156,100.0
2005-11-11,468.2999877929688,468.2999877929688,468.2999877929688,468.2999877929688,0.0
2005-11-14,468.20001220703125,468.29998779296875,468.29998779296875,468.29998779296875,0.0
2005-11-15,468.1000061035156,468.1000061035156,468.1000061035156,468.1000061035156,50.0
2005-11-16,476.666,476.666,476.666,476.666,0.0
2005-11-17,476.666,476.666,476.666,476.666,0.0
2005-11-18,485.6000061035156,485.6000061035156,485.6000061035156,485.6000061035156,38.0
2005-11-21,489.0,485.6000061035156,485.6000061035156,485.6000061035156,38.0
2005-11-22,492.6000061035156,489.0,489.0,489.0,0.0
2005-11-23,476.666,476.666,476.666,476.666,0.0
2005-11-24,476.666,476.666,476.666,476.666,0.0
2005-11-25,476.666,476.666,476.666,476.666,0.0
2005-11-28,476.666,476.666,476.666,476.666,0.0
2005-11-29,476.666,476.666,476.666,476.666,0.0
2005-11-30,494.6000061035156,500.0,492.2999877929688,500.0,5688.0
2005-12-01,502.5,503.0,490.5,494.20001220703125,2665.0
2005-12-02,503.29998779296875,507.0,500.0,503.0,1610.0
2005-12-05,508.8999938964844,509.7000122070313,503.5,504.5,431.0
2005-12-06,510.20001220703125,511.20001220703125,504.5,509.20001220703125,720.0
2005-12-07,514.2999877929688,517.0,509.2999877929688,510.7000122070313,985.0
2005-12-08,519.2999877929688,520.0,512.0,514.5999755859375,337.0
2005-12-09,527.0,531.0,520.0,520.4000244140625,472.0
2005-12-12,510.097,510.097,510.097,510.097,0.0
2005-12-13,521.0,530.7000122070312,520.0,528.4000244140625,583.0
2005-12-14,506.5,521.0,506.0,521.0,712.0
2005-12-15,503.8999938964844,509.0,501.0,506.0,378.0
2005-12-16,510.097,510.097,510.097,510.097,0.0
2005-12-19,510.097,510.097,510.097,510.097,0.0
2005-12-20,510.097,510.097,510.097,510.097,0.0
2005-12-21,493.0,495.5,490.1000061035156,495.5,56.0
2005-12-22,502.70001220703125,503.0,494.0,494.0,1632.0
2005-12-23,503.0,505.70001220703125,502.29998779296875,502.29998779296875,37.0
2005-12-26,510.097,510.097,510.097,510.097,0.0
2005-12-27,508.0,509.0,506.0,508.7000122070313,57.0
2005-12-28,514.2000122070312,517.2999877929688,516.9000244140625,506.8999938964844,20.0
2005-12-29,515.7000122070312,515.7000122070312,515.7000122070312,515.7000122070312,2.0
2005-12-30,510.097,510.097,510.097,510.097,0.0
2006-01-02,549.864,549.864,549.864,549.864,0.0
2006-01-03,530.7000122070312,528.5,518.5999755859375,518.5999755859375,7.0
2006-01-04,549.864,549.864,549.864,549.864,0.0
2006-01-05,526.2999877929688,529.0,526.0,529.0,10.0
2006-01-06,539.7000122070312,539.7000122070312,539.7000122070312,539.7000122070312,10.0
2006-01-09,549.0999755859375,539.7000122070312,539.7000122070312,539.7000122070312,10.0
2006-01-10,544.2999877929688,544.2999877929688,544.2999877929688,544.2999877929688,2.0
2006-01-11,549.864,549.864,549.864,549.864,0.0
2006-01-12,549.864,549.864,549.864,549.864,0.0
2006-01-13,556.0999755859375,547.0999755859375,547.0999755859375,547.0999755859375,0.0
2006-01-16,549.864,549.864,549.864,549.864,0.0
2006-01-17,553.4000244140625,553.4000244140625,553.4000244140625,553.4000244140625,0.0
2006-01-18,549.864,549.864,549.864,549.864,0.0
2006-01-19,558.4000244140625,552.0,551.0,543.7000122070312,22.0
2006-01-20,549.864,549.864,549.864,549.864,0.0
2006-01-23,558.2999877929688,555.0,555.0,555.0,1.0
2006-01-24,549.864,549.864,549.864,549.864,0.0
2006-01-25,562.2000122070312,562.2000122070312,562.2000122070312,562.2000122070312,2.0
2006-01-26,549.864,549.864,549.864,549.864,0.0
2006-01-27,558.7000122070312,558.7000122070312,558.7000122070312,558.7000122070312,79958.0
2006-01-30,549.864,549.864,549.864,549.864,0.0
2006-01-31,549.864,549.864,549.864,549.864,0.0
2006-02-01,569.4000244140625,571.5999755859375,563.0,570.7999877929688,3768.0
2006-02-02,572.5,575.2999877929688,568.0,569.7999877929688,887.0
2006-02-03,567.4000244140625,574.2000122070312,565.0,571.5,686.0
2006-02-06,570.2000122070312,574.0,567.5,568.4000244140625,649.0
2006-02-07,551.0,571.0,550.5999755859375,569.5,1276.0
2006-02-08,554.995,554.995,554.995,554.995,0.0
2006-02-09,554.995,554.995,554.995,554.995,0.0
2006-02-10,550.2000122070312,561.9000244140625,548.0,561.9000244140625,222.0
2006-02-13,539.0,549.5,540.0,548.5,645.0
2006-02-14,554.995,554.995,554.995,554.995,0.0
2006-02-15,554.995,554.995,554.995,554.995,0.0
2006-02-16,554.995,554.995,554.995,554.995,0.0
2006-02-17,551.7999877929688,552.5,546.0,548.0,55.0
2006-02-20,554.995,554.995,554.995,554.995,0.0
2006-02-21,553.9000244140625,556.5,550.5,550.5,86.0
2006-02-22,553.9000244140625,554.7999877929688,551.0,552.5999755859375,253.0
2006-02-23,548.4000244140625,555.5,548.5,554.5,174.0
2006-02-24,554.995,554.995,554.995,554.995,0.0
2006-02-27,554.7000122070312,556.0999755859375,552.5,556.0999755859375,24.0
2006-02-28,561.5999755859375,558.0,553.0999755859375,553.0999755859375,49.0
2006-03-01,557.093,557.093,557.093,557.093,0.0
2006-03-02,557.093,557.093,557.093,557.093,0.0
2006-03-03,557.093,557.093,557.093,557.093,0.0
2006-03-06,557.093,557.093,557.093,557.093,0.0
2006-03-07,552.7000122070312,554.5,554.0,554.5,3.0
2006-03-08,542.5,540.0,540.0,540.0,3.0
2006-03-09,545.5,545.2000122070312,544.2999877929688,545.0,25.0
2006-03-10,539.9000244140625,539.9000244140625,539.9000244140625,539.9000244140625,3.0
2006-03-13,546.0999755859375,542.5,541.0,541.0,4.0
2006-03-14,551.7000122070312,551.7000122070312,551.7000122070312,551.7000122070312,4.0
2006-03-15,557.093,557.093,557.093,557.093,0.0
2006-03-16,554.4000244140625,554.4000244140625,554.4000244140625,554.4000244140625,4.0
2006-03-17,557.093,557.093,557.093,557.093,0.0
2006-03-20,555.2000122070312,555.2000122070312,555.2000122070312,555.2000122070312,4.0
2006-03-21,552.4000244140625,552.4000244140625,552.4000244140625,552.4000244140625,4.0
2006-03-22,550.9000244140625,550.9000244140625,550.9000244140625,550.9000244140625,300.0
2006-03-23,550.0999755859375,550.0999755859375,550.0999755859375,550.0999755859375,547.0
2006-03-24,557.093,557.093,557.093,557.093,0.0
2006-03-27,567.0,567.0,567.0,567.0,547.0
2006-03-28,557.093,557.093,557.093,557.093,0.0
2006-03-29,573.0,573.0,573.0,573.0,64190.0
2006-03-30,586.7000122070312,587.4000244140625,571.2999877929688,572.5999755859375,25210.0
2006-03-31,581.7999877929688,589.5999755859375,579.0,586.0,2845.0
2006-04-03,610.653,610.653,610.653,610.653,0.0
2006-04-04,586.0,590.5,585.5,588.0,1293.0
2006-04-05,587.9000244140625,590.7999877929688,582.5999755859375,587.0,736.0
2006-04-06,595.2000122070312,595.5999755859375,588.0,588.0,855.0
2006-04-07,588.4000244140625,598.2999877929688,585.5,595.5,450.0
2006-04-10,597.5999755859375,599.0,589.0,589.0,316.0
2006-04-11,595.2000122070312,604.0,595.0,602.0,697.0
2006-04-12,597.5,600.0,597.2999877929688,597.2999877929688,38.0
2006-04-13,596.5,597.5,592.0,596.5,107.0
2006-04-14,610.653,610.653,610.653,610.653,0.0
2006-04-17,610.653,610.653,610.653,610.653,0.0
2006-04-18,620.0,620.5,614.5999755859375,614.5999755859375,502.0
2006-04-19,610.653,610.653,610.653,610.653,0.0
2006-04-20,610.653,610.653,610.653,610.653,0.0
2006-04-21,610.653,610.653,610.653,610.653,0.0
2006-04-24,620.5999755859375,634.0,620.0,634.0,288.0
2006-04-25,610.653,610.653,610.653,610.653,0.0
2006-04-26,638.7999877929688,639.5,635.0,635.0,3.0
2006-04-27,633.2999877929688,636.5,636.5,636.5,6.0
2006-04-28,610.653,610.653,610.653,610.653,0.0
2006-05-01,657.5,658.0,658.0,658.0,9.0
2006-05-02,675.393,675.393,675.393,675.393,0.0
2006-05-03,665.9000244140625,669.2000122070312,669.2000122070312,669.2000122070312,1.0
2006-05-04,675.393,675.393,675.393,675.393,0.0
2006-05-05,682.2000122070312,682.2000122070312,682.2000122070312,682.2000122070312,1.0
2006-05-08,677.7999877929688,679.0,679.0,679.0,2.0
2006-05-09,699.4000244140625,679.0,679.0,679.0,8.0
2006-05-10,703.7000122070312,695.5,695.5,695.5,4.0
2006-05-11,719.7999877929688,723.0,723.0,723.0,10.0
2006-05-12,710.2999877929688,714.0,706.0,714.0,32.0
2006-05-15,675.393,675.393,675.393,675.393,0.0
2006-05-16,691.5,710.2999877929688,710.2999877929688,710.2999877929688,0.0
2006-05-17,690.5,690.5,690.5,690.5,0.0
2006-05-18,675.393,675.393,675.393,675.393,0.0
2006-05-19,656.7000122070312,679.5999755859375,679.5999755859375,679.5999755859375,0.0
2006-05-22,675.393,675.393,675.393,675.393,0.0
2006-05-23,673.0,673.0,673.0,673.0,0.0
2006-05-24,637.0,637.0,637.0,637.0,0.0
2006-05-25,648.4000244140625,648.2999877929688,648.2999877929688,648.2999877929688,0.0
2006-05-26,650.9000244140625,648.4000244140625,648.4000244140625,648.4000244140625,80564.0
2006-05-29,675.393,675.393,675.393,675.393,0.0
2006-05-30,653.9000244140625,664.5,648.2000122070312,650.7000122070312,51461.0
2006-05-31,642.5,658.5,638.0,651.0,5034.0
2006-06-01,596.145,596.145,596.145,596.145,0.0
2006-06-02,596.145,596.145,596.145,596.145,0.0
2006-06-05,596.145,596.145,596.145,596.145,0.0
2006-06-06,629.4000244140625,643.4000244140625,625.0,643.4000244140625,361.0
2006-06-07,627.4000244140625,629.7999877929688,617.5,629.2000122070312,793.0
2006-06-08,609.0999755859375,627.5999755859375,608.5,627.5999755859375,532.0
2006-06-09,608.2000122070312,615.7999877929688,606.9000244140625,610.0,73.0
2006-06-12,606.7999877929688,610.0,606.0,606.0,19.0
2006-06-13,562.5,605.5999755859375,568.0,571.2000122070312,207.0
2006-06-14,562.2999877929688,571.0,555.0,555.0,243.0
2006-06-15,566.5,577.0,557.2999877929688,557.2999877929688,135.0
2006-06-16,578.0,574.7000122070312,572.0,566.5,4.0
2006-06-19,596.145,596.145,596.145,596.145,0.0
2006-06-20,596.145,596.145,596.145,596.145,0.0
2006-06-21,596.145,596.145,596.145,596.145,0.0
2006-06-22,582.2000122070312,588.0,587.0,588.0,14.0
2006-06-23,596.145,596.145,596.145,596.145,0.0
2006-06-26,584.7999877929688,584.0,580.0,583.0,119.0
2006-06-27,581.5999755859375,589.0,589.0,589.0,39.0
2006-06-28,578.2999877929688,586.0,580.0,585.5,1.0
2006-06-29,596.145,596.145,596.145,596.145,0.0
2006-06-30,613.5,614.5,609.0,560.9000244140625,18.0
2006-07-03,633.71,633.71,633.71,633.71,0.0
2006-07-04,633.71,633.71,633.71,633.71,0.0
2006-07-05,627.2999877929688,631.0,631.0,631.0,94.0
2006-07-06,634.0999755859375,624.0,624.0,624.0,6.0
2006-07-07,632.7999877929688,634.2999877929688,634.2999877929688,634.2999877929688,6.0
2006-07-10,624.0999755859375,632.7999877929688,632.7999877929688,632.7999877929688,6.0
2006-07-11,633.71,633.71,633.71,633.71,0.0
2006-07-12,633.71,633.71,633.71,633.71,0.0
2006-07-13,652.9000244140625,652.9000244140625,652.9000244140625,652.9000244140625,6.0
2006-07-14,666.5999755859375,666.5999755859375,666.5999755859375,666.5999755859375,6.0
2006-07-17,650.5999755859375,677.0,675.0999755859375,675.0999755859375,40.0
2006-07-18,628.2999877929688,628.2999877929688,628.2999877929688,628.2999877929688,40.0
2006-07-19,641.5999755859375,641.5999755859375,641.5999755859375,641.5999755859375,40.0
2006-07-20,631.7000122070312,641.5999755859375,641.5999755859375,641.5999755859375,40.0
2006-07-21,619.5999755859375,631.7000122070312,631.7000122070312,631.7000122070312,600.0
2006-07-24,633.71,633.71,633.71,633.71,0.0
2006-07-25,617.5999755859375,612.7000122070312,612.7000122070312,612.7000122070312,600.0
2006-07-26,621.5999755859375,621.5999755859375,621.5999755859375,621.5999755859375,1.0
2006-07-27,632.4000244140625,632.4000244140625,632.4000244140625,632.4000244140625,66412.0
2006-07-28,633.71,633.71,633.71,633.71,0.0
2006-07-31,634.2000122070312,646.5,627.0,634.5,3183.0
2006-08-01,646.2999877929688,646.5,629.5,635.4000244140625,1360.0
2006-08-02,651.5999755859375,656.0,644.7000122070312,645.7999877929688,414.0
2006-08-03,632.593,632.593,632.593,632.593,0.0
2006-08-04,632.593,632.593,632.593,632.593,0.0
2006-08-07,632.593,632.593,632.593,632.593,0.0
2006-08-08,645.7000122070312,646.7999877929688,640.0,646.7999877929688,43.0
2006-08-09,650.5,654.5,638.5,645.0,65.0
2006-08-10,634.9000244140625,651.2999877929688,634.0,650.2000122070312,127.0
2006-08-11,632.593,632.593,632.593,632.593,0.0
2006-08-14,628.5,629.9000244140625,620.0,629.9000244140625,147.0
2006-08-15,632.593,632.593,632.593,632.593,0.0
2006-08-16,632.593,632.593,632.593,632.593,0.0
2006-08-17,615.4000244140625,628.5,615.5,627.5,295.0
2006-08-18,612.0999755859375,617.0,609.0,614.2000122070312,102.0
2006-08-21,625.7000122070312,626.5,613.5999755859375,613.5999755859375,117.0
2006-08-22,624.5999755859375,628.0,623.5,626.0,19.0
2006-08-23,623.7000122070312,628.0,623.2000122070312,624.5999755859375,20.0
2006-08-24,619.5,624.5,618.0,621.5999755859375,35.0
2006-08-25,622.0,623.5,621.7999877929688,622.5,173.0
2006-08-28,615.2999877929688,621.7000122070312,614.0,621.7000122070312,46.0
2006-08-29,632.593,632.593,632.593,632.593,0.0
2006-08-30,632.593,632.593,632.593,632.593,0.0
2006-08-31,625.9000244140625,625.9000244140625,625.9000244140625,625.9000244140625,26.0
2006-09-01,624.4000244140625,624.4000244140625,624.4000244140625,624.4000244140625,26.0
2006-09-04,624.4000244140625,624.4000244140625,624.4000244140625,624.4000244140625,26.0
2006-09-05,638.5,638.5,638.5,638.5,23.0
2006-09-06,598.186,598.186,598.186,598.186,0.0
2006-09-07,598.186,598.186,598.186,598.186,0.0
2006-09-08,598.186,598.186,598.186,598.186,0.0
2006-09-11,590.0,590.0,590.0,590.0,0.0
2006-09-12,586.9000244140625,591.0,591.0,591.0,10.0
2006-09-13,589.0999755859375,589.0999755859375,589.0999755859375,589.0999755859375,10.0
2006-09-14,579.2999877929688,579.2999877929688,579.2999877929688,579.2999877929688,0.0
2006-09-15,576.4000244140625,576.4000244140625,576.4000244140625,576.4000244140625,0.0
2006-09-18,586.2000122070312,586.2000122070312,586.2000122070312,586.2000122070312,0.0
2006-09-19,576.7999877929688,576.7999877929688,576.7999877929688,576.7999877929688,0.0
2006-09-20,598.186,598.186,598.186,598.186,0.0
2006-09-21,598.186,598.186,598.186,598.186,0.0
2006-09-22,589.4000244140625,589.4000244140625,589.4000244140625,589.4000244140625,0.0
2006-09-25,598.186,598.186,598.186,598.186,0.0
2006-09-26,591.2000122070312,591.2000122070312,591.2000122070312,591.2000122070312,0.0
2006-09-27,597.2999877929688,597.2999877929688,597.2999877929688,597.2999877929688,7818.0
2006-09-28,598.186,598.186,598.186,598.186,0.0
2006-09-29,598.5999755859375,605.0999755859375,595.0,605.0999755859375,662.0
2006-10-02,597.7000122070312,604.0,598.0,598.9000244140625,109.0
2006-10-03,585.78,585.78,585.78,585.78,0.0
2006-10-04,562.0,577.0,561.0,573.9000244140625,4584.0
2006-10-05,585.78,585.78,585.78,585.78,0.0
2006-10-06,572.4000244140625,572.5,560.5,572.0,24.0
2006-10-09,578.4000244140625,578.0,578.0,578.0,93.0
2006-10-10,571.9000244140625,574.5,568.0,574.5,136.0
2006-10-11,572.2999877929688,578.0,578.0,578.0,1.0
2006-10-12,576.2999877929688,575.0,575.0,575.0,5.0
2006-10-13,588.7999877929688,585.5,585.5,585.5,8.0
2006-10-16,594.7000122070312,594.5,593.5,593.5,210.0
2006-10-17,589.7000122070312,598.5,588.5,598.5,14.0
2006-10-18,585.78,585.78,585.78,585.78,0.0
2006-10-19,585.78,585.78,585.78,585.78,0.0
2006-10-20,593.0,597.5,597.0,597.5,4.0
2006-10-23,579.7000122070312,579.7000122070312,579.7000122070312,579.7000122070312,4.0
2006-10-24,584.4000244140625,576.5,576.5,576.5,501.0
2006-10-25,585.78,585.78,585.78,585.78,0.0
2006-10-26,596.7999877929688,595.5,595.0,595.0,26.0
2006-10-27,598.2000122070312,598.2000122070312,598.2000122070312,598.2000122070312,5.0
2006-10-30,604.7000122070312,608.9000244140625,608.0,608.5,13.0
2006-10-31,585.78,585.78,585.78,585.78,0.0
2006-11-01,627.827,627.827,627.827,627.827,0.0
2006-11-02,625.4000244140625,625.4000244140625,625.4000244140625,625.4000244140625,6.0
2006-11-03,626.9000244140625,626.9000244140625,626.9000244140625,626.9000244140625,0.0
2006-11-06,625.7999877929688,625.7999877929688,625.7999877929688,625.7999877929688,0.0
2006-11-07,625.7000122070312,625.7000122070312,625.7000122070312,625.7000122070312,0.0
2006-11-08,616.4000244140625,616.4000244140625,616.4000244140625,616.4000244140625,0.0
2006-11-09,635.0,617.0,617.0,617.0,2.0
2006-11-10,628.4000244140625,628.4000244140625,628.4000244140625,628.4000244140625,2.0
2006-11-13,627.827,627.827,627.827,627.827,0.0
2006-11-14,627.827,627.827,627.827,627.827,0.0
2006-11-15,627.827,627.827,627.827,627.827,0.0
2006-11-16,627.827,627.827,627.827,627.827,0.0
2006-11-17,621.5,617.5,617.5,617.5,10.0
2006-11-20,621.2000122070312,621.5,621.5,621.5,0.0
2006-11-21,627.827,627.827,627.827,627.827,0.0
2006-11-22,628.7000122070312,628.7000122070312,628.7000122070312,628.7000122070312,0.0
2006-11-23,627.827,627.827,627.827,627.827,0.0
2006-11-24,628.7000122070312,628.7000122070312,628.7000122070312,628.7000122070312,0.0
2006-11-27,627.827,627.827,627.827,627.827,0.0
2006-11-28,627.827,627.827,627.827,627.827,0.0
2006-11-29,627.827,627.827,627.827,627.827,0.0
2006-11-30,646.9000244140625,648.0,635.0,635.0,2327.0
2006-12-01,644.7000122070312,649.7000122070312,643.5,645.7000122070312,728.0
2006-12-04,629.791,629.791,629.791,629.791,0.0
2006-12-05,642.2999877929688,648.0,640.5,644.2999877929688,214.0
2006-12-06,630.5,640.5,631.0,640.5,247.0
2006-12-07,629.791,629.791,629.791,629.791,0.0
2006-12-08,626.0999755859375,636.5,626.0,633.2999877929688,104.0
2006-12-11,629.791,629.791,629.791,629.791,0.0
2006-12-12,627.0,630.5,627.5,630.2999877929688,222.0
2006-12-13,627.9000244140625,632.5,624.0,634.7999877929688,81.0
2006-12-14,626.5999755859375,628.5,627.5,628.0,43.0
2006-12-15,615.0,627.7000122070312,613.0,625.5,118.0
2006-12-18,614.0,616.5,612.0,614.0,57.0
2006-12-19,621.5999755859375,620.9000244140625,616.5,620.9000244140625,40.0
2006-12-20,620.5999755859375,622.7000122070312,619.7000122070312,621.4000244140625,385.0
2006-12-21,618.2000122070312,620.7999877929688,618.0,620.7999877929688,22.0
2006-12-22,629.791,629.791,629.791,629.791,0.0
2006-12-25,629.791,629.791,629.791,629.791,0.0
2006-12-26,623.7000122070312,628.0,623.0,625.0999755859375,58.0
2006-12-27,629.791,629.791,629.791,629.791,0.0
2006-12-28,634.0999755859375,627.0999755859375,626.0,627.0999755859375,17.0
2006-12-29,629.791,629.791,629.791,629.791,0.0
2007-01-01,631.166,631.166,631.166,631.166,0.0
2007-01-02,635.2000122070312,635.2000122070312,635.2000122070312,635.2000122070312,17.0
2007-01-03,627.0999755859375,640.4000244140625,628.5,640.4000244140625,38.0
2007-01-04,623.9000244140625,624.5,624.5,624.5,4.0
2007-01-05,631.166,631.166,631.166,631.166,0.0
2007-01-08,631.166,631.166,631.166,631.166,0.0
2007-01-09,613.0999755859375,607.0,607.0,607.0,2.0
2007-01-10,631.166,631.166,631.166,631.166,0.0
2007-01-11,631.166,631.166,631.166,631.166,0.0
2007-01-12,631.166,631.166,631.166,631.166,0.0
2007-01-15,631.166,631.166,631.166,631.166,0.0
2007-01-16,624.5999755859375,623.5999755859375,623.5999755859375,623.5999755859375,2.0
2007-01-17,631.166,631.166,631.166,631.166,0.0
2007-01-18,627.0999755859375,627.0999755859375,627.0999755859375,627.0999755859375,2.0
2007-01-19,631.166,631.166,631.166,631.166,0.0
2007-01-22,633.2999877929688,633.2999877929688,633.2999877929688,633.2999877929688,2.0
2007-01-23,645.2000122070312,642.2000122070312,642.2000122070312,642.2000122070312,1.0
2007-01-24,631.166,631.166,631.166,631.166,0.0
2007-01-25,631.166,631.166,631.166,631.166,0.0
2007-01-26,644.5,644.5,644.5,644.5,2.0
2007-01-29,643.0999755859375,643.0999755859375,643.0999755859375,643.0999755859375,71048.0
2007-01-30,644.2000122070312,647.5,640.7999877929688,643.0,25819.0
2007-01-31,652.0,655.5,641.7999877929688,646.5,3048.0
2007-02-01,657.4000244140625,661.5,652.5999755859375,652.9000244140625,1198.0
2007-02-02,646.2000122070312,659.2999877929688,642.0,655.7000122070312,449.0
2007-02-05,650.9000244140625,651.0,647.0,649.0,196.0
2007-02-06,664.745,664.745,664.745,664.745,0.0
2007-02-07,664.745,664.745,664.745,664.745,0.0
2007-02-08,658.0,659.2999877929688,649.0999755859375,650.0,463.0
2007-02-09,667.5,669.5,658.0,659.0999755859375,127.0
2007-02-12,662.5999755859375,665.9000244140625,661.0,664.2999877929688,65.0
2007-02-13,664.745,664.745,664.745,664.745,0.0
2007-02-14,667.4000244140625,672.0,666.7000122070312,666.7000122070312,167.0
2007-02-15,667.2999877929688,668.5,663.0,668.5,93.0
2007-02-16,668.7999877929688,668.4000244140625,664.5,664.5,93.0
2007-02-19,664.745,664.745,664.745,664.745,0.0
2007-02-20,657.0999755859375,671.0,658.2999877929688,671.0,26.0
2007-02-21,680.2000122070312,682.2999877929688,657.5,660.4000244140625,33.0
2007-02-22,679.4000244140625,679.2999877929688,676.5,676.5,344.0
2007-02-23,683.0999755859375,685.2999877929688,674.0,678.2999877929688,146.0
2007-02-26,686.5,687.5999755859375,683.7999877929688,684.5999755859375,34.0
2007-02-27,664.745,664.745,664.745,664.745,0.0
2007-02-28,664.745,664.745,664.745,664.745,0.0
2007-03-01,654.895,654.895,654.895,654.895,0.0
2007-03-02,654.895,654.895,654.895,654.895,0.0
2007-03-05,636.7000122070312,640.2000122070312,640.0,640.2000122070312,17.0
2007-03-06,654.895,654.895,654.895,654.895,0.0
2007-03-07,654.895,654.895,654.895,654.895,0.0
2007-03-08,653.4000244140625,653.4000244140625,653.4000244140625,653.4000244140625,13.0
2007-03-09,654.895,654.895,654.895,654.895,0.0
2007-03-12,654.895,654.895,654.895,654.895,0.0
2007-03-13,647.5999755859375,647.5999755859375,647.5999755859375,647.5999755859375,20.0
2007-03-14,654.895,654.895,654.895,654.895,0.0
2007-03-15,654.895,654.895,654.895,654.895,0.0
2007-03-16,654.895,654.895,654.895,654.895,0.0
2007-03-19,654.895,654.895,654.895,654.895,0.0
2007-03-20,657.9000244140625,657.9000244140625,657.9000244140625,657.9000244140625,0.0
2007-03-21,659.0,659.0,659.0,659.0,0.0
2007-03-22,663.4000244140625,663.4000244140625,663.4000244140625,663.4000244140625,27.0
2007-03-23,656.7000122070312,656.7000122070312,656.7000122070312,656.7000122070312,200.0
2007-03-26,663.4000244140625,663.4000244140625,663.4000244140625,663.4000244140625,0.0
2007-03-27,662.0999755859375,662.0999755859375,662.0999755859375,662.0999755859375,0.0
2007-03-28,666.5,666.5,666.5,666.5,10244.0
2007-03-29,661.5,666.2000122070312,654.5999755859375,665.9000244140625,37425.0
2007-03-30,663.0,667.7000122070312,659.0999755859375,661.2000122070312,4623.0
2007-04-02,665.7000122070312,665.5,656.0999755859375,665.5,1468.0
2007-04-03,664.0,667.2999877929688,662.2000122070312,663.0999755859375,291.0
2007-04-04,672.0999755859375,675.0,664.0,664.0,1718.0
2007-04-05,674.2000122070312,676.0,671.5,674.2000122070312,226.0
2007-04-06,679.368,679.368,679.368,679.368,0.0
2007-04-09,679.368,679.368,679.368,679.368,0.0
2007-04-10,679.368,679.368,679.368,679.368,0.0
2007-04-11,679.368,679.368,679.368,679.368,0.0
2007-04-12,679.368,679.368,679.368,679.368,0.0
2007-04-13,679.368,679.368,679.368,679.368,0.0
2007-04-16,690.0999755859375,690.0999755859375,685.0999755859375,685.0999755859375,55.0
2007-04-17,688.2000122070312,689.4000244140625,687.2000122070312,689.0,29.0
2007-04-18,689.0999755859375,690.5999755859375,687.0,689.0999755859375,13.0
2007-04-19,684.2999877929688,685.7000122070312,681.9000244140625,681.9000244140625,58.0
2007-04-20,679.368,679.368,679.368,679.368,0.0
2007-04-23,679.368,679.368,679.368,679.368,0.0
2007-04-24,679.368,679.368,679.368,679.368,0.0
2007-04-25,679.368,679.368,679.368,679.368,0.0
2007-04-26,674.9000244140625,686.7999877929688,673.5,684.5,51.0
2007-04-27,678.7000122070312,678.2999877929688,673.0,673.0,55.0
2007-04-30,680.5,680.0,677.2999877929688,677.4000244140625,12.0
2007-05-01,674.4000244140625,673.7000122070312,673.0,673.7000122070312,6.0
2007-05-02,672.2999877929688,672.2999877929688,672.2999877929688,672.2999877929688,0.0
2007-05-03,681.7999877929688,681.7999877929688,681.7999877929688,681.7999877929688,0.0
2007-05-04,687.2000122070312,687.2000122070312,687.2000122070312,687.2000122070312,0.0
2007-05-07,667.31,667.31,667.31,667.31,0.0
2007-05-08,685.0999755859375,685.0999755859375,685.0999755859375,685.0999755859375,1.0
2007-05-09,680.2999877929688,680.2999877929688,680.2999877929688,680.2999877929688,1.0
2007-05-10,665.0999755859375,651.0,651.0,651.0,0.0
2007-05-11,667.31,667.31,667.31,667.31,0.0
2007-05-14,667.31,667.31,667.31,667.31,0.0
2007-05-15,667.31,667.31,667.31,667.31,0.0
2007-05-16,660.2000122070312,660.2000122070312,660.2000122070312,660.2000122070312,0.0
2007-05-17,656.2000122070312,656.2000122070312,656.2000122070312,656.2000122070312,0.0
2007-05-18,661.0,661.0,661.0,661.0,0.0
2007-05-21,662.9000244140625,661.4000244140625,660.0,660.7000122070312,6.0
2007-05-22,659.0999755859375,659.0999755859375,659.0999755859375,659.0999755859375,6.0
2007-05-23,667.31,667.31,667.31,667.31,0.0
2007-05-24,653.0,656.0,654.0,654.0,5.0
2007-05-25,655.0999755859375,655.9000244140625,655.7000122070312,655.9000244140625,5.0
2007-05-28,667.31,667.31,667.31,667.31,0.0
2007-05-29,667.31,667.31,667.31,667.31,0.0
2007-05-30,653.0999755859375,658.4000244140625,651.5,655.7000122070312,49921.0
2007-05-31,661.0,662.0,652.5,652.5,8065.0
2007-06-01,655.66,655.66,655.66,655.66,0.0
2007-06-04,655.66,655.66,655.66,655.66,0.0
2007-06-05,669.5999755859375,674.0,669.2999877929688,672.0999755859375,242.0
2007-06-06,669.2999877929688,670.9000244140625,665.4000244140625,670.4000244140625,489.0
2007-06-07,660.0999755859375,671.4000244140625,658.2999877929688,671.4000244140625,282.0
2007-06-08,645.5,659.5999755859375,645.2000122070312,658.5,261.0
2007-06-11,654.2999877929688,654.4000244140625,649.2000122070312,649.2000122070312,91.0
2007-06-12,648.5,653.7999877929688,646.9000244140625,653.7999877929688,61.0
2007-06-13,648.2000122070312,651.5,644.2999877929688,646.5999755859375,82.0
2007-06-14,655.66,655.66,655.66,655.66,0.0
2007-06-15,655.66,655.66,655.66,655.66,0.0
2007-06-18,655.7999877929688,658.2000122070312,655.7000122070312,657.9000244140625,57.0
2007-06-19,660.7000122070312,660.2000122070312,653.0,656.2000122070312,36.0
2007-06-20,656.0999755859375,660.7999877929688,658.0,660.7999877929688,8.0
2007-06-21,650.5999755859375,648.5999755859375,648.5999755859375,648.5999755859375,6.0
2007-06-22,655.66,655.66,655.66,655.66,0.0
2007-06-25,651.2999877929688,650.5,650.0,650.0,21.0
2007-06-26,642.0999755859375,647.5999755859375,640.0,647.5999755859375,60.0
2007-06-27,641.7000122070312,643.5,640.4000244140625,640.4000244140625,43.0
2007-06-28,647.5,648.4000244140625,643.9000244140625,643.9000244140625,89.0
2007-06-29,648.0999755859375,649.2000122070312,647.5,647.5,45.0
2007-07-02,656.5,656.7999877929688,656.7999877929688,656.7999877929688,1.0
2007-07-03,665.38,665.38,665.38,665.38,0.0
2007-07-04,665.38,665.38,665.38,665.38,0.0
2007-07-05,665.38,665.38,665.38,665.38,0.0
2007-07-06,665.38,665.38,665.38,665.38,0.0
2007-07-09,665.38,665.38,665.38,665.38,0.0
2007-07-10,662.5,662.5,662.5,662.5,0.0
2007-07-11,665.38,665.38,665.38,665.38,0.0
2007-07-12,665.38,665.38,665.38,665.38,0.0
2007-07-13,665.38,665.38,665.38,665.38,0.0
2007-07-16,665.38,665.38,665.38,665.38,0.0
2007-07-17,665.38,665.38,665.38,665.38,0.0
2007-07-18,665.38,665.38,665.38,665.38,0.0
2007-07-19,677.2000122070312,677.2000122070312,677.2000122070312,677.2000122070312,0.0
2007-07-20,683.9000244140625,683.9000244140625,683.9000244140625,683.9000244140625,0.0
2007-07-23,680.7999877929688,680.7999877929688,680.7999877929688,680.7999877929688,0.0
2007-07-24,684.2000122070312,684.2000122070312,684.2000122070312,684.2000122070312,0.0
2007-07-25,665.38,665.38,665.38,665.38,0.0
2007-07-26,662.5,662.5,662.5,662.5,0.0
2007-07-27,665.38,665.38,665.38,665.38,0.0
2007-07-30,664.0999755859375,665.2000122070312,659.2999877929688,659.9000244140625,36526.0
2007-07-31,666.9000244140625,668.2999877929688,662.5999755859375,665.0,5769.0
2007-08-01,663.5999755859375,666.2999877929688,658.5,663.2000122070312,2026.0
2007-08-02,664.5999755859375,666.7000122070312,662.7999877929688,666.7000122070312,1062.0
2007-08-03,665.411,665.411,665.411,665.411,0.0
2007-08-06,671.5,672.0999755859375,668.7999877929688,672.0999755859375,212.0
2007-08-07,665.411,665.411,665.411,665.411,0.0
2007-08-08,674.5,676.2000122070312,674.0,674.7000122070312,136.0
2007-08-09,661.4000244140625,667.7999877929688,661.4000244140625,667.7999877929688,377.0
2007-08-10,670.2999877929688,673.4000244140625,659.5,659.5,1101.0
2007-08-13,669.7000122070312,671.0,668.5999755859375,669.9000244140625,52.0
2007-08-14,665.411,665.411,665.411,665.411,0.0
2007-08-15,668.9000244140625,669.7000122070312,662.5,665.0,845.0
2007-08-16,648.2999877929688,665.2000122070312,642.9000244140625,665.2000122070312,130.0
2007-08-17,656.9000244140625,657.7000122070312,648.4000244140625,648.4000244140625,219.0
2007-08-20,665.411,665.411,665.411,665.411,0.0
2007-08-21,656.7000122070312,658.4000244140625,657.5,657.9000244140625,9.0
2007-08-22,659.0999755859375,661.0999755859375,658.9000244140625,658.9000244140625,303.0
2007-08-23,658.9000244140625,663.7000122070312,663.2000122070312,663.5999755859375,135.0
2007-08-24,668.0,668.7999877929688,662.0999755859375,662.0999755859375,208.0
2007-08-27,666.7999877929688,668.0,666.0,667.9000244140625,77.0
2007-08-28,665.411,665.411,665.411,665.411,0.0
2007-08-29,665.411,665.411,665.411,665.411,0.0
2007-08-30,665.411,665.411,665.411,665.411,0.0
2007-08-31,665.411,665.411,665.411,665.411,0.0
2007-09-03,712.653,712.653,712.653,712.653,0.0
2007-09-04,682.5,682.5,682.5,682.5,0.0
2007-09-05,681.7000122070312,679.0999755859375,678.5999755859375,678.5999755859375,80.0
2007-09-06,712.653,712.653,712.653,712.653,0.0
2007-09-07,700.7999877929688,700.7999877929688,700.7999877929688,700.7999877929688,1.0
2007-09-10,703.2999877929688,705.0,702.0,704.5,43.0
2007-09-11,712.2000122070312,703.5,702.7999877929688,703.5,55.0
2007-09-12,712.653,712.653,712.653,712.653,0.0
2007-09-13,709.5,707.4000244140625,706.9000244140625,706.9000244140625,19.0
2007-09-14,712.653,712.653,712.653,712.653,0.0
2007-09-17,715.7999877929688,719.0999755859375,719.0999755859375,719.0999755859375,36.0
2007-09-18,715.7999877929688,715.7999877929688,715.7999877929688,715.7999877929688,104.0
2007-09-19,722.0,724.5999755859375,724.5999755859375,724.5999755859375,12.0
2007-09-20,712.653,712.653,712.653,712.653,0.0
2007-09-21,731.4000244140625,731.4000244140625,731.4000244140625,731.4000244140625,6.0
2007-09-24,732.0999755859375,732.0999755859375,732.0999755859375,732.0999755859375,150.0
2007-09-25,731.5999755859375,731.5999755859375,731.5999755859375,731.5999755859375,60.0
2007-09-26,728.2999877929688,728.2999877929688,728.2999877929688,728.2999877929688,12901.0
2007-09-27,732.7000122070312,735.5,727.4000244140625,728.2000122070312,11841.0
2007-09-28,742.7999877929688,745.7000122070312,733.7000122070312,733.7000122070312,2004.0
2007-10-01,747.2000122070312,747.4000244140625,741.7999877929688,745.0999755859375,644.0
2007-10-02,729.7999877929688,746.5,726.5,746.5,319.0
2007-10-03,754.604,754.604,754.604,754.604,0.0
2007-10-04,737.7999877929688,736.7999877929688,724.2999877929688,725.0999755859375,17.0
2007-10-05,741.2999877929688,741.7000122070312,731.0,731.0,6.0
2007-10-08,754.604,754.604,754.604,754.604,0.0
2007-10-09,737.4000244140625,736.5,735.5,736.0999755859375,44.0
2007-10-10,740.4000244140625,741.0,740.7000122070312,740.9000244140625,32.0
2007-10-11,751.2999877929688,749.7000122070312,746.0,747.4000244140625,180.0
2007-10-12,748.7000122070312,750.4000244140625,748.7000122070312,750.4000244140625,371.0
2007-10-15,754.604,754.604,754.604,754.604,0.0
2007-10-16,757.0,762.4000244140625,756.0999755859375,762.4000244140625,151.0
2007-10-17,757.5,760.0,757.0,760.0,45.0
2007-10-18,764.0999755859375,765.7999877929688,765.7999877929688,765.7999877929688,9.0
2007-10-19,764.0,765.2000122070312,762.7000122070312,765.2000122070312,7.0
2007-10-22,755.7999877929688,766.7000122070312,751.9000244140625,766.7000122070312,60.0
2007-10-23,759.0,756.0,756.0,755.7000122070312,7.0
2007-10-24,761.5999755859375,758.2000122070312,753.5,758.2000122070312,55.0
2007-10-25,754.604,754.604,754.604,754.604,0.0
2007-10-26,783.9000244140625,783.4000244140625,771.4000244140625,771.4000244140625,81.0
2007-10-29,789.0999755859375,793.7999877929688,787.2999877929688,793.7999877929688,9.0
2007-10-30,784.2999877929688,785.5,780.7000122070312,785.5,168.0
2007-10-31,792.0,795.4000244140625,789.2999877929688,789.2999877929688,12.0
2007-11-01,790.7000122070312,791.2999877929688,785.2999877929688,785.2999877929688,4.0
2007-11-02,805.7000122070312,806.5,794.0999755859375,794.0999755859375,4.0
2007-11-05,808.0999755859375,804.5999755859375,804.2000122070312,804.5999755859375,17.0
2007-11-06,820.7999877929688,825.2999877929688,821.9000244140625,821.9000244140625,4.0
2007-11-07,831.0,831.2000122070312,830.0,830.0,3.0
2007-11-08,835.2000122070312,841.2999877929688,829.7999877929688,829.7999877929688,8.0
2007-11-09,832.5,835.7999877929688,831.7000122070312,835.7000122070312,7.0
2007-11-12,806.248,806.248,806.248,806.248,0.0
2007-11-13,797.2000122070312,804.2999877929688,800.0,804.2999877929688,6.0
2007-11-14,813.0,817.0,816.7000122070312,816.7000122070312,11.0
2007-11-15,785.9000244140625,794.5,793.7000122070312,794.5,0.0
2007-11-16,785.7000122070312,785.7000122070312,785.7000122070312,785.7000122070312,0.0
2007-11-19,776.7999877929688,777.5999755859375,777.5999755859375,777.5999755859375,1.0
2007-11-20,806.248,806.248,806.248,806.248,0.0
2007-11-21,797.5999755859375,797.5999755859375,797.5999755859375,797.5999755859375,5.0
2007-11-22,806.248,806.248,806.248,806.248,0.0
2007-11-23,824.0,824.0,824.0,824.0,6.0
2007-11-26,826.0,826.0,826.0,826.0,6.0
2007-11-27,813.7000122070312,824.7999877929688,812.5,823.2000122070312,32.0
2007-11-28,800.0999755859375,800.0999755859375,800.0999755859375,800.0999755859375,165342.0
2007-11-29,795.2999877929688,807.7999877929688,791.9000244140625,804.0,66669.0
2007-11-30,782.2000122070312,798.5999755859375,778.4000244140625,795.0,7212.0
2007-12-03,803.203,803.203,803.203,803.203,0.0
2007-12-04,801.2999877929688,805.0,787.2000122070312,794.0,925.0
2007-12-05,797.5,803.9000244140625,791.7000122070312,802.2000122070312,389.0
2007-12-06,801.2000122070312,804.7999877929688,786.5,794.4000244140625,332.0
2007-12-07,794.4000244140625,801.2000122070312,792.0,800.7000122070312,218.0
2007-12-10,807.7000122070312,809.7000122070312,799.2999877929688,799.2999877929688,274.0
2007-12-11,811.4000244140625,812.0,796.0,808.0999755859375,347.0
2007-12-12,813.5,815.9000244140625,809.5999755859375,809.7000122070312,291.0
2007-12-13,803.203,803.203,803.203,803.203,0.0
2007-12-14,793.2999877929688,803.5,789.5999755859375,800.2999877929688,196.0
2007-12-17,803.203,803.203,803.203,803.203,0.0
2007-12-18,803.203,803.203,803.203,803.203,0.0
2007-12-19,803.203,803.203,803.203,803.203,0.0
2007-12-20,799.2000122070312,800.0,794.2000122070312,799.5,114.0
2007-12-21,811.5999755859375,812.5,800.0,800.0,64.0
2007-12-24,812.7999877929688,814.0999755859375,809.7999877929688,811.5,41.0
2007-12-25,803.203,803.203,803.203,803.203,0.0
2007-12-26,803.203,803.203,803.203,803.203,0.0
2007-12-27,828.5999755859375,832.5,824.7999877929688,824.7999877929688,160.0
2007-12-28,839.5999755859375,840.2000122070312,826.5999755859375,826.5999755859375,107.0
2007-12-31,803.203,803.203,803.203,803.203,0.0
2008-01-01,889.595,889.595,889.595,889.595,0.0
2008-01-02,857.0,857.7999877929688,846.4000244140625,848.7000122070312,130.0
2008-01-03,889.595,889.595,889.595,889.595,0.0
2008-01-04,863.0999755859375,865.5,860.2000122070312,861.4000244140625,28.0
2008-01-07,889.595,889.595,889.595,889.595,0.0
2008-01-08,889.595,889.595,889.595,889.595,0.0
2008-01-09,879.5,885.0,876.0,885.0,48.0
2008-01-10,889.595,889.595,889.595,889.595,0.0
2008-01-11,896.0999755859375,899.7000122070312,889.7000122070312,889.7999877929688,183.0
2008-01-14,889.595,889.595,889.595,889.595,0.0
2008-01-15,901.0,887.5999755859375,887.5999755859375,887.5999755859375,101.0
2008-01-16,889.595,889.595,889.595,889.595,0.0
2008-01-17,879.5,888.2000122070312,876.7999877929688,888.2000122070312,11.0
2008-01-18,880.7999877929688,886.7999877929688,871.0,871.7999877929688,30.0
2008-01-21,889.595,889.595,889.595,889.595,0.0
2008-01-22,889.5999755859375,891.0,863.2000122070312,878.7000122070312,30.0
2008-01-23,882.5,895.7000122070312,880.0,885.0,49.0
2008-01-24,905.5,906.5999755859375,890.9000244140625,890.9000244140625,6.0
2008-01-25,910.5,910.5,910.5,910.5,6.0
2008-01-28,889.595,889.595,889.595,889.595,0.0
2008-01-29,925.0999755859376,925.0,925.0,925.0,157692.0
2008-01-30,920.5999755859375,936.2999877929688,915.2999877929688,924.4000244140625,68820.0
2008-01-31,889.595,889.595,889.595,889.595,0.0
2008-02-01,908.7000122070312,936.2000122070312,903.7000122070312,924.7999877929688,2152.0
2008-02-04,922.298,922.298,922.298,922.298,0.0
2008-02-05,922.298,922.298,922.298,922.298,0.0
2008-02-06,900.7000122070312,910.0,887.5,887.9000244140625,430.0
2008-02-07,906.0999755859375,909.2999877929688,896.4000244140625,900.5999755859375,463.0
2008-02-08,922.298,922.298,922.298,922.298,0.0
2008-02-11,922.9000244140625,926.9000244140625,917.5,920.7000122070312,181.0
2008-02-12,922.298,922.298,922.298,922.298,0.0
2008-02-13,922.298,922.298,922.298,922.298,0.0
2008-02-14,922.298,922.298,922.298,922.298,0.0
2008-02-15,902.7999877929688,913.5999755859376,898.7000122070312,910.0999755859376,128.0
2008-02-18,922.298,922.298,922.298,922.298,0.0
2008-02-19,922.298,922.298,922.298,922.298,0.0
2008-02-20,934.5999755859376,945.0,919.5999755859376,926.5,73.0
2008-02-21,946.0999755859376,953.4000244140624,940.0999755859376,940.0999755859376,138.0
2008-02-22,944.7000122070312,948.5,942.5,944.9000244140625,79.0
2008-02-25,937.5999755859376,948.9000244140624,933.0,946.5,312.0
2008-02-26,946.0999755859376,949.0,931.2999877929688,931.2999877929688,224.0
2008-02-27,922.298,922.298,922.298,922.298,0.0
2008-02-28,964.5,972.0999755859375,954.4000244140625,957.4000244140625,238.0
2008-02-29,972.0999755859375,973.0999755859375,963.5,971.4000244140625,39.0
2008-03-03,981.5,986.9000244140625,979.7000122070312,984.2000122070312,26.0
2008-03-04,968.434,968.434,968.434,968.434,0.0
2008-03-05,968.434,968.434,968.434,968.434,0.0
2008-03-06,975.0,987.7000122070312,973.4000244140625,984.2999877929688,46.0
2008-03-07,972.2000122070312,984.9000244140624,972.4000244140624,982.7999877929688,96.0
2008-03-10,968.434,968.434,968.434,968.434,0.0
2008-03-11,974.2000122070312,976.7000122070312,971.5,975.7000122070312,12.0
2008-03-12,978.7999877929688,979.2999877929688,973.5,973.5999755859376,6.0
2008-03-13,992.2999877929688,998.5,983.7000122070312,983.7000122070312,10.0
2008-03-14,998.2000122070312,1004.5999755859376,993.0,993.9000244140624,27.0
2008-03-17,968.434,968.434,968.434,968.434,0.0
2008-03-18,968.434,968.434,968.434,968.434,0.0
2008-03-19,968.434,968.434,968.434,968.434,0.0
2008-03-20,968.434,968.434,968.434,968.434,0.0
2008-03-21,968.434,968.434,968.434,968.434,0.0
2008-03-24,968.434,968.434,968.434,968.434,0.0
2008-03-25,968.434,968.434,968.434,968.434,0.0
2008-03-26,949.0,949.5999755859375,949.5999755859375,949.5999755859375,1.0
2008-03-27,948.7999877929688,951.7000122070312,945.7000122070312,947.4000244140624,145634.0
2008-03-28,930.5999755859375,951.0999755859375,921.7999877929688,947.5,64013.0
2008-03-31,968.434,968.434,968.434,968.434,0.0
2008-04-01,909.705,909.705,909.705,909.705,0.0
2008-04-02,909.705,909.705,909.705,909.705,0.0
2008-04-03,905.0,907.5,889.5999755859375,901.2000122070312,984.0
2008-04-04,909.0,914.9000244140625,898.7999877929688,904.7000122070312,279.0
2008-04-07,922.7000122070312,927.2000122070312,912.2999877929688,915.2999877929688,2086.0
2008-04-08,914.0,925.2999877929688,909.2999877929688,924.2000122070312,405.0
2008-04-09,933.5999755859376,935.5,904.0999755859376,916.0,390.0
2008-04-10,909.705,909.705,909.705,909.705,0.0
2008-04-11,923.5999755859375,931.2000122070312,919.5999755859375,919.5999755859375,141.0
2008-04-14,925.4000244140625,929.4000244140625,915.5999755859375,917.0,153.0
2008-04-15,928.7000122070312,936.0,924.2999877929688,924.2999877929688,168.0
2008-04-16,945.0999755859375,948.7000122070312,927.2000122070312,927.2000122070312,161.0
2008-04-17,909.705,909.705,909.705,909.705,0.0
2008-04-18,912.2000122070312,936.0,907.2000122070312,936.0,145.0
2008-04-21,909.705,909.705,909.705,909.705,0.0
2008-04-22,922.2999877929688,922.7999877929688,916.2000122070312,920.5999755859375,625.0
2008-04-23,909.705,909.705,909.705,909.705,0.0
2008-04-24,886.7999877929688,904.7999877929688,885.0999755859375,902.4000244140624,80.0
2008-04-25,909.705,909.705,909.705,909.705,0.0
2008-04-28,892.9000244140625,893.7999877929688,887.0,887.0,339.0
2008-04-29,909.705,909.705,909.705,909.705,0.0
2008-04-30,909.705,909.705,909.705,909.705,0.0
2008-05-01,848.9000244140625,873.5,849.5999755859375,855.0,28.0
2008-05-02,888.663,888.663,888.663,888.663,0.0
2008-05-05,888.663,888.663,888.663,888.663,0.0
2008-05-06,876.0,881.4000244140625,872.2999877929688,872.2999877929688,47.0
2008-05-07,888.663,888.663,888.663,888.663,0.0
2008-05-08,880.5999755859375,883.2999877929688,867.0999755859375,871.0,71.0
2008-05-09,884.5,884.7000122070312,883.9000244140625,883.9000244140625,25.0
2008-05-12,888.663,888.663,888.663,888.663,0.0
2008-05-13,888.663,888.663,888.663,888.663,0.0
2008-05-14,865.4000244140625,868.5999755859375,862.7999877929688,862.7999877929688,41.0
2008-05-15,879.0,886.2999877929688,865.7999877929688,865.7999877929688,121.0
2008-05-16,899.0,904.2000122070312,892.0,892.0,85.0
2008-05-19,888.663,888.663,888.663,888.663,0.0
2008-05-20,888.663,888.663,888.663,888.663,0.0
2008-05-21,928.0,924.0,923.2000122070312,923.5,3.0
2008-05-22,917.9000244140625,917.5999755859375,917.5999755859375,917.5999755859375,1.0
2008-05-23,925.5999755859376,925.5999755859376,916.0,916.9000244140624,1.0
2008-05-26,888.663,888.663,888.663,888.663,0.0
2008-05-27,907.7000122070312,912.0,906.5,912.0,25.0
2008-05-28,900.5,900.5,900.5,900.5,149889.0
2008-05-29,888.663,888.663,888.663,888.663,0.0
2008-05-30,887.2999877929688,888.5,868.5999755859375,880.2000122070312,6671.0
2008-06-02,892.9000244140625,898.0,881.7999877929688,887.2999877929688,2132.0
2008-06-03,889.488,889.488,889.488,889.488,0.0
2008-06-04,889.488,889.488,889.488,889.488,0.0
2008-06-05,889.488,889.488,889.488,889.488,0.0
2008-06-06,895.4000244140625,901.0,877.7000122070312,878.5,230.0
2008-06-09,894.7000122070312,908.9000244140624,890.5,900.7000122070312,1930.0
2008-06-10,889.488,889.488,889.488,889.488,0.0
2008-06-11,879.7000122070312,882.0,869.5,869.5,146.0
2008-06-12,869.2000122070312,873.5999755859375,858.2000122070312,873.5999755859375,135.0
2008-06-13,870.2999877929688,870.2999877929688,860.5,870.2999877929688,361.0
2008-06-16,883.5999755859375,893.0,871.2999877929688,872.5,70.0
2008-06-17,884.2999877929688,887.0,876.2999877929688,883.4000244140625,62.0
2008-06-18,890.9000244140625,891.9000244140625,885.0999755859375,888.0,135.0
2008-06-19,901.7000122070312,906.5,888.5999755859375,888.5999755859375,44.0
2008-06-20,889.488,889.488,889.488,889.488,0.0
2008-06-23,889.488,889.488,889.488,889.488,0.0
2008-06-24,889.2000122070312,891.2000122070312,885.5,889.5999755859375,64.0
2008-06-25,880.0,883.7999877929688,876.4000244140625,883.5999755859375,97.0
2008-06-26,913.0999755859375,912.5999755859375,909.5999755859375,909.5999755859375,182.0
2008-06-27,929.2999877929688,927.5999755859375,910.7000122070312,913.0999755859375,167.0
2008-06-30,926.2000122070312,933.7000122070312,922.2999877929688,927.7000122070312,144.0
2008-07-01,942.5,945.7999877929688,938.0,943.5999755859376,32.0
2008-07-02,944.7999877929688,944.7999877929688,933.0999755859376,938.7999877929688,58.0
2008-07-03,931.9000244140624,944.7999877929688,928.0,944.7999877929688,58.0
2008-07-04,939.772,939.772,939.772,939.772,0.0
2008-07-07,927.2999877929688,931.4000244140624,915.4000244140624,931.4000244140624,141.0
2008-07-08,939.772,939.772,939.772,939.772,0.0
2008-07-09,939.772,939.772,939.772,939.772,0.0
2008-07-10,940.9000244140624,942.0999755859376,928.0999755859376,928.0999755859376,18.0
2008-07-11,959.5,965.7000122070312,948.2000122070312,948.2000122070312,58.0
2008-07-14,972.7000122070312,974.5999755859375,955.0,964.7000122070312,55.0
2008-07-15,977.7000122070312,986.2000122070312,976.0,983.5,12.0
2008-07-16,961.7999877929688,960.0,960.0,960.0,1.0
2008-07-17,970.0,976.2000122070312,957.2999877929688,957.2999877929688,37.0
2008-07-18,939.772,939.772,939.772,939.772,0.0
2008-07-21,939.772,939.772,939.772,939.772,0.0
2008-07-22,948.0,974.9000244140625,973.0,973.0,3.0
2008-07-23,922.4000244140624,935.0,924.2000122070312,935.0,203.0
2008-07-24,922.0,926.4000244140624,920.9000244140624,920.9000244140624,47.0
2008-07-25,926.5999755859375,929.2000122070312,921.2000122070312,928.4000244140625,35.0
2008-07-28,927.5999755859376,931.0999755859376,927.0,928.7999877929688,28.0
2008-07-29,916.4000244140624,917.7000122070312,916.2000122070312,916.2000122070312,147310.0
2008-07-30,902.9000244140624,919.0999755859376,893.2999877929688,917.9000244140624,93759.0
2008-07-31,939.772,939.772,939.772,939.772,0.0
2008-08-01,839.025,839.025,839.025,839.025,0.0
2008-08-04,900.0999755859375,915.2999877929688,894.4000244140625,912.7000122070312,2415.0
2008-08-05,878.5999755859375,895.4000244140625,873.2999877929688,895.4000244140625,790.0
2008-08-06,875.5999755859375,885.5999755859375,875.0,880.7000122070312,1330.0
2008-08-07,870.7000122070312,883.7999877929688,870.2999877929688,882.2000122070312,335.0
2008-08-08,857.7999877929688,869.5,851.0999755859375,868.7999877929688,303.0
2008-08-11,821.5,863.4000244140625,818.0,858.2999877929688,286.0
2008-08-12,808.2000122070312,826.4000244140625,803.5999755859375,826.4000244140625,99.0
2008-08-13,839.025,839.025,839.025,839.025,0.0
2008-08-14,808.2000122070312,831.9000244140625,805.0,831.4000244140625,67.0
2008-08-15,786.0,799.2000122070312,780.9000244140625,796.9000244140625,134.0
2008-08-18,839.025,839.025,839.025,839.025,0.0
2008-08-19,811.0999755859375,814.5,789.5999755859375,789.5999755859375,48.0
2008-08-20,810.2999877929688,814.9000244140625,804.7000122070312,814.9000244140625,87.0
2008-08-21,833.0,835.5999755859375,825.7999877929688,825.7999877929688,99.0
2008-08-22,827.4000244140625,836.5999755859375,823.0999755859375,832.2999877929688,21.0
2008-08-25,839.025,839.025,839.025,839.025,0.0
2008-08-26,839.025,839.025,839.025,839.025,0.0
2008-08-27,839.025,839.025,839.025,839.025,0.0
2008-08-28,839.025,839.025,839.025,839.025,0.0
2008-08-29,829.2999877929688,833.0,831.7000122070312,831.7000122070312,116.0
2008-09-01,829.932,829.932,829.932,829.932,0.0
2008-09-02,805.0,840.7000122070312,790.7999877929688,829.9000244140625,185.0
2008-09-03,802.7000122070312,805.5999755859375,791.5999755859375,805.5999755859375,28.0
2008-09-04,829.932,829.932,829.932,829.932,0.0
2008-09-05,797.5999755859375,809.0,794.0,794.7000122070312,85.0
2008-09-08,797.5,813.2000122070312,796.4000244140625,811.0,88.0
2008-09-09,829.932,829.932,829.932,829.932,0.0
2008-09-10,757.9000244140625,781.0,752.7999877929688,776.5999755859375,56.0
2008-09-11,829.932,829.932,829.932,829.932,0.0
2008-09-12,829.932,829.932,829.932,829.932,0.0
2008-09-15,829.932,829.932,829.932,829.932,0.0
2008-09-16,776.5,777.7000122070312,777.0,777.7000122070312,2.0
2008-09-17,846.5999755859375,808.0,782.9000244140625,782.9000244140625,26.0
2008-09-18,892.7000122070312,910.9000244140625,836.0,869.9000244140625,59.0
2008-09-19,860.5999755859375,860.5999755859375,860.5999755859375,860.5999755859375,112.0
2008-09-22,903.9000244140625,908.0999755859375,888.7999877929688,888.7999877929688,20.0
2008-09-23,829.932,829.932,829.932,829.932,0.0
2008-09-24,889.0,891.2999877929688,879.5,879.5,185.0
2008-09-25,829.932,829.932,829.932,829.932,0.0
2008-09-26,882.9000244140625,890.2000122070312,884.2000122070312,884.2000122070312,13695.0
2008-09-29,829.932,829.932,829.932,829.932,0.0
2008-09-30,829.932,829.932,829.932,829.932,0.0
2008-10-01,880.7000122070312,889.0999755859375,869.2000122070312,878.0,304.0
2008-10-02,839.0,870.4000244140625,829.2999877929688,870.4000244140625,462.0
2008-10-03,806.62,806.62,806.62,806.62,0.0
2008-10-06,862.7000122070312,868.7999877929688,826.0,828.7999877929688,510.0
2008-10-07,878.4000244140625,883.0,858.2000122070312,862.0999755859375,41.0
2008-10-08,903.0999755859376,915.5,877.7000122070312,879.7000122070312,310.0
2008-10-09,883.0999755859375,919.7000122070312,883.0,902.7000122070312,76.0
2008-10-10,855.4000244140625,925.7000122070312,843.0,925.7000122070312,104.0
2008-10-13,838.9000244140625,861.0999755859375,830.2999877929688,861.0999755859375,186.0
2008-10-14,806.62,806.62,806.62,806.62,0.0
2008-10-15,806.62,806.62,806.62,806.62,0.0
2008-10-16,801.5,846.0,790.0,846.0,34.0
2008-10-17,785.0999755859375,807.0,773.7999877929688,798.0,55.0
2008-10-20,787.5999755859375,803.7999877929688,787.5,803.7999877929688,19.0
2008-10-21,766.0999755859375,793.7000122070312,767.7000122070312,793.7000122070312,83.0
2008-10-22,806.62,806.62,806.62,806.62,0.0
2008-10-23,713.2999877929688,719.7999877929688,705.0,705.0,37.0
2008-10-24,729.0999755859375,734.2000122070312,681.0,715.2999877929688,99.0
2008-10-27,741.7000122070312,744.5,712.0,742.7999877929688,268.0
2008-10-28,739.2999877929688,748.7999877929688,730.5999755859375,731.0,6.0
2008-10-29,752.7999877929688,750.7999877929688,750.7999877929688,750.7999877929688,90.0
2008-10-30,806.62,806.62,806.62,806.62,0.0
2008-10-31,716.7999877929688,736.0,718.4000244140625,731.4000244140625,17.0
2008-11-03,760.863,760.863,760.863,760.863,0.0
2008-11-04,760.863,760.863,760.863,760.863,0.0
2008-11-05,760.863,760.863,760.863,760.863,0.0
2008-11-06,731.2000122070312,759.0,731.9000244140625,743.4000244140625,30.0
2008-11-07,760.863,760.863,760.863,760.863,0.0
2008-11-10,745.5999755859375,753.5999755859375,747.9000244140625,749.0,42.0
2008-11-11,732.0,735.5999755859375,729.7999877929688,734.2000122070312,39.0
2008-11-12,717.7000122070312,734.7000122070312,722.5,730.4000244140625,71.0
2008-11-13,760.863,760.863,760.863,760.863,0.0
2008-11-14,760.863,760.863,760.863,760.863,0.0
2008-11-17,741.9000244140625,741.9000244140625,741.9000244140625,741.9000244140625,9.0
2008-11-18,732.5999755859375,744.9000244140625,734.0,738.0,13.0
2008-11-19,760.863,760.863,760.863,760.863,0.0
2008-11-20,760.863,760.863,760.863,760.863,0.0
2008-11-21,791.7000122070312,784.0999755859375,771.2000122070312,771.2999877929688,20.0
2008-11-24,819.4000244140625,824.0,819.9000244140625,819.9000244140625,3.0
2008-11-25,818.4000244140625,818.4000244140625,818.4000244140625,818.4000244140625,158862.0
2008-11-26,760.863,760.863,760.863,760.863,0.0
2008-11-27,760.863,760.863,760.863,760.863,0.0
2008-11-28,816.2000122070312,819.0,808.2000122070312,811.0999755859375,6325.0
2008-12-01,774.5999755859375,817.2999877929688,766.0,817.2000122070312,2791.0
2008-12-02,816.092,816.092,816.092,816.092,0.0
2008-12-03,816.092,816.092,816.092,816.092,0.0
2008-12-04,763.7999877929688,780.4000244140625,761.7000122070312,770.0,606.0
2008-12-05,750.5,769.5999755859375,740.0,764.5,888.0
2008-12-08,767.4000244140625,780.2000122070312,754.2000122070312,755.0,573.0
2008-12-09,772.4000244140625,776.5,762.2999877929688,775.0,101.0
2008-12-10,816.092,816.092,816.092,816.092,0.0
2008-12-11,816.092,816.092,816.092,816.092,0.0
2008-12-12,816.092,816.092,816.092,816.092,0.0
2008-12-15,835.4000244140625,842.0,824.0,828.0,470.0
2008-12-16,841.7000122070312,859.0,831.5999755859375,839.0,73.0
2008-12-17,867.5,880.7999877929688,849.2999877929688,854.4000244140625,122.0
2008-12-18,859.5999755859375,873.0,852.0,862.4000244140625,242.0
2008-12-19,836.4000244140625,852.0999755859375,833.2999877929688,846.5999755859375,106.0
2008-12-22,846.2000122070312,851.0,844.0,848.5,235.0
2008-12-23,837.2000122070312,848.0,835.0,848.0,176.0
2008-12-24,816.092,816.092,816.092,816.092,0.0
2008-12-25,816.092,816.092,816.092,816.092,0.0
2008-12-26,816.092,816.092,816.092,816.092,0.0
2008-12-29,874.5999755859375,882.9000244140625,875.0,882.9000244140625,426.0
2008-12-30,869.2999877929688,878.0999755859375,866.5,878.0999755859375,139.0
2008-12-31,883.5999755859375,883.5999755859375,858.4000244140625,860.0,35.0
2009-01-01,858.69,858.69,858.69,858.69,0.0
2009-01-02,878.7999877929688,881.5,868.9000244140625,881.5,46.0
2009-01-05,857.2000122070312,883.5,847.0,882.0,35.0
2009-01-06,865.4000244140625,867.5999755859375,840.0,855.0999755859375,113.0
2009-01-07,858.69,858.69,858.69,858.69,0.0
2009-01-08,858.69,858.69,858.69,858.69,0.0
2009-01-09,858.69,858.69,858.69,858.69,0.0
2009-01-12,858.69,858.69,858.69,858.69,0.0
2009-01-13,858.69,858.69,858.69,858.69,0.0
2009-01-14,858.69,858.69,858.69,858.69,0.0
2009-01-15,806.7000122070312,808.7999877929688,805.5999755859375,805.5999755859375,16.0
2009-01-16,839.2999877929688,842.5,834.0,834.0,64.0
2009-01-19,858.69,858.69,858.69,858.69,0.0
2009-01-20,858.69,858.69,858.69,858.69,0.0
2009-01-21,849.5999755859375,852.5999755859375,843.7999877929688,850.5,37.0
2009-01-22,858.69,858.69,858.69,858.69,0.0
2009-01-23,895.2999877929688,899.0999755859375,875.0,875.0,52.0
2009-01-26,858.69,858.69,858.69,858.69,0.0
2009-01-27,899.2000122070312,903.0,895.2000122070312,902.7999877929688,48.0
2009-01-28,858.69,858.69,858.69,858.69,0.0
2009-01-29,905.0999755859375,909.7000122070312,874.2000122070312,888.0999755859375,66607.0
2009-01-30,927.2999877929688,930.2999877929688,902.0,909.7999877929688,10460.0
2009-02-02,906.7000122070312,928.7999877929688,902.2000122070312,924.2999877929688,3220.0
2009-02-03,892.0,913.2999877929688,889.7999877929688,903.2000122070312,1451.0
2009-02-04,943.0,943.0,943.0,943.0,0.0
2009-02-05,913.5999755859376,924.4000244140624,904.4000244140624,906.2999877929688,770.0
2009-02-06,913.9000244140624,918.5,909.5,914.5,334.0
2009-02-09,892.4000244140625,911.0,891.7999877929688,910.0,984.0
2009-02-10,913.7000122070312,917.5,892.0,898.0,252.0
2009-02-11,943.0,943.0,943.0,943.0,0.0
2009-02-12,948.5,952.7999877929688,936.4000244140624,938.7999877929688,335.0
2009-02-13,941.5,947.2999877929688,934.2000122070312,947.2999877929688,137.0
2009-02-16,943.0,943.0,943.0,943.0,0.0
2009-02-17,967.0,973.7999877929688,937.2999877929688,939.5,1639.0
2009-02-18,977.7000122070312,988.0,962.2000122070312,968.4000244140624,422.0
2009-02-19,976.0999755859375,986.2000122070312,972.0,982.7000122070312,202.0
2009-02-20,943.0,943.0,943.0,943.0,0.0
2009-02-23,994.5999755859375,996.5,980.0,995.5999755859375,215.0
2009-02-24,969.0999755859375,991.5999755859375,963.2000122070312,988.0,243.0
2009-02-25,965.7000122070312,977.5,953.0999755859375,963.2999877929688,1019.0
2009-02-26,941.7999877929688,956.0,933.0,953.0,687.0
2009-02-27,941.5,963.2000122070312,928.0999755859376,943.4000244140624,730.0
2009-03-02,939.0,963.2000122070312,924.5,945.0,474.0
2009-03-03,912.9000244140624,931.7999877929688,906.4000244140624,927.0,362.0
2009-03-04,924.273,924.273,924.273,924.273,0.0
2009-03-05,924.273,924.273,924.273,924.273,0.0
2009-03-06,942.0999755859376,944.5,931.7999877929688,933.5,308.0
2009-03-09,917.7000122070312,940.5,914.5,940.5,838.0
2009-03-10,895.5999755859375,921.7999877929688,892.0999755859375,921.5999755859376,120.0
2009-03-11,910.4000244140624,912.4000244140624,894.0999755859375,894.7000122070312,221.0
2009-03-12,924.273,924.273,924.273,924.273,0.0
2009-03-13,929.7999877929688,937.0,924.4000244140625,924.4000244140625,69.0
2009-03-16,921.5999755859375,929.5999755859375,916.7000122070312,926.4000244140625,139.0
2009-03-17,924.273,924.273,924.273,924.273,0.0
2009-03-18,888.7000122070312,944.0,885.0,915.4000244140625,120.0
2009-03-19,924.273,924.273,924.273,924.273,0.0
2009-03-20,955.7999877929688,960.5999755859376,954.0,960.5999755859376,23.0
2009-03-23,952.0999755859376,952.5999755859376,937.9000244140624,950.7000122070312,30.0
2009-03-24,924.273,924.273,924.273,924.273,0.0
2009-03-25,935.4000244140625,936.5,920.7999877929688,921.2000122070312,97.0
2009-03-26,939.5999755859376,943.0,937.5999755859376,939.5999755859376,66.0
2009-03-27,924.273,924.273,924.273,924.273,0.0
2009-03-30,924.273,924.273,924.273,924.273,0.0
2009-03-31,922.5999755859375,924.5,911.5999755859375,918.0,7403.0
2009-04-01,890.2,890.2,890.2,890.2,0.0
2009-04-02,907.4000244140625,930.2999877929688,894.9000244140625,926.9000244140625,3389.0
2009-04-03,895.5999755859375,910.2999877929688,891.2999877929688,904.5999755859375,1616.0
2009-04-06,890.2,890.2,890.2,890.2,0.0
2009-04-07,882.2000122070312,884.7000122070312,872.2000122070312,872.2000122070312,395.0
2009-04-08,884.7999877929688,889.0999755859375,879.0,884.0,119.0
2009-04-09,890.2,890.2,890.2,890.2,0.0
2009-04-10,890.2,890.2,890.2,890.2,0.0
2009-04-13,890.2,890.2,890.2,890.2,0.0
2009-04-14,890.9000244140625,897.7999877929688,887.4000244140625,896.0999755859375,362.0
2009-04-15,892.7999877929688,895.2999877929688,888.9000244140625,890.0,665.0
2009-04-16,879.2999877929688,893.4000244140625,872.7999877929688,890.9000244140625,632.0
2009-04-17,867.4000244140625,875.7000122070312,865.0,874.0,212.0
2009-04-20,887.0,889.0,866.0999755859375,868.7999877929688,655.0
2009-04-21,882.0999755859375,895.0999755859375,880.7000122070312,886.9000244140625,230.0
2009-04-22,891.7999877929688,893.0,883.0,883.0999755859375,330.0
2009-04-23,890.2,890.2,890.2,890.2,0.0
2009-04-24,913.5999755859375,913.5999755859375,906.7000122070312,911.2000122070312,438.0
2009-04-27,907.4000244140624,918.0,906.2999877929688,918.0,1179.0
2009-04-28,892.7999877929688,899.7000122070312,890.0999755859375,899.7000122070312,308.0
2009-04-29,899.7999877929688,902.5,887.7999877929688,890.0999755859375,809.0
2009-04-30,890.7000122070312,898.9000244140625,881.2999877929688,898.2000122070312,212.0
2009-05-01,887.5999755859375,889.2000122070312,881.5,884.0,506.0
2009-05-04,928.645,928.645,928.645,928.645,0.0
2009-05-05,903.7000122070312,912.2999877929688,902.0,903.5,69.0
2009-05-06,928.645,928.645,928.645,928.645,0.0
2009-05-07,915.0,924.0,910.4000244140624,922.4000244140624,64.0
2009-05-08,914.4000244140625,915.2999877929688,910.0999755859375,910.0999755859375,156.0
2009-05-11,913.0,914.4000244140624,913.0999755859376,913.0999755859376,2.0
2009-05-12,923.5,923.5,916.0999755859375,918.5,24.0
2009-05-13,925.5,929.7000122070312,921.2000122070312,922.0,71.0
2009-05-14,928.645,928.645,928.645,928.645,0.0
2009-05-15,930.9000244140625,931.5999755859375,925.2000122070312,925.2000122070312,45.0
2009-05-18,921.2999877929688,932.9000244140625,918.7000122070312,929.5999755859375,71.0
2009-05-19,926.2999877929688,926.2999877929688,926.2999877929688,926.2999877929688,71.0
2009-05-20,937.0,940.5,931.0,933.0,67.0
2009-05-21,928.645,928.645,928.645,928.645,0.0
2009-05-22,958.5,958.7000122070312,956.9000244140625,956.9000244140625,12.0
2009-05-25,928.645,928.645,928.645,928.645,0.0
2009-05-26,953.0999755859375,953.5,944.0,953.0,20.0
2009-05-27,953.2000122070312,956.0,947.2000122070312,947.2000122070312,151332.0
2009-05-28,961.5,964.9000244140624,944.0,948.5999755859376,74257.0
2009-05-29,978.7999877929688,980.4000244140625,959.0,959.2000122070312,7607.0
2009-06-01,945.67,945.67,945.67,945.67,0.0
2009-06-02,983.2000122070312,986.5,969.7999877929688,974.7000122070312,2345.0
2009-06-03,964.5,990.2999877929688,961.0,981.7000122070312,1187.0
2009-06-04,981.2000122070312,982.0,960.9000244140624,963.5999755859376,600.0
2009-06-05,961.7000122070312,983.0,954.0,981.4000244140625,714.0
2009-06-08,951.7000122070312,960.0999755859375,944.4000244140625,958.0,580.0
2009-06-09,954.0,963.7000122070312,948.4000244140625,953.5,684.0
2009-06-10,954.0,966.0,949.2000122070312,956.0,698.0
2009-06-11,961.2999877929688,961.9000244140624,943.0999755859376,954.2999877929688,583.0
2009-06-12,940.0999755859376,956.5,935.7999877929688,955.9000244140624,166.0
2009-06-15,926.9000244140624,938.5,926.9000244140624,938.5,258.0
2009-06-16,931.5999755859375,938.5999755859375,930.9000244140625,930.9000244140625,149.0
2009-06-17,935.4000244140624,937.7999877929688,930.4000244140624,931.5,29.0
2009-06-18,945.67,945.67,945.67,945.67,0.0
2009-06-19,935.5999755859376,936.5,932.0,932.0,73.0
2009-06-22,920.5999755859376,926.2000122070312,919.0,925.0,134.0
2009-06-23,923.9000244140624,926.5,917.2999877929688,921.9000244140624,181.0
2009-06-24,934.0999755859376,942.7000122070312,922.9000244140624,925.4000244140624,588.0
2009-06-25,939.0999755859376,939.0999755859376,932.2999877929688,932.2999877929688,72.0
2009-06-26,940.7000122070312,946.0,939.5999755859375,945.2999877929688,185.0
2009-06-29,945.67,945.67,945.67,945.67,0.0
2009-06-30,927.0999755859375,943.9000244140625,925.2999877929688,941.4000244140625,128.0
2009-07-01,934.228,934.228,934.228,934.228,0.0
2009-07-02,930.7000122070312,941.5,926.5999755859376,941.4000244140624,67.0
2009-07-03,934.228,934.228,934.228,934.228,0.0
2009-07-06,934.228,934.228,934.228,934.228,0.0
2009-07-07,934.228,934.228,934.228,934.228,0.0
2009-07-08,909.0,919.5999755859375,905.5999755859375,919.5999755859375,41.0
2009-07-09,915.9000244140624,917.4000244140624,907.2000122070312,907.2000122070312,74.0
2009-07-10,934.228,934.228,934.228,934.228,0.0
2009-07-13,934.228,934.228,934.228,934.228,0.0
2009-07-14,922.5,926.2000122070312,920.2000122070312,920.2000122070312,64.0
2009-07-15,934.228,934.228,934.228,934.228,0.0
2009-07-16,934.228,934.228,934.228,934.228,0.0
2009-07-17,937.2000122070312,937.7999877929688,931.7999877929688,936.9000244140624,34.0
2009-07-20,948.5,954.5,950.9000244140625,954.0999755859375,5.0
2009-07-21,934.228,934.228,934.228,934.228,0.0
2009-07-22,953.0,953.0,946.4000244140624,949.2000122070312,71.0
2009-07-23,954.5,954.2000122070312,949.7999877929688,954.2000122070312,47.0
2009-07-24,952.7999877929688,952.7999877929688,950.2999877929688,950.2999877929688,77.0
2009-07-27,953.2999877929688,957.0999755859376,953.2999877929688,955.0999755859376,5.0
2009-07-28,939.0,949.5,937.5,949.5,10.0
2009-07-29,934.228,934.228,934.228,934.228,0.0
2009-07-30,934.9000244140624,937.0,928.4000244140624,929.2000122070312,36620.0
2009-07-31,953.7000122070312,958.0999755859376,932.0,934.4000244140624,10747.0
2009-08-03,949.375,949.375,949.375,949.375,0.0
2009-08-04,949.375,949.375,949.375,949.375,0.0
2009-08-05,964.2000122070312,968.0999755859375,959.7999877929688,967.5999755859375,742.0
2009-08-06,960.7000122070312,971.0999755859375,956.5,964.0999755859375,543.0
2009-08-07,957.2999877929688,964.2999877929688,954.5999755859376,964.2999877929688,641.0
2009-08-10,945.0,956.0999755859375,943.5,955.0,395.0
2009-08-11,945.7999877929688,949.7000122070312,943.0999755859375,947.2000122070312,106.0
2009-08-12,950.7000122070312,951.5,943.0,947.5,102.0
2009-08-13,949.375,949.375,949.375,949.375,0.0
2009-08-14,949.375,949.375,949.375,949.375,0.0
2009-08-17,934.2999877929688,947.4000244140624,931.5,947.4000244140624,128.0
2009-08-18,949.375,949.375,949.375,949.375,0.0
2009-08-19,949.375,949.375,949.375,949.375,0.0
2009-08-20,949.375,949.375,949.375,949.375,0.0
2009-08-21,949.375,949.375,949.375,949.375,0.0
2009-08-24,942.2999877929688,957.0,941.2999877929688,953.5,198.0
2009-08-25,944.5,954.5,943.5,946.2999877929688,143.0
2009-08-26,944.2999877929688,948.2000122070312,940.2999877929688,947.5,128.0
2009-08-27,945.5,949.4000244140624,942.9000244140624,944.2000122070312,193.0
2009-08-28,957.0,962.2000122070312,948.0999755859375,949.2999877929688,182.0
2009-08-31,951.7000122070312,959.5,944.7999877929688,959.5,21.0
2009-09-01,954.7000122070312,956.5,948.7000122070312,954.2000122070312,17.0
2009-09-02,996.591,996.591,996.591,996.591,0.0
2009-09-03,996.591,996.591,996.591,996.591,0.0
2009-09-04,996.591,996.591,996.591,996.591,0.0
2009-09-07,996.591,996.591,996.591,996.591,0.0
2009-09-08,997.9000244140625,1006.9000244140625,993.2000122070312,993.5,90.0
2009-09-09,995.2999877929688,1002.7999877929688,988.7999877929688,1002.0,84.0
2009-09-10,996.591,996.591,996.591,996.591,0.0
2009-09-11,1004.9000244140625,1011.9000244140625,999.7000122070312,999.7000122070312,198.0
2009-09-14,999.9000244140625,1003.7999877929688,998.5,1002.9000244140625,91.0
2009-09-15,996.591,996.591,996.591,996.591,0.0
2009-09-16,1018.9000244140624,1019.7999877929688,1014.7000122070312,1014.7000122070312,92.0
2009-09-17,1012.2999877929688,1019.5,1011.5999755859376,1017.2000122070312,48.0
2009-09-18,1009.2000122070312,1017.5999755859376,1009.2000122070312,1013.9000244140624,26.0
2009-09-21,1003.7000122070312,1003.7000122070312,998.0,1003.7000122070312,26.0
2009-09-22,1014.2000122070312,1019.4000244140625,1011.5,1011.5,67.0
2009-09-23,1013.0,1015.2000122070312,1008.2000122070312,1014.4000244140624,212.0
2009-09-24,997.5,1015.0,993.9000244140624,1015.0,123.0
2009-09-25,990.2000122070312,997.4000244140624,986.7000122070312,997.2999877929688,70.0
2009-09-28,992.5,993.2000122070312,991.4000244140624,993.2000122070312,6999.0
2009-09-29,996.591,996.591,996.591,996.591,0.0
2009-09-30,996.591,996.591,996.591,996.591,0.0
2009-10-01,999.5,1008.7999877929688,998.0,1007.4000244140625,213.0
2009-10-02,1003.2000122070312,1007.2999877929688,986.7999877929688,998.7999877929688,247.0
2009-10-05,1016.7000122070312,1017.5999755859375,1003.0,1004.0999755859375,180.0
2009-10-06,1038.5999755859375,1043.800048828125,1018.2999877929688,1019.5,180.0
2009-10-07,1043.300048828125,1048.199951171875,1038.300048828125,1038.300048828125,180.0
2009-10-08,1055.4000244140625,1060.4000244140625,1045.0999755859375,1045.800048828125,160.0
2009-10-09,1043.159,1043.159,1043.159,1043.159,0.0
2009-10-12,1056.699951171875,1058.4000244140625,1049.0,1049.0,209.0
2009-10-13,1064.199951171875,1068.4000244140625,1056.5,1064.0,183.0
2009-10-14,1063.9000244140625,1070.199951171875,1057.5999755859375,1064.0,140.0
2009-10-15,1049.800048828125,1062.199951171875,1048.0,1062.199951171875,179.0
2009-10-16,1043.159,1043.159,1043.159,1043.159,0.0
2009-10-19,1043.159,1043.159,1043.159,1043.159,0.0
2009-10-20,1043.159,1043.159,1043.159,1043.159,0.0
2009-10-21,1063.699951171875,1064.0,1047.5,1053.699951171875,35.0
2009-10-22,1057.800048828125,1061.199951171875,1051.5,1061.199951171875,173.0
2009-10-23,1043.159,1043.159,1043.159,1043.159,0.0
2009-10-26,1042.0999755859375,1055.5999755859375,1039.9000244140625,1055.5999755859375,76.0
2009-10-27,1034.699951171875,1042.0999755859375,1034.699951171875,1039.5,100.0
2009-10-28,1029.9000244140625,1042.0999755859375,1028.0,1042.0999755859375,307.0
2009-10-29,1046.4000244140625,1047.300048828125,1032.4000244140625,1035.199951171875,234.0
2009-10-30,1039.699951171875,1045.800048828125,1035.5999755859375,1045.5,148.0
2009-11-02,1053.4000244140625,1061.800048828125,1043.5,1053.4000244140625,41.0
2009-11-03,1127.036,1127.036,1127.036,1127.036,0.0
2009-11-04,1127.036,1127.036,1127.036,1127.036,0.0
2009-11-05,1127.036,1127.036,1127.036,1127.036,0.0
2009-11-06,1095.0999755859375,1100.0,1090.199951171875,1095.0999755859375,102.0
2009-11-09,1100.800048828125,1109.300048828125,1098.5999755859375,1098.5999755859375,102.0
2009-11-10,1127.036,1127.036,1127.036,1127.036,0.0
2009-11-11,1114.0,1117.5999755859375,1106.300048828125,1114.0,104.0
2009-11-12,1127.036,1127.036,1127.036,1127.036,0.0
2009-11-13,1116.0999755859375,1118.199951171875,1105.0,1116.0999755859375,56.0
2009-11-16,1138.5999755859375,1140.5,1127.199951171875,1138.5999755859375,64.0
2009-11-17,1138.800048828125,1140.4000244140625,1131.300048828125,1138.800048828125,67.0
2009-11-18,1140.699951171875,1149.4000244140625,1136.5,1140.699951171875,77.0
2009-11-19,1141.4000244140625,1144.800048828125,1135.5,1141.4000244140625,20.0
2009-11-20,1127.036,1127.036,1127.036,1127.036,0.0
2009-11-23,1127.036,1127.036,1127.036,1127.036,0.0
2009-11-24,1165.5,1169.800048828125,1167.5,1165.5,26.0
2009-11-25,1186.9000244140625,1186.9000244140625,1186.9000244140625,1186.9000244140625,205513.0
2009-11-26,1127.036,1127.036,1127.036,1127.036,0.0
2009-11-27,1127.036,1127.036,1127.036,1127.036,0.0
2009-11-30,1181.0999755859375,1183.699951171875,1163.699951171875,1179.9000244140625,14549.0
2009-12-01,1199.0999755859375,1202.699951171875,1176.0,1181.0,3787.0
2009-12-02,1212.0,1217.300048828125,1196.300048828125,1196.4000244140625,2145.0
2009-12-03,1217.4000244140625,1226.4000244140625,1204.5999755859375,1218.0,1530.0
2009-12-04,1168.800048828125,1211.199951171875,1147.0,1207.800048828125,4288.0
2009-12-07,1134.724,1134.724,1134.724,1134.724,0.0
2009-12-08,1142.800048828125,1169.300048828125,1125.300048828125,1159.5,784.0
2009-12-09,1120.4000244140625,1147.0,1116.5,1130.300048828125,2256.0
2009-12-10,1125.699951171875,1134.800048828125,1122.199951171875,1125.699951171875,344.0
2009-12-11,1119.4000244140625,1141.4000244140625,1110.800048828125,1132.699951171875,912.0
2009-12-14,1134.724,1134.724,1134.724,1134.724,0.0
2009-12-15,1134.724,1134.724,1134.724,1134.724,0.0
2009-12-16,1134.724,1134.724,1134.724,1134.724,0.0
2009-12-17,1106.800048828125,1141.5,1095.699951171875,1141.5,422.0
2009-12-18,1110.800048828125,1115.199951171875,1097.800048828125,1110.800048828125,404.0
2009-12-21,1134.724,1134.724,1134.724,1134.724,0.0
2009-12-22,1134.724,1134.724,1134.724,1134.724,0.0
2009-12-23,1093.300048828125,1094.5999755859375,1080.0,1093.300048828125,168.0
2009-12-24,1134.724,1134.724,1134.724,1134.724,0.0
2009-12-25,1134.724,1134.724,1134.724,1134.724,0.0
2009-12-28,1107.199951171875,1111.9000244140625,1102.800048828125,1107.199951171875,350.0
2009-12-29,1097.0,1105.199951171875,1097.0,1097.0,1038.0
2009-12-30,1134.724,1134.724,1134.724,1134.724,0.0
2009-12-31,1095.199951171875,1106.0999755859375,1094.0,1095.199951171875,149.0
2010-01-01,1117.963,1117.963,1117.963,1117.963,0.0
2010-01-04,1117.699951171875,1122.300048828125,1097.0999755859375,1117.699951171875,184.0
2010-01-05,1118.0999755859375,1126.5,1115.0,1118.0999755859375,53.0
2010-01-06,1135.9000244140625,1139.199951171875,1120.699951171875,1135.9000244140625,363.0
2010-01-07,1117.963,1117.963,1117.963,1117.963,0.0
2010-01-08,1117.963,1117.963,1117.963,1117.963,0.0
2010-01-11,1150.699951171875,1161.199951171875,1143.0,1150.699951171875,177.0
2010-01-12,1128.9000244140625,1157.199951171875,1127.199951171875,1128.9000244140625,51.0
2010-01-13,1136.4000244140625,1136.4000244140625,1121.0,1136.4000244140625,58.0
2010-01-14,1117.963,1117.963,1117.963,1117.963,0.0
2010-01-15,1130.0999755859375,1133.4000244140625,1127.199951171875,1132.800048828125,50.0
2010-01-18,1117.963,1117.963,1117.963,1117.963,0.0
2010-01-19,1139.699951171875,1139.699951171875,1130.5,1139.699951171875,22.0
2010-01-20,1112.300048828125,1133.0,1109.800048828125,1123.300048828125,28.0
2010-01-21,1102.699951171875,1107.5,1090.199951171875,1102.699951171875,99.0
2010-01-22,1089.199951171875,1095.4000244140625,1083.0,1089.199951171875,58.0
2010-01-25,1095.199951171875,1095.199951171875,1095.199951171875,1095.199951171875,8.0
2010-01-26,1097.9000244140625,1097.9000244140625,1097.9000244140625,1097.9000244140625,4.0
2010-01-27,1084.4000244140625,1084.4000244140625,1084.4000244140625,1084.4000244140625,206694.0
2010-01-28,1117.963,1117.963,1117.963,1117.963,0.0
2010-01-29,1083.0,1090.800048828125,1074.5,1085.0,11456.0
2010-02-01,1104.300048828125,1107.300048828125,1076.800048828125,1081.0,2452.0
2010-02-02,1117.4000244140625,1118.5,1100.199951171875,1117.4000244140625,3326.0
2010-02-03,1111.4000244140625,1124.9000244140625,1108.5999755859375,1115.800048828125,853.0
2010-02-04,1062.4000244140625,1110.699951171875,1059.0,1110.0,1426.0
2010-02-05,1052.199951171875,1068.5,1045.199951171875,1052.199951171875,1956.0
2010-02-08,1065.699951171875,1073.4000244140625,1061.5999755859375,1065.699951171875,549.0
2010-02-09,1076.699951171875,1082.0,1063.0999755859375,1076.699951171875,387.0
2010-02-10,1095.413,1095.413,1095.413,1095.413,0.0
2010-02-11,1095.413,1095.413,1095.413,1095.413,0.0
2010-02-12,1089.5,1092.0,1079.800048828125,1089.5,197.0
2010-02-15,1095.413,1095.413,1095.413,1095.413,0.0
2010-02-16,1119.300048828125,1120.4000244140625,1092.4000244140625,1119.300048828125,928.0
2010-02-17,1119.5,1127.0,1108.5,1119.5,1083.0
2010-02-18,1118.0,1123.699951171875,1100.800048828125,1118.0,989.0
2010-02-19,1121.300048828125,1126.199951171875,1099.699951171875,1121.300048828125,137.0
2010-02-22,1095.413,1095.413,1095.413,1095.413,0.0
2010-02-23,1095.413,1095.413,1095.413,1095.413,0.0
2010-02-24,1095.413,1095.413,1095.413,1095.413,0.0
2010-02-25,1107.800048828125,1108.199951171875,1088.699951171875,1107.800048828125,386.0
2010-02-26,1118.300048828125,1118.300048828125,1106.800048828125,1106.800048828125,382.0
2010-03-01,1117.800048828125,1121.9000244140625,1113.5999755859375,1119.300048828125,184.0
2010-03-02,1136.9000244140625,1137.4000244140625,1115.699951171875,1136.9000244140625,155.0
2010-03-03,1113.337,1113.337,1113.337,1113.337,0.0
2010-03-04,1113.337,1113.337,1113.337,1113.337,0.0
2010-03-05,1113.337,1113.337,1113.337,1113.337,0.0
2010-03-08,1123.5999755859375,1123.5999755859375,1123.5999755859375,1123.5999755859375,17.0
2010-03-09,1122.0,1124.0,1113.0999755859375,1122.0,27.0
2010-03-10,1113.337,1113.337,1113.337,1113.337,0.0
2010-03-11,1108.0,1108.0,1108.0,1108.0,46.0
2010-03-12,1101.5,1117.4000244140625,1099.9000244140625,1101.5,135.0
2010-03-15,1113.337,1113.337,1113.337,1113.337,0.0
2010-03-16,1122.199951171875,1127.0,1114.5,1122.199951171875,66.0
2010-03-17,1124.0,1131.4000244140625,1118.0,1124.0,29.0
2010-03-18,1127.4000244140625,1127.800048828125,1121.0999755859375,1127.4000244140625,86.0
2010-03-19,1107.4000244140625,1107.4000244140625,1107.4000244140625,1107.4000244140625,54.0
2010-03-22,1113.337,1113.337,1113.337,1113.337,0.0
2010-03-23,1103.5,1103.5,1103.5,1103.5,16.0
2010-03-24,1088.5999755859375,1092.4000244140625,1085.5,1088.5999755859375,9.0
2010-03-25,1092.699951171875,1092.699951171875,1086.699951171875,1092.699951171875,8.0
2010-03-26,1104.199951171875,1104.199951171875,1104.199951171875,1104.199951171875,5.0
2010-03-29,1113.337,1113.337,1113.337,1113.337,0.0
2010-03-30,1113.337,1113.337,1113.337,1113.337,0.0
2010-03-31,1113.337,1113.337,1113.337,1113.337,0.0
2010-04-01,1125.0999755859375,1127.699951171875,1111.300048828125,1125.0999755859375,2696.0
2010-04-02,1148.688,1148.688,1148.688,1148.688,0.0
2010-04-05,1148.688,1148.688,1148.688,1148.688,0.0
2010-04-06,1135.0999755859375,1138.5,1122.699951171875,1130.800048828125,2490.0
2010-04-07,1152.300048828125,1153.0,1132.5999755859375,1152.300048828125,1342.0
2010-04-08,1152.199951171875,1152.300048828125,1144.0,1152.199951171875,254.0
2010-04-09,1148.688,1148.688,1148.688,1148.688,0.0
2010-04-12,1161.5999755859375,1169.0,1154.5999755859375,1161.5999755859375,483.0
2010-04-13,1152.800048828125,1157.0,1145.0,1152.800048828125,278.0
2010-04-14,1159.0,1160.5999755859375,1151.199951171875,1159.0,162.0
2010-04-15,1148.688,1148.688,1148.688,1148.688,0.0
2010-04-16,1136.300048828125,1160.0,1130.4000244140625,1136.300048828125,483.0
2010-04-19,1135.199951171875,1137.0999755859375,1124.0,1135.199951171875,145.0
2010-04-20,1148.688,1148.688,1148.688,1148.688,0.0
2010-04-21,1148.199951171875,1150.0,1138.4000244140625,1148.199951171875,68.0
2010-04-22,1142.300048828125,1144.0,1133.5999755859375,1142.300048828125,213.0
2010-04-23,1148.688,1148.688,1148.688,1148.688,0.0
2010-04-26,1153.5,1160.0999755859375,1151.4000244140625,1160.0999755859375,108.0
2010-04-27,1161.699951171875,1170.699951171875,1148.5999755859375,1152.800048828125,213.0
2010-04-28,1171.300048828125,1171.300048828125,1171.300048828125,1171.300048828125,299.0
2010-04-29,1148.688,1148.688,1148.688,1148.688,0.0
2010-04-30,1180.0999755859375,1181.300048828125,1170.0,1180.0999755859375,146.0
2010-05-03,1182.699951171875,1187.5,1177.300048828125,1178.5999755859375,90.0
2010-05-04,1205.434,1205.434,1205.434,1205.434,0.0
2010-05-05,1174.5999755859375,1177.199951171875,1159.199951171875,1174.5999755859375,98.0
2010-05-06,1196.9000244140625,1210.5999755859375,1175.9000244140625,1196.9000244140625,79.0
2010-05-07,1205.434,1205.434,1205.434,1205.434,0.0
2010-05-10,1205.434,1205.434,1205.434,1205.434,0.0
2010-05-11,1205.434,1205.434,1205.434,1205.434,0.0
2010-05-12,1205.434,1205.434,1205.434,1205.434,0.0
2010-05-13,1205.434,1205.434,1205.434,1205.434,0.0
2010-05-14,1227.4000244140625,1227.4000244140625,1227.4000244140625,1227.4000244140625,99.0
2010-05-17,1205.434,1205.434,1205.434,1205.434,0.0
2010-05-18,1214.300048828125,1216.0999755859375,1208.199951171875,1214.300048828125,73.0
2010-05-19,1192.5999755859375,1192.5999755859375,1192.5999755859375,1192.5999755859375,75.0
2010-05-20,1187.800048828125,1191.800048828125,1179.4000244140625,1187.800048828125,297.0
2010-05-21,1175.699951171875,1175.699951171875,1175.699951171875,1175.699951171875,177.0
2010-05-24,1193.800048828125,1193.800048828125,1193.800048828125,1193.800048828125,14.0
2010-05-25,1197.800048828125,1200.0,1195.5999755859375,1197.800048828125,9.0
2010-05-26,1213.300048828125,1213.300048828125,1213.300048828125,1213.300048828125,237497.0
2010-05-27,1211.9000244140625,1218.5,1205.4000244140625,1211.699951171875,109434.0
2010-05-28,1205.434,1205.434,1205.434,1205.434,0.0
2010-05-31,1205.434,1205.434,1205.434,1205.434,0.0
2010-06-01,1232.92,1232.92,1232.92,1232.92,0.0
2010-06-02,1232.92,1232.92,1232.92,1232.92,0.0
2010-06-03,1208.300048828125,1224.0,1201.0,1208.300048828125,1552.0
2010-06-04,1216.199951171875,1220.4000244140625,1196.9000244140625,1207.5999755859375,1070.0
2010-06-07,1239.300048828125,1244.699951171875,1211.0,1239.300048828125,859.0
2010-06-08,1244.0,1252.0999755859375,1234.0999755859375,1241.5,763.0
2010-06-09,1228.5,1238.199951171875,1222.0,1237.0,446.0
2010-06-10,1220.800048828125,1233.5,1215.0999755859375,1232.800048828125,488.0
2010-06-11,1228.9000244140625,1229.5999755859375,1218.0,1228.9000244140625,481.0
2010-06-14,1223.300048828125,1232.699951171875,1217.699951171875,1223.199951171875,989.0
2010-06-15,1232.92,1232.92,1232.92,1232.92,0.0
2010-06-16,1229.300048828125,1229.300048828125,1229.300048828125,1229.300048828125,318.0
2010-06-17,1247.5,1251.0999755859375,1233.9000244140625,1233.9000244140625,266.0
2010-06-18,1232.92,1232.92,1232.92,1232.92,0.0
2010-06-21,1239.699951171875,1264.800048828125,1232.0,1257.4000244140625,219.0
2010-06-22,1239.9000244140625,1242.800048828125,1232.0999755859375,1239.9000244140625,172.0
2010-06-23,1234.0999755859375,1245.0999755859375,1226.9000244140625,1233.9000244140625,100.0
2010-06-24,1245.5,1248.0999755859375,1230.699951171875,1236.4000244140625,253.0
2010-06-25,1255.800048828125,1256.9000244140625,1243.699951171875,1246.699951171875,159.0
2010-06-28,1238.199951171875,1238.199951171875,1238.199951171875,1238.199951171875,351.0
2010-06-29,1242.0,1245.0,1228.5,1242.0,417.0
2010-06-30,1245.5,1246.199951171875,1236.699951171875,1245.5,73.0
2010-07-01,1206.300048828125,1242.4000244140625,1204.5,1206.300048828125,50.0
2010-07-02,1207.4000244140625,1211.5999755859375,1200.800048828125,1201.4000244140625,169.0
2010-07-05,1192.966,1192.966,1192.966,1192.966,0.0
2010-07-06,1194.800048828125,1211.800048828125,1190.5,1207.300048828125,52.0
2010-07-07,1192.966,1192.966,1192.966,1192.966,0.0
2010-07-08,1192.966,1192.966,1192.966,1192.966,0.0
2010-07-09,1209.5999755859375,1213.0,1195.0,1209.5999755859375,22.0
2010-07-12,1198.5,1198.5,1198.5,1198.5,45.0
2010-07-13,1213.300048828125,1217.4000244140625,1205.199951171875,1213.300048828125,53.0
2010-07-14,1192.966,1192.966,1192.966,1192.966,0.0
2010-07-15,1208.0999755859375,1208.0999755859375,1208.0999755859375,1208.0999755859375,32.0
2010-07-16,1188.0,1188.0,1188.0,1188.0,46.0
2010-07-19,1181.699951171875,1182.199951171875,1180.0,1181.699951171875,4.0
2010-07-20,1192.966,1192.966,1192.966,1192.966,0.0
2010-07-21,1192.966,1192.966,1192.966,1192.966,0.0
2010-07-22,1195.5,1196.0,1194.4000244140625,1195.5,79.0
2010-07-23,1192.966,1192.966,1192.966,1192.966,0.0
2010-07-26,1192.966,1192.966,1192.966,1192.966,0.0
2010-07-27,1158.0,1158.0,1158.0,1158.0,29.0
2010-07-28,1192.966,1192.966,1192.966,1192.966,0.0
2010-07-29,1168.4000244140625,1169.199951171875,1158.699951171875,1163.800048828125,54384.0
2010-07-30,1181.699951171875,1183.0999755859375,1166.0,1168.199951171875,5466.0
2010-08-02,1183.4000244140625,1191.800048828125,1174.699951171875,1183.4000244140625,2504.0
2010-08-03,1185.199951171875,1190.5,1180.0,1185.199951171875,598.0
2010-08-04,1193.699951171875,1203.0,1186.300048828125,1186.300048828125,1068.0
2010-08-05,1197.199951171875,1199.300048828125,1190.0,1197.199951171875,214.0
2010-08-06,1203.4000244140625,1211.0,1195.300048828125,1203.300048828125,347.0
2010-08-09,1200.699951171875,1209.5,1199.800048828125,1205.800048828125,658.0
2010-08-10,1196.199951171875,1206.5,1191.0,1196.199951171875,713.0
2010-08-11,1197.5,1208.0,1193.0,1197.5,351.0
2010-08-12,1214.800048828125,1215.5,1199.0,1214.800048828125,289.0
2010-08-13,1214.9000244140625,1214.9000244140625,1214.9000244140625,1214.9000244140625,138.0
2010-08-16,1215.81,1215.81,1215.81,1215.81,0.0
2010-08-17,1226.5999755859375,1227.4000244140625,1224.0,1226.5999755859375,84.0
2010-08-18,1229.699951171875,1231.5999755859375,1218.0,1229.699951171875,169.0
2010-08-19,1233.800048828125,1237.5999755859375,1228.800048828125,1233.800048828125,46.0
2010-08-20,1215.81,1215.81,1215.81,1215.81,0.0
2010-08-23,1226.9000244140625,1228.9000244140625,1222.9000244140625,1226.9000244140625,56.0
2010-08-24,1215.81,1215.81,1215.81,1215.81,0.0
2010-08-25,1215.81,1215.81,1215.81,1215.81,0.0
2010-08-26,1215.81,1215.81,1215.81,1215.81,0.0
2010-08-27,1236.0,1236.0,1236.0,1236.0,573.0
2010-08-30,1237.0999755859375,1237.9000244140625,1234.0,1237.0999755859375,128.0
2010-08-31,1248.300048828125,1249.4000244140625,1233.0,1248.300048828125,124.0
2010-09-01,1270.977,1270.977,1270.977,1270.977,0.0
2010-09-02,1270.977,1270.977,1270.977,1270.977,0.0
2010-09-03,1249.199951171875,1249.199951171875,1240.0,1249.199951171875,3.0
2010-09-06,1270.977,1270.977,1270.977,1270.977,0.0
2010-09-07,1257.300048828125,1258.0,1255.5,1257.300048828125,7.0
2010-09-08,1270.977,1270.977,1270.977,1270.977,0.0
2010-09-09,1248.9000244140625,1256.0,1244.0999755859375,1248.9000244140625,9.0
2010-09-10,1270.977,1270.977,1270.977,1270.977,0.0
2010-09-13,1245.0999755859375,1245.0999755859375,1245.0999755859375,1245.0999755859375,18.0
2010-09-14,1269.699951171875,1272.4000244140625,1253.4000244140625,1269.699951171875,87.0
2010-09-15,1270.977,1270.977,1270.977,1270.977,0.0
2010-09-16,1270.977,1270.977,1270.977,1270.977,0.0
2010-09-17,1275.5999755859375,1279.5999755859375,1273.800048828125,1275.5999755859375,54.0
2010-09-20,1270.977,1270.977,1270.977,1270.977,0.0
2010-09-21,1272.4000244140625,1289.800048828125,1271.800048828125,1272.4000244140625,56.0
2010-09-22,1270.977,1270.977,1270.977,1270.977,0.0
2010-09-23,1294.300048828125,1294.300048828125,1289.4000244140625,1294.300048828125,45.0
2010-09-24,1296.0,1297.4000244140625,1294.199951171875,1296.0,37.0
2010-09-27,1270.977,1270.977,1270.977,1270.977,0.0
2010-09-28,1270.977,1270.977,1270.977,1270.977,0.0
2010-09-29,1308.5,1312.5,1305.0,1309.4000244140625,6745.0
2010-09-30,1307.800048828125,1315.199951171875,1295.699951171875,1307.199951171875,579.0
2010-10-01,1342.024,1342.024,1342.024,1342.024,0.0
2010-10-04,1342.024,1342.024,1342.024,1342.024,0.0
2010-10-05,1338.9000244140625,1341.0999755859375,1312.9000244140625,1312.9000244140625,197.0
2010-10-06,1342.024,1342.024,1342.024,1342.024,0.0
2010-10-07,1333.9000244140625,1363.0,1325.699951171875,1347.9000244140625,261.0
2010-10-08,1342.024,1342.024,1342.024,1342.024,0.0
2010-10-11,1342.024,1342.024,1342.024,1342.024,0.0
2010-10-12,1345.699951171875,1352.199951171875,1343.5999755859375,1346.9000244140625,112.0
2010-10-13,1342.024,1342.024,1342.024,1342.024,0.0
2010-10-14,1376.699951171875,1383.9000244140625,1371.300048828125,1372.800048828125,106.0
2010-10-15,1371.0999755859375,1382.4000244140625,1364.699951171875,1379.199951171875,170.0
2010-10-18,1342.024,1342.024,1342.024,1342.024,0.0
2010-10-19,1335.0999755859375,1370.5,1328.5,1366.800048828125,301.0
2010-10-20,1343.300048828125,1345.800048828125,1334.199951171875,1336.0,148.0
2010-10-21,1324.699951171875,1346.199951171875,1317.5,1344.199951171875,102.0
2010-10-22,1342.024,1342.024,1342.024,1342.024,0.0
2010-10-25,1338.300048828125,1349.0999755859375,1333.0999755859375,1333.5999755859375,194.0
2010-10-26,1338.0,1341.199951171875,1328.300048828125,1341.199951171875,195.0
2010-10-27,1322.199951171875,1341.0,1321.0999755859375,1341.0,106.0
2010-10-28,1342.0999755859375,1343.5999755859375,1325.9000244140625,1327.9000244140625,192.0
2010-10-29,1357.0999755859375,1358.699951171875,1336.800048828125,1340.199951171875,74.0
2010-11-01,1369.886,1369.886,1369.886,1369.886,0.0
2010-11-02,1356.4000244140625,1356.800048828125,1355.5,1356.800048828125,17.0
2010-11-03,1369.886,1369.886,1369.886,1369.886,0.0
2010-11-04,1369.886,1369.886,1369.886,1369.886,0.0
2010-11-05,1369.886,1369.886,1369.886,1369.886,0.0
2010-11-08,1369.886,1369.886,1369.886,1369.886,0.0
2010-11-09,1369.886,1369.886,1369.886,1369.886,0.0
2010-11-10,1399.0999755859375,1408.0999755859375,1384.0,1395.199951171875,29.0
2010-11-11,1403.0999755859375,1413.5,1397.300048828125,1400.699951171875,26.0
2010-11-12,1369.886,1369.886,1369.886,1369.886,0.0
2010-11-15,1368.4000244140625,1372.5999755859375,1355.300048828125,1363.699951171875,46.0
2010-11-16,1338.300048828125,1358.199951171875,1329.5,1356.5,67.0
2010-11-17,1336.800048828125,1341.800048828125,1331.300048828125,1336.9000244140625,50.0
2010-11-18,1352.9000244140625,1353.199951171875,1347.699951171875,1349.5,17.0
2010-11-19,1369.886,1369.886,1369.886,1369.886,0.0
2010-11-22,1369.886,1369.886,1369.886,1369.886,0.0
2010-11-23,1369.886,1369.886,1369.886,1369.886,0.0
2010-11-24,1372.9000244140625,1377.800048828125,1377.800048828125,1377.800048828125,3.0
2010-11-25,1369.886,1369.886,1369.886,1369.886,0.0
2010-11-26,1369.886,1369.886,1369.886,1369.886,0.0
2010-11-29,1366.0,1369.300048828125,1352.5999755859375,1364.0,94486.0
2010-11-30,1385.0,1390.0999755859375,1362.800048828125,1366.699951171875,11370.0
2010-12-01,1387.300048828125,1396.5999755859375,1382.300048828125,1386.800048828125,4759.0
2010-12-02,1388.5,1398.5999755859375,1383.300048828125,1387.5999755859375,1550.0
2010-12-03,1390.553,1390.553,1390.553,1390.553,0.0
2010-12-06,1390.553,1390.553,1390.553,1390.553,0.0
2010-12-07,1390.553,1390.553,1390.553,1390.553,0.0
2010-12-08,1382.5,1403.800048828125,1372.0,1402.5,1675.0
2010-12-09,1390.553,1390.553,1390.553,1390.553,0.0
2010-12-10,1384.300048828125,1392.0,1373.0999755859375,1388.9000244140625,457.0
2010-12-13,1397.300048828125,1399.199951171875,1384.5,1384.5,193.0
2010-12-14,1390.553,1390.553,1390.553,1390.553,0.0
2010-12-15,1385.5,1394.0,1379.5,1394.0,215.0
2010-12-16,1370.4000244140625,1385.0,1362.5,1380.9000244140625,228.0
2010-12-17,1378.5999755859375,1378.5999755859375,1365.9000244140625,1376.4000244140625,102.0
2010-12-20,1390.553,1390.553,1390.553,1390.553,0.0
2010-12-21,1390.553,1390.553,1390.553,1390.553,0.0
2010-12-22,1390.553,1390.553,1390.553,1390.553,0.0
2010-12-23,1380.0,1388.4000244140625,1373.699951171875,1388.4000244140625,101.0
2010-12-24,1390.553,1390.553,1390.553,1390.553,0.0
2010-12-27,1390.553,1390.553,1390.553,1390.553,0.0
2010-12-28,1405.199951171875,1406.699951171875,1389.800048828125,1389.800048828125,519.0
2010-12-29,1413.0999755859375,1412.199951171875,1402.9000244140625,1403.4000244140625,413.0
2010-12-30,1405.5999755859375,1413.800048828125,1403.0999755859375,1413.800048828125,185.0
2010-12-31,1421.0999755859375,1421.0999755859375,1405.699951171875,1405.699951171875,54.0
2011-01-03,1360.46,1360.46,1360.46,1360.46,0.0
2011-01-04,1360.46,1360.46,1360.46,1360.46,0.0
2011-01-05,1360.46,1360.46,1360.46,1360.46,0.0
2011-01-06,1371.4000244140625,1376.5,1368.9000244140625,1374.800048828125,158.0
2011-01-07,1360.46,1360.46,1360.46,1360.46,0.0
2011-01-10,1373.699951171875,1374.0,1365.699951171875,1369.0,181.0
2011-01-11,1384.0,1384.5,1373.9000244140625,1375.4000244140625,13.0
2011-01-12,1360.46,1360.46,1360.46,1360.46,0.0
2011-01-13,1386.9000244140625,1392.5,1371.4000244140625,1386.0999755859375,66.0
2011-01-14,1360.4000244140625,1376.0,1356.699951171875,1375.0,252.0
2011-01-17,1360.46,1360.46,1360.46,1360.46,0.0
2011-01-18,1368.0999755859375,1371.0,1359.199951171875,1365.0999755859375,106.0
2011-01-19,1370.199951171875,1376.199951171875,1367.0,1371.9000244140625,40.0
2011-01-20,1360.46,1360.46,1360.46,1360.46,0.0
2011-01-21,1341.0,1345.5999755859375,1338.5999755859375,1341.699951171875,20.0
2011-01-24,1344.5,1352.300048828125,1341.800048828125,1352.300048828125,2.0
2011-01-25,1332.300048828125,1331.5,1323.5999755859375,1330.4000244140625,394.0
2011-01-26,1333.0,1341.699951171875,1333.0,1333.0,4.0
2011-01-27,1318.4000244140625,1342.0,1318.4000244140625,1342.0,210699.0
2011-01-28,1340.699951171875,1346.5999755859375,1307.699951171875,1314.0,73023.0
2011-01-31,1333.800048828125,1345.9000244140625,1323.300048828125,1339.0,13657.0
2011-02-01,1339.5999755859375,1342.9000244140625,1325.300048828125,1333.0999755859375,3180.0
2011-02-02,1331.5,1344.0,1327.0,1344.0,1363.0
2011-02-03,1374.68,1374.68,1374.68,1374.68,0.0
2011-02-04,1374.68,1374.68,1374.68,1374.68,0.0
2011-02-07,1347.5999755859375,1353.800048828125,1343.800048828125,1345.800048828125,1004.0
2011-02-08,1374.68,1374.68,1374.68,1374.68,0.0
2011-02-09,1374.68,1374.68,1374.68,1374.68,0.0
2011-02-10,1361.9000244140625,1364.5,1351.699951171875,1364.300048828125,312.0
2011-02-11,1359.9000244140625,1368.800048828125,1355.199951171875,1364.0,488.0
2011-02-14,1374.68,1374.68,1374.68,1374.68,0.0
2011-02-15,1373.5999755859375,1376.0,1361.5999755859375,1361.5999755859375,321.0
2011-02-16,1374.699951171875,1382.0,1370.5,1373.5999755859375,156.0
2011-02-17,1374.68,1374.68,1374.68,1374.68,0.0
2011-02-18,1374.68,1374.68,1374.68,1374.68,0.0
2011-02-21,1374.68,1374.68,1374.68,1374.68,0.0
2011-02-22,1400.5,1408.699951171875,1395.0999755859375,1395.0999755859375,430.0
2011-02-23,1374.68,1374.68,1374.68,1374.68,0.0
2011-02-24,1374.68,1374.68,1374.68,1374.68,0.0
2011-02-25,1374.68,1374.68,1374.68,1374.68,0.0
2011-02-28,1409.300048828125,1415.699951171875,1407.699951171875,1410.699951171875,205.0
2011-03-01,1430.699951171875,1434.4000244140625,1415.300048828125,1415.300048828125,116.0
2011-03-02,1437.199951171875,1440.5,1428.800048828125,1432.5,1600.0
2011-03-03,1423.26,1423.26,1423.26,1423.26,0.0
2011-03-04,1428.199951171875,1429.800048828125,1416.800048828125,1418.9000244140625,60.0
2011-03-07,1423.26,1423.26,1423.26,1423.26,0.0
2011-03-08,1426.9000244140625,1432.5999755859375,1424.300048828125,1431.5999755859375,198.0
2011-03-09,1429.300048828125,1435.699951171875,1426.0999755859375,1430.0,98.0
2011-03-10,1412.199951171875,1429.800048828125,1403.800048828125,1429.5,23.0
2011-03-11,1421.5,1422.5999755859375,1404.9000244140625,1413.699951171875,23.0
2011-03-14,1424.5999755859375,1427.699951171875,1420.0,1420.0,58.0
2011-03-15,1392.5999755859375,1413.300048828125,1385.5,1413.300048828125,20.0
2011-03-16,1396.0,1404.199951171875,1394.300048828125,1398.0,38.0
2011-03-17,1404.0,1393.5999755859375,1387.699951171875,1387.699951171875,27.0
2011-03-18,1415.9000244140625,1419.300048828125,1406.4000244140625,1406.4000244140625,6.0
2011-03-21,1426.199951171875,1433.5,1430.800048828125,1433.5,43.0
2011-03-22,1427.5,1430.4000244140625,1430.4000244140625,1430.4000244140625,85.0
2011-03-23,1437.9000244140625,1439.699951171875,1432.199951171875,1432.199951171875,19.0
2011-03-24,1423.26,1423.26,1423.26,1423.26,0.0
2011-03-25,1426.0999755859375,1436.0,1436.0,1436.0,1.0
2011-03-28,1423.26,1423.26,1423.26,1423.26,0.0
2011-03-29,1423.26,1423.26,1423.26,1423.26,0.0
2011-03-30,1423.800048828125,1430.300048828125,1412.0,1418.699951171875,47011.0
2011-03-31,1438.9000244140625,1440.0,1420.699951171875,1423.300048828125,8230.0
2011-04-01,1428.0999755859375,1436.5,1413.0,1433.4000244140625,5318.0
2011-04-04,1432.199951171875,1439.0999755859375,1428.800048828125,1429.0999755859375,683.0
2011-04-05,1451.800048828125,1457.5999755859375,1430.300048828125,1437.9000244140625,2609.0
2011-04-06,1480.89,1480.89,1480.89,1480.89,0.0
2011-04-07,1480.89,1480.89,1480.89,1480.89,0.0
2011-04-08,1473.4000244140625,1475.5,1457.5,1457.5999755859375,1407.0
2011-04-11,1467.4000244140625,1476.0,1459.699951171875,1476.0,378.0
2011-04-12,1452.9000244140625,1467.199951171875,1444.4000244140625,1461.800048828125,345.0
2011-04-13,1480.89,1480.89,1480.89,1480.89,0.0
2011-04-14,1471.699951171875,1476.0,1452.699951171875,1456.800048828125,535.0
2011-04-15,1485.300048828125,1487.5,1473.199951171875,1477.5999755859375,293.0
2011-04-18,1480.89,1480.89,1480.89,1480.89,0.0
2011-04-19,1494.5,1499.5,1489.0,1493.300048828125,168.0
2011-04-20,1498.300048828125,1505.300048828125,1494.0,1494.0,386.0
2011-04-21,1480.89,1480.89,1480.89,1480.89,0.0
2011-04-22,1480.89,1480.89,1480.89,1480.89,0.0
2011-04-25,1480.89,1480.89,1480.89,1480.89,0.0
2011-04-26,1480.89,1480.89,1480.89,1480.89,0.0
2011-04-27,1480.89,1480.89,1480.89,1480.89,0.0
2011-04-28,1530.800048828125,1536.0,1526.5999755859375,1528.5999755859375,425.0
2011-04-29,1556.0,1568.699951171875,1537.300048828125,1538.699951171875,124.0
2011-05-02,1556.699951171875,1576.5999755859375,1543.0999755859375,1572.9000244140625,200.0
2011-05-03,1512.58,1512.58,1512.58,1512.58,0.0
2011-05-04,1514.9000244140625,1539.0,1506.199951171875,1535.0,272.0
2011-05-05,1480.9000244140625,1520.699951171875,1471.0,1514.699951171875,133.0
2011-05-06,1491.199951171875,1494.800048828125,1472.300048828125,1473.199951171875,144.0
2011-05-09,1502.9000244140625,1512.800048828125,1501.300048828125,1501.5,44.0
2011-05-10,1512.58,1512.58,1512.58,1512.58,0.0
2011-05-11,1501.0999755859375,1524.0999755859375,1495.199951171875,1524.0,30.0
2011-05-12,1512.58,1512.58,1512.58,1512.58,0.0
2011-05-13,1493.4000244140625,1511.300048828125,1490.199951171875,1503.5,16.0
2011-05-16,1490.4000244140625,1494.9000244140625,1489.300048828125,1489.300048828125,10.0
2011-05-17,1479.800048828125,1491.800048828125,1473.0,1489.800048828125,41.0
2011-05-18,1495.5999755859375,1497.0,1496.300048828125,1496.4000244140625,82.0
2011-05-19,1492.199951171875,1491.5,1491.5,1491.5,1.0
2011-05-20,1512.58,1512.58,1512.58,1512.58,0.0
2011-05-23,1512.58,1512.58,1512.58,1512.58,0.0
2011-05-24,1523.199951171875,1527.0999755859375,1521.9000244140625,1527.0999755859375,4.0
2011-05-25,1526.5999755859375,1527.5,1526.0999755859375,1526.4000244140625,10.0
2011-05-26,1522.800048828125,1521.199951171875,1519.5,1521.199951171875,186986.0
2011-05-27,1536.300048828125,1538.5,1518.4000244140625,1519.4000244140625,76719.0
2011-05-30,1512.58,1512.58,1512.58,1512.58,0.0
2011-05-31,1535.9000244140625,1541.0999755859375,1532.4000244140625,1536.699951171875,6152.0
2011-06-01,1542.4000244140625,1550.5999755859375,1529.699951171875,1535.699951171875,2845.0
2011-06-02,1529.36,1529.36,1529.36,1529.36,0.0
2011-06-03,1529.36,1529.36,1529.36,1529.36,0.0
2011-06-06,1546.5,1553.9000244140625,1542.0,1542.9000244140625,691.0
2011-06-07,1543.300048828125,1549.9000244140625,1537.199951171875,1545.0,2530.0
2011-06-08,1538.0999755859375,1544.199951171875,1531.300048828125,1544.199951171875,489.0
2011-06-09,1529.36,1529.36,1529.36,1529.36,0.0
2011-06-10,1529.36,1529.36,1529.36,1529.36,0.0
2011-06-13,1515.0,1533.0,1511.300048828125,1528.0999755859375,851.0
2011-06-14,1523.800048828125,1526.199951171875,1513.0999755859375,1517.199951171875,306.0
2011-06-15,1525.5999755859375,1533.4000244140625,1515.0,1525.0,648.0
2011-06-16,1529.300048828125,1531.199951171875,1522.0,1526.0,164.0
2011-06-17,1529.36,1529.36,1529.36,1529.36,0.0
2011-06-20,1529.36,1529.36,1529.36,1529.36,0.0
2011-06-21,1546.0,1547.5,1540.0,1540.0999755859375,125.0
2011-06-22,1552.9000244140625,1558.5,1544.4000244140625,1547.199951171875,222.0
2011-06-23,1520.0999755859375,1547.199951171875,1514.699951171875,1547.199951171875,300.0
2011-06-24,1529.36,1529.36,1529.36,1529.36,0.0
2011-06-27,1496.0,1503.5,1490.699951171875,1503.5,140.0
2011-06-28,1529.36,1529.36,1529.36,1529.36,0.0
2011-06-29,1529.36,1529.36,1529.36,1529.36,0.0
2011-06-30,1529.36,1529.36,1529.36,1529.36,0.0
2011-07-01,1482.300048828125,1502.199951171875,1480.0,1502.199951171875,66.0
2011-07-04,1572.75,1572.75,1572.75,1572.75,0.0
2011-07-05,1572.75,1572.75,1572.75,1572.75,0.0
2011-07-06,1528.699951171875,1531.5,1510.300048828125,1513.699951171875,71.0
2011-07-07,1572.75,1572.75,1572.75,1572.75,0.0
2011-07-08,1541.199951171875,1542.5999755859375,1526.5999755859375,1527.0,3.0
2011-07-11,1572.75,1572.75,1572.75,1572.75,0.0
2011-07-12,1572.75,1572.75,1572.75,1572.75,0.0
2011-07-13,1572.75,1572.75,1572.75,1572.75,0.0
2011-07-14,1589.0,1592.800048828125,1583.5999755859375,1586.300048828125,19.0
2011-07-15,1589.800048828125,1592.199951171875,1582.300048828125,1582.300048828125,8.0
2011-07-18,1572.75,1572.75,1572.75,1572.75,0.0
2011-07-19,1600.9000244140625,1608.800048828125,1583.300048828125,1608.0999755859375,63.0
2011-07-20,1572.75,1572.75,1572.75,1572.75,0.0
2011-07-21,1572.75,1572.75,1572.75,1572.75,0.0
2011-07-22,1572.75,1572.75,1572.75,1572.75,0.0
2011-07-25,1612.0,1619.4000244140625,1610.0,1610.0,67.0
2011-07-26,1572.75,1572.75,1572.75,1572.75,0.0
2011-07-27,1615.0,1619.699951171875,1617.0,1619.699951171875,232220.0
2011-07-28,1613.4000244140625,1620.5999755859375,1602.800048828125,1614.199951171875,70263.0
2011-07-29,1572.75,1572.75,1572.75,1572.75,0.0
2011-08-01,1759.01,1759.01,1759.01,1759.01,0.0
2011-08-02,1759.01,1759.01,1759.01,1759.01,0.0
2011-08-03,1759.01,1759.01,1759.01,1759.01,0.0
2011-08-04,1759.01,1759.01,1759.01,1759.01,0.0
2011-08-05,1648.800048828125,1666.0999755859375,1642.699951171875,1647.5,825.0
2011-08-08,1759.01,1759.01,1759.01,1759.01,0.0
2011-08-09,1740.0,1779.0,1720.0999755859375,1722.5,1861.0
2011-08-10,1781.300048828125,1795.5999755859375,1741.300048828125,1744.0,969.0
2011-08-11,1748.800048828125,1813.5,1733.300048828125,1795.0999755859375,1503.0
2011-08-12,1740.199951171875,1764.199951171875,1723.800048828125,1760.5999755859375,1166.0
2011-08-15,1755.5,1765.199951171875,1730.5,1734.9000244140625,976.0
2011-08-16,1759.01,1759.01,1759.01,1759.01,0.0
2011-08-17,1759.01,1759.01,1759.01,1759.01,0.0
2011-08-18,1818.9000244140625,1828.5,1785.5,1786.5,868.0
2011-08-19,1759.01,1759.01,1759.01,1759.01,0.0
2011-08-22,1888.699951171875,1895.0,1858.4000244140625,1868.5999755859375,1106.0
2011-08-23,1858.300048828125,1909.300048828125,1824.5999755859373,1909.0,458.0
2011-08-24,1759.01,1759.01,1759.01,1759.01,0.0
2011-08-25,1759.01,1759.01,1759.01,1759.01,0.0
2011-08-26,1759.01,1759.01,1759.01,1759.01,0.0
2011-08-29,1788.4000244140625,1817.9000244140625,1786.699951171875,1817.9000244140625,828.0
2011-08-30,1759.01,1759.01,1759.01,1759.01,0.0
2011-08-31,1828.5,1837.9000244140625,1811.4000244140625,1830.5999755859373,336.0
2011-09-01,1826.0,1829.5,1814.4000244140625,1825.800048828125,263.0
2011-09-02,1873.699951171875,1884.199951171875,1828.5999755859373,1828.5999755859373,442.0
2011-09-05,1772.14,1772.14,1772.14,1772.14,0.0
2011-09-06,1869.9000244140625,1911.5999755859373,1864.0,1886.300048828125,536.0
2011-09-07,1814.199951171875,1873.699951171875,1792.800048828125,1868.9000244140625,470.0
2011-09-08,1772.14,1772.14,1772.14,1772.14,0.0
2011-09-09,1856.4000244140625,1881.300048828125,1830.0,1858.0999755859375,188.0
2011-09-12,1809.9000244140625,1852.4000244140625,1806.0,1852.4000244140625,245.0
2011-09-13,1826.800048828125,1835.300048828125,1808.0999755859373,1817.800048828125,52.0
2011-09-14,1823.5,1843.0,1809.0,1843.0,156.0
2011-09-15,1772.14,1772.14,1772.14,1772.14,0.0
2011-09-16,1772.14,1772.14,1772.14,1772.14,0.0
2011-09-19,1772.14,1772.14,1772.14,1772.14,0.0
2011-09-20,1772.14,1772.14,1772.14,1772.14,0.0
2011-09-21,1805.5,1811.699951171875,1782.800048828125,1808.0,22.0
2011-09-22,1739.199951171875,1773.199951171875,1730.9000244140625,1773.199951171875,23.0
2011-09-23,1637.5,1737.300048828125,1636.300048828125,1737.300048828125,81.0
2011-09-26,1592.5,1661.800048828125,1562.4000244140625,1646.4000244140625,151.0
2011-09-27,1772.14,1772.14,1772.14,1772.14,0.0
2011-09-28,1772.14,1772.14,1772.14,1772.14,0.0
2011-09-29,1772.14,1772.14,1772.14,1772.14,0.0
2011-09-30,1620.4000244140625,1639.4000244140625,1609.4000244140625,1620.800048828125,284.0
2011-10-03,1666.43,1666.43,1666.43,1666.43,0.0
2011-10-04,1614.699951171875,1678.0999755859375,1596.5999755859375,1661.0,159.0
2011-10-05,1666.43,1666.43,1666.43,1666.43,0.0
2011-10-06,1651.9000244140625,1654.699951171875,1637.5999755859375,1642.5999755859375,38.0
2011-10-07,1634.5,1665.0,1626.199951171875,1657.0,66.0
2011-10-10,1669.5999755859375,1676.800048828125,1645.5999755859375,1645.5999755859375,61.0
2011-10-11,1659.699951171875,1685.0,1657.5999755859375,1685.0,151.0
2011-10-12,1681.300048828125,1691.0,1667.0999755859375,1667.0999755859375,37.0
2011-10-13,1667.300048828125,1678.800048828125,1656.199951171875,1676.0999755859375,148.0
2011-10-14,1666.43,1666.43,1666.43,1666.43,0.0
2011-10-17,1666.43,1666.43,1666.43,1666.43,0.0
2011-10-18,1666.43,1666.43,1666.43,1666.43,0.0
2011-10-19,1666.43,1666.43,1666.43,1666.43,0.0
2011-10-20,1611.9000244140625,1643.199951171875,1608.699951171875,1643.199951171875,92.0
2011-10-21,1635.0999755859375,1647.4000244140625,1626.0999755859375,1626.0999755859375,32.0
2011-10-24,1651.5,1657.800048828125,1646.199951171875,1646.199951171875,313.0
2011-10-25,1699.5999755859375,1706.800048828125,1645.0,1645.0,355.0
2011-10-26,1722.699951171875,1723.5999755859375,1708.9000244140625,1717.0,135.0
2011-10-27,1746.699951171875,1735.5,1717.800048828125,1717.800048828125,494.0
2011-10-28,1666.43,1666.43,1666.43,1666.43,0.0
2011-10-31,1724.199951171875,1741.9000244140625,1717.0,1741.9000244140625,62.0
2011-11-01,1739.0,1739.0,1739.0,1739.0,0.0
2011-11-02,1728.699951171875,1741.4000244140625,1723.199951171875,1724.300048828125,294.0
2011-11-03,1739.0,1739.0,1739.0,1739.0,0.0
2011-11-04,1739.0,1739.0,1739.0,1739.0,0.0
2011-11-07,1739.0,1739.0,1739.0,1739.0,0.0
2011-11-08,1739.0,1739.0,1739.0,1739.0,0.0
2011-11-09,1739.0,1739.0,1739.0,1739.0,0.0
2011-11-10,1739.0,1739.0,1739.0,1739.0,0.0
2011-11-11,1787.5,1789.0999755859375,1777.0,1777.0,28.0
2011-11-14,1739.0,1739.0,1739.0,1739.0,0.0
2011-11-15,1781.699951171875,1783.0999755859375,1761.300048828125,1779.199951171875,18.0
2011-11-16,1739.0,1739.0,1739.0,1739.0,0.0
2011-11-17,1719.800048828125,1755.300048828125,1714.0,1755.300048828125,54.0
2011-11-18,1724.699951171875,1736.0,1719.0,1725.0,14.0
2011-11-21,1678.300048828125,1704.5999755859375,1674.4000244140625,1704.5999755859375,9.0
2011-11-22,1702.199951171875,1702.199951171875,1675.4000244140625,1675.4000244140625,13.0
2011-11-23,1739.0,1739.0,1739.0,1739.0,0.0
2011-11-24,1739.0,1739.0,1739.0,1739.0,0.0
2011-11-25,1685.5,1693.5,1675.300048828125,1690.0999755859375,28.0
2011-11-28,1739.0,1739.0,1739.0,1739.0,0.0
2011-11-29,1739.0,1739.0,1739.0,1739.0,0.0
2011-11-30,1745.5,1749.199951171875,1699.9000244140625,1714.0,15463.0
2011-12-01,1735.300048828125,1753.300048828125,1734.5,1747.0,1350.0
2011-12-02,1747.0,1762.9000244140625,1741.5999755859375,1744.800048828125,1067.0
2011-12-05,1730.699951171875,1752.5999755859375,1718.699951171875,1748.9000244140625,756.0
2011-12-06,1727.9000244140625,1731.800048828125,1703.0,1722.0999755859375,648.0
2011-12-07,1740.9000244140625,1741.9000244140625,1720.0,1730.5999755859375,300.0
2011-12-08,1709.800048828125,1752.300048828125,1705.4000244140625,1742.0,942.0
2011-12-09,1712.800048828125,1720.699951171875,1705.699951171875,1713.300048828125,568.0
2011-12-12,1664.199951171875,1708.199951171875,1658.5,1707.5,894.0
2011-12-13,1659.9000244140625,1671.800048828125,1628.0,1654.699951171875,274.0
2011-12-14,1639.97,1639.97,1639.97,1639.97,0.0
2011-12-15,1639.97,1639.97,1639.97,1639.97,0.0
2011-12-16,1639.97,1639.97,1639.97,1639.97,0.0
2011-12-19,1594.4000244140625,1603.4000244140625,1589.699951171875,1596.4000244140625,92.0
2011-12-20,1615.5999755859375,1617.0,1596.4000244140625,1596.4000244140625,215.0
2011-12-21,1611.9000244140625,1635.0,1608.300048828125,1615.5999755859375,38.0
2011-12-22,1608.9000244140625,1610.0,1601.9000244140625,1608.800048828125,599.0
2011-12-23,1604.699951171875,1612.800048828125,1604.699951171875,1612.0,62.0
2011-12-26,1639.97,1639.97,1639.97,1639.97,0.0
2011-12-27,1594.199951171875,1599.0,1592.5999755859375,1599.0,52.0
2011-12-28,1562.9000244140625,1588.5999755859375,1561.300048828125,1584.9000244140625,763.0
2011-12-29,1539.9000244140625,1559.300048828125,1525.0,1559.300048828125,866.0
2011-12-30,1565.800048828125,1579.5,1547.9000244140625,1549.4000244140625,289.0
2012-01-02,1654.05,1654.05,1654.05,1654.05,0.0
2012-01-03,1654.05,1654.05,1654.05,1654.05,0.0
2012-01-04,1654.05,1654.05,1654.05,1654.05,0.0
2012-01-05,1619.4000244140625,1624.0999755859375,1597.800048828125,1610.800048828125,362.0
2012-01-06,1616.0999755859375,1627.800048828125,1616.0999755859375,1622.5,20.0
2012-01-09,1607.5,1620.0999755859375,1607.5,1614.300048828125,8.0
2012-01-10,1631.0,1638.0,1619.9000244140625,1619.9000244140625,47.0
2012-01-11,1639.199951171875,1645.4000244140625,1633.800048828125,1634.800048828125,65.0
2012-01-12,1647.300048828125,1656.0999755859375,1645.199951171875,1645.199951171875,84.0
2012-01-13,1630.4000244140625,1643.4000244140625,1630.4000244140625,1638.9000244140625,368.0
2012-01-16,1654.05,1654.05,1654.05,1654.05,0.0
2012-01-17,1654.05,1654.05,1654.05,1654.05,0.0
2012-01-18,1659.5,1660.300048828125,1654.0,1654.0,11.0
2012-01-19,1654.0999755859375,1664.4000244140625,1653.5,1663.0,58.0
2012-01-20,1663.699951171875,1664.300048828125,1652.800048828125,1652.800048828125,8.0
2012-01-23,1678.0,1680.0,1669.9000244140625,1676.9000244140625,10.0
2012-01-24,1664.199951171875,1668.199951171875,1664.199951171875,1666.9000244140625,5.0
2012-01-25,1654.05,1654.05,1654.05,1654.05,0.0
2012-01-26,1654.05,1654.05,1654.05,1654.05,0.0
2012-01-27,1731.800048828125,1734.0999755859375,1727.0,1727.0,175023.0
2012-01-30,1731.0,1739.9000244140625,1715.699951171875,1737.199951171875,53427.0
2012-01-31,1654.05,1654.05,1654.05,1654.05,0.0
2012-02-01,1747.0999755859375,1751.0999755859375,1734.0,1738.199951171875,2027.0
2012-02-02,1756.800048828125,1761.0999755859375,1742.9000244140625,1745.0999755859375,2062.0
2012-02-03,1744.82,1744.82,1744.82,1744.82,0.0
2012-02-06,1722.800048828125,1738.300048828125,1713.300048828125,1728.0,726.0
2012-02-07,1746.4000244140625,1748.0,1713.199951171875,1722.0,272.0
2012-02-08,1744.82,1744.82,1744.82,1744.82,0.0
2012-02-09,1739.0,1749.699951171875,1726.0999755859375,1731.4000244140625,119.0
2012-02-10,1723.300048828125,1734.4000244140625,1706.4000244140625,1732.699951171875,248.0
2012-02-13,1723.0,1733.0,1718.4000244140625,1725.0,104.0
2012-02-14,1744.82,1744.82,1744.82,1744.82,0.0
2012-02-15,1726.300048828125,1737.0,1723.5999755859375,1723.5999755859375,110.0
2012-02-16,1726.800048828125,1728.4000244140625,1707.0,1718.4000244140625,38.0
2012-02-17,1744.82,1744.82,1744.82,1744.82,0.0
2012-02-20,1744.82,1744.82,1744.82,1744.82,0.0
2012-02-21,1744.82,1744.82,1744.82,1744.82,0.0
2012-02-22,1744.82,1744.82,1744.82,1744.82,0.0
2012-02-23,1744.82,1744.82,1744.82,1744.82,0.0
2012-02-24,1744.82,1744.82,1744.82,1744.82,0.0
2012-02-27,1773.5999755859375,1775.5999755859375,1768.0999755859375,1773.5999755859375,841.0
2012-02-28,1787.0,1789.4000244140625,1767.9000244140625,1767.9000244140625,306.0
2012-02-29,1744.82,1744.82,1744.82,1744.82,0.0
2012-03-01,1675.95,1675.95,1675.95,1675.95,0.0
2012-03-02,1708.800048828125,1723.0,1705.199951171875,1723.0,135.0
2012-03-05,1703.0,1709.5,1695.4000244140625,1705.5,421.0
2012-03-06,1671.4000244140625,1708.699951171875,1666.0,1708.699951171875,176.0
2012-03-07,1683.300048828125,1684.0,1673.0999755859375,1676.0,39.0
2012-03-08,1698.0999755859375,1702.4000244140625,1686.4000244140625,1686.4000244140625,301.0
2012-03-09,1675.95,1675.95,1675.95,1675.95,0.0
2012-03-12,1675.95,1675.95,1675.95,1675.95,0.0
2012-03-13,1693.699951171875,1698.4000244140625,1685.0999755859375,1698.4000244140625,47.0
2012-03-14,1675.95,1675.95,1675.95,1675.95,0.0
2012-03-15,1659.0999755859375,1660.199951171875,1640.0,1646.300048828125,405.0
2012-03-16,1655.5,1661.4000244140625,1641.300048828125,1660.0,317.0
2012-03-19,1666.9000244140625,1668.0,1652.0999755859375,1661.199951171875,462.0
2012-03-20,1646.699951171875,1652.300048828125,1642.0,1648.0999755859375,250.0
2012-03-21,1675.95,1675.95,1675.95,1675.95,0.0
2012-03-22,1642.300048828125,1649.4000244140625,1633.800048828125,1648.0,321.0
2012-03-23,1675.95,1675.95,1675.95,1675.95,0.0
2012-03-26,1675.95,1675.95,1675.95,1675.95,0.0
2012-03-27,1675.95,1675.95,1675.95,1675.95,0.0
2012-03-28,1657.9000244140625,1670.0999755859375,1657.9000244140625,1670.0999755859375,193107.0
2012-03-29,1675.95,1675.95,1675.95,1675.95,0.0
2012-03-30,1675.95,1675.95,1675.95,1675.95,0.0
2012-04-02,1649.2,1649.2,1649.2,1649.2,0.0
2012-04-03,1670.0,1679.5,1638.699951171875,1677.5999755859375,1165.0
2012-04-04,1612.300048828125,1647.0,1612.300048828125,1646.5,1122.0
2012-04-05,1628.5,1633.199951171875,1620.4000244140625,1620.800048828125,289.0
2012-04-06,1649.2,1649.2,1649.2,1649.2,0.0
2012-04-09,1642.5,1646.4000244140625,1636.5,1645.300048828125,158.0
2012-04-10,1649.2,1649.2,1649.2,1649.2,0.0
2012-04-11,1659.0,1659.699951171875,1654.699951171875,1654.800048828125,426.0
2012-04-12,1649.2,1649.2,1649.2,1649.2,0.0
2012-04-13,1649.2,1649.2,1649.2,1649.2,0.0
2012-04-16,1648.699951171875,1656.800048828125,1641.199951171875,1650.800048828125,717.0
2012-04-17,1649.2,1649.2,1649.2,1649.2,0.0
2012-04-18,1638.800048828125,1653.300048828125,1638.0999755859375,1653.199951171875,273.0
2012-04-19,1640.5999755859375,1653.0999755859375,1632.0,1642.0999755859375,77.0
2012-04-20,1642.0999755859375,1645.5999755859375,1640.9000244140625,1641.699951171875,54.0
2012-04-23,1631.9000244140625,1642.4000244140625,1625.0999755859375,1642.4000244140625,226.0
2012-04-24,1643.0,1648.5999755859375,1634.4000244140625,1634.4000244140625,123.0
2012-04-25,1649.2,1649.2,1649.2,1649.2,0.0
2012-04-26,1649.2,1649.2,1649.2,1649.2,0.0
2012-04-27,1664.0,1666.9000244140625,1654.0,1654.5,236.0
2012-04-30,1649.2,1649.2,1649.2,1649.2,0.0
2012-05-01,1661.699951171875,1670.5,1661.699951171875,1665.0,25.0
2012-05-02,1589.04,1589.04,1589.04,1589.04,0.0
2012-05-03,1634.199951171875,1652.199951171875,1631.300048828125,1651.199951171875,78.0
2012-05-04,1644.699951171875,1645.5999755859375,1629.4000244140625,1635.699951171875,68.0
2012-05-07,1638.5999755859375,1640.0,1632.5999755859375,1637.9000244140625,21.0
2012-05-08,1589.04,1589.04,1589.04,1589.04,0.0
2012-05-09,1589.04,1589.04,1589.04,1589.04,0.0
2012-05-10,1589.04,1589.04,1589.04,1589.04,0.0
2012-05-11,1589.04,1589.04,1589.04,1589.04,0.0
2012-05-14,1560.5999755859375,1563.0999755859375,1555.5,1563.0,5.0
2012-05-15,1556.800048828125,1558.300048828125,1542.4000244140625,1555.4000244140625,28.0
2012-05-16,1536.199951171875,1541.4000244140625,1528.5,1541.4000244140625,26.0
2012-05-17,1589.04,1589.04,1589.04,1589.04,0.0
2012-05-18,1589.04,1589.04,1589.04,1589.04,0.0
2012-05-21,1589.04,1589.04,1589.04,1589.04,0.0
2012-05-22,1589.04,1589.04,1589.04,1589.04,0.0
2012-05-23,1548.0999755859375,1548.0999755859375,1534.4000244140625,1538.199951171875,6.0
2012-05-24,1557.300048828125,1569.4000244140625,1551.5,1559.0,23.0
2012-05-25,1568.800048828125,1568.800048828125,1557.300048828125,1558.199951171875,7.0
2012-05-28,1589.04,1589.04,1589.04,1589.04,0.0
2012-05-29,1548.5999755859375,1582.5,1548.5999755859375,1574.699951171875,259050.0
2012-05-30,1563.4000244140625,1569.0,1530.4000244140625,1553.9000244140625,79887.0
2012-05-31,1562.5999755859375,1572.5999755859375,1551.800048828125,1562.699951171875,5901.0
2012-06-01,1620.5,1630.0,1545.5,1560.0,2820.0
2012-06-04,1612.199951171875,1627.9000244140625,1609.0,1623.0,2134.0
2012-06-05,1615.199951171875,1622.699951171875,1612.9000244140625,1619.300048828125,604.0
2012-06-06,1632.800048828125,1639.699951171875,1616.5,1619.699951171875,419.0
2012-06-07,1586.5999755859375,1627.199951171875,1581.9000244140625,1622.5999755859375,1200.0
2012-06-08,1590.0999755859375,1593.9000244140625,1566.5,1589.9000244140625,157.0
2012-06-11,1595.5,1608.0,1583.0,1608.0,129.0
2012-06-12,1612.699951171875,1612.800048828125,1588.5,1594.0999755859375,523.0
2012-06-13,1618.0999755859375,1622.4000244140625,1608.199951171875,1608.199951171875,655.0
2012-06-14,1618.4000244140625,1626.4000244140625,1610.0999755859375,1621.199951171875,493.0
2012-06-15,1598.76,1598.76,1598.76,1598.76,0.0
2012-06-18,1625.699951171875,1627.5999755859375,1615.0,1622.5999755859375,246.0
2012-06-19,1622.199951171875,1630.699951171875,1622.0,1629.800048828125,32.0
2012-06-20,1598.76,1598.76,1598.76,1598.76,0.0
2012-06-21,1598.76,1598.76,1598.76,1598.76,0.0
2012-06-22,1566.0,1568.4000244140625,1560.0,1565.5,16.0
2012-06-25,1587.5,1587.5,1571.0,1574.9000244140625,32.0
2012-06-26,1598.76,1598.76,1598.76,1598.76,0.0
2012-06-27,1577.5,1577.5,1563.0,1567.0,220.0
2012-06-28,1549.699951171875,1573.699951171875,1548.4000244140625,1573.699951171875,133.0
2012-06-29,1603.5,1603.5,1561.9000244140625,1562.5999755859375,61.0
2012-07-02,1594.29,1594.29,1594.29,1594.29,0.0
2012-07-03,1621.300048828125,1624.0,1603.800048828125,1603.800048828125,44.0
2012-07-04,1594.29,1594.29,1594.29,1594.29,0.0
2012-07-05,1594.29,1594.29,1594.29,1594.29,0.0
2012-07-06,1578.4000244140625,1593.800048828125,1578.4000244140625,1592.300048828125,15.0
2012-07-09,1588.5999755859375,1588.5999755859375,1580.9000244140625,1582.0999755859375,5.0
2012-07-10,1579.300048828125,1599.800048828125,1567.5999755859375,1599.199951171875,12.0
2012-07-11,1594.29,1594.29,1594.29,1594.29,0.0
2012-07-12,1564.9000244140625,1574.699951171875,1557.199951171875,1569.300048828125,44.0
2012-07-13,1591.5999755859375,1594.0999755859375,1567.800048828125,1567.800048828125,26.0
2012-07-16,1594.29,1594.29,1594.29,1594.29,0.0
2012-07-17,1594.29,1594.29,1594.29,1594.29,0.0
2012-07-18,1570.4000244140625,1583.699951171875,1569.9000244140625,1581.199951171875,30.0
2012-07-19,1580.0999755859375,1586.9000244140625,1578.4000244140625,1580.0,60.0
2012-07-20,1594.29,1594.29,1594.29,1594.29,0.0
2012-07-23,1577.0999755859375,1577.0999755859375,1569.800048828125,1571.699951171875,4.0
2012-07-24,1576.0,1581.9000244140625,1574.0,1574.0,9.0
2012-07-25,1608.0,1608.0,1583.300048828125,1583.699951171875,12.0
2012-07-26,1615.0,1615.0,1614.0999755859375,1614.9000244140625,7.0
2012-07-27,1594.29,1594.29,1594.29,1594.29,0.0
2012-07-30,1594.29,1594.29,1594.29,1594.29,0.0
2012-07-31,1594.29,1594.29,1594.29,1594.29,0.0
2012-08-01,1603.699951171875,1617.199951171875,1592.0,1613.4000244140625,3530.0
2012-08-02,1587.4000244140625,1615.0,1583.0999755859375,1600.0,933.0
2012-08-03,1606.0,1606.0,1585.0999755859375,1589.300048828125,676.0
2012-08-06,1630.31,1630.31,1630.31,1630.31,0.0
2012-08-07,1609.699951171875,1615.699951171875,1609.300048828125,1610.800048828125,449.0
2012-08-08,1612.9000244140625,1614.800048828125,1603.0,1610.199951171875,341.0
2012-08-09,1617.0999755859375,1617.199951171875,1610.0999755859375,1612.800048828125,433.0
2012-08-10,1619.699951171875,1624.0999755859375,1605.0,1615.800048828125,1219.0
2012-08-13,1609.5999755859375,1623.699951171875,1607.300048828125,1622.0,402.0
2012-08-14,1630.31,1630.31,1630.31,1630.31,0.0
2012-08-15,1603.699951171875,1604.5999755859375,1592.0,1593.800048828125,280.0
2012-08-16,1630.31,1630.31,1630.31,1630.31,0.0
2012-08-17,1630.31,1630.31,1630.31,1630.31,0.0
2012-08-20,1630.31,1630.31,1630.31,1630.31,0.0
2012-08-21,1630.31,1630.31,1630.31,1630.31,0.0
2012-08-22,1630.31,1630.31,1630.31,1630.31,0.0
2012-08-23,1669.5999755859375,1672.699951171875,1658.0,1659.9000244140625,141.0
2012-08-24,1669.800048828125,1669.800048828125,1662.199951171875,1665.800048828125,24.0
2012-08-27,1630.31,1630.31,1630.31,1630.31,0.0
2012-08-28,1666.5,1671.0,1659.199951171875,1659.9000244140625,51.0
2012-08-29,1659.800048828125,1667.300048828125,1659.800048828125,1667.199951171875,403.0
2012-08-30,1630.31,1630.31,1630.31,1630.31,0.0
2012-08-31,1684.5999755859375,1690.0,1646.199951171875,1658.5999755859375,58.0
2012-09-03,1744.81,1744.81,1744.81,1744.81,0.0
2012-09-04,1744.81,1744.81,1744.81,1744.81,0.0
2012-09-05,1744.81,1744.81,1744.81,1744.81,0.0
2012-09-06,1744.81,1744.81,1744.81,1744.81,0.0
2012-09-07,1744.81,1744.81,1744.81,1744.81,0.0
2012-09-10,1728.699951171875,1733.5,1727.199951171875,1733.0999755859375,14.0
2012-09-11,1731.800048828125,1736.0,1731.800048828125,1736.0,2.0
2012-09-12,1730.5999755859375,1742.300048828125,1730.5,1742.199951171875,15.0
2012-09-13,1769.0999755859375,1769.0999755859375,1728.699951171875,1728.699951171875,33.0
2012-09-14,1769.800048828125,1774.5,1766.0,1771.0,25.0
2012-09-17,1767.699951171875,1774.800048828125,1753.800048828125,1774.800048828125,54.0
2012-09-18,1768.4000244140625,1768.4000244140625,1766.300048828125,1766.300048828125,13.0
2012-09-19,1744.81,1744.81,1744.81,1744.81,0.0
2012-09-20,1744.81,1744.81,1744.81,1744.81,0.0
2012-09-21,1744.81,1744.81,1744.81,1744.81,0.0
2012-09-24,1744.81,1744.81,1744.81,1744.81,0.0
2012-09-25,1744.81,1744.81,1744.81,1744.81,0.0
2012-09-26,1750.5999755859375,1764.199951171875,1743.0,1762.800048828125,15237.0
2012-09-27,1777.5999755859375,1780.199951171875,1750.699951171875,1752.5999755859375,6989.0
2012-09-28,1771.0999755859375,1782.199951171875,1767.5,1776.800048828125,2839.0
2012-10-01,1780.5,1791.0,1763.300048828125,1766.0,816.0
2012-10-02,1746.58,1746.58,1746.58,1746.58,0.0
2012-10-03,1777.300048828125,1779.9000244140625,1771.9000244140625,1772.199951171875,134.0
2012-10-04,1794.0999755859375,1794.800048828125,1783.5,1783.5,199.0
2012-10-05,1746.58,1746.58,1746.58,1746.58,0.0
2012-10-08,1773.5,1778.0,1766.800048828125,1778.0,33.0
2012-10-09,1763.0,1776.699951171875,1762.300048828125,1776.699951171875,24.0
2012-10-10,1763.199951171875,1764.199951171875,1758.0999755859375,1762.4000244140625,29.0
2012-10-11,1768.800048828125,1771.0,1761.5999755859375,1761.5999755859375,30.0
2012-10-12,1758.0,1769.5,1753.5999755859375,1769.5,84.0
2012-10-15,1746.58,1746.58,1746.58,1746.58,0.0
2012-10-16,1744.699951171875,1744.699951171875,1736.5999755859375,1736.699951171875,15.0
2012-10-17,1751.5,1751.5,1746.0,1749.4000244140625,36.0
2012-10-18,1746.58,1746.58,1746.58,1746.58,0.0
2012-10-19,1722.800048828125,1741.0999755859375,1721.0,1741.0999755859375,70.0
2012-10-22,1725.0999755859375,1728.300048828125,1715.0,1715.0,12.0
2012-10-23,1708.300048828125,1726.5999755859375,1708.300048828125,1726.5999755859375,75.0
2012-10-24,1746.58,1746.58,1746.58,1746.58,0.0
2012-10-25,1746.58,1746.58,1746.58,1746.58,0.0
2012-10-26,1710.9000244140625,1716.199951171875,1706.0999755859375,1706.0999755859375,77.0
2012-10-29,1746.58,1746.58,1746.58,1746.58,0.0
2012-10-30,1746.58,1746.58,1746.58,1746.58,0.0
2012-10-31,1717.5,1724.5,1714.4000244140625,1714.4000244140625,64.0
2012-11-01,1714.0999755859375,1725.0999755859375,1714.0999755859375,1722.300048828125,24.0
2012-11-02,1674.0999755859375,1711.300048828125,1674.0999755859375,1711.300048828125,50.0
2012-11-05,1682.199951171875,1683.0999755859375,1674.300048828125,1682.800048828125,7.0
2012-11-06,1714.0999755859375,1718.0,1690.0999755859375,1690.0999755859375,47.0
2012-11-07,1713.199951171875,1726.5,1703.699951171875,1707.699951171875,42.0
2012-11-08,1721.64,1721.64,1721.64,1721.64,0.0
2012-11-09,1721.64,1721.64,1721.64,1721.64,0.0
2012-11-12,1721.64,1721.64,1721.64,1721.64,0.0
2012-11-13,1724.199951171875,1728.199951171875,1718.5,1721.5999755859375,12.0
2012-11-14,1729.5,1729.5,1722.0,1722.0,11.0
2012-11-15,1713.300048828125,1724.9000244140625,1706.300048828125,1724.9000244140625,10.0
2012-11-16,1721.64,1721.64,1721.64,1721.64,0.0
2012-11-19,1721.64,1721.64,1721.64,1721.64,0.0
2012-11-20,1723.199951171875,1731.0999755859375,1722.5,1730.5999755859375,21.0
2012-11-21,1727.9000244140625,1727.9000244140625,1725.800048828125,1725.800048828125,23.0
2012-11-22,1721.64,1721.64,1721.64,1721.64,0.0
2012-11-23,1751.300048828125,1751.300048828125,1735.0,1735.0,8.0
2012-11-26,1749.5,1750.5,1749.4000244140625,1750.300048828125,24.0
2012-11-27,1742.199951171875,1746.4000244140625,1742.199951171875,1746.4000244140625,7.0
2012-11-28,1721.64,1721.64,1721.64,1721.64,0.0
2012-11-29,1727.199951171875,1729.0,1717.699951171875,1719.5999755859375,65599.0
2012-11-30,1710.9000244140625,1731.199951171875,1708.4000244140625,1725.199951171875,3690.0
2012-12-03,1684.762,1684.762,1684.762,1684.762,0.0
2012-12-04,1694.4000244140625,1716.800048828125,1691.5999755859375,1716.300048828125,1428.0
2012-12-05,1684.762,1684.762,1684.762,1684.762,0.0
2012-12-06,1700.300048828125,1702.0999755859375,1686.4000244140625,1694.300048828125,525.0
2012-12-07,1704.0,1704.5,1684.0,1701.199951171875,169.0
2012-12-10,1713.0,1717.0,1704.199951171875,1704.199951171875,88.0
2012-12-11,1684.762,1684.762,1684.762,1684.762,0.0
2012-12-12,1716.5999755859375,1722.300048828125,1708.0,1710.0999755859375,195.0
2012-12-13,1695.5999755859375,1707.199951171875,1689.9000244140625,1707.199951171875,240.0
2012-12-14,1695.800048828125,1699.199951171875,1694.4000244140625,1698.300048828125,72.0
2012-12-17,1684.762,1684.762,1684.762,1684.762,0.0
2012-12-18,1684.762,1684.762,1684.762,1684.762,0.0
2012-12-19,1666.5,1676.0,1664.5999755859375,1675.300048828125,76.0
2012-12-20,1684.762,1684.762,1684.762,1684.762,0.0
2012-12-21,1684.762,1684.762,1684.762,1684.762,0.0
2012-12-24,1658.5999755859375,1663.800048828125,1654.9000244140625,1657.699951171875,73.0
2012-12-25,1684.762,1684.762,1684.762,1684.762,0.0
2012-12-26,1659.800048828125,1666.699951171875,1654.5,1654.5,73.0
2012-12-27,1662.5999755859375,1662.5999755859375,1656.199951171875,1656.199951171875,446.0
2012-12-28,1684.762,1684.762,1684.762,1684.762,0.0
2012-12-31,1674.800048828125,1677.0999755859375,1655.4000244140625,1655.4000244140625,89.0
2013-01-01,1671.848,1671.848,1671.848,1671.848,0.0
2013-01-02,1687.9000244140625,1693.800048828125,1670.0,1672.800048828125,35.0
2013-01-03,1673.699951171875,1686.800048828125,1662.0,1686.0999755859375,140.0
2013-01-04,1648.0999755859375,1658.300048828125,1625.699951171875,1647.0,199.0
2013-01-07,1671.848,1671.848,1671.848,1671.848,0.0
2013-01-08,1661.5,1661.5,1647.699951171875,1647.699951171875,17.0
2013-01-09,1654.800048828125,1662.0999755859375,1651.9000244140625,1658.5999755859375,9.0
2013-01-10,1677.300048828125,1677.300048828125,1672.5,1672.5,9.0
2013-01-11,1671.848,1671.848,1671.848,1671.848,0.0
2013-01-14,1668.9000244140625,1673.800048828125,1664.0999755859375,1665.4000244140625,10.0
2013-01-15,1671.848,1671.848,1671.848,1671.848,0.0
2013-01-16,1682.699951171875,1682.699951171875,1674.4000244140625,1674.4000244140625,11.0
2013-01-17,1690.4000244140625,1694.5999755859375,1671.0,1676.4000244140625,81.0
2013-01-18,1686.5999755859375,1692.0,1686.5999755859375,1687.4000244140625,14.0
2013-01-21,1671.848,1671.848,1671.848,1671.848,0.0
2013-01-22,1671.848,1671.848,1671.848,1671.848,0.0
2013-01-23,1686.300048828125,1693.699951171875,1685.199951171875,1691.300048828125,28.0
2013-01-24,1671.848,1671.848,1671.848,1671.848,0.0
2013-01-25,1656.4000244140625,1663.0,1656.4000244140625,1663.0,44.0
2013-01-28,1652.4000244140625,1655.5,1651.5999755859375,1651.5999755859375,82.0
2013-01-29,1660.699951171875,1661.5,1660.699951171875,1661.199951171875,145863.0
2013-01-30,1679.9000244140625,1683.0,1661.800048828125,1662.4000244140625,44893.0
2013-01-31,1660.5999755859375,1680.0,1657.4000244140625,1675.4000244140625,6044.0
2013-02-01,1627.57,1627.57,1627.57,1627.57,0.0
2013-02-04,1675.300048828125,1676.5,1661.5999755859375,1668.0,450.0
2013-02-05,1672.4000244140625,1683.4000244140625,1666.5,1674.199951171875,353.0
2013-02-06,1677.699951171875,1678.5,1668.0,1672.199951171875,376.0
2013-02-07,1627.57,1627.57,1627.57,1627.57,0.0
2013-02-08,1666.0,1672.5,1664.800048828125,1671.5,289.0
2013-02-11,1648.199951171875,1668.0,1643.699951171875,1666.5,868.0
2013-02-12,1648.699951171875,1650.4000244140625,1642.4000244140625,1643.800048828125,85.0
2013-02-13,1644.199951171875,1652.300048828125,1640.199951171875,1652.199951171875,236.0
2013-02-14,1634.699951171875,1646.9000244140625,1632.699951171875,1641.0999755859375,219.0
2013-02-15,1627.57,1627.57,1627.57,1627.57,0.0
2013-02-18,1627.57,1627.57,1627.57,1627.57,0.0
2013-02-19,1627.57,1627.57,1627.57,1627.57,0.0
2013-02-20,1577.5999755859375,1606.9000244140625,1561.800048828125,1604.699951171875,278.0
2013-02-21,1578.199951171875,1581.199951171875,1555.199951171875,1568.5,2019.0
2013-02-22,1572.4000244140625,1585.4000244140625,1572.4000244140625,1580.0,76.0
2013-02-25,1586.199951171875,1596.0,1577.699951171875,1579.4000244140625,118.0
2013-02-26,1627.57,1627.57,1627.57,1627.57,0.0
2013-02-27,1627.57,1627.57,1627.57,1627.57,0.0
2013-02-28,1577.699951171875,1601.5999755859375,1575.0999755859375,1596.0,102.0
2013-03-01,1571.9000244140625,1585.5999755859375,1566.0,1579.5999755859375,68.0
2013-03-04,1572.0999755859375,1580.800048828125,1569.699951171875,1580.800048828125,64.0
2013-03-05,1574.5999755859375,1585.5,1571.4000244140625,1577.5999755859375,65.0
2013-03-06,1593.086,1593.086,1593.086,1593.086,0.0
2013-03-07,1574.800048828125,1583.5,1573.9000244140625,1580.0,52.0
2013-03-08,1576.5999755859375,1581.199951171875,1561.800048828125,1578.5999755859375,68.0
2013-03-11,1593.086,1593.086,1593.086,1593.086,0.0
2013-03-12,1593.086,1593.086,1593.086,1593.086,0.0
2013-03-13,1593.086,1593.086,1593.086,1593.086,0.0
2013-03-14,1593.086,1593.086,1593.086,1593.086,0.0
2013-03-15,1592.5,1594.4000244140625,1590.199951171875,1590.5,11.0
2013-03-18,1604.5999755859375,1607.699951171875,1601.5999755859375,1605.9000244140625,613.0
2013-03-19,1611.300048828125,1613.0999755859375,1611.300048828125,1613.0999755859375,202.0
2013-03-20,1607.5,1612.5,1606.199951171875,1610.0,5.0
2013-03-21,1613.800048828125,1613.800048828125,1611.9000244140625,1612.800048828125,7.0
2013-03-22,1593.086,1593.086,1593.086,1593.086,0.0
2013-03-25,1604.5999755859375,1607.800048828125,1596.0999755859375,1607.0999755859375,27.0
2013-03-26,1595.800048828125,1595.800048828125,1595.800048828125,1595.800048828125,165484.0
2013-03-27,1606.199951171875,1608.0999755859375,1590.300048828125,1598.5,50450.0
2013-03-28,1593.086,1593.086,1593.086,1593.086,0.0
2013-03-29,1593.086,1593.086,1593.086,1593.086,0.0
2013-04-01,1487.857,1487.857,1487.857,1487.857,0.0
2013-04-02,1575.0999755859375,1602.5999755859375,1574.0999755859375,1599.199951171875,2289.0
2013-04-03,1552.800048828125,1576.4000244140625,1549.199951171875,1575.699951171875,2171.0
2013-04-04,1487.857,1487.857,1487.857,1487.857,0.0
2013-04-05,1487.857,1487.857,1487.857,1487.857,0.0
2013-04-08,1572.0,1577.800048828125,1567.800048828125,1575.800048828125,101.0
2013-04-09,1586.199951171875,1589.300048828125,1570.0,1571.5999755859375,215.0
2013-04-10,1487.857,1487.857,1487.857,1487.857,0.0
2013-04-11,1487.857,1487.857,1487.857,1487.857,0.0
2013-04-12,1487.857,1487.857,1487.857,1487.857,0.0
2013-04-15,1360.5999755859375,1487.4000244140625,1338.0,1478.199951171875,1309.0
2013-04-16,1386.800048828125,1401.0,1323.0,1358.0,619.0
2013-04-17,1382.199951171875,1394.199951171875,1370.199951171875,1373.199951171875,92.0
2013-04-18,1392.0,1396.4000244140625,1347.5,1347.5,57.0
2013-04-19,1487.857,1487.857,1487.857,1487.857,0.0
2013-04-22,1421.0,1434.9000244140625,1406.800048828125,1406.800048828125,70.0
2013-04-23,1487.857,1487.857,1487.857,1487.857,0.0
2013-04-24,1423.4000244140625,1430.0999755859375,1420.4000244140625,1423.199951171875,138.0
2013-04-25,1461.800048828125,1461.800048828125,1433.0,1433.0,222.0
2013-04-26,1487.857,1487.857,1487.857,1487.857,0.0
2013-04-29,1487.857,1487.857,1487.857,1487.857,0.0
2013-04-30,1487.857,1487.857,1487.857,1487.857,0.0
2013-05-01,1414.027,1414.027,1414.027,1414.027,0.0
2013-05-02,1414.027,1414.027,1414.027,1414.027,0.0
2013-05-03,1464.300048828125,1487.0999755859375,1461.4000244140625,1465.5,68.0
2013-05-06,1414.027,1414.027,1414.027,1414.027,0.0
2013-05-07,1449.0,1466.199951171875,1441.199951171875,1462.0,91.0
2013-05-08,1473.9000244140625,1474.699951171875,1450.699951171875,1455.5,81.0
2013-05-09,1414.027,1414.027,1414.027,1414.027,0.0
2013-05-10,1414.027,1414.027,1414.027,1414.027,0.0
2013-05-13,1434.5,1440.5999755859375,1427.800048828125,1440.0,344.0
2013-05-14,1424.699951171875,1444.4000244140625,1422.0,1430.0999755859375,72.0
2013-05-15,1396.5,1425.699951171875,1390.0999755859375,1425.699951171875,364.0
2013-05-16,1387.0999755859375,1395.0999755859375,1370.5999755859375,1390.4000244140625,38.0
2013-05-17,1364.9000244140625,1391.0999755859375,1359.0999755859375,1386.699951171875,50.0
2013-05-20,1414.027,1414.027,1414.027,1414.027,0.0
2013-05-21,1377.800048828125,1392.300048828125,1358.5,1386.5,51.0
2013-05-22,1367.5999755859375,1395.699951171875,1364.5,1387.199951171875,14.0
2013-05-23,1392.0,1394.800048828125,1377.800048828125,1380.5999755859375,58.0
2013-05-24,1386.800048828125,1386.800048828125,1386.800048828125,1386.800048828125,2.0
2013-05-27,1414.027,1414.027,1414.027,1414.027,0.0
2013-05-28,1414.027,1414.027,1414.027,1414.027,0.0
2013-05-29,1391.300048828125,1391.300048828125,1391.300048828125,1391.300048828125,168665.0
2013-05-30,1414.027,1414.027,1414.027,1414.027,0.0
2013-05-31,1392.5999755859375,1421.0999755859375,1384.199951171875,1412.4000244140625,5997.0
2013-06-03,1411.699951171875,1416.300048828125,1388.300048828125,1389.0999755859375,1420.0
2013-06-04,1397.0999755859375,1413.699951171875,1389.0,1410.9000244140625,930.0
2013-06-05,1398.4000244140625,1410.0,1395.5999755859375,1397.5,1687.0
2013-06-06,1343.35,1343.35,1343.35,1343.35,0.0
2013-06-07,1343.35,1343.35,1343.35,1343.35,0.0
2013-06-10,1386.199951171875,1386.9000244140625,1375.5999755859375,1378.800048828125,367.0
2013-06-11,1343.35,1343.35,1343.35,1343.35,0.0
2013-06-12,1391.800048828125,1393.5,1373.699951171875,1375.0,514.0
2013-06-13,1343.35,1343.35,1343.35,1343.35,0.0
2013-06-14,1343.35,1343.35,1343.35,1343.35,0.0
2013-06-17,1382.800048828125,1390.5,1380.0,1390.300048828125,114.0
2013-06-18,1366.5999755859375,1383.5,1363.0,1383.0999755859375,346.0
2013-06-19,1373.5999755859375,1373.5999755859375,1348.0999755859375,1368.0999755859375,198.0
2013-06-20,1343.35,1343.35,1343.35,1343.35,0.0
2013-06-21,1291.5999755859375,1300.0,1268.9000244140625,1280.4000244140625,456.0
2013-06-24,1276.800048828125,1297.300048828125,1275.699951171875,1297.300048828125,321.0
2013-06-25,1343.35,1343.35,1343.35,1343.35,0.0
2013-06-26,1229.5999755859375,1273.9000244140625,1228.800048828125,1273.9000244140625,981.0
2013-06-27,1343.35,1343.35,1343.35,1343.35,0.0
2013-06-28,1343.35,1343.35,1343.35,1343.35,0.0
2013-07-01,1285.516,1285.516,1285.516,1285.516,0.0
2013-07-02,1243.5999755859375,1266.300048828125,1241.199951171875,1254.0999755859375,107.0
2013-07-03,1252.0999755859375,1258.199951171875,1240.300048828125,1243.800048828125,19.0
2013-07-04,1285.516,1285.516,1285.516,1285.516,0.0
2013-07-05,1285.516,1285.516,1285.516,1285.516,0.0
2013-07-08,1234.9000244140625,1235.199951171875,1215.4000244140625,1218.800048828125,58.0
2013-07-09,1245.9000244140625,1254.5,1234.4000244140625,1234.699951171875,33.0
2013-07-10,1285.516,1285.516,1285.516,1285.516,0.0
2013-07-11,1280.0999755859375,1285.0,1278.9000244140625,1284.5999755859375,18.0
2013-07-12,1277.800048828125,1282.300048828125,1274.300048828125,1282.300048828125,6.0
2013-07-15,1285.516,1285.516,1285.516,1285.516,0.0
2013-07-16,1290.800048828125,1291.4000244140625,1279.4000244140625,1279.4000244140625,13.0
2013-07-17,1277.9000244140625,1294.4000244140625,1272.9000244140625,1286.199951171875,11.0
2013-07-18,1285.516,1285.516,1285.516,1285.516,0.0
2013-07-19,1293.300048828125,1293.300048828125,1290.0,1291.699951171875,9.0
2013-07-22,1336.4000244140625,1336.4000244140625,1317.0,1317.0,18.0
2013-07-23,1285.516,1285.516,1285.516,1285.516,0.0
2013-07-24,1285.516,1285.516,1285.516,1285.516,0.0
2013-07-25,1329.0,1336.800048828125,1318.5,1318.5,55.0
2013-07-26,1321.699951171875,1326.5,1321.699951171875,1326.5,66.0
2013-07-29,1285.516,1285.516,1285.516,1285.516,0.0
2013-07-30,1324.0,1329.5999755859375,1316.199951171875,1327.199951171875,44769.0
2013-07-31,1312.4000244140625,1338.4000244140625,1304.9000244140625,1325.5,6252.0
2013-08-01,1311.0,1328.5,1306.9000244140625,1323.0,1562.0
2013-08-02,1351.742,1351.742,1351.742,1351.742,0.0
2013-08-05,1351.742,1351.742,1351.742,1351.742,0.0
2013-08-06,1351.742,1351.742,1351.742,1351.742,0.0
2013-08-07,1286.0999755859375,1288.4000244140625,1274.0,1282.5,989.0
2013-08-08,1310.699951171875,1312.800048828125,1283.699951171875,1283.9000244140625,482.0
2013-08-09,1312.9000244140625,1315.800048828125,1306.699951171875,1315.0999755859375,449.0
2013-08-12,1351.742,1351.742,1351.742,1351.742,0.0
2013-08-13,1351.742,1351.742,1351.742,1351.742,0.0
2013-08-14,1351.742,1351.742,1351.742,1351.742,0.0
2013-08-15,1351.742,1351.742,1351.742,1351.742,0.0
2013-08-16,1371.699951171875,1378.9000244140625,1361.0,1366.800048828125,175.0
2013-08-19,1366.199951171875,1384.4000244140625,1363.9000244140625,1379.0,139.0
2013-08-20,1351.742,1351.742,1351.742,1351.742,0.0
2013-08-21,1370.5999755859375,1377.300048828125,1360.9000244140625,1372.5,109.0
2013-08-22,1371.199951171875,1380.4000244140625,1362.0,1362.0,79.0
2013-08-23,1351.742,1351.742,1351.742,1351.742,0.0
2013-08-26,1393.0,1402.800048828125,1391.300048828125,1398.5999755859375,203.0
2013-08-27,1420.5999755859375,1421.0999755859375,1398.699951171875,1403.800048828125,397.0
2013-08-28,1351.742,1351.742,1351.742,1351.742,0.0
2013-08-29,1412.9000244140625,1417.4000244140625,1404.5,1417.4000244140625,375.0
2013-08-30,1396.0999755859375,1409.800048828125,1392.300048828125,1407.199951171875,0.0
2013-09-02,1348.6,1348.6,1348.6,1348.6,0.0
2013-09-03,1348.6,1348.6,1348.6,1348.6,0.0
2013-09-04,1389.9000244140625,1413.0,1387.0999755859375,1413.0,104.0
2013-09-05,1348.6,1348.6,1348.6,1348.6,0.0
2013-09-06,1386.699951171875,1390.0999755859375,1368.9000244140625,1371.0,52.0
2013-09-09,1386.800048828125,1389.800048828125,1386.5,1389.800048828125,44.0
2013-09-10,1364.0999755859375,1377.5,1357.5999755859375,1377.5,21.0
2013-09-11,1348.6,1348.6,1348.6,1348.6,0.0
2013-09-12,1348.6,1348.6,1348.6,1348.6,0.0
2013-09-13,1348.6,1348.6,1348.6,1348.6,0.0
2013-09-16,1348.6,1348.6,1348.6,1348.6,0.0
2013-09-17,1309.5,1313.0999755859375,1309.5,1313.0,24.0
2013-09-18,1307.800048828125,1347.699951171875,1292.0999755859375,1292.0999755859375,29.0
2013-09-19,1369.4000244140625,1373.0,1362.9000244140625,1362.9000244140625,35.0
2013-09-20,1348.6,1348.6,1348.6,1348.6,0.0
2013-09-23,1326.9000244140625,1327.800048828125,1317.5999755859375,1327.0999755859375,78.0
2013-09-24,1316.0,1324.9000244140625,1309.4000244140625,1321.199951171875,61.0
2013-09-25,1348.6,1348.6,1348.6,1348.6,0.0
2013-09-26,1323.5999755859375,1338.300048828125,1323.5999755859375,1335.199951171875,13170.0
2013-09-27,1338.4000244140625,1343.800048828125,1319.699951171875,1321.5,2990.0
2013-09-30,1326.5,1350.9000244140625,1322.0,1345.800048828125,597.0
2013-10-01,1316.58,1316.58,1316.58,1316.58,0.0
2013-10-02,1320.5999755859375,1321.0,1280.0,1288.5,152.0
2013-10-03,1317.4000244140625,1319.5,1302.5,1312.0,217.0
2013-10-04,1309.699951171875,1318.0999755859375,1305.699951171875,1316.199951171875,38.0
2013-10-07,1316.58,1316.58,1316.58,1316.58,0.0
2013-10-08,1324.199951171875,1330.0,1321.199951171875,1326.5,57.0
2013-10-09,1306.9000244140625,1319.0,1295.300048828125,1317.5999755859375,140.0
2013-10-10,1296.5999755859375,1310.800048828125,1285.0,1303.4000244140625,89.0
2013-10-11,1316.58,1316.58,1316.58,1316.58,0.0
2013-10-14,1316.58,1316.58,1316.58,1316.58,0.0
2013-10-15,1316.58,1316.58,1316.58,1316.58,0.0
2013-10-16,1316.58,1316.58,1316.58,1316.58,0.0
2013-10-17,1322.699951171875,1322.699951171875,1307.0,1307.0,72.0
2013-10-18,1314.4000244140625,1326.0,1312.5999755859375,1318.800048828125,65.0
2013-10-21,1315.699951171875,1317.699951171875,1315.699951171875,1316.800048828125,23.0
2013-10-22,1316.58,1316.58,1316.58,1316.58,0.0
2013-10-23,1316.58,1316.58,1316.58,1316.58,0.0
2013-10-24,1350.199951171875,1350.199951171875,1334.5,1334.5,18.0
2013-10-25,1352.4000244140625,1353.0,1346.199951171875,1346.199951171875,23.0
2013-10-28,1352.0,1359.199951171875,1349.0,1351.4000244140625,23.0
2013-10-29,1345.199951171875,1359.699951171875,1345.199951171875,1359.5999755859375,168.0
2013-10-30,1316.58,1316.58,1316.58,1316.58,0.0
2013-10-31,1323.5999755859375,1334.0,1321.699951171875,1334.0,62.0
2013-11-01,1275.86,1275.86,1275.86,1275.86,0.0
2013-11-04,1314.5999755859375,1320.5,1312.0999755859375,1314.5999755859375,39.0
2013-11-05,1275.86,1275.86,1275.86,1275.86,0.0
2013-11-06,1317.699951171875,1318.5999755859375,1312.5,1313.5,11.0
2013-11-07,1275.86,1275.86,1275.86,1275.86,0.0
2013-11-08,1284.5,1308.0999755859375,1281.300048828125,1308.0,22.0
2013-11-11,1281.0,1281.800048828125,1281.0,1281.5999755859375,5.0
2013-11-12,1271.0999755859375,1282.300048828125,1271.0999755859375,1282.300048828125,3.0
2013-11-13,1275.86,1275.86,1275.86,1275.86,0.0
2013-11-14,1286.199951171875,1293.300048828125,1278.0999755859375,1280.199951171875,29.0
2013-11-15,1287.300048828125,1288.5,1281.5,1287.699951171875,16.0
2013-11-18,1272.199951171875,1284.800048828125,1272.199951171875,1284.699951171875,10.0
2013-11-19,1273.4000244140625,1275.199951171875,1271.0,1274.199951171875,10.0
2013-11-20,1275.86,1275.86,1275.86,1275.86,0.0
2013-11-21,1243.5,1247.0999755859375,1236.5,1245.699951171875,90.0
2013-11-22,1244.0,1247.0,1241.4000244140625,1243.199951171875,77.0
2013-11-25,1241.0999755859375,1241.0999755859375,1229.0,1231.0999755859375,19.0
2013-11-26,1241.4000244140625,1243.0,1241.4000244140625,1243.0,178417.0
2013-11-27,1275.86,1275.86,1275.86,1275.86,0.0
2013-11-28,1275.86,1275.86,1275.86,1275.86,0.0
2013-11-29,1250.5999755859375,1254.5,1233.699951171875,1237.800048828125,9203.0
2013-12-02,1221.512,1221.512,1221.512,1221.512,0.0
2013-12-03,1221.512,1221.512,1221.512,1221.512,0.0
2013-12-04,1221.512,1221.512,1221.512,1221.512,0.0
2013-12-05,1233.199951171875,1241.5,1218.5999755859375,1240.0,446.0
2013-12-06,1230.300048828125,1242.0,1213.0,1228.699951171875,1032.0
2013-12-09,1221.512,1221.512,1221.512,1221.512,0.0
2013-12-10,1221.512,1221.512,1221.512,1221.512,0.0
2013-12-11,1221.512,1221.512,1221.512,1221.512,0.0
2013-12-12,1226.0,1255.4000244140625,1225.9000244140625,1253.5,609.0
2013-12-13,1235.699951171875,1239.0,1222.199951171875,1226.699951171875,446.0
2013-12-16,1245.5,1250.5999755859375,1228.9000244140625,1238.4000244140625,242.0
2013-12-17,1231.199951171875,1240.4000244140625,1231.199951171875,1237.0,22.0
2013-12-18,1221.512,1221.512,1221.512,1221.512,0.0
2013-12-19,1195.0,1226.5999755859375,1188.699951171875,1226.5999755859375,124.0
2013-12-20,1205.0999755859375,1207.800048828125,1190.9000244140625,1190.9000244140625,204.0
2013-12-23,1221.512,1221.512,1221.512,1221.512,0.0
2013-12-24,1221.512,1221.512,1221.512,1221.512,0.0
2013-12-25,1221.512,1221.512,1221.512,1221.512,0.0
2013-12-26,1221.512,1221.512,1221.512,1221.512,0.0
2013-12-27,1216.0999755859375,1218.5,1212.9000244140625,1213.4000244140625,278.0
2013-12-30,1221.512,1221.512,1221.512,1221.512,0.0
2013-12-31,1201.9000244140625,1212.4000244140625,1182.0,1196.4000244140625,124.0
2014-01-01,1244.27,1244.27,1244.27,1244.27,0.0
2014-01-02,1225.0,1227.300048828125,1204.300048828125,1204.300048828125,209.0
2014-01-03,1238.4000244140625,1239.0,1221.699951171875,1221.699951171875,142.0
2014-01-06,1237.800048828125,1247.0,1221.9000244140625,1232.800048828125,127.0
2014-01-07,1244.27,1244.27,1244.27,1244.27,0.0
2014-01-08,1244.27,1244.27,1244.27,1244.27,0.0
2014-01-09,1229.300048828125,1229.300048828125,1225.800048828125,1225.800048828125,7.0
2014-01-10,1244.27,1244.27,1244.27,1244.27,0.0
2014-01-13,1250.9000244140625,1252.699951171875,1245.5,1250.5999755859375,46.0
2014-01-14,1245.199951171875,1251.300048828125,1242.0,1251.0,37.0
2014-01-15,1238.0999755859375,1243.199951171875,1238.0999755859375,1243.0999755859375,68.0
2014-01-16,1240.0,1242.800048828125,1239.0,1239.300048828125,48.0
2014-01-17,1244.27,1244.27,1244.27,1244.27,0.0
2014-01-20,1244.27,1244.27,1244.27,1244.27,0.0
2014-01-21,1242.300048828125,1257.5,1240.0,1256.4000244140625,224.0
2014-01-22,1239.0,1242.0,1239.0,1241.699951171875,58.0
2014-01-23,1244.27,1244.27,1244.27,1244.27,0.0
2014-01-24,1264.5,1269.4000244140625,1258.300048828125,1258.300048828125,38.0
2014-01-27,1244.27,1244.27,1244.27,1244.27,0.0
2014-01-28,1244.27,1244.27,1244.27,1244.27,0.0
2014-01-29,1244.27,1244.27,1244.27,1244.27,0.0
2014-01-30,1242.199951171875,1267.699951171875,1237.5,1267.0,45276.0
2014-01-31,1244.27,1244.27,1244.27,1244.27,0.0
2014-02-03,1260.4000244140625,1266.300048828125,1241.199951171875,1242.4000244140625,2914.0
2014-02-04,1251.699951171875,1260.699951171875,1247.800048828125,1258.4000244140625,1745.0
2014-02-05,1299.58,1299.58,1299.58,1299.58,0.0
2014-02-06,1257.5999755859375,1267.0,1253.5,1258.0,274.0
2014-02-07,1299.58,1299.58,1299.58,1299.58,0.0
2014-02-10,1299.58,1299.58,1299.58,1299.58,0.0
2014-02-11,1299.58,1299.58,1299.58,1299.58,0.0
2014-02-12,1299.58,1299.58,1299.58,1299.58,0.0
2014-02-13,1300.4000244140625,1303.5,1287.5,1293.300048828125,877.0
2014-02-14,1319.0,1320.699951171875,1301.699951171875,1301.699951171875,308.0
2014-02-17,1299.58,1299.58,1299.58,1299.58,0.0
2014-02-18,1324.699951171875,1330.5999755859375,1313.9000244140625,1322.9000244140625,373.0
2014-02-19,1299.58,1299.58,1299.58,1299.58,0.0
2014-02-20,1317.0999755859375,1323.5,1309.5999755859375,1310.699951171875,116.0
2014-02-21,1323.9000244140625,1328.300048828125,1317.4000244140625,1320.0,171.0
2014-02-24,1338.300048828125,1339.0,1321.4000244140625,1324.300048828125,93.0
2014-02-25,1299.58,1299.58,1299.58,1299.58,0.0
2014-02-26,1328.199951171875,1342.0,1325.5999755859375,1341.199951171875,485.0
2014-02-27,1331.5999755859375,1335.0,1324.5999755859375,1329.300048828125,369.0
2014-02-28,1321.4000244140625,1332.5999755859375,1321.0999755859375,1329.800048828125,239.0
2014-03-03,1350.0999755859375,1354.0999755859375,1332.9000244140625,1335.9000244140625,232.0
2014-03-04,1337.800048828125,1350.4000244140625,1332.199951171875,1350.4000244140625,80.0
2014-03-05,1336.08,1336.08,1336.08,1336.08,0.0
2014-03-06,1351.699951171875,1351.699951171875,1333.300048828125,1338.0,59.0
2014-03-07,1338.0999755859375,1352.699951171875,1329.199951171875,1349.5,97.0
2014-03-10,1341.4000244140625,1344.699951171875,1330.5,1336.0,97.0
2014-03-11,1336.08,1336.08,1336.08,1336.08,0.0
2014-03-12,1370.300048828125,1370.5,1348.699951171875,1349.0999755859375,58.0
2014-03-13,1372.199951171875,1374.5,1366.5,1366.800048828125,23.0
2014-03-14,1336.08,1336.08,1336.08,1336.08,0.0
2014-03-17,1372.9000244140625,1391.4000244140625,1372.199951171875,1386.0999755859375,29.0
2014-03-18,1359.0,1361.800048828125,1353.4000244140625,1359.300048828125,35.0
2014-03-19,1341.4000244140625,1358.0,1332.699951171875,1357.0999755859375,57.0
2014-03-20,1330.5,1333.699951171875,1325.800048828125,1333.699951171875,72.0
2014-03-21,1336.08,1336.08,1336.08,1336.08,0.0
2014-03-24,1336.08,1336.08,1336.08,1336.08,0.0
2014-03-25,1336.08,1336.08,1336.08,1336.08,0.0
2014-03-26,1303.4000244140625,1315.199951171875,1303.4000244140625,1315.199951171875,4.0
2014-03-27,1294.699951171875,1294.699951171875,1294.699951171875,1294.699951171875,185016.0
2014-03-28,1336.08,1336.08,1336.08,1336.08,0.0
2014-03-31,1283.4000244140625,1298.800048828125,1282.4000244140625,1294.300048828125,4121.0
2014-04-01,1298.45,1298.45,1298.45,1298.45,0.0
2014-04-02,1298.45,1298.45,1298.45,1298.45,0.0
2014-04-03,1284.4000244140625,1293.5,1282.699951171875,1290.800048828125,775.0
2014-04-04,1298.45,1298.45,1298.45,1298.45,0.0
2014-04-07,1298.45,1298.45,1298.45,1298.45,0.0
2014-04-08,1308.699951171875,1314.0999755859375,1296.5999755859375,1296.5999755859375,264.0
2014-04-09,1305.5,1313.5999755859375,1301.0999755859375,1309.5,191.0
2014-04-10,1320.0999755859375,1323.800048828125,1311.199951171875,1311.800048828125,127.0
2014-04-11,1298.45,1298.45,1298.45,1298.45,0.0
2014-04-14,1298.45,1298.45,1298.45,1298.45,0.0
2014-04-15,1298.45,1298.45,1298.45,1298.45,0.0
2014-04-16,1303.0999755859375,1303.5,1295.0,1302.699951171875,177.0
2014-04-17,1298.45,1298.45,1298.45,1298.45,0.0
2014-04-18,1298.45,1298.45,1298.45,1298.45,0.0
2014-04-21,1288.0,1299.199951171875,1283.800048828125,1290.0,100.0
2014-04-22,1298.45,1298.45,1298.45,1298.45,0.0
2014-04-23,1298.45,1298.45,1298.45,1298.45,0.0
2014-04-24,1290.5,1297.9000244140625,1272.4000244140625,1284.5999755859375,522.0
2014-04-25,1298.45,1298.45,1298.45,1298.45,0.0
2014-04-28,1298.9000244140625,1305.4000244140625,1293.0,1305.4000244140625,388.0
2014-04-29,1296.0,1300.5,1289.0999755859375,1295.5,904.0
2014-04-30,1295.5999755859375,1296.5,1286.5999755859375,1296.0,181.0
2014-05-01,1283.0999755859375,1288.699951171875,1278.0,1288.699951171875,25.0
2014-05-02,1302.5999755859375,1302.699951171875,1276.699951171875,1276.699951171875,90.0
2014-05-05,1288.74,1288.74,1288.74,1288.74,0.0
2014-05-06,1308.300048828125,1309.4000244140625,1306.9000244140625,1309.4000244140625,14.0
2014-05-07,1288.5999755859375,1312.0,1288.0,1310.300048828125,21.0
2014-05-08,1287.4000244140625,1291.5,1285.5,1291.5,65.0
2014-05-09,1287.300048828125,1287.300048828125,1287.300048828125,1287.300048828125,3.0
2014-05-12,1295.5999755859375,1295.9000244140625,1281.199951171875,1282.0999755859375,19.0
2014-05-13,1288.74,1288.74,1288.74,1288.74,0.0
2014-05-14,1288.74,1288.74,1288.74,1288.74,0.0
2014-05-15,1293.5,1302.5,1292.800048828125,1302.5,27.0
2014-05-16,1293.300048828125,1293.300048828125,1293.300048828125,1293.300048828125,8.0
2014-05-19,1293.699951171875,1293.699951171875,1293.699951171875,1293.699951171875,44.0
2014-05-20,1288.74,1288.74,1288.74,1288.74,0.0
2014-05-21,1288.74,1288.74,1288.74,1288.74,0.0
2014-05-22,1294.9000244140625,1295.0,1294.199951171875,1294.199951171875,4.0
2014-05-23,1291.5999755859375,1293.4000244140625,1291.5999755859375,1293.199951171875,3.0
2014-05-26,1288.74,1288.74,1288.74,1288.74,0.0
2014-05-27,1288.74,1288.74,1288.74,1288.74,0.0
2014-05-28,1288.74,1288.74,1288.74,1288.74,0.0
2014-05-29,1256.300048828125,1260.5999755859375,1250.9000244140625,1258.300048828125,38045.0
2014-05-30,1245.5999755859375,1259.5999755859375,1241.800048828125,1255.0999755859375,3839.0
2014-06-02,1243.699951171875,1250.699951171875,1240.9000244140625,1250.0,774.0
2014-06-03,1279.1,1279.1,1279.1,1279.1,0.0
2014-06-04,1244.0,1248.800048828125,1242.699951171875,1245.0999755859375,604.0
2014-06-05,1253.0,1256.5999755859375,1241.199951171875,1244.0,1317.0
2014-06-06,1252.0999755859375,1256.5999755859375,1246.300048828125,1253.4000244140625,381.0
2014-06-09,1253.5,1256.0999755859375,1252.5999755859375,1252.699951171875,97.0
2014-06-10,1259.800048828125,1262.300048828125,1251.0,1252.4000244140625,1007.0
2014-06-11,1260.800048828125,1264.4000244140625,1259.0999755859375,1259.9000244140625,128.0
2014-06-12,1273.5999755859375,1274.5,1260.0,1260.0,129.0
2014-06-13,1273.699951171875,1274.699951171875,1271.300048828125,1272.5,145.0
2014-06-16,1279.1,1279.1,1279.1,1279.1,0.0
2014-06-17,1271.699951171875,1272.800048828125,1260.9000244140625,1272.800048828125,819.0
2014-06-18,1272.4000244140625,1272.699951171875,1267.4000244140625,1269.9000244140625,143.0
2014-06-19,1279.1,1279.1,1279.1,1279.1,0.0
2014-06-20,1316.199951171875,1321.4000244140625,1306.800048828125,1321.4000244140625,254.0
2014-06-23,1279.1,1279.1,1279.1,1279.1,0.0
2014-06-24,1320.9000244140625,1325.5999755859375,1315.5999755859375,1315.5999755859375,223.0
2014-06-25,1322.199951171875,1323.4000244140625,1312.0,1315.300048828125,294.0
2014-06-26,1279.1,1279.1,1279.1,1279.1,0.0
2014-06-27,1279.1,1279.1,1279.1,1279.1,0.0
2014-06-30,1321.800048828125,1328.699951171875,1311.800048828125,1315.300048828125,744.0
2014-07-01,1326.4000244140625,1331.4000244140625,1326.199951171875,1326.699951171875,51.0
2014-07-02,1330.699951171875,1330.699951171875,1326.800048828125,1326.800048828125,226.0
2014-07-03,1320.4000244140625,1327.699951171875,1313.0,1327.300048828125,40.0
2014-07-04,1310.59,1310.59,1310.59,1310.59,0.0
2014-07-07,1310.59,1310.59,1310.59,1310.59,0.0
2014-07-08,1316.0,1323.5,1316.0,1318.4000244140625,6.0
2014-07-09,1310.59,1310.59,1310.59,1310.59,0.0
2014-07-10,1338.699951171875,1343.699951171875,1328.0,1330.5,28.0
2014-07-11,1310.59,1310.59,1310.59,1310.59,0.0
2014-07-14,1306.300048828125,1332.800048828125,1304.699951171875,1332.800048828125,103.0
2014-07-15,1296.9000244140625,1311.9000244140625,1294.0999755859375,1307.4000244140625,368.0
2014-07-16,1310.59,1310.59,1310.59,1310.59,0.0
2014-07-17,1310.59,1310.59,1310.59,1310.59,0.0
2014-07-18,1310.59,1310.59,1310.59,1310.59,0.0
2014-07-21,1313.699951171875,1315.5,1311.0,1311.0,18.0
2014-07-22,1306.0999755859375,1306.0999755859375,1306.0999755859375,1306.0999755859375,2.0
2014-07-23,1304.5,1304.5,1304.5,1304.5,0.0
2014-07-24,1290.5999755859375,1297.5,1290.5999755859375,1297.5,1.0
2014-07-25,1303.0999755859375,1303.0999755859375,1294.800048828125,1294.800048828125,8.0
2014-07-28,1303.300048828125,1308.0,1303.300048828125,1307.4000244140625,52.0
2014-07-29,1298.300048828125,1310.9000244140625,1298.300048828125,1310.9000244140625,181554.0
2014-07-30,1294.9000244140625,1303.0,1291.0,1298.5999755859375,36189.0
2014-07-31,1310.59,1310.59,1310.59,1310.59,0.0
2014-08-01,1293.5999755859375,1296.5999755859375,1279.699951171875,1284.0999755859375,1985.0
2014-08-04,1295.13,1295.13,1295.13,1295.13,0.0
2014-08-05,1295.13,1295.13,1295.13,1295.13,0.0
2014-08-06,1295.13,1295.13,1295.13,1295.13,0.0
2014-08-07,1295.13,1295.13,1295.13,1295.13,0.0
2014-08-08,1295.13,1295.13,1295.13,1295.13,0.0
2014-08-11,1295.13,1295.13,1295.13,1295.13,0.0
2014-08-12,1295.13,1295.13,1295.13,1295.13,0.0
2014-08-13,1295.13,1295.13,1295.13,1295.13,0.0
2014-08-14,1295.13,1295.13,1295.13,1295.13,0.0
2014-08-15,1304.5,1312.800048828125,1292.0,1311.699951171875,199.0
2014-08-18,1297.699951171875,1302.0999755859375,1295.699951171875,1301.4000244140625,100.0
2014-08-19,1295.0999755859375,1301.5999755859375,1294.0,1298.800048828125,144.0
2014-08-20,1295.13,1295.13,1295.13,1295.13,0.0
2014-08-21,1273.699951171875,1290.0,1272.0,1290.0,264.0
2014-08-22,1295.13,1295.13,1295.13,1295.13,0.0
2014-08-25,1295.13,1295.13,1295.13,1295.13,0.0
2014-08-26,1295.13,1295.13,1295.13,1295.13,0.0
2014-08-27,1281.9000244140625,1282.300048828125,1281.5,1281.5,783.0
2014-08-28,1288.699951171875,1293.699951171875,1284.300048828125,1284.5,817.0
2014-08-29,1295.13,1295.13,1295.13,1295.13,0.0
2014-09-01,1236.55,1236.55,1236.55,1236.55,0.0
2014-09-02,1263.699951171875,1286.4000244140625,1262.5,1284.5,280.0
2014-09-03,1268.9000244140625,1271.0999755859375,1263.0999755859375,1266.300048828125,279.0
2014-09-04,1265.0999755859375,1272.699951171875,1260.4000244140625,1268.699951171875,290.0
2014-09-05,1236.55,1236.55,1236.55,1236.55,0.0
2014-09-08,1252.699951171875,1268.4000244140625,1252.699951171875,1268.4000244140625,2.0
2014-09-09,1236.55,1236.55,1236.55,1236.55,0.0
2014-09-10,1243.5,1256.699951171875,1243.5,1256.699951171875,95.0
2014-09-11,1236.55,1236.55,1236.55,1236.55,0.0
2014-09-12,1229.9000244140625,1229.9000244140625,1227.0,1227.0,47.0
2014-09-15,1236.55,1236.55,1236.55,1236.55,0.0
2014-09-16,1235.199951171875,1238.300048828125,1235.199951171875,1238.300048828125,3.0
2014-09-17,1234.4000244140625,1236.199951171875,1221.9000244140625,1236.199951171875,10.0
2014-09-18,1225.699951171875,1225.699951171875,1216.199951171875,1216.199951171875,5.0
2014-09-19,1215.300048828125,1218.300048828125,1215.300048828125,1218.300048828125,4.0
2014-09-22,1236.55,1236.55,1236.55,1236.55,0.0
2014-09-23,1236.55,1236.55,1236.55,1236.55,0.0
2014-09-24,1236.55,1236.55,1236.55,1236.55,0.0
2014-09-25,1236.55,1236.55,1236.55,1236.55,0.0
2014-09-26,1236.55,1236.55,1236.55,1236.55,0.0
2014-09-29,1236.55,1236.55,1236.55,1236.55,0.0
2014-09-30,1236.55,1236.55,1236.55,1236.55,0.0
2014-10-01,1214.5999755859375,1217.800048828125,1205.5,1207.699951171875,178.0
2014-10-02,1222.49,1222.49,1222.49,1222.49,0.0
2014-10-03,1192.199951171875,1212.4000244140625,1191.0,1212.4000244140625,499.0
2014-10-06,1206.699951171875,1208.0,1182.800048828125,1187.699951171875,415.0
2014-10-07,1211.699951171875,1211.699951171875,1205.300048828125,1209.0999755859375,272.0
2014-10-08,1205.300048828125,1217.9000244140625,1205.300048828125,1210.199951171875,9.0
2014-10-09,1222.49,1222.49,1222.49,1222.49,0.0
2014-10-10,1221.0,1223.5,1217.0,1223.5,186.0
2014-10-13,1229.300048828125,1234.0,1227.0,1229.800048828125,103.0
2014-10-14,1233.5999755859375,1235.9000244140625,1233.5999755859375,1235.9000244140625,73.0
2014-10-15,1222.49,1222.49,1222.49,1222.49,0.0
2014-10-16,1240.5,1243.0,1236.699951171875,1242.0999755859375,6.0
2014-10-17,1222.49,1222.49,1222.49,1222.49,0.0
2014-10-20,1244.0,1244.0,1235.4000244140625,1237.300048828125,105.0
2014-10-21,1222.49,1222.49,1222.49,1222.49,0.0
2014-10-22,1222.49,1222.49,1222.49,1222.49,0.0
2014-10-23,1228.5,1228.5,1227.9000244140625,1228.0,2.0
2014-10-24,1222.49,1222.49,1222.49,1222.49,0.0
2014-10-27,1229.0999755859375,1230.199951171875,1227.300048828125,1230.199951171875,282.0
2014-10-28,1229.199951171875,1231.0,1224.699951171875,1224.9000244140625,46.0
2014-10-29,1224.300048828125,1224.300048828125,1224.300048828125,1224.300048828125,631.0
2014-10-30,1222.49,1222.49,1222.49,1222.49,0.0
2014-10-31,1222.49,1222.49,1222.49,1222.49,0.0
2014-11-03,1169.4000244140625,1172.300048828125,1163.0999755859375,1166.4000244140625,60.0
2014-11-04,1167.4000244140625,1171.0,1165.0,1166.9000244140625,40.0
2014-11-05,1145.4000244140625,1168.699951171875,1137.800048828125,1168.0999755859375,157.0
2014-11-06,1142.300048828125,1147.5,1137.9000244140625,1141.0999755859375,137.0
2014-11-07,1169.5999755859375,1169.699951171875,1133.0,1139.9000244140625,97.0
2014-11-10,1159.5999755859375,1171.0,1150.699951171875,1171.0,40.0
2014-11-11,1175.33,1175.33,1175.33,1175.33,0.0
2014-11-12,1175.33,1175.33,1175.33,1175.33,0.0
2014-11-13,1161.0999755859375,1164.5,1155.0,1163.699951171875,1047.0
2014-11-14,1185.0,1191.0,1148.0,1155.199951171875,486.0
2014-11-17,1183.0,1186.9000244140625,1180.5999755859375,1183.0999755859375,17.0
2014-11-18,1196.699951171875,1197.0999755859375,1193.9000244140625,1197.0999755859375,2.0
2014-11-19,1193.5999755859375,1198.300048828125,1190.5999755859375,1196.5,23.0
2014-11-20,1175.33,1175.33,1175.33,1175.33,0.0
2014-11-21,1197.5,1202.4000244140625,1189.0,1191.0,20.0
2014-11-24,1195.5,1197.9000244140625,1195.5,1197.699951171875,17.0
2014-11-25,1175.33,1175.33,1175.33,1175.33,0.0
2014-11-26,1196.5999755859375,1201.0,1193.699951171875,1200.5,75297.0
2014-11-27,1175.33,1175.33,1175.33,1175.33,0.0
2014-11-28,1175.33,1175.33,1175.33,1175.33,0.0
2014-12-01,1218.0,1220.4000244140625,1141.699951171875,1160.0,5524.0
2014-12-02,1200.62,1200.62,1200.62,1200.62,0.0
2014-12-03,1200.62,1200.62,1200.62,1200.62,0.0
2014-12-04,1207.5,1213.0,1201.5999755859375,1208.199951171875,358.0
2014-12-05,1190.0999755859375,1206.0,1186.699951171875,1203.0999755859375,560.0
2014-12-08,1194.699951171875,1207.0,1187.199951171875,1190.5999755859375,183.0
2014-12-09,1231.5,1238.0,1202.0,1202.0,314.0
2014-12-10,1228.9000244140625,1234.5999755859375,1226.5999755859375,1231.199951171875,306.0
2014-12-11,1225.0999755859375,1231.199951171875,1216.199951171875,1226.5999755859375,264.0
2014-12-12,1222.0,1227.800048828125,1216.199951171875,1227.800048828125,203.0
2014-12-15,1207.199951171875,1223.0999755859375,1198.4000244140625,1223.0999755859375,77.0
2014-12-16,1193.9000244140625,1222.0,1192.699951171875,1197.199951171875,223.0
2014-12-17,1200.62,1200.62,1200.62,1200.62,0.0
2014-12-18,1200.62,1200.62,1200.62,1200.62,0.0
2014-12-19,1200.62,1200.62,1200.62,1200.62,0.0
2014-12-22,1179.699951171875,1198.0,1172.699951171875,1198.0,223.0
2014-12-23,1177.9000244140625,1180.300048828125,1175.0,1179.300048828125,232.0
2014-12-24,1173.5,1179.300048828125,1173.5,1177.0,23.0
2014-12-25,1200.62,1200.62,1200.62,1200.62,0.0
2014-12-26,1195.300048828125,1195.300048828125,1177.199951171875,1177.199951171875,124.0
2014-12-29,1181.699951171875,1186.5,1181.300048828125,1186.5,180.0
2014-12-30,1200.62,1200.62,1200.62,1200.62,0.0
2014-12-31,1200.62,1200.62,1200.62,1200.62,0.0
2015-01-01,1250.75,1250.75,1250.75,1250.75,0.0
2015-01-02,1186.0,1194.5,1169.5,1184.0,138.0
2015-01-05,1203.9000244140625,1206.9000244140625,1180.0999755859375,1180.300048828125,470.0
2015-01-06,1219.300048828125,1220.0,1203.5,1203.5,97.0
2015-01-07,1210.5999755859375,1219.199951171875,1210.5999755859375,1219.199951171875,29.0
2015-01-08,1250.75,1250.75,1250.75,1250.75,0.0
2015-01-09,1250.75,1250.75,1250.75,1250.75,0.0
2015-01-12,1232.699951171875,1234.4000244140625,1219.0999755859375,1224.199951171875,100.0
2015-01-13,1234.300048828125,1239.300048828125,1230.300048828125,1239.199951171875,20.0
2015-01-14,1234.4000244140625,1243.800048828125,1225.5999755859375,1229.5999755859375,21.0
2015-01-15,1264.699951171875,1265.0,1227.300048828125,1231.5,130.0
2015-01-16,1276.9000244140625,1279.699951171875,1256.0999755859375,1256.0999755859375,44.0
2015-01-19,1250.75,1250.75,1250.75,1250.75,0.0
2015-01-20,1250.75,1250.75,1250.75,1250.75,0.0
2015-01-21,1293.699951171875,1303.5,1286.699951171875,1295.199951171875,78.0
2015-01-22,1300.699951171875,1302.0999755859375,1283.5,1293.199951171875,131.0
2015-01-23,1292.5999755859375,1299.800048828125,1292.5999755859375,1299.800048828125,23.0
2015-01-26,1250.75,1250.75,1250.75,1250.75,0.0
2015-01-27,1250.75,1250.75,1250.75,1250.75,0.0
2015-01-28,1285.9000244140625,1286.800048828125,1285.9000244140625,1285.9000244140625,180387.0
2015-01-29,1250.75,1250.75,1250.75,1250.75,0.0
2015-01-30,1250.75,1250.75,1250.75,1250.75,0.0
2015-02-02,1276.199951171875,1284.0999755859375,1266.0,1284.0999755859375,1654.0
2015-02-03,1227.08,1227.08,1227.08,1227.08,0.0
2015-02-04,1227.08,1227.08,1227.08,1227.08,0.0
2015-02-05,1227.08,1227.08,1227.08,1227.08,0.0
2015-02-06,1233.9000244140625,1267.5999755859375,1228.0,1265.0,432.0
2015-02-09,1240.800048828125,1242.300048828125,1235.4000244140625,1237.5,319.0
2015-02-10,1231.5999755859375,1245.0,1231.199951171875,1237.5,231.0
2015-02-11,1219.0,1237.4000244140625,1219.0,1233.300048828125,102.0
2015-02-12,1227.08,1227.08,1227.08,1227.08,0.0
2015-02-13,1226.5,1232.800048828125,1222.199951171875,1222.199951171875,65.0
2015-02-16,1227.08,1227.08,1227.08,1227.08,0.0
2015-02-17,1227.08,1227.08,1227.08,1227.08,0.0
2015-02-18,1227.08,1227.08,1227.08,1227.08,0.0
2015-02-19,1207.0999755859375,1220.0,1205.0,1216.5,65.0
2015-02-20,1204.4000244140625,1213.0999755859375,1199.0999755859375,1206.5,51.0
2015-02-23,1200.300048828125,1203.300048828125,1191.5999755859375,1201.300048828125,268.0
2015-02-24,1196.9000244140625,1203.5,1193.800048828125,1203.4000244140625,151.0
2015-02-25,1201.0,1204.5999755859375,1201.0,1204.300048828125,570.0
2015-02-26,1209.5999755859375,1219.0,1204.800048828125,1204.800048828125,560.0
2015-02-27,1212.5999755859375,1217.800048828125,1204.5,1207.699951171875,195.0
2015-03-02,1207.699951171875,1222.699951171875,1204.9000244140625,1214.300048828125,124.0
2015-03-03,1178.63,1178.63,1178.63,1178.63,0.0
2015-03-04,1200.5999755859375,1206.9000244140625,1198.0,1204.800048828125,27.0
2015-03-05,1195.9000244140625,1205.4000244140625,1195.9000244140625,1201.699951171875,29.0
2015-03-06,1178.63,1178.63,1178.63,1178.63,0.0
2015-03-09,1178.63,1178.63,1178.63,1178.63,0.0
2015-03-10,1160.0999755859375,1168.4000244140625,1156.5,1166.4000244140625,94.0
2015-03-11,1150.699951171875,1162.0,1147.699951171875,1162.0,74.0
2015-03-12,1152.0999755859375,1160.5,1149.699951171875,1155.4000244140625,63.0
2015-03-13,1152.5999755859375,1159.199951171875,1152.5999755859375,1158.199951171875,44.0
2015-03-16,1153.300048828125,1162.300048828125,1150.0999755859375,1159.699951171875,56.0
2015-03-17,1178.63,1178.63,1178.63,1178.63,0.0
2015-03-18,1178.63,1178.63,1178.63,1178.63,0.0
2015-03-19,1169.0999755859375,1171.5999755859375,1159.300048828125,1171.5999755859375,39.0
2015-03-20,1184.800048828125,1185.4000244140625,1171.0,1171.0,54.0
2015-03-23,1188.0,1188.0,1181.199951171875,1181.5999755859375,5.0
2015-03-24,1191.699951171875,1193.0,1186.0,1188.0,411.0
2015-03-25,1178.63,1178.63,1178.63,1178.63,0.0
2015-03-26,1205.0999755859375,1213.699951171875,1198.199951171875,1198.199951171875,68.0
2015-03-27,1199.800048828125,1199.800048828125,1196.300048828125,1197.0,172260.0
2015-03-30,1184.800048828125,1198.5,1181.5999755859375,1198.0,37990.0
2015-03-31,1183.0999755859375,1190.0999755859375,1178.199951171875,1185.800048828125,3409.0
2015-04-01,1208.0999755859375,1208.199951171875,1181.0,1182.9000244140625,1632.0
2015-04-02,1200.9000244140625,1205.699951171875,1194.800048828125,1204.0,1684.0
2015-04-03,1198.93,1198.93,1198.93,1198.93,0.0
2015-04-06,1218.5999755859375,1224.199951171875,1209.9000244140625,1209.9000244140625,343.0
2015-04-07,1198.93,1198.93,1198.93,1198.93,0.0
2015-04-08,1203.0999755859375,1211.4000244140625,1197.5999755859375,1208.9000244140625,236.0
2015-04-09,1198.93,1198.93,1198.93,1198.93,0.0
2015-04-10,1198.93,1198.93,1198.93,1198.93,0.0
2015-04-13,1199.300048828125,1208.0999755859375,1198.300048828125,1208.0999755859375,424.0
2015-04-14,1198.93,1198.93,1198.93,1198.93,0.0
2015-04-15,1201.5,1203.0999755859375,1188.5999755859375,1194.5999755859375,196.0
2015-04-16,1198.0,1208.5,1194.5999755859375,1204.300048828125,199.0
2015-04-17,1202.9000244140625,1206.0,1200.199951171875,1200.199951171875,21.0
2015-04-20,1193.5,1206.9000244140625,1191.0,1205.699951171875,67.0
2015-04-21,1198.93,1198.93,1198.93,1198.93,0.0
2015-04-22,1186.9000244140625,1202.5999755859375,1185.199951171875,1199.0999755859375,93.0
2015-04-23,1194.4000244140625,1197.0,1186.0999755859375,1187.199951171875,331.0
2015-04-24,1198.93,1198.93,1198.93,1198.93,0.0
2015-04-27,1203.300048828125,1206.699951171875,1181.4000244140625,1182.300048828125,194.0
2015-04-28,1198.93,1198.93,1198.93,1198.93,0.0
2015-04-29,1198.93,1198.93,1198.93,1198.93,0.0
2015-04-30,1182.4000244140625,1205.9000244140625,1176.699951171875,1203.0999755859375,143.0
2015-05-01,1174.5,1178.0999755859375,1170.0,1178.0999755859375,23.0
2015-05-04,1198.63,1198.63,1198.63,1198.63,0.0
2015-05-05,1193.199951171875,1198.699951171875,1186.9000244140625,1187.5,48.0
2015-05-06,1190.300048828125,1194.5999755859375,1189.9000244140625,1194.5,14.0
2015-05-07,1182.4000244140625,1186.0,1179.699951171875,1181.5,44.0
2015-05-08,1189.0999755859375,1189.0999755859375,1182.9000244140625,1183.300048828125,51.0
2015-05-11,1183.199951171875,1190.5,1179.300048828125,1189.699951171875,26.0
2015-05-12,1198.63,1198.63,1198.63,1198.63,0.0
2015-05-13,1218.4000244140625,1218.4000244140625,1191.0,1192.699951171875,34.0
2015-05-14,1225.4000244140625,1225.5999755859375,1214.5,1214.5,35.0
2015-05-15,1198.63,1198.63,1198.63,1198.63,0.0
2015-05-18,1198.63,1198.63,1198.63,1198.63,0.0
2015-05-19,1198.63,1198.63,1198.63,1198.63,0.0
2015-05-20,1208.9000244140625,1210.800048828125,1205.0999755859375,1205.0999755859375,11.0
2015-05-21,1204.4000244140625,1204.5,1203.699951171875,1204.5,43.0
2015-05-22,1204.300048828125,1211.9000244140625,1204.300048828125,1211.5999755859375,8.0
2015-05-25,1198.63,1198.63,1198.63,1198.63,0.0
2015-05-26,1187.199951171875,1193.5999755859375,1186.0,1193.5999755859375,40.0
2015-05-27,1198.63,1198.63,1198.63,1198.63,0.0
2015-05-28,1188.0999755859375,1192.0,1179.5999755859375,1187.0999755859375,52705.0
2015-05-29,1189.4000244140625,1193.300048828125,1185.699951171875,1187.800048828125,4748.0
2015-06-01,1188.300048828125,1204.0,1184.300048828125,1190.5999755859375,1236.0
2015-06-02,1194.0999755859375,1194.300048828125,1186.0,1189.0,1003.0
2015-06-03,1181.5,1181.5,1181.5,1181.5,0.0
2015-06-04,1174.9000244140625,1185.300048828125,1173.0,1184.9000244140625,447.0
2015-06-05,1167.800048828125,1177.300048828125,1164.0,1176.4000244140625,390.0
2015-06-08,1173.199951171875,1176.0999755859375,1169.0999755859375,1169.5,173.0
2015-06-09,1177.300048828125,1180.300048828125,1172.699951171875,1172.9000244140625,144.0
2015-06-10,1181.5,1181.5,1181.5,1181.5,0.0
2015-06-11,1179.9000244140625,1183.199951171875,1174.4000244140625,1183.199951171875,69.0
2015-06-12,1178.800048828125,1181.199951171875,1176.199951171875,1180.4000244140625,141.0
2015-06-15,1181.5,1181.5,1181.5,1181.5,0.0
2015-06-16,1180.5,1186.5,1175.9000244140625,1186.5,29.0
2015-06-17,1181.5,1181.5,1181.5,1181.5,0.0
2015-06-18,1201.5,1202.0,1183.4000244140625,1183.4000244140625,130.0
2015-06-19,1201.5,1203.0999755859375,1199.699951171875,1199.699951171875,142.0
2015-06-22,1183.699951171875,1197.800048828125,1182.699951171875,1197.800048828125,30.0
2015-06-23,1176.199951171875,1186.0,1176.199951171875,1183.800048828125,60.0
2015-06-24,1172.5999755859375,1176.5999755859375,1170.699951171875,1176.5999755859375,263.0
2015-06-25,1171.5,1175.9000244140625,1171.5,1175.800048828125,95.0
2015-06-26,1181.5,1181.5,1181.5,1181.5,0.0
2015-06-29,1178.5,1186.0,1173.800048828125,1185.0999755859375,174.0
2015-06-30,1181.5,1181.5,1181.5,1181.5,0.0
2015-07-01,1128.31,1128.31,1128.31,1128.31,0.0
2015-07-02,1128.31,1128.31,1128.31,1128.31,0.0
2015-07-03,1128.31,1128.31,1128.31,1128.31,0.0
2015-07-06,1128.31,1128.31,1128.31,1128.31,0.0
2015-07-07,1128.31,1128.31,1128.31,1128.31,0.0
2015-07-08,1163.300048828125,1163.300048828125,1146.4000244140625,1152.5999755859375,65.0
2015-07-09,1128.31,1128.31,1128.31,1128.31,0.0
2015-07-10,1128.31,1128.31,1128.31,1128.31,0.0
2015-07-13,1155.199951171875,1159.0,1151.199951171875,1159.0,14.0
2015-07-14,1153.300048828125,1157.199951171875,1153.0,1157.199951171875,39.0
2015-07-15,1128.31,1128.31,1128.31,1128.31,0.0
2015-07-16,1143.800048828125,1146.199951171875,1142.9000244140625,1146.199951171875,14.0
2015-07-17,1131.800048828125,1144.0,1130.199951171875,1144.0,120.0
2015-07-20,1106.699951171875,1130.699951171875,1095.0999755859375,1130.4000244140625,189.0
2015-07-21,1128.31,1128.31,1128.31,1128.31,0.0
2015-07-22,1091.4000244140625,1095.0,1086.0,1093.0,46.0
2015-07-23,1094.0,1097.5999755859375,1087.800048828125,1097.4000244140625,64.0
2015-07-24,1085.5999755859375,1100.699951171875,1078.5999755859375,1078.5999755859375,52.0
2015-07-27,1128.31,1128.31,1128.31,1128.31,0.0
2015-07-28,1096.300048828125,1097.699951171875,1096.300048828125,1097.199951171875,31.0
2015-07-29,1092.699951171875,1096.9000244140625,1092.699951171875,1096.4000244140625,159142.0
2015-07-30,1088.4000244140625,1097.5,1081.0,1096.0999755859375,49298.0
2015-07-31,1094.9000244140625,1102.800048828125,1079.0999755859375,1087.699951171875,5700.0
2015-08-03,1117.93,1117.93,1117.93,1117.93,0.0
2015-08-04,1090.699951171875,1093.9000244140625,1080.5,1085.0999755859375,1139.0
2015-08-05,1085.699951171875,1090.5999755859375,1082.5,1086.5,1207.0
2015-08-06,1090.199951171875,1092.199951171875,1083.5999755859375,1084.4000244140625,269.0
2015-08-07,1094.0999755859375,1098.300048828125,1081.699951171875,1088.9000244140625,614.0
2015-08-10,1117.93,1117.93,1117.93,1117.93,0.0
2015-08-11,1107.5999755859375,1116.699951171875,1094.0,1103.800048828125,997.0
2015-08-12,1123.199951171875,1124.5,1101.5,1106.0,797.0
2015-08-13,1115.699951171875,1124.300048828125,1113.0,1124.300048828125,441.0
2015-08-14,1112.9000244140625,1118.800048828125,1112.5,1113.9000244140625,908.0
2015-08-17,1118.5999755859375,1122.0,1113.800048828125,1113.800048828125,399.0
2015-08-18,1117.93,1117.93,1117.93,1117.93,0.0
2015-08-19,1128.0999755859375,1134.300048828125,1116.800048828125,1117.0,348.0
2015-08-20,1153.0,1153.300048828125,1132.800048828125,1132.800048828125,409.0
2015-08-21,1117.93,1117.93,1117.93,1117.93,0.0
2015-08-24,1153.4000244140625,1169.0,1147.5,1164.0,299.0
2015-08-25,1138.199951171875,1155.5,1134.0,1151.5,217.0
2015-08-26,1124.5999755859375,1143.0,1119.5999755859375,1139.199951171875,116.0
2015-08-27,1122.4000244140625,1127.4000244140625,1118.4000244140625,1127.199951171875,564.0
2015-08-28,1117.93,1117.93,1117.93,1117.93,0.0
2015-08-31,1131.5999755859375,1134.0,1124.800048828125,1131.0999755859375,194.0
2015-09-01,1138.699951171875,1144.699951171875,1133.5,1133.5,375.0
2015-09-02,1132.5,1140.4000244140625,1130.800048828125,1137.300048828125,201.0
2015-09-03,1123.699951171875,1132.9000244140625,1120.300048828125,1130.300048828125,122.0
2015-09-04,1120.5999755859375,1125.199951171875,1116.199951171875,1123.4000244140625,51.0
2015-09-07,1124.77,1124.77,1124.77,1124.77,0.0
2015-09-08,1120.4000244140625,1124.300048828125,1116.4000244140625,1119.800048828125,138.0
2015-09-09,1102.199951171875,1123.5,1102.0999755859375,1123.5,150.0
2015-09-10,1124.77,1124.77,1124.77,1124.77,0.0
2015-09-11,1103.5,1111.699951171875,1098.199951171875,1110.800048828125,81.0
2015-09-14,1107.699951171875,1108.5999755859375,1104.0999755859375,1107.800048828125,19.0
2015-09-15,1124.77,1124.77,1124.77,1124.77,0.0
2015-09-16,1124.77,1124.77,1124.77,1124.77,0.0
2015-09-17,1124.77,1124.77,1124.77,1124.77,0.0
2015-09-18,1124.77,1124.77,1124.77,1124.77,0.0
2015-09-21,1124.77,1124.77,1124.77,1124.77,0.0
2015-09-22,1125.0,1135.0,1122.5,1132.5999755859375,43.0
2015-09-23,1131.5999755859375,1132.199951171875,1128.300048828125,1128.5999755859375,33.0
2015-09-24,1153.800048828125,1155.9000244140625,1133.0,1133.0,37.0
2015-09-25,1146.0,1149.800048828125,1143.4000244140625,1149.800048828125,56.0
2015-09-28,1132.0,1133.199951171875,1132.0,1133.199951171875,4346.0
2015-09-29,1127.0999755859375,1134.4000244140625,1124.300048828125,1132.199951171875,2417.0
2015-09-30,1115.5,1126.0,1112.0999755859375,1124.300048828125,865.0
2015-10-01,1159.25,1159.25,1159.25,1159.25,0.0
2015-10-02,1137.0999755859375,1141.199951171875,1105.800048828125,1112.199951171875,323.0
2015-10-05,1138.0999755859375,1141.699951171875,1132.5,1137.0999755859375,226.0
2015-10-06,1159.25,1159.25,1159.25,1159.25,0.0
2015-10-07,1149.0,1152.9000244140625,1143.0,1147.5999755859375,104.0
2015-10-08,1144.699951171875,1146.699951171875,1138.699951171875,1142.699951171875,138.0
2015-10-09,1156.300048828125,1157.199951171875,1151.5999755859375,1151.5999755859375,22.0
2015-10-12,1164.9000244140625,1166.800048828125,1155.9000244140625,1155.9000244140625,40.0
2015-10-13,1165.800048828125,1166.199951171875,1154.9000244140625,1163.5,132.0
2015-10-14,1180.0999755859375,1189.0,1167.300048828125,1172.4000244140625,143.0
2015-10-15,1187.9000244140625,1188.300048828125,1177.800048828125,1184.199951171875,143.0
2015-10-16,1183.5999755859375,1184.0999755859375,1176.199951171875,1182.5,243.0
2015-10-19,1173.300048828125,1177.800048828125,1169.300048828125,1176.5,62.0
2015-10-20,1178.0,1179.0999755859375,1168.699951171875,1168.699951171875,19.0
2015-10-21,1159.25,1159.25,1159.25,1159.25,0.0
2015-10-22,1159.25,1159.25,1159.25,1159.25,0.0
2015-10-23,1163.300048828125,1178.699951171875,1163.300048828125,1166.199951171875,38.0
2015-10-26,1167.0,1170.0,1163.800048828125,1165.0999755859375,176.0
2015-10-27,1159.25,1159.25,1159.25,1159.25,0.0
2015-10-28,1177.0999755859375,1182.699951171875,1175.0999755859375,1175.0999755859375,217.0
2015-10-29,1147.199951171875,1162.0,1144.9000244140625,1158.0,329.0
2015-10-30,1159.25,1159.25,1159.25,1159.25,0.0
2015-11-02,1135.800048828125,1138.699951171875,1132.5999755859375,1137.9000244140625,180.0
2015-11-03,1114.199951171875,1134.699951171875,1114.199951171875,1133.300048828125,185.0
2015-11-04,1106.5,1121.9000244140625,1106.5,1119.0,141.0
2015-11-05,1104.4000244140625,1110.699951171875,1104.4000244140625,1107.9000244140625,84.0
2015-11-06,1086.44,1086.44,1086.44,1086.44,0.0
2015-11-09,1087.9000244140625,1088.5999755859375,1087.9000244140625,1088.5999755859375,5.0
2015-11-10,1086.44,1086.44,1086.44,1086.44,0.0
2015-11-11,1086.44,1086.44,1086.44,1086.44,0.0
2015-11-12,1080.800048828125,1086.5999755859375,1080.800048828125,1086.0,4.0
2015-11-13,1080.800048828125,1085.9000244140625,1080.800048828125,1083.0999755859375,23.0
2015-11-16,1086.44,1086.44,1086.44,1086.44,0.0
2015-11-17,1086.44,1086.44,1086.44,1086.44,0.0
2015-11-18,1086.44,1086.44,1086.44,1086.44,0.0
2015-11-19,1078.0,1082.4000244140625,1077.4000244140625,1077.4000244140625,10.0
2015-11-20,1086.44,1086.44,1086.44,1086.44,0.0
2015-11-23,1066.800048828125,1071.5,1066.800048828125,1070.0,57.0
2015-11-24,1086.44,1086.44,1086.44,1086.44,0.0
2015-11-25,1086.44,1086.44,1086.44,1086.44,0.0
2015-11-26,1086.44,1086.44,1086.44,1086.44,0.0
2015-11-27,1056.199951171875,1074.199951171875,1051.0999755859375,1070.699951171875,52133.0
2015-11-30,1065.800048828125,1068.4000244140625,1052.0999755859375,1056.5,4601.0
2015-12-01,1075.74,1075.74,1075.74,1075.74,0.0
2015-12-02,1054.199951171875,1069.5,1049.5999755859375,1068.699951171875,503.0
2015-12-03,1061.699951171875,1064.5999755859375,1046.199951171875,1054.4000244140625,1161.0
2015-12-04,1084.5,1088.800048828125,1058.699951171875,1063.0,889.0
2015-12-07,1075.74,1075.74,1075.74,1075.74,0.0
2015-12-08,1076.300048828125,1078.4000244140625,1069.5999755859375,1071.0,306.0
2015-12-09,1077.5999755859375,1086.0,1070.5999755859375,1075.0999755859375,386.0
2015-12-10,1073.0999755859375,1076.300048828125,1071.699951171875,1073.0,226.0
2015-12-11,1076.9000244140625,1079.4000244140625,1064.4000244140625,1067.800048828125,410.0
2015-12-14,1075.74,1075.74,1075.74,1075.74,0.0
2015-12-15,1062.9000244140625,1066.199951171875,1061.800048828125,1064.5999755859375,220.0
2015-12-16,1078.0,1078.699951171875,1064.300048828125,1064.800048828125,81.0
2015-12-17,1050.800048828125,1072.5999755859375,1050.5,1072.5999755859375,56.0
2015-12-18,1075.74,1075.74,1075.74,1075.74,0.0
2015-12-21,1081.9000244140625,1081.9000244140625,1070.199951171875,1070.199951171875,26.0
2015-12-22,1074.800048828125,1078.5999755859375,1073.800048828125,1078.5999755859375,106.0
2015-12-23,1075.74,1075.74,1075.74,1075.74,0.0
2015-12-24,1077.199951171875,1077.800048828125,1073.5,1074.300048828125,24.0
2015-12-25,1075.74,1075.74,1075.74,1075.74,0.0
2015-12-28,1070.5,1098.800048828125,1070.5,1077.9000244140625,361.0
2015-12-29,1077.5,1079.699951171875,1077.5,1079.0999755859375,252.0
2015-12-30,1060.0999755859375,1070.199951171875,1059.699951171875,1068.5999755859375,71.0
2015-12-31,1060.300048828125,1062.0,1058.5,1061.9000244140625,10.0
2016-01-01,1097.91,1097.91,1097.91,1097.91,0.0
2016-01-04,1075.0999755859375,1082.5,1063.199951171875,1063.4000244140625,143.0
2016-01-05,1078.4000244140625,1081.5,1075.300048828125,1075.5999755859375,82.0
2016-01-06,1091.9000244140625,1093.699951171875,1081.5999755859375,1081.5999755859375,52.0
2016-01-07,1107.699951171875,1109.4000244140625,1091.5999755859375,1091.5999755859375,122.0
2016-01-08,1097.800048828125,1111.0999755859375,1093.0,1111.0999755859375,98.0
2016-01-11,1096.5,1107.9000244140625,1096.5,1105.699951171875,43.0
2016-01-12,1085.5999755859375,1098.5,1084.0,1093.800048828125,87.0
2016-01-13,1087.5,1093.9000244140625,1081.5,1081.5,50.0
2016-01-14,1073.9000244140625,1091.5,1073.699951171875,1091.5,59.0
2016-01-15,1091.5,1095.800048828125,1081.800048828125,1085.0,44.0
2016-01-18,1097.91,1097.91,1097.91,1097.91,0.0
2016-01-19,1089.9000244140625,1094.4000244140625,1084.9000244140625,1089.800048828125,17.0
2016-01-20,1107.0999755859375,1109.800048828125,1099.800048828125,1099.800048828125,30.0
2016-01-21,1099.0999755859375,1103.5999755859375,1094.0999755859375,1103.5999755859375,16.0
2016-01-22,1097.91,1097.91,1097.91,1097.91,0.0
2016-01-25,1097.91,1097.91,1097.91,1097.91,0.0
2016-01-26,1121.699951171875,1121.699951171875,1114.300048828125,1115.0999755859375,181.0
2016-01-27,1116.0999755859375,1117.800048828125,1115.800048828125,1117.800048828125,168706.0
2016-01-28,1115.5999755859375,1125.699951171875,1109.800048828125,1125.4000244140625,52861.0
2016-01-29,1116.4000244140625,1118.5999755859375,1108.800048828125,1114.4000244140625,6955.0
2016-02-01,1199.5,1199.5,1199.5,1199.5,0.0
2016-02-02,1127.300048828125,1131.4000244140625,1123.0,1128.300048828125,1230.0
2016-02-03,1141.300048828125,1146.0,1125.0,1128.5,1630.0
2016-02-04,1199.5,1199.5,1199.5,1199.5,0.0
2016-02-05,1199.5,1199.5,1199.5,1199.5,0.0
2016-02-08,1199.5,1199.5,1199.5,1199.5,0.0
2016-02-09,1198.699951171875,1199.199951171875,1186.699951171875,1188.699951171875,700.0
2016-02-10,1199.5,1199.5,1199.5,1199.5,0.0
2016-02-11,1247.9000244140625,1260.800048828125,1204.5999755859375,1205.5999755859375,995.0
2016-02-12,1239.0999755859375,1247.800048828125,1233.5,1247.800048828125,250.0
2016-02-15,1199.5,1199.5,1199.5,1199.5,0.0
2016-02-16,1199.5,1199.5,1199.5,1199.5,0.0
2016-02-17,1199.5,1199.5,1199.5,1199.5,0.0
2016-02-18,1199.5,1199.5,1199.5,1199.5,0.0
2016-02-19,1230.4000244140625,1232.800048828125,1221.800048828125,1230.800048828125,76.0
2016-02-22,1209.5,1226.0999755859375,1203.0,1226.0999755859375,280.0
2016-02-23,1199.5,1199.5,1199.5,1199.5,0.0
2016-02-24,1238.699951171875,1250.0999755859375,1230.0,1230.0,111.0
2016-02-25,1238.199951171875,1241.5,1235.0,1239.4000244140625,1349.0
2016-02-26,1199.5,1199.5,1199.5,1199.5,0.0
2016-02-29,1233.9000244140625,1241.0,1218.5999755859375,1218.5999755859375,580.0
2016-03-01,1245.14,1245.14,1245.14,1245.14,0.0
2016-03-02,1241.0999755859375,1242.5999755859375,1226.0,1232.800048828125,267.0
2016-03-03,1245.14,1245.14,1245.14,1245.14,0.0
2016-03-04,1245.14,1245.14,1245.14,1245.14,0.0
2016-03-07,1245.14,1245.14,1245.14,1245.14,0.0
2016-03-08,1245.14,1245.14,1245.14,1245.14,0.0
2016-03-09,1245.14,1245.14,1245.14,1245.14,0.0
2016-03-10,1245.14,1245.14,1245.14,1245.14,0.0
2016-03-11,1258.699951171875,1280.699951171875,1249.4000244140625,1270.0,87.0
2016-03-14,1244.4000244140625,1258.0,1234.5,1256.0,58.0
2016-03-15,1230.4000244140625,1236.0,1228.0,1228.300048828125,37.0
2016-03-16,1229.300048828125,1263.800048828125,1228.9000244140625,1229.5,45.0
2016-03-17,1264.5,1270.0999755859375,1255.9000244140625,1261.5,27.0
2016-03-18,1253.800048828125,1264.4000244140625,1251.5,1257.0999755859375,542.0
2016-03-21,1243.800048828125,1256.199951171875,1243.4000244140625,1256.199951171875,1061.0
2016-03-22,1245.14,1245.14,1245.14,1245.14,0.0
2016-03-23,1223.699951171875,1247.699951171875,1218.5999755859375,1247.699951171875,28.0
2016-03-24,1221.4000244140625,1221.4000244140625,1214.199951171875,1214.199951171875,13.0
2016-03-25,1245.14,1245.14,1245.14,1245.14,0.0
2016-03-28,1219.9000244140625,1222.199951171875,1210.0,1211.5,33.0
2016-03-29,1235.5999755859375,1235.5999755859375,1217.699951171875,1217.800048828125,189732.0
2016-03-30,1226.9000244140625,1245.0,1223.4000244140625,1241.4000244140625,48248.0
2016-03-31,1234.199951171875,1239.5999755859375,1224.5,1225.5999755859375,3377.0
2016-04-01,1242.26,1242.26,1242.26,1242.26,0.0
2016-04-04,1218.0,1222.300048828125,1215.0,1221.699951171875,2038.0
2016-04-05,1228.4000244140625,1236.699951171875,1215.4000244140625,1215.4000244140625,477.0
2016-04-06,1222.5,1230.4000244140625,1217.5999755859375,1230.4000244140625,248.0
2016-04-07,1242.26,1242.26,1242.26,1242.26,0.0
2016-04-08,1242.26,1242.26,1242.26,1242.26,0.0
2016-04-11,1242.26,1242.26,1242.26,1242.26,0.0
2016-04-12,1242.26,1242.26,1242.26,1242.26,0.0
2016-04-13,1246.800048828125,1256.9000244140625,1241.300048828125,1256.5,203.0
2016-04-14,1225.0,1243.699951171875,1224.5,1231.4000244140625,264.0
2016-04-15,1233.0999755859375,1235.0,1225.699951171875,1225.699951171875,97.0
2016-04-18,1233.5999755859375,1241.0999755859375,1232.199951171875,1238.699951171875,304.0
2016-04-19,1253.0,1256.199951171875,1228.800048828125,1231.5999755859375,386.0
2016-04-20,1253.199951171875,1256.0999755859375,1243.0,1256.0999755859375,180.0
2016-04-21,1242.26,1242.26,1242.26,1242.26,0.0
2016-04-22,1242.26,1242.26,1242.26,1242.26,0.0
2016-04-25,1238.9000244140625,1240.9000244140625,1231.5999755859375,1231.5999755859375,442.0
2016-04-26,1242.199951171875,1244.199951171875,1233.0,1239.800048828125,97.0
2016-04-27,1249.199951171875,1249.5,1248.5999755859375,1248.5999755859375,547.0
2016-04-28,1242.26,1242.26,1242.26,1242.26,0.0
2016-04-29,1289.199951171875,1295.5,1267.199951171875,1267.300048828125,464.0
2016-05-02,1260.95,1260.95,1260.95,1260.95,0.0
2016-05-03,1290.699951171875,1301.5,1284.5,1292.699951171875,151.0
2016-05-04,1273.300048828125,1290.0,1273.0,1286.9000244140625,109.0
2016-05-05,1271.4000244140625,1286.0,1270.800048828125,1282.9000244140625,330.0
2016-05-06,1292.9000244140625,1295.5999755859375,1276.9000244140625,1278.5999755859375,305.0
2016-05-09,1265.5999755859375,1286.5,1262.300048828125,1286.5,341.0
2016-05-10,1260.95,1260.95,1260.95,1260.95,0.0
2016-05-11,1274.5999755859375,1279.199951171875,1266.9000244140625,1266.9000244140625,50.0
2016-05-12,1260.95,1260.95,1260.95,1260.95,0.0
2016-05-13,1271.9000244140625,1275.699951171875,1264.5999755859375,1271.4000244140625,66.0
2016-05-16,1273.4000244140625,1287.800048828125,1272.800048828125,1272.800048828125,44.0
2016-05-17,1276.199951171875,1281.5999755859375,1270.800048828125,1272.5,16.0
2016-05-18,1260.95,1260.95,1260.95,1260.95,0.0
2016-05-19,1254.199951171875,1255.5,1247.5,1248.0,69.0
2016-05-20,1252.4000244140625,1256.5999755859375,1252.4000244140625,1256.5999755859375,44.0
2016-05-23,1251.0999755859375,1251.5999755859375,1247.5,1251.5999755859375,56.0
2016-05-24,1228.9000244140625,1240.0,1228.199951171875,1240.0,20.0
2016-05-25,1260.95,1260.95,1260.95,1260.95,0.0
2016-05-26,1260.95,1260.95,1260.95,1260.95,0.0
2016-05-27,1260.95,1260.95,1260.95,1260.95,0.0
2016-05-30,1260.95,1260.95,1260.95,1260.95,0.0
2016-05-31,1260.95,1260.95,1260.95,1260.95,0.0
2016-06-01,1211.9000244140625,1219.800048828125,1205.4000244140625,1215.699951171875,2717.0
2016-06-02,1209.800048828125,1217.0,1209.5999755859375,1212.4000244140625,1627.0
2016-06-03,1240.0999755859375,1244.5,1206.4000244140625,1209.0999755859375,1622.0
2016-06-06,1276.4,1276.4,1276.4,1276.4,0.0
2016-06-07,1276.4,1276.4,1276.4,1276.4,0.0
2016-06-08,1259.800048828125,1264.0,1247.300048828125,1247.5999755859375,406.0
2016-06-09,1270.199951171875,1271.4000244140625,1258.0999755859375,1262.5,381.0
2016-06-10,1273.4000244140625,1278.0,1265.300048828125,1267.5999755859375,397.0
2016-06-13,1284.4000244140625,1287.300048828125,1273.0,1276.199951171875,328.0
2016-06-14,1285.5999755859375,1289.699951171875,1277.800048828125,1281.800048828125,554.0
2016-06-15,1276.4,1276.4,1276.4,1276.4,0.0
2016-06-16,1276.4,1276.4,1276.4,1276.4,0.0
2016-06-17,1276.4,1276.4,1276.4,1276.4,0.0
2016-06-20,1276.4,1276.4,1276.4,1276.4,0.0
2016-06-21,1270.5,1293.9000244140625,1266.300048828125,1293.9000244140625,134.0
2016-06-22,1268.0,1269.199951171875,1264.9000244140625,1267.0,53.0
2016-06-23,1276.4,1276.4,1276.4,1276.4,0.0
2016-06-24,1320.0,1355.5999755859375,1253.699951171875,1253.699951171875,694.0
2016-06-27,1322.5,1331.699951171875,1320.0,1330.0,92.0
2016-06-28,1315.300048828125,1315.5999755859375,1314.0999755859375,1314.800048828125,1072.0
2016-06-29,1323.9000244140625,1327.4000244140625,1311.5999755859375,1311.5999755859375,414.0
2016-06-30,1318.4000244140625,1323.5,1314.5,1315.800048828125,560.0
2016-07-01,1336.699951171875,1344.199951171875,1321.9000244140625,1324.5,137.0
2016-07-04,1336.66,1336.66,1336.66,1336.66,0.0
2016-07-05,1356.4000244140625,1356.800048828125,1339.699951171875,1342.199951171875,90.0
2016-07-06,1364.9000244140625,1374.9000244140625,1359.0,1359.0,130.0
2016-07-07,1360.0999755859375,1368.5999755859375,1350.5,1366.800048828125,207.0
2016-07-08,1356.5999755859375,1365.800048828125,1335.0,1361.300048828125,249.0
2016-07-11,1355.0,1371.800048828125,1353.0,1371.699951171875,26.0
2016-07-12,1334.0999755859375,1356.0,1330.300048828125,1353.5999755859375,252.0
2016-07-13,1336.66,1336.66,1336.66,1336.66,0.0
2016-07-14,1331.300048828125,1341.4000244140625,1322.699951171875,1341.4000244140625,20.0
2016-07-15,1326.5,1333.699951171875,1322.9000244140625,1333.699951171875,52.0
2016-07-18,1328.4000244140625,1335.0,1326.199951171875,1327.5,54.0
2016-07-19,1331.5,1333.199951171875,1326.4000244140625,1328.5,322.0
2016-07-20,1318.800048828125,1337.5,1315.5,1331.0,751.0
2016-07-21,1336.66,1336.66,1336.66,1336.66,0.0
2016-07-22,1323.0999755859375,1330.699951171875,1320.4000244140625,1330.699951171875,55.0
2016-07-25,1336.66,1336.66,1336.66,1336.66,0.0
2016-07-26,1336.66,1336.66,1336.66,1336.66,0.0
2016-07-27,1326.5999755859375,1326.5999755859375,1326.0,1326.0,215388.0
2016-07-28,1336.66,1336.66,1336.66,1336.66,0.0
2016-07-29,1349.0,1353.300048828125,1325.800048828125,1333.199951171875,6076.0
2016-08-01,1351.4000244140625,1353.5,1345.5999755859375,1348.800048828125,1257.0
2016-08-02,1364.4000244140625,1366.0,1346.5999755859375,1352.0999755859375,2941.0
2016-08-03,1340.17,1340.17,1340.17,1340.17,0.0
2016-08-04,1340.17,1340.17,1340.17,1340.17,0.0
2016-08-05,1336.4000244140625,1360.800048828125,1333.699951171875,1357.5999755859375,1107.0
2016-08-08,1340.17,1340.17,1340.17,1340.17,0.0
2016-08-09,1339.0,1339.4000244140625,1328.5,1331.800048828125,620.0
2016-08-10,1344.300048828125,1354.199951171875,1344.300048828125,1344.800048828125,110.0
2016-08-11,1342.5,1350.4000244140625,1334.800048828125,1341.5999755859375,666.0
2016-08-12,1335.800048828125,1351.800048828125,1333.199951171875,1336.800048828125,113.0
2016-08-15,1340.17,1340.17,1340.17,1340.17,0.0
2016-08-16,1350.5,1355.0,1341.0,1342.199951171875,338.0
2016-08-17,1342.699951171875,1347.300048828125,1338.5999755859375,1345.5,135.0
2016-08-18,1351.199951171875,1354.4000244140625,1348.199951171875,1351.300048828125,140.0
2016-08-19,1340.4000244140625,1350.0999755859375,1338.5999755859375,1350.0999755859375,197.0
2016-08-22,1337.699951171875,1337.699951171875,1333.300048828125,1334.4000244140625,117.0
2016-08-23,1340.5999755859375,1341.199951171875,1334.300048828125,1337.0,551.0
2016-08-24,1324.4000244140625,1337.199951171875,1322.9000244140625,1337.199951171875,262.0
2016-08-25,1320.0999755859375,1324.0,1317.0,1321.4000244140625,58.0
2016-08-26,1321.5,1340.5,1320.0999755859375,1323.800048828125,141.0
2016-08-29,1322.9000244140625,1323.0,1315.0,1315.0,437.0
2016-08-30,1311.699951171875,1322.0999755859375,1308.0,1322.0,705.0
2016-08-31,1306.9000244140625,1313.699951171875,1306.300048828125,1310.300048828125,214.0
2016-09-01,1312.199951171875,1313.0999755859375,1301.5,1305.300048828125,225.0
2016-09-02,1322.0999755859375,1326.699951171875,1309.199951171875,1309.5999755859375,55.0
2016-09-05,1326.61,1326.61,1326.61,1326.61,0.0
2016-09-06,1326.61,1326.61,1326.61,1326.61,0.0
2016-09-07,1326.61,1326.61,1326.61,1326.61,0.0
2016-09-08,1336.800048828125,1345.4000244140625,1335.699951171875,1344.800048828125,30.0
2016-09-09,1330.0999755859375,1338.5,1328.0,1338.5,35.0
2016-09-12,1321.0,1329.300048828125,1319.9000244140625,1327.0,177.0
2016-09-13,1319.0,1324.5999755859375,1315.0,1324.5999755859375,79.0
2016-09-14,1321.5,1322.300048828125,1319.199951171875,1319.199951171875,73.0
2016-09-15,1313.5,1320.699951171875,1310.800048828125,1320.699951171875,37.0
2016-09-16,1305.800048828125,1312.5999755859375,1305.800048828125,1312.199951171875,4.0
2016-09-19,1313.5,1313.5,1313.5,1313.5,20.0
2016-09-20,1313.699951171875,1313.699951171875,1313.699951171875,1313.699951171875,97.0
2016-09-21,1326.9000244140625,1326.9000244140625,1324.0,1326.300048828125,76.0
2016-09-22,1340.4000244140625,1340.4000244140625,1338.199951171875,1338.5999755859375,23.0
2016-09-23,1326.61,1326.61,1326.61,1326.61,0.0
2016-09-26,1339.699951171875,1341.800048828125,1335.199951171875,1335.199951171875,24.0
2016-09-27,1325.9000244140625,1328.699951171875,1325.9000244140625,1328.0,48.0
2016-09-28,1326.61,1326.61,1326.61,1326.61,0.0
2016-09-29,1321.699951171875,1325.0,1314.699951171875,1321.199951171875,6108.0
2016-09-30,1326.61,1326.61,1326.61,1326.61,0.0
2016-10-03,1309.0,1316.800048828125,1308.199951171875,1313.5,299.0
2016-10-04,1266.55,1266.55,1266.55,1266.55,0.0
2016-10-05,1265.199951171875,1274.0,1261.300048828125,1272.0999755859375,246.0
2016-10-06,1249.800048828125,1265.300048828125,1249.800048828125,1265.300048828125,114.0
2016-10-07,1248.9000244140625,1263.5999755859375,1248.9000244140625,1253.9000244140625,169.0
2016-10-10,1266.55,1266.55,1266.55,1266.55,0.0
2016-10-11,1253.0,1258.9000244140625,1253.0,1258.9000244140625,26.0
2016-10-12,1251.0999755859375,1254.0,1251.0999755859375,1251.699951171875,127.0
2016-10-13,1255.0,1259.0,1255.0,1258.699951171875,315.0
2016-10-14,1266.55,1266.55,1266.55,1266.55,0.0
2016-10-17,1266.55,1266.55,1266.55,1266.55,0.0
2016-10-18,1260.800048828125,1261.699951171875,1260.800048828125,1260.9000244140625,11.0
2016-10-19,1267.9000244140625,1271.5,1262.9000244140625,1262.9000244140625,219.0
2016-10-20,1266.55,1266.55,1266.55,1266.55,0.0
2016-10-21,1265.9000244140625,1265.9000244140625,1265.9000244140625,1265.9000244140625,224.0
2016-10-24,1266.55,1266.55,1266.55,1266.55,0.0
2016-10-25,1271.9000244140625,1274.0999755859375,1264.0999755859375,1264.0999755859375,61.0
2016-10-26,1266.55,1266.55,1266.55,1266.55,0.0
2016-10-27,1267.9000244140625,1269.4000244140625,1267.9000244140625,1269.4000244140625,338.0
2016-10-28,1275.5,1281.5,1262.0,1270.300048828125,560.0
2016-10-31,1271.5,1276.5999755859375,1271.5,1276.5999755859375,58.0
2016-11-01,1238.35,1238.35,1238.35,1238.35,0.0
2016-11-02,1238.35,1238.35,1238.35,1238.35,0.0
2016-11-03,1238.35,1238.35,1238.35,1238.35,0.0
2016-11-04,1303.300048828125,1303.300048828125,1296.699951171875,1300.0,11.0
2016-11-07,1278.300048828125,1294.5,1278.300048828125,1292.0,34.0
2016-11-08,1273.4000244140625,1289.4000244140625,1273.199951171875,1284.0999755859375,50.0
2016-11-09,1272.5999755859375,1318.5999755859375,1270.0,1272.199951171875,108.0
2016-11-10,1265.5,1287.5,1253.300048828125,1274.4000244140625,63.0
2016-11-11,1238.35,1238.35,1238.35,1238.35,0.0
2016-11-14,1238.35,1238.35,1238.35,1238.35,0.0
2016-11-15,1224.0,1226.0,1222.5,1224.300048828125,20.0
2016-11-16,1238.35,1238.35,1238.35,1238.35,0.0
2016-11-17,1216.5,1225.0,1211.0,1224.5999755859375,1139.0
2016-11-18,1208.5,1211.9000244140625,1207.199951171875,1211.9000244140625,607.0
2016-11-21,1238.35,1238.35,1238.35,1238.35,0.0
2016-11-22,1211.0,1211.0999755859375,1207.5999755859375,1210.4000244140625,19.0
2016-11-23,1189.0999755859375,1213.800048828125,1186.800048828125,1212.800048828125,309.0
2016-11-24,1238.35,1238.35,1238.35,1238.35,0.0
2016-11-25,1238.35,1238.35,1238.35,1238.35,0.0
2016-11-28,1190.5999755859375,1190.5999755859375,1188.0,1188.0,189914.0
2016-11-29,1187.9000244140625,1194.800048828125,1179.4000244140625,1193.199951171875,42124.0
2016-11-30,1170.800048828125,1193.300048828125,1167.9000244140625,1187.0999755859375,7158.0
2016-12-01,1166.9000244140625,1174.5999755859375,1160.0,1172.699951171875,1588.0
2016-12-02,1157.36,1157.36,1157.36,1157.36,0.0
2016-12-05,1157.36,1157.36,1157.36,1157.36,0.0
2016-12-06,1157.36,1157.36,1157.36,1157.36,0.0
2016-12-07,1175.0,1178.5,1166.4000244140625,1167.699951171875,182.0
2016-12-08,1157.36,1157.36,1157.36,1157.36,0.0
2016-12-09,1157.36,1157.36,1157.36,1157.36,0.0
2016-12-12,1157.36,1157.36,1157.36,1157.36,0.0
2016-12-13,1157.36,1157.36,1157.36,1157.36,0.0
2016-12-14,1161.300048828125,1164.0,1142.0,1159.800048828125,487.0
2016-12-15,1127.800048828125,1143.300048828125,1123.9000244140625,1139.800048828125,244.0
2016-12-16,1157.36,1157.36,1157.36,1157.36,0.0
2016-12-19,1140.5,1140.699951171875,1137.9000244140625,1139.4000244140625,249.0
2016-12-20,1131.5,1133.5,1126.5,1133.5,46.0
2016-12-21,1131.0999755859375,1136.0999755859375,1130.0,1136.0999755859375,50.0
2016-12-22,1128.800048828125,1132.800048828125,1128.300048828125,1131.199951171875,104.0
2016-12-23,1131.9000244140625,1132.800048828125,1130.300048828125,1130.9000244140625,70.0
2016-12-26,1157.36,1157.36,1157.36,1157.36,0.0
2016-12-27,1157.36,1157.36,1157.36,1157.36,0.0
2016-12-28,1139.4000244140625,1141.199951171875,1138.0,1141.199951171875,1570.0
2016-12-29,1156.4000244140625,1158.800048828125,1143.5999755859375,1143.800048828125,950.0
2016-12-30,1150.0,1162.0,1150.0,1162.0,16.0
2017-01-02,1192.1,1192.1,1192.1,1192.1,0.0
2017-01-03,1160.4000244140625,1160.800048828125,1146.5,1155.199951171875,52.0
2017-01-04,1163.800048828125,1165.0,1156.300048828125,1156.300048828125,36.0
2017-01-05,1179.699951171875,1183.300048828125,1171.5,1172.0,500.0
2017-01-06,1192.1,1192.1,1192.1,1192.1,0.0
2017-01-09,1192.1,1192.1,1192.1,1192.1,0.0
2017-01-10,1184.199951171875,1188.9000244140625,1182.300048828125,1184.300048828125,8.0
2017-01-11,1195.5999755859375,1197.0,1176.5,1187.5,20.0
2017-01-12,1198.9000244140625,1204.300048828125,1192.300048828125,1192.699951171875,110.0
2017-01-13,1195.300048828125,1196.0,1187.699951171875,1195.699951171875,65.0
2017-01-16,1192.1,1192.1,1192.1,1192.1,0.0
2017-01-17,1192.1,1192.1,1192.1,1192.1,0.0
2017-01-18,1211.300048828125,1214.699951171875,1203.0999755859375,1213.5999755859375,114.0
2017-01-19,1200.9000244140625,1204.0,1195.800048828125,1200.5,26.0
2017-01-20,1204.300048828125,1212.0999755859375,1202.800048828125,1202.800048828125,38.0
2017-01-23,1192.1,1192.1,1192.1,1192.1,0.0
2017-01-24,1210.300048828125,1219.0,1207.699951171875,1219.0,24.0
2017-01-25,1192.1,1192.1,1192.1,1192.1,0.0
2017-01-26,1192.1,1192.1,1192.1,1192.1,0.0
2017-01-27,1188.0999755859375,1188.300048828125,1187.9000244140625,1187.9000244140625,234352.0
2017-01-30,1193.199951171875,1198.5,1187.0999755859375,1191.699951171875,50503.0
2017-01-31,1208.5999755859375,1214.699951171875,1193.5,1194.9000244140625,3212.0
2017-02-01,1205.5999755859375,1211.9000244140625,1197.9000244140625,1211.9000244140625,1145.0
2017-02-02,1216.699951171875,1224.199951171875,1208.9000244140625,1209.699951171875,1512.0
2017-02-03,1218.5,1220.5999755859375,1206.199951171875,1214.9000244140625,865.0
2017-02-06,1230.0,1235.4000244140625,1218.5,1221.9000244140625,908.0
2017-02-07,1234.199951171875,1236.199951171875,1228.5,1234.199951171875,1177.0
2017-02-08,1237.5999755859375,1243.9000244140625,1231.0,1232.0999755859375,288.0
2017-02-09,1234.2,1234.2,1234.2,1234.2,0.0
2017-02-10,1234.2,1234.2,1234.2,1234.2,0.0
2017-02-13,1224.4000244140625,1231.0999755859375,1219.0,1230.5,398.0
2017-02-14,1223.9000244140625,1233.5,1222.0999755859375,1225.9000244140625,159.0
2017-02-15,1234.2,1234.2,1234.2,1234.2,0.0
2017-02-16,1240.0,1240.699951171875,1233.199951171875,1234.5,87.0
2017-02-17,1237.5999755859375,1241.199951171875,1234.800048828125,1240.699951171875,301.0
2017-02-20,1234.2,1234.2,1234.2,1234.2,0.0
2017-02-21,1234.2,1234.2,1234.2,1234.2,0.0
2017-02-22,1232.0,1238.5999755859375,1231.800048828125,1236.0999755859375,36.0
2017-02-23,1250.199951171875,1250.300048828125,1236.0999755859375,1236.0999755859375,112.0
2017-02-24,1256.9000244140625,1258.800048828125,1250.0,1250.0,1264.0
2017-02-27,1257.4000244140625,1263.0999755859375,1250.4000244140625,1254.699951171875,544.0
2017-02-28,1252.5999755859375,1257.300048828125,1247.199951171875,1253.5999755859375,721.0
2017-03-01,1248.9000244140625,1248.9000244140625,1236.9000244140625,1247.800048828125,138.0
2017-03-02,1231.42,1231.42,1231.42,1231.42,0.0
2017-03-03,1225.5,1235.199951171875,1222.9000244140625,1231.699951171875,121.0
2017-03-06,1224.5,1235.199951171875,1224.5,1235.199951171875,29.0
2017-03-07,1215.0999755859375,1225.4000244140625,1213.699951171875,1224.300048828125,53.0
2017-03-08,1208.5,1212.199951171875,1206.699951171875,1212.199951171875,24.0
2017-03-09,1231.42,1231.42,1231.42,1231.42,0.0
2017-03-10,1231.42,1231.42,1231.42,1231.42,0.0
2017-03-13,1202.4000244140625,1210.0,1202.300048828125,1206.199951171875,35.0
2017-03-14,1201.9000244140625,1205.9000244140625,1196.800048828125,1203.0999755859375,22.0
2017-03-15,1200.0999755859375,1221.199951171875,1197.699951171875,1198.199951171875,36.0
2017-03-16,1231.42,1231.42,1231.42,1231.42,0.0
2017-03-17,1229.800048828125,1230.9000244140625,1227.0999755859375,1227.0999755859375,26.0
2017-03-20,1233.5999755859375,1234.4000244140625,1229.300048828125,1229.300048828125,23.0
2017-03-21,1246.0999755859375,1246.0999755859375,1226.4000244140625,1226.4000244140625,11.0
2017-03-22,1231.42,1231.42,1231.42,1231.42,0.0
2017-03-23,1246.9000244140625,1247.5,1244.800048828125,1246.4000244140625,16.0
2017-03-24,1248.199951171875,1248.300048828125,1247.5999755859375,1248.0,3.0
2017-03-27,1255.4000244140625,1257.699951171875,1253.800048828125,1255.800048828125,72.0
2017-03-28,1231.42,1231.42,1231.42,1231.42,0.0
2017-03-29,1231.42,1231.42,1231.42,1231.42,0.0
2017-03-30,1231.42,1231.42,1231.42,1231.42,0.0
2017-03-31,1247.300048828125,1248.800048828125,1238.699951171875,1242.0999755859375,8223.0
2017-04-03,1250.800048828125,1252.4000244140625,1243.5999755859375,1247.5,1160.0
2017-04-04,1255.0,1260.300048828125,1253.0,1253.0999755859375,724.0
2017-04-05,1245.4000244140625,1255.4000244140625,1243.0,1255.4000244140625,907.0
2017-04-06,1266.88,1266.88,1266.88,1266.88,0.0
2017-04-07,1254.300048828125,1269.0999755859375,1249.5,1249.5,445.0
2017-04-10,1251.0999755859375,1255.199951171875,1246.800048828125,1252.699951171875,182.0
2017-04-11,1266.88,1266.88,1266.88,1266.88,0.0
2017-04-12,1275.300048828125,1285.0999755859375,1272.0,1275.0,492.0
2017-04-13,1266.88,1266.88,1266.88,1266.88,0.0
2017-04-14,1266.88,1266.88,1266.88,1266.88,0.0
2017-04-17,1289.4000244140625,1294.800048828125,1284.300048828125,1291.800048828125,73.0
2017-04-18,1266.88,1266.88,1266.88,1266.88,0.0
2017-04-19,1281.4000244140625,1288.0,1274.0,1288.0,194.0
2017-04-20,1281.9000244140625,1281.9000244140625,1276.199951171875,1279.699951171875,127.0
2017-04-21,1287.4000244140625,1287.4000244140625,1279.199951171875,1279.800048828125,474.0
2017-04-24,1275.800048828125,1276.4000244140625,1265.0,1275.0,605.0
2017-04-25,1265.5999755859375,1276.9000244140625,1262.0999755859375,1275.5999755859375,356.0
2017-04-26,1266.88,1266.88,1266.88,1266.88,0.0
2017-04-27,1263.699951171875,1267.199951171875,1262.199951171875,1266.699951171875,206.0
2017-04-28,1266.0999755859375,1267.199951171875,1264.699951171875,1265.9000244140625,85.0
2017-05-01,1246.04,1246.04,1246.04,1246.04,0.0
2017-05-02,1255.0999755859375,1256.199951171875,1251.199951171875,1256.199951171875,90.0
2017-05-03,1246.04,1246.04,1246.04,1246.04,0.0
2017-05-04,1226.5,1239.800048828125,1224.199951171875,1239.800048828125,72.0
2017-05-05,1246.04,1246.04,1246.04,1246.04,0.0
2017-05-08,1225.300048828125,1234.0,1224.0,1224.0,43.0
2017-05-09,1246.04,1246.04,1246.04,1246.04,0.0
2017-05-10,1217.300048828125,1220.199951171875,1217.300048828125,1219.800048828125,23.0
2017-05-11,1222.699951171875,1222.699951171875,1218.300048828125,1218.5,13.0
2017-05-12,1226.199951171875,1229.5,1226.0999755859375,1228.0,29.0
2017-05-15,1228.5999755859375,1232.699951171875,1227.5,1227.5,13.0
2017-05-16,1246.04,1246.04,1246.04,1246.04,0.0
2017-05-17,1257.5,1259.199951171875,1240.699951171875,1241.0,26.0
2017-05-18,1251.699951171875,1260.0,1245.800048828125,1254.800048828125,43.0
2017-05-19,1252.699951171875,1252.699951171875,1252.699951171875,1252.699951171875,14.0
2017-05-22,1260.699951171875,1260.699951171875,1251.699951171875,1251.699951171875,14.0
2017-05-23,1254.800048828125,1261.5999755859375,1250.5999755859375,1261.5,20.0
2017-05-24,1252.4000244140625,1257.800048828125,1249.699951171875,1251.9000244140625,14.0
2017-05-25,1255.800048828125,1258.300048828125,1255.800048828125,1257.0999755859375,11.0
2017-05-26,1267.5999755859375,1267.5999755859375,1267.5999755859375,1267.5999755859375,271457.0
2017-05-29,1246.04,1246.04,1246.04,1246.04,0.0
2017-05-30,1262.0999755859375,1270.0,1258.4000244140625,1267.4000244140625,129819.0
2017-05-31,1246.04,1246.04,1246.04,1246.04,0.0
2017-06-01,1267.0,1269.199951171875,1260.800048828125,1268.0,825.0
2017-06-02,1276.800048828125,1279.0,1259.0,1265.199951171875,1732.0
2017-06-05,1260.26,1260.26,1260.26,1260.26,0.0
2017-06-06,1294.4000244140625,1295.199951171875,1279.4000244140625,1279.4000244140625,942.0
2017-06-07,1290.0999755859375,1293.0999755859375,1284.300048828125,1291.5999755859375,641.0
2017-06-08,1276.300048828125,1287.5999755859375,1268.0999755859375,1285.4000244140625,319.0
2017-06-09,1268.5,1277.9000244140625,1264.5999755859375,1277.9000244140625,467.0
2017-06-12,1266.0999755859375,1269.300048828125,1263.199951171875,1266.4000244140625,255.0
2017-06-13,1260.26,1260.26,1260.26,1260.26,0.0
2017-06-14,1272.800048828125,1278.0,1256.800048828125,1269.4000244140625,336.0
2017-06-15,1252.199951171875,1264.199951171875,1250.300048828125,1263.199951171875,743.0
2017-06-16,1254.0,1255.300048828125,1251.300048828125,1252.800048828125,34.0
2017-06-19,1260.26,1260.26,1260.26,1260.26,0.0
2017-06-20,1241.0,1245.5,1240.5,1242.199951171875,75.0
2017-06-21,1260.26,1260.26,1260.26,1260.26,0.0
2017-06-22,1260.26,1260.26,1260.26,1260.26,0.0
2017-06-23,1256.199951171875,1273.5999755859375,1249.800048828125,1250.0,269.0
2017-06-26,1260.26,1260.26,1260.26,1260.26,0.0
2017-06-27,1260.26,1260.26,1260.26,1260.26,0.0
2017-06-28,1248.0,1248.5,1248.0,1248.5,370.0
2017-06-29,1244.199951171875,1250.699951171875,1238.0999755859375,1248.199951171875,540.0
2017-06-30,1240.699951171875,1243.699951171875,1239.0999755859375,1243.699951171875,43.0
2017-07-03,1217.9000244140625,1236.0,1217.9000244140625,1236.0,33.0
2017-07-04,1236.84,1236.84,1236.84,1236.84,0.0
2017-07-05,1220.4000244140625,1225.0,1217.0999755859375,1222.5,40.0
2017-07-06,1236.84,1236.84,1236.84,1236.84,0.0
2017-07-07,1236.84,1236.84,1236.84,1236.84,0.0
2017-07-10,1236.84,1236.84,1236.84,1236.84,0.0
2017-07-11,1236.84,1236.84,1236.84,1236.84,0.0
2017-07-12,1218.0999755859375,1219.4000244140625,1217.9000244140625,1218.300048828125,7.0
2017-07-13,1236.84,1236.84,1236.84,1236.84,0.0
2017-07-14,1236.84,1236.84,1236.84,1236.84,0.0
2017-07-17,1236.84,1236.84,1236.84,1236.84,0.0
2017-07-18,1236.84,1236.84,1236.84,1236.84,0.0
2017-07-19,1241.199951171875,1241.199951171875,1240.0999755859375,1240.4000244140625,3.0
2017-07-20,1244.800048828125,1244.800048828125,1236.5999755859375,1236.5999755859375,5.0
2017-07-21,1254.300048828125,1254.300048828125,1250.5,1250.699951171875,16.0
2017-07-24,1253.9000244140625,1256.0,1253.9000244140625,1256.0,8.0
2017-07-25,1251.699951171875,1253.5999755859375,1249.199951171875,1252.699951171875,18.0
2017-07-26,1236.84,1236.84,1236.84,1236.84,0.0
2017-07-27,1259.5999755859375,1259.5999755859375,1259.5999755859375,1259.5999755859375,220309.0
2017-07-28,1268.4000244140625,1270.0,1256.9000244140625,1258.4000244140625,64180.0
2017-07-31,1266.5999755859375,1270.800048828125,1265.800048828125,1268.9000244140625,7780.0
2017-08-01,1283.04,1283.04,1283.04,1283.04,0.0
2017-08-02,1271.800048828125,1272.0999755859375,1262.9000244140625,1268.5,393.0
2017-08-03,1283.04,1283.04,1283.04,1283.04,0.0
2017-08-04,1258.300048828125,1269.5999755859375,1253.9000244140625,1269.0,521.0
2017-08-07,1283.04,1283.04,1283.04,1283.04,0.0
2017-08-08,1283.04,1283.04,1283.04,1283.04,0.0
2017-08-09,1283.04,1283.04,1283.04,1283.04,0.0
2017-08-10,1283.699951171875,1287.4000244140625,1274.9000244140625,1276.5999755859375,608.0
2017-08-11,1287.699951171875,1291.0999755859375,1282.0,1286.300048828125,139.0
2017-08-14,1284.199951171875,1288.4000244140625,1278.800048828125,1288.4000244140625,338.0
2017-08-15,1283.04,1283.04,1283.04,1283.04,0.0
2017-08-16,1276.9000244140625,1282.5999755859375,1269.4000244140625,1271.300048828125,110.0
2017-08-17,1286.4000244140625,1288.5,1283.199951171875,1283.800048828125,43.0
2017-08-18,1285.699951171875,1300.699951171875,1284.300048828125,1288.5999755859375,358.0
2017-08-21,1290.800048828125,1290.800048828125,1284.699951171875,1285.199951171875,18.0
2017-08-22,1285.0999755859375,1288.4000244140625,1283.199951171875,1287.199951171875,100.0
2017-08-23,1288.9000244140625,1289.4000244140625,1286.9000244140625,1289.4000244140625,250.0
2017-08-24,1286.5,1288.699951171875,1284.0,1288.699951171875,550.0
2017-08-25,1292.5,1292.699951171875,1280.300048828125,1285.4000244140625,280.0
2017-08-28,1309.699951171875,1311.300048828125,1293.5,1293.5,145.0
2017-08-29,1313.0999755859375,1323.800048828125,1313.0999755859375,1318.800048828125,1178.0
2017-08-30,1283.04,1283.04,1283.04,1283.04,0.0
2017-08-31,1316.199951171875,1322.300048828125,1301.699951171875,1306.5999755859375,373.0
2017-09-01,1314.07,1314.07,1314.07,1314.07,0.0
2017-09-04,1314.07,1314.07,1314.07,1314.07,0.0
2017-09-05,1339.199951171875,1339.199951171875,1328.5999755859375,1335.199951171875,39.0
2017-09-06,1314.07,1314.07,1314.07,1314.07,0.0
2017-09-07,1345.0999755859375,1349.0,1336.4000244140625,1336.4000244140625,26.0
2017-09-08,1346.0,1355.800048828125,1345.5999755859375,1351.0,37.0
2017-09-11,1331.0,1331.0,1327.300048828125,1331.0,9.0
2017-09-12,1328.0,1328.0,1325.199951171875,1327.0,15.0
2017-09-13,1323.4000244140625,1323.4000244140625,1323.4000244140625,1323.4000244140625,16.0
2017-09-14,1324.699951171875,1329.300048828125,1319.5999755859375,1319.5999755859375,316.0
2017-09-15,1320.4000244140625,1321.199951171875,1319.800048828125,1320.5999755859375,15.0
2017-09-18,1306.300048828125,1310.4000244140625,1306.0,1309.800048828125,129.0
2017-09-19,1306.199951171875,1310.300048828125,1305.0999755859375,1307.9000244140625,20.0
2017-09-20,1312.0,1312.0,1298.699951171875,1312.0,12.0
2017-09-21,1290.5999755859375,1304.0999755859375,1290.300048828125,1299.0999755859375,336.0
2017-09-22,1293.300048828125,1295.699951171875,1293.300048828125,1295.0,209.0
2017-09-25,1306.800048828125,1309.199951171875,1291.0,1293.0999755859375,51.0
2017-09-26,1297.0,1305.5999755859375,1297.0,1304.5,39.0
2017-09-27,1283.4000244140625,1283.4000244140625,1283.4000244140625,1283.4000244140625,19488.0
2017-09-28,1285.5,1288.0,1277.0,1283.0999755859375,5226.0
2017-09-29,1281.5,1289.4000244140625,1281.5,1284.199951171875,492.0
2017-10-02,1272.699951171875,1276.0999755859375,1270.4000244140625,1275.0,136.0
2017-10-03,1271.5,1273.300048828125,1268.5999755859375,1269.699951171875,192.0
2017-10-04,1273.699951171875,1280.800048828125,1270.0,1273.800048828125,218.0
2017-10-05,1269.9000244140625,1277.800048828125,1267.5999755859375,1277.800048828125,36.0
2017-10-06,1271.5999755859375,1272.0,1260.5,1267.5999755859375,46.0
2017-10-09,1281.800048828125,1284.0,1279.0,1280.5999755859375,19.0
2017-10-10,1279.51,1279.51,1279.51,1279.51,0.0
2017-10-11,1279.51,1279.51,1279.51,1279.51,0.0
2017-10-12,1279.51,1279.51,1279.51,1279.51,0.0
2017-10-13,1301.5,1301.699951171875,1291.699951171875,1293.300048828125,74.0
2017-10-16,1279.51,1279.51,1279.51,1279.51,0.0
2017-10-17,1279.51,1279.51,1279.51,1279.51,0.0
2017-10-18,1279.51,1279.51,1279.51,1279.51,0.0
2017-10-19,1286.9000244140625,1286.9000244140625,1285.0999755859375,1286.4000244140625,134.0
2017-10-20,1279.51,1279.51,1279.51,1279.51,0.0
2017-10-23,1277.699951171875,1280.800048828125,1271.5,1274.699951171875,115.0
2017-10-24,1279.51,1279.51,1279.51,1279.51,0.0
2017-10-25,1275.4000244140625,1275.4000244140625,1269.9000244140625,1269.9000244140625,105.0
2017-10-26,1266.300048828125,1273.5,1264.699951171875,1273.5,39.0
2017-10-27,1268.5,1268.5,1267.0999755859375,1268.4000244140625,567.0
2017-10-30,1279.51,1279.51,1279.51,1279.51,0.0
2017-10-31,1279.51,1279.51,1279.51,1279.51,0.0
2017-11-01,1281.9,1281.9,1281.9,1281.9,0.0
2017-11-02,1274.9000244140625,1274.9000244140625,1274.9000244140625,1274.9000244140625,70.0
2017-11-03,1266.5,1267.9000244140625,1265.300048828125,1265.300048828125,75.0
2017-11-06,1279.4000244140625,1280.5,1269.0,1269.0,128.0
2017-11-07,1273.699951171875,1276.800048828125,1270.4000244140625,1276.800048828125,11.0
2017-11-08,1281.9,1281.9,1281.9,1281.9,0.0
2017-11-09,1285.5999755859375,1286.9000244140625,1279.699951171875,1279.699951171875,18.0
2017-11-10,1281.9,1281.9,1281.9,1281.9,0.0
2017-11-13,1281.9,1281.9,1281.9,1281.9,0.0
2017-11-14,1281.9,1281.9,1281.9,1281.9,0.0
2017-11-15,1281.9,1281.9,1281.9,1281.9,0.0
2017-11-16,1281.9,1281.9,1281.9,1281.9,0.0
2017-11-17,1281.9,1281.9,1281.9,1281.9,0.0
2017-11-20,1281.9,1281.9,1281.9,1281.9,0.0
2017-11-21,1281.0999755859375,1281.0999755859375,1281.0999755859375,1281.0999755859375,4.0
2017-11-22,1291.5999755859375,1291.5999755859375,1282.9000244140625,1284.699951171875,4.0
2017-11-23,1281.9,1281.9,1281.9,1281.9,0.0
2017-11-24,1286.699951171875,1286.699951171875,1286.699951171875,1286.699951171875,0.0
2017-11-27,1293.800048828125,1293.800048828125,1293.800048828125,1293.800048828125,1.0
2017-11-28,1294.699951171875,1294.699951171875,1294.699951171875,1294.699951171875,275442.0
2017-11-29,1282.0999755859375,1296.199951171875,1281.0999755859375,1293.4000244140625,47244.0
2017-11-30,1273.199951171875,1284.5,1269.699951171875,1283.0999755859375,3049.0
2017-12-01,1278.800048828125,1288.5999755859375,1271.0,1274.0999755859375,823.0
2017-12-04,1274.300048828125,1276.0999755859375,1270.300048828125,1272.5,850.0
2017-12-05,1264.45,1264.45,1264.45,1264.45,0.0
2017-12-06,1264.45,1264.45,1264.45,1264.45,0.0
2017-12-07,1264.45,1264.45,1264.45,1264.45,0.0
2017-12-08,1264.45,1264.45,1264.45,1264.45,0.0
2017-12-11,1243.699951171875,1249.199951171875,1239.9000244140625,1248.4000244140625,146.0
2017-12-12,1238.5,1244.4000244140625,1236.5,1241.300048828125,692.0
2017-12-13,1245.4000244140625,1254.5,1239.800048828125,1241.9000244140625,349.0
2017-12-14,1253.800048828125,1257.699951171875,1250.300048828125,1252.9000244140625,139.0
2017-12-15,1264.45,1264.45,1264.45,1264.45,0.0
2017-12-18,1262.199951171875,1262.4000244140625,1255.699951171875,1256.199951171875,45.0
2017-12-19,1260.699951171875,1264.300048828125,1259.5,1261.0999755859375,329.0
2017-12-20,1264.45,1264.45,1264.45,1264.45,0.0
2017-12-21,1264.45,1264.45,1264.45,1264.45,0.0
2017-12-22,1264.45,1264.45,1264.45,1264.45,0.0
2017-12-25,1264.45,1264.45,1264.45,1264.45,0.0
2017-12-26,1284.0999755859375,1284.0999755859375,1281.800048828125,1282.4000244140625,84.0
2017-12-27,1287.0,1287.0,1284.0,1284.0,456.0
2017-12-28,1264.45,1264.45,1264.45,1264.45,0.0
2017-12-29,1264.45,1264.45,1264.45,1264.45,0.0
2018-01-01,1331.3,1331.3,1331.3,1331.3,0.0
2018-01-02,1313.699951171875,1317.5999755859375,1302.300048828125,1302.300048828125,68.0
2018-01-03,1316.199951171875,1320.0999755859375,1312.0999755859375,1320.0,42.0
2018-01-04,1319.4000244140625,1322.0,1319.4000244140625,1319.4000244140625,2.0
2018-01-05,1320.300048828125,1320.300048828125,1320.300048828125,1320.300048828125,1.0
2018-01-08,1318.5999755859375,1319.9000244140625,1314.5999755859375,1319.9000244140625,41.0
2018-01-09,1331.3,1331.3,1331.3,1331.3,0.0
2018-01-10,1317.4000244140625,1320.699951171875,1315.300048828125,1320.300048828125,70.0
2018-01-11,1320.5999755859375,1320.5999755859375,1316.300048828125,1317.0999755859375,9.0
2018-01-12,1333.4000244140625,1338.199951171875,1327.800048828125,1327.800048828125,14.0
2018-01-15,1331.3,1331.3,1331.3,1331.3,0.0
2018-01-16,1335.4000244140625,1335.4000244140625,1331.0,1331.0999755859375,13.0
2018-01-17,1338.0,1338.0,1326.800048828125,1334.4000244140625,27.0
2018-01-18,1326.0,1328.9000244140625,1326.0,1328.9000244140625,211.0
2018-01-19,1331.3,1331.3,1331.3,1331.3,0.0
2018-01-22,1330.9000244140625,1330.9000244140625,1328.4000244140625,1328.4000244140625,162.0
2018-01-23,1335.699951171875,1335.9000244140625,1335.699951171875,1335.800048828125,47.0
2018-01-24,1355.9000244140625,1357.199951171875,1355.9000244140625,1355.9000244140625,18.0
2018-01-25,1362.4000244140625,1362.4000244140625,1346.699951171875,1356.300048828125,4.0
2018-01-26,1351.5999755859375,1352.0,1350.9000244140625,1351.5999755859375,280546.0
2018-01-29,1331.3,1331.3,1331.3,1331.3,0.0
2018-01-30,1335.4000244140625,1347.800048828125,1332.800048828125,1338.699951171875,52100.0
2018-01-31,1339.0,1346.9000244140625,1331.800048828125,1337.5,4881.0
2018-02-01,1344.300048828125,1350.5999755859375,1336.800048828125,1343.800048828125,1680.0
2018-02-02,1330.73,1330.73,1330.73,1330.73,0.0
2018-02-05,1330.73,1330.73,1330.73,1330.73,0.0
2018-02-06,1330.73,1330.73,1330.73,1330.73,0.0
2018-02-07,1330.73,1330.73,1330.73,1330.73,0.0
2018-02-08,1316.9000244140625,1321.0999755859375,1307.0,1317.0999755859375,459.0
2018-02-09,1313.0999755859375,1322.0,1311.9000244140625,1320.9000244140625,451.0
2018-02-12,1330.73,1330.73,1330.73,1330.73,0.0
2018-02-13,1328.0999755859375,1329.5999755859375,1323.4000244140625,1324.5,71.0
2018-02-14,1355.5,1355.5,1324.0,1332.800048828125,400.0
2018-02-15,1330.73,1330.73,1330.73,1330.73,0.0
2018-02-16,1353.199951171875,1361.4000244140625,1344.9000244140625,1354.0,110.0
2018-02-19,1330.73,1330.73,1330.73,1330.73,0.0
2018-02-20,1328.800048828125,1350.199951171875,1328.5,1348.4000244140625,283.0
2018-02-21,1330.0,1331.5,1324.4000244140625,1326.800048828125,119.0
2018-02-22,1330.5999755859375,1331.4000244140625,1322.0,1322.0,70.0
2018-02-23,1328.199951171875,1332.0999755859375,1327.699951171875,1328.0,427.0
2018-02-26,1330.73,1330.73,1330.73,1330.73,0.0
2018-02-27,1315.5,1332.5999755859375,1312.699951171875,1331.699951171875,710.0
2018-02-28,1315.5,1321.0,1315.4000244140625,1315.4000244140625,58.0
2018-03-01,1302.9000244140625,1318.0999755859375,1301.800048828125,1310.4000244140625,43.0
2018-03-02,1321.0999755859375,1323.199951171875,1314.300048828125,1314.300048828125,155.0
2018-03-05,1318.0999755859375,1325.9000244140625,1318.0999755859375,1323.5,18.0
2018-03-06,1324.66,1324.66,1324.66,1324.66,0.0
2018-03-07,1326.0,1338.0999755859375,1326.0,1338.0999755859375,27.0
2018-03-08,1324.66,1324.66,1324.66,1324.66,0.0
2018-03-09,1322.4000244140625,1322.4000244140625,1313.0,1316.800048828125,88.0
2018-03-12,1319.4000244140625,1319.4000244140625,1319.4000244140625,1319.4000244140625,0.0
2018-03-13,1325.9000244140625,1325.9000244140625,1325.300048828125,1325.9000244140625,13.0
2018-03-14,1324.4000244140625,1324.4000244140625,1322.199951171875,1322.199951171875,19.0
2018-03-15,1316.800048828125,1316.800048828125,1316.800048828125,1316.800048828125,0.0
2018-03-16,1311.300048828125,1311.300048828125,1310.0999755859375,1310.0999755859375,34.0
2018-03-19,1316.800048828125,1316.9000244140625,1307.300048828125,1309.4000244140625,6.0
2018-03-20,1311.0999755859375,1311.0999755859375,1311.0999755859375,1311.0999755859375,4.0
2018-03-21,1320.699951171875,1328.800048828125,1312.4000244140625,1312.4000244140625,34.0
2018-03-22,1326.5999755859375,1326.5999755859375,1326.5999755859375,1326.5999755859375,0.0
2018-03-23,1324.66,1324.66,1324.66,1324.66,0.0
2018-03-26,1324.66,1324.66,1324.66,1324.66,0.0
2018-03-27,1324.66,1324.66,1324.66,1324.66,0.0
2018-03-28,1324.66,1324.66,1324.66,1324.66,0.0
2018-03-29,1322.800048828125,1327.0999755859375,1321.699951171875,1324.0,5585.0
2018-03-30,1324.66,1324.66,1324.66,1324.66,0.0
2018-04-02,1342.0999755859375,1344.199951171875,1324.699951171875,1327.0,649.0
2018-04-03,1334.76,1334.76,1334.76,1334.76,0.0
2018-04-04,1335.800048828125,1347.300048828125,1331.5999755859375,1331.800048828125,718.0
2018-04-05,1334.76,1334.76,1334.76,1334.76,0.0
2018-04-06,1331.9000244140625,1333.0,1319.0,1326.5,348.0
2018-04-09,1336.300048828125,1337.5,1327.0,1333.0,290.0
2018-04-10,1342.0,1342.0,1333.0,1335.199951171875,105.0
2018-04-11,1356.5,1365.4000244140625,1340.0999755859375,1340.0999755859375,118.0
2018-04-12,1334.76,1334.76,1334.76,1334.76,0.0
2018-04-13,1344.800048828125,1346.0,1335.9000244140625,1335.9000244140625,67.0
2018-04-16,1347.5,1348.800048828125,1341.0,1341.0,60.0
2018-04-17,1347.199951171875,1348.0999755859375,1339.0,1348.0,409.0
2018-04-18,1351.199951171875,1354.199951171875,1343.5,1343.5,45.0
2018-04-19,1346.800048828125,1355.199951171875,1341.5999755859375,1348.5999755859375,387.0
2018-04-20,1334.76,1334.76,1334.76,1334.76,0.0
2018-04-23,1334.76,1334.76,1334.76,1334.76,0.0
2018-04-24,1334.76,1334.76,1334.76,1334.76,0.0
2018-04-25,1334.76,1334.76,1334.76,1334.76,0.0
2018-04-26,1316.300048828125,1316.300048828125,1315.699951171875,1315.699951171875,569.0
2018-04-27,1320.300048828125,1321.699951171875,1312.800048828125,1315.300048828125,622.0
2018-04-30,1316.199951171875,1316.199951171875,1309.5999755859375,1309.5999755859375,49.0
2018-05-01,1303.800048828125,1313.800048828125,1303.4000244140625,1313.199951171875,28.0
2018-05-02,1303.45,1303.45,1303.45,1303.45,0.0
2018-05-03,1303.45,1303.45,1303.45,1303.45,0.0
2018-05-04,1312.699951171875,1312.699951171875,1312.699951171875,1312.699951171875,0.0
2018-05-07,1312.199951171875,1312.5,1310.199951171875,1310.5999755859375,4.0
2018-05-08,1312.0,1312.0,1308.5,1310.0999755859375,337.0
2018-05-09,1311.300048828125,1311.300048828125,1311.300048828125,1311.300048828125,70.0
2018-05-10,1320.800048828125,1320.800048828125,1312.199951171875,1312.199951171875,8.0
2018-05-11,1319.0,1319.0,1319.0,1319.0,3.0
2018-05-14,1303.45,1303.45,1303.45,1303.45,0.0
2018-05-15,1288.9000244140625,1304.699951171875,1288.9000244140625,1304.5999755859375,8.0
2018-05-16,1303.45,1303.45,1303.45,1303.45,0.0
2018-05-17,1288.199951171875,1291.300048828125,1288.199951171875,1291.300048828125,2.0
2018-05-18,1290.199951171875,1290.199951171875,1285.199951171875,1285.199951171875,2.0
2018-05-21,1290.199951171875,1292.0999755859375,1287.4000244140625,1287.4000244140625,52.0
2018-05-22,1291.699951171875,1291.699951171875,1291.699951171875,1291.699951171875,50.0
2018-05-23,1289.300048828125,1289.300048828125,1289.300048828125,1289.300048828125,10.0
2018-05-24,1303.699951171875,1303.699951171875,1303.699951171875,1303.699951171875,0.0
2018-05-25,1303.300048828125,1303.300048828125,1303.300048828125,1303.300048828125,1.0
2018-05-28,1303.45,1303.45,1303.45,1303.45,0.0
2018-05-29,1298.699951171875,1298.699951171875,1298.699951171875,1298.699951171875,386334.0
2018-05-30,1301.5,1303.699951171875,1295.199951171875,1298.0,50845.0
2018-05-31,1303.45,1303.45,1303.45,1303.45,0.0
2018-06-01,1294.800048828125,1299.5,1288.9000244140625,1298.5999755859375,663.0
2018-06-04,1293.0999755859375,1297.0999755859375,1290.0,1293.9000244140625,144.0
2018-06-05,1297.5,1299.800048828125,1289.9000244140625,1292.0999755859375,357.0
2018-06-06,1281.57,1281.57,1281.57,1281.57,0.0
2018-06-07,1298.699951171875,1302.800048828125,1296.199951171875,1298.4000244140625,79.0
2018-06-08,1298.0999755859375,1299.4000244140625,1294.800048828125,1295.300048828125,650.0
2018-06-11,1298.9000244140625,1302.0,1295.199951171875,1299.300048828125,71.0
2018-06-12,1295.0999755859375,1298.0999755859375,1292.699951171875,1297.800048828125,153.0
2018-06-13,1296.9000244140625,1299.4000244140625,1290.9000244140625,1294.0,135.0
2018-06-14,1304.0,1307.699951171875,1297.199951171875,1297.199951171875,42.0
2018-06-15,1274.5999755859375,1307.699951171875,1274.0,1297.199951171875,589.0
2018-06-18,1281.57,1281.57,1281.57,1281.57,0.0
2018-06-19,1275.5999755859375,1281.800048828125,1269.9000244140625,1278.699951171875,34.0
2018-06-20,1271.199951171875,1274.4000244140625,1271.199951171875,1274.4000244140625,7.0
2018-06-21,1267.199951171875,1268.9000244140625,1260.0,1262.699951171875,46.0
2018-06-22,1267.4000244140625,1270.199951171875,1267.0,1268.0999755859375,74.0
2018-06-25,1265.5999755859375,1271.199951171875,1265.5999755859375,1270.5999755859375,37.0
2018-06-26,1256.5999755859375,1267.199951171875,1256.5999755859375,1267.199951171875,89.0
2018-06-27,1281.57,1281.57,1281.57,1281.57,0.0
2018-06-28,1247.800048828125,1251.699951171875,1244.800048828125,1251.699951171875,378.0
2018-06-29,1251.300048828125,1253.300048828125,1249.0999755859375,1250.300048828125,48.0
2018-07-02,1239.800048828125,1249.9000244140625,1239.800048828125,1249.9000244140625,29.0
2018-07-03,1237.71,1237.71,1237.71,1237.71,0.0
2018-07-04,1237.71,1237.71,1237.71,1237.71,0.0
2018-07-05,1257.300048828125,1257.300048828125,1253.5999755859375,1255.5,9.0
2018-07-06,1254.300048828125,1255.5,1254.300048828125,1255.5,7.0
2018-07-09,1258.0999755859375,1262.300048828125,1257.699951171875,1258.199951171875,37.0
2018-07-10,1253.800048828125,1256.9000244140625,1249.300048828125,1256.199951171875,65.0
2018-07-11,1242.800048828125,1253.199951171875,1242.800048828125,1253.199951171875,30.0
2018-07-12,1245.0,1246.699951171875,1240.9000244140625,1240.9000244140625,7.0
2018-07-13,1239.5999755859375,1247.0,1239.5999755859375,1244.699951171875,2.0
2018-07-16,1238.0999755859375,1243.800048828125,1238.0999755859375,1242.699951171875,2.0
2018-07-17,1225.699951171875,1225.699951171875,1225.699951171875,1225.699951171875,0.0
2018-07-18,1226.300048828125,1226.699951171875,1222.199951171875,1226.699951171875,67.0
2018-07-19,1237.71,1237.71,1237.71,1237.71,0.0
2018-07-20,1237.71,1237.71,1237.71,1237.71,0.0
2018-07-23,1224.0,1224.0,1222.0,1222.0,1.0
2018-07-24,1223.9000244140625,1223.9000244140625,1223.9000244140625,1223.9000244140625,0.0
2018-07-25,1231.4000244140625,1231.4000244140625,1231.4000244140625,1231.4000244140625,0.0
2018-07-26,1225.300048828125,1227.800048828125,1225.300048828125,1227.800048828125,1.0
2018-07-27,1222.5999755859375,1222.5999755859375,1222.5999755859375,1222.5999755859375,254428.0
2018-07-30,1237.71,1237.71,1237.71,1237.71,0.0
2018-07-31,1223.699951171875,1228.0999755859375,1213.0,1220.4000244140625,2722.0
2018-08-01,1217.9000244140625,1223.699951171875,1214.4000244140625,1222.9000244140625,1026.0
2018-08-02,1201.71,1201.71,1201.71,1201.71,0.0
2018-08-03,1214.199951171875,1218.5999755859375,1205.0999755859375,1206.5,784.0
2018-08-06,1208.5999755859375,1214.4000244140625,1206.5999755859375,1214.4000244140625,297.0
2018-08-07,1209.5999755859375,1214.800048828125,1207.800048828125,1207.800048828125,715.0
2018-08-08,1212.5999755859375,1215.199951171875,1205.9000244140625,1212.0,209.0
2018-08-09,1211.9000244140625,1215.300048828125,1211.5999755859375,1214.5,44.0
2018-08-10,1211.0999755859375,1216.4000244140625,1205.5999755859375,1212.5,75.0
2018-08-13,1191.300048828125,1207.4000244140625,1191.300048828125,1207.0,78.0
2018-08-14,1193.0,1197.5,1192.800048828125,1193.0999755859375,92.0
2018-08-15,1177.5,1188.0999755859375,1174.5999755859375,1187.800048828125,71.0
2018-08-16,1176.199951171875,1180.199951171875,1161.4000244140625,1173.199951171875,123.0
2018-08-17,1201.71,1201.71,1201.71,1201.71,0.0
2018-08-20,1186.800048828125,1190.0,1184.4000244140625,1184.800048828125,68.0
2018-08-21,1201.71,1201.71,1201.71,1201.71,0.0
2018-08-22,1196.300048828125,1196.300048828125,1194.699951171875,1194.699951171875,17.0
2018-08-23,1187.0,1190.300048828125,1184.9000244140625,1189.300048828125,95.0
2018-08-24,1201.71,1201.71,1201.71,1201.71,0.0
2018-08-27,1209.0,1211.4000244140625,1205.199951171875,1210.300048828125,154.0
2018-08-28,1207.4000244140625,1217.0,1202.300048828125,1209.699951171875,136.0
2018-08-29,1204.5,1205.199951171875,1202.4000244140625,1205.199951171875,817.0
2018-08-30,1197.699951171875,1205.5999755859375,1196.0,1205.4000244140625,493.0
2018-08-31,1201.71,1201.71,1201.71,1201.71,0.0
2018-09-03,1198.39,1198.39,1198.39,1198.39,0.0
2018-09-04,1192.699951171875,1193.800048828125,1189.9000244140625,1193.800048828125,26.0
2018-09-05,1194.9000244140625,1196.0,1192.5,1192.5,21.0
2018-09-06,1197.9000244140625,1202.0,1197.9000244140625,1202.0,7.0
2018-09-07,1193.5999755859375,1198.300048828125,1193.0999755859375,1198.300048828125,29.0
2018-09-10,1193.0,1193.0,1193.0,1193.0,11.0
2018-09-11,1195.4000244140625,1196.300048828125,1190.4000244140625,1190.4000244140625,21.0
2018-09-12,1204.699951171875,1205.0,1204.699951171875,1205.0,37.0
2018-09-13,1198.39,1198.39,1198.39,1198.39,0.0
2018-09-14,1195.0,1195.0,1195.0,1195.0,1.0
2018-09-17,1199.699951171875,1199.699951171875,1199.699951171875,1199.699951171875,0.0
2018-09-18,1196.800048828125,1198.699951171875,1196.800048828125,1198.699951171875,2.0
2018-09-19,1198.39,1198.39,1198.39,1198.39,0.0
2018-09-20,1206.199951171875,1206.199951171875,1206.199951171875,1206.199951171875,0.0
2018-09-21,1196.199951171875,1196.199951171875,1196.199951171875,1196.199951171875,0.0
2018-09-24,1199.300048828125,1199.300048828125,1199.300048828125,1199.300048828125,0.0
2018-09-25,1200.0,1202.800048828125,1200.0,1202.0999755859375,21.0
2018-09-26,1198.39,1198.39,1198.39,1198.39,0.0
2018-09-27,1198.39,1198.39,1198.39,1198.39,0.0
2018-09-28,1198.39,1198.39,1198.39,1198.39,0.0
2018-10-01,1187.0999755859375,1191.5999755859375,1185.800048828125,1191.5999755859375,180.0
2018-10-02,1202.4000244140625,1206.0,1190.300048828125,1193.0,451.0
2018-10-03,1198.300048828125,1202.5999755859375,1196.5999755859375,1202.5999755859375,76.0
2018-10-04,1197.199951171875,1204.5999755859375,1197.199951171875,1199.300048828125,496.0
2018-10-05,1215.39,1215.39,1215.39,1215.39,0.0
2018-10-08,1184.4000244140625,1201.0,1183.699951171875,1201.0,250.0
2018-10-09,1215.39,1215.39,1215.39,1215.39,0.0
2018-10-10,1189.300048828125,1192.0,1189.300048828125,1189.300048828125,1078.0
2018-10-11,1223.5,1224.5999755859375,1196.300048828125,1198.0999755859375,126.0
2018-10-12,1218.0999755859375,1221.5999755859375,1216.0,1221.5999755859375,122.0
2018-10-15,1226.4000244140625,1232.300048828125,1222.4000244140625,1222.4000244140625,136.0
2018-10-16,1227.300048828125,1230.5,1227.0999755859375,1227.0999755859375,426.0
2018-10-17,1223.699951171875,1225.9000244140625,1223.699951171875,1225.9000244140625,1.0
2018-10-18,1226.5,1226.5,1226.5,1226.5,165.0
2018-10-19,1225.300048828125,1225.300048828125,1225.300048828125,1225.300048828125,55.0
2018-10-22,1221.199951171875,1224.5,1219.5999755859375,1224.5,18.0
2018-10-23,1215.39,1215.39,1215.39,1215.39,0.0
2018-10-24,1227.800048828125,1231.5999755859375,1227.800048828125,1231.5999755859375,36.0
2018-10-25,1229.0999755859375,1238.5999755859375,1229.0999755859375,1238.5999755859375,7.0
2018-10-26,1232.5,1234.800048828125,1232.5,1234.300048828125,20.0
2018-10-29,1224.5,1224.5,1224.5,1224.5,214.0
2018-10-30,1222.5999755859375,1227.699951171875,1219.800048828125,1227.699951171875,72.0
2018-10-31,1215.39,1215.39,1215.39,1215.39,0.0
2018-11-01,1236.0,1236.0,1215.4000244140625,1215.4000244140625,14.0
2018-11-02,1230.9000244140625,1233.300048828125,1230.9000244140625,1233.300048828125,18.0
2018-11-05,1220.65,1220.65,1220.65,1220.65,0.0
2018-11-06,1223.800048828125,1233.800048828125,1223.800048828125,1230.699951171875,4.0
2018-11-07,1226.199951171875,1228.5999755859375,1226.199951171875,1228.5999755859375,1.0
2018-11-08,1222.9000244140625,1222.9000244140625,1222.9000244140625,1222.9000244140625,2.0
2018-11-09,1206.4000244140625,1207.9000244140625,1206.4000244140625,1207.9000244140625,14.0
2018-11-12,1220.65,1220.65,1220.65,1220.65,0.0
2018-11-13,1199.199951171875,1201.300048828125,1196.300048828125,1196.300048828125,5.0
2018-11-14,1220.65,1220.65,1220.65,1220.65,0.0
2018-11-15,1212.800048828125,1212.800048828125,1212.800048828125,1212.800048828125,0.0
2018-11-16,1220.65,1220.65,1220.65,1220.65,0.0
2018-11-19,1223.0999755859375,1223.0999755859375,1223.0999755859375,1223.0999755859375,0.0
2018-11-20,1219.0,1228.800048828125,1219.0,1225.300048828125,12.0
2018-11-21,1225.800048828125,1225.800048828125,1225.800048828125,1225.800048828125,0.0
2018-11-22,1220.65,1220.65,1220.65,1220.65,0.0
2018-11-23,1221.0,1224.800048828125,1221.0,1224.800048828125,1.0
2018-11-26,1220.65,1220.65,1220.65,1220.65,0.0
2018-11-27,1211.199951171875,1222.0,1211.199951171875,1221.9000244140625,5.0
2018-11-28,1221.4000244140625,1221.4000244140625,1211.5,1211.5,247168.0
2018-11-29,1220.65,1220.65,1220.65,1220.65,0.0
2018-11-30,1220.199951171875,1225.0,1216.0999755859375,1224.0999755859375,2060.0
2018-12-03,1233.9000244140625,1234.0999755859375,1221.300048828125,1222.5,751.0
2018-12-04,1250.4,1250.4,1250.4,1250.4,0.0
2018-12-05,1250.4,1250.4,1250.4,1250.4,0.0
2018-12-06,1238.0999755859375,1244.4000244140625,1234.800048828125,1237.5,434.0
2018-12-07,1246.800048828125,1249.800048828125,1237.5999755859375,1238.300048828125,211.0
2018-12-10,1243.699951171875,1249.5999755859375,1241.699951171875,1249.5999755859375,131.0
2018-12-11,1241.9000244140625,1248.699951171875,1241.5,1245.800048828125,117.0
2018-12-12,1250.4,1250.4,1250.4,1250.4,0.0
2018-12-13,1242.699951171875,1243.5,1241.0,1243.5,194.0
2018-12-14,1237.0,1241.699951171875,1234.0999755859375,1241.699951171875,33.0
2018-12-17,1247.4000244140625,1247.4000244140625,1239.300048828125,1239.300048828125,10.0
2018-12-18,1249.199951171875,1249.199951171875,1245.5999755859375,1248.199951171875,31.0
2018-12-19,1252.0999755859375,1255.800048828125,1252.0999755859375,1255.800048828125,268.0
2018-12-20,1263.5999755859375,1263.5999755859375,1243.199951171875,1243.199951171875,49.0
2018-12-21,1250.4,1250.4,1250.4,1250.4,0.0
2018-12-24,1267.5,1268.5,1260.300048828125,1260.300048828125,27.0
2018-12-25,1250.4,1250.4,1250.4,1250.4,0.0
2018-12-26,1269.199951171875,1277.4000244140625,1269.199951171875,1269.300048828125,63.0
2018-12-27,1277.300048828125,1277.300048828125,1276.699951171875,1276.699951171875,480.0
2018-12-28,1279.9000244140625,1280.0999755859375,1273.5,1273.5,805.0
2018-12-31,1278.300048828125,1281.300048828125,1277.5999755859375,1278.0,19.0
2019-01-01,1291.75,1291.75,1291.75,1291.75,0.0
2019-01-02,1291.75,1291.75,1291.75,1291.75,0.0
2019-01-03,1291.800048828125,1292.0,1286.699951171875,1286.800048828125,10.0
2019-01-04,1282.699951171875,1294.199951171875,1275.300048828125,1294.199951171875,34.0
2019-01-07,1286.800048828125,1286.800048828125,1286.5999755859375,1286.800048828125,2.0
2019-01-08,1283.199951171875,1283.199951171875,1278.199951171875,1280.5,54.0
2019-01-09,1289.300048828125,1289.300048828125,1279.199951171875,1279.4000244140625,102.0
2019-01-10,1291.75,1291.75,1291.75,1291.75,0.0
2019-01-11,1287.0999755859375,1291.199951171875,1286.300048828125,1291.199951171875,11.0
2019-01-14,1289.0999755859375,1293.9000244140625,1289.0999755859375,1292.4000244140625,7.0
2019-01-15,1286.199951171875,1292.699951171875,1286.199951171875,1290.0999755859375,3.0
2019-01-16,1291.5999755859375,1291.5999755859375,1291.5999755859375,1291.5999755859375,2.0
2019-01-17,1291.0,1292.699951171875,1288.5,1291.5999755859375,10.0
2019-01-18,1291.75,1291.75,1291.75,1291.75,0.0
2019-01-21,1291.75,1291.75,1291.75,1291.75,0.0
2019-01-22,1291.75,1291.75,1291.75,1291.75,0.0
2019-01-23,1283.0999755859375,1283.9000244140625,1278.699951171875,1281.699951171875,14.0
2019-01-24,1279.0999755859375,1279.0999755859375,1278.5,1279.0999755859375,1.0
2019-01-25,1297.4000244140625,1297.4000244140625,1297.4000244140625,1297.4000244140625,0.0
2019-01-28,1302.4000244140625,1307.0999755859375,1298.4000244140625,1300.800048828125,54.0
2019-01-29,1308.199951171875,1308.199951171875,1308.199951171875,1308.199951171875,213607.0
2019-01-30,1309.9000244140625,1323.4000244140625,1308.0999755859375,1310.4000244140625,54958.0
2019-01-31,1319.699951171875,1325.4000244140625,1316.699951171875,1320.0,1970.0
2019-02-01,1320.07,1320.07,1320.07,1320.07,0.0
2019-02-04,1314.300048828125,1318.0999755859375,1308.300048828125,1318.0999755859375,675.0
2019-02-05,1314.199951171875,1315.0999755859375,1311.0,1311.0999755859375,362.0
2019-02-06,1309.5,1313.5,1305.0,1312.5,358.0
2019-02-07,1309.4000244140625,1310.4000244140625,1302.199951171875,1302.9000244140625,203.0
2019-02-08,1320.07,1320.07,1320.07,1320.07,0.0
2019-02-11,1307.0,1313.4000244140625,1304.699951171875,1313.4000244140625,119.0
2019-02-12,1309.199951171875,1312.0,1307.5999755859375,1310.0,109.0
2019-02-13,1320.07,1320.07,1320.07,1320.07,0.0
2019-02-14,1309.800048828125,1311.800048828125,1301.5999755859375,1305.0,858.0
2019-02-15,1318.0999755859375,1318.800048828125,1313.5999755859375,1313.5999755859375,190.0
2019-02-18,1320.07,1320.07,1320.07,1320.07,0.0
2019-02-19,1340.0999755859375,1340.0999755859375,1320.5,1320.9000244140625,390.0
2019-02-20,1343.300048828125,1344.0,1338.0,1342.199951171875,581.0
2019-02-21,1323.5,1334.9000244140625,1320.9000244140625,1331.300048828125,414.0
2019-02-22,1320.07,1320.07,1320.07,1320.07,0.0
2019-02-25,1325.9000244140625,1331.5999755859375,1325.5999755859375,1329.199951171875,185.0
2019-02-26,1320.07,1320.07,1320.07,1320.07,0.0
2019-02-27,1317.699951171875,1327.9000244140625,1316.5,1327.699951171875,604.0
2019-02-28,1320.07,1320.07,1320.07,1320.07,0.0
2019-03-01,1296.4000244140625,1312.199951171875,1288.9000244140625,1312.199951171875,110.0
2019-03-04,1300.9,1300.9,1300.9,1300.9,0.0
2019-03-05,1300.9,1300.9,1300.9,1300.9,0.0
2019-03-06,1300.9,1300.9,1300.9,1300.9,0.0
2019-03-07,1300.9,1300.9,1300.9,1300.9,0.0
2019-03-08,1300.9,1300.9,1300.9,1300.9,0.0
2019-03-11,1288.800048828125,1291.0,1288.800048828125,1291.0,9.0
2019-03-12,1300.9,1300.9,1300.9,1300.9,0.0
2019-03-13,1307.5,1307.5,1307.5,1307.5,0.0
2019-03-14,1293.4000244140625,1293.4000244140625,1293.4000244140625,1293.4000244140625,1.0
2019-03-15,1301.800048828125,1304.699951171875,1300.5,1300.9000244140625,26.0
2019-03-18,1300.300048828125,1302.199951171875,1297.300048828125,1297.300048828125,8.0
2019-03-19,1300.9,1300.9,1300.9,1300.9,0.0
2019-03-20,1300.9,1300.9,1300.9,1300.9,0.0
2019-03-21,1300.9,1300.9,1300.9,1300.9,0.0
2019-03-22,1300.9,1300.9,1300.9,1300.9,0.0
2019-03-25,1300.9,1300.9,1300.9,1300.9,0.0
2019-03-26,1300.9,1300.9,1300.9,1300.9,0.0
2019-03-27,1309.9000244140625,1309.9000244140625,1309.9000244140625,1309.9000244140625,206263.0
2019-03-28,1300.9,1300.9,1300.9,1300.9,0.0
2019-03-29,1293.0,1298.5,1286.0999755859375,1289.5999755859375,1265.0
2019-04-01,1288.4000244140625,1295.9000244140625,1285.699951171875,1291.800048828125,675.0
2019-04-02,1290.0,1290.9000244140625,1284.5,1286.300048828125,525.0
2019-04-03,1289.9000244140625,1293.0999755859375,1287.5,1291.4000244140625,172.0
2019-04-04,1289.0,1292.5999755859375,1279.5,1290.5999755859375,269.0
2019-04-05,1290.4000244140625,1292.0,1283.5999755859375,1292.0,181.0
2019-04-08,1297.0999755859375,1302.0999755859375,1291.800048828125,1292.199951171875,63.0
2019-04-09,1303.5,1304.9000244140625,1298.5,1298.5,30.0
2019-04-10,1285.91,1285.91,1285.91,1285.91,0.0
2019-04-11,1288.5999755859375,1307.0999755859375,1288.5999755859375,1307.0,420.0
2019-04-12,1285.91,1285.91,1285.91,1285.91,0.0
2019-04-15,1285.91,1285.91,1285.91,1285.91,0.0
2019-04-16,1272.5999755859375,1285.199951171875,1272.199951171875,1285.199951171875,643.0
2019-04-17,1272.199951171875,1273.5,1271.5999755859375,1273.5,308.0
2019-04-18,1271.9000244140625,1273.5999755859375,1270.0999755859375,1270.800048828125,27.0
2019-04-19,1285.91,1285.91,1285.91,1285.91,0.0
2019-04-22,1273.5,1273.5,1273.5,1273.5,147.0
2019-04-23,1269.300048828125,1269.800048828125,1266.0,1266.4000244140625,206.0
2019-04-24,1275.5,1275.5,1267.800048828125,1268.4000244140625,518.0
2019-04-25,1275.800048828125,1280.800048828125,1275.800048828125,1280.5999755859375,95.0
2019-04-26,1284.9000244140625,1284.9000244140625,1284.9000244140625,1284.9000244140625,804.0
2019-04-29,1278.5999755859375,1284.9000244140625,1277.0999755859375,1284.800048828125,568.0
2019-04-30,1285.91,1285.91,1285.91,1285.91,0.0
2019-05-01,1281.4000244140625,1283.300048828125,1278.699951171875,1278.699951171875,70.0
2019-05-02,1269.699951171875,1270.800048828125,1266.5999755859375,1269.199951171875,63.0
2019-05-03,1283.7,1283.7,1283.7,1283.7,0.0
2019-05-06,1281.699951171875,1282.199951171875,1280.300048828125,1282.199951171875,12.0
2019-05-07,1283.7,1283.7,1283.7,1283.7,0.0
2019-05-08,1279.4000244140625,1279.4000244140625,1279.4000244140625,1279.4000244140625,5.0
2019-05-09,1283.7,1283.7,1283.7,1283.7,0.0
2019-05-10,1283.7,1283.7,1283.7,1283.7,0.0
2019-05-13,1283.7,1283.7,1283.7,1283.7,0.0
2019-05-14,1294.699951171875,1297.800048828125,1294.699951171875,1297.800048828125,6.0
2019-05-15,1296.300048828125,1296.9000244140625,1296.0,1296.9000244140625,55.0
2019-05-16,1285.0,1285.4000244140625,1285.0,1285.199951171875,3.0
2019-05-17,1274.5,1280.0,1274.5,1280.0,1.0
2019-05-20,1276.0999755859375,1276.0999755859375,1276.0999755859375,1276.0999755859375,20.0
2019-05-21,1272.0,1272.0,1272.0,1272.0,0.0
2019-05-22,1273.5999755859375,1273.5999755859375,1273.5999755859375,1273.5999755859375,0.0
2019-05-23,1284.800048828125,1284.800048828125,1284.800048828125,1284.800048828125,0.0
2019-05-24,1283.7,1283.7,1283.7,1283.7,0.0
2019-05-27,1283.7,1283.7,1283.7,1283.7,0.0
2019-05-28,1276.5,1276.5,1276.5,1276.5,0.0
2019-05-29,1280.5999755859375,1280.5999755859375,1280.5999755859375,1280.5999755859375,189694.0
2019-05-30,1287.0999755859375,1288.300048828125,1273.9000244140625,1279.4000244140625,55573.0
2019-05-31,1305.800048828125,1306.4000244140625,1287.5,1287.699951171875,2814.0
2019-06-03,1322.699951171875,1327.800048828125,1307.0,1307.0,812.0
2019-06-04,1323.4000244140625,1328.5999755859375,1320.800048828125,1324.300048828125,302.0
2019-06-05,1328.300048828125,1343.300048828125,1326.300048828125,1328.9000244140625,622.0
2019-06-06,1359.04,1359.04,1359.04,1359.04,0.0
2019-06-07,1341.199951171875,1347.699951171875,1329.800048828125,1333.0999755859375,240.0
2019-06-10,1324.699951171875,1336.5,1324.0999755859375,1335.800048828125,268.0
2019-06-11,1326.4000244140625,1328.4000244140625,1319.0999755859375,1328.4000244140625,201.0
2019-06-12,1359.04,1359.04,1359.04,1359.04,0.0
2019-06-13,1339.199951171875,1341.0999755859375,1331.5999755859375,1331.5999755859375,157.0
2019-06-14,1340.0999755859375,1355.4000244140625,1339.300048828125,1345.4000244140625,914.0
2019-06-17,1338.699951171875,1340.300048828125,1335.0,1339.0,76.0
2019-06-18,1359.04,1359.04,1359.04,1359.04,0.0
2019-06-19,1359.04,1359.04,1359.04,1359.04,0.0
2019-06-20,1392.9000244140625,1392.9000244140625,1379.5,1381.5,76.0
2019-06-21,1396.199951171875,1406.0,1390.300048828125,1406.0,35.0
2019-06-24,1414.300048828125,1420.5999755859375,1402.0999755859375,1406.0,125.0
2019-06-25,1414.9000244140625,1433.300048828125,1414.9000244140625,1418.0999755859375,105.0
2019-06-26,1411.5999755859375,1413.300048828125,1405.800048828125,1407.199951171875,1333.0
2019-06-27,1408.4000244140625,1410.800048828125,1399.800048828125,1407.0,437.0
2019-06-28,1359.04,1359.04,1359.04,1359.04,0.0
2019-07-01,1385.5999755859375,1395.800048828125,1382.800048828125,1386.5999755859375,214.0
2019-07-02,1412.89,1412.89,1412.89,1412.89,0.0
2019-07-03,1417.699951171875,1434.0,1413.0999755859375,1431.0,46.0
2019-07-04,1412.89,1412.89,1412.89,1412.89,0.0
2019-07-05,1396.699951171875,1418.300048828125,1390.199951171875,1418.300048828125,20.0
2019-07-08,1397.0,1397.0,1393.5999755859375,1395.9000244140625,14.0
2019-07-09,1397.5,1397.5,1386.199951171875,1394.5,53.0
2019-07-10,1410.0999755859375,1410.0999755859375,1409.9000244140625,1409.9000244140625,50.0
2019-07-11,1404.300048828125,1424.0,1404.300048828125,1424.0,6.0
2019-07-12,1409.9000244140625,1410.0999755859375,1405.5999755859375,1405.5999755859375,8.0
2019-07-15,1412.89,1412.89,1412.89,1412.89,0.0
2019-07-16,1409.199951171875,1413.699951171875,1405.0,1413.5999755859375,13.0
2019-07-17,1412.89,1412.89,1412.89,1412.89,0.0
2019-07-18,1412.89,1412.89,1412.89,1412.89,0.0
2019-07-19,1425.0999755859375,1442.0,1425.0999755859375,1440.5,22.0
2019-07-22,1412.89,1412.89,1412.89,1412.89,0.0
2019-07-23,1412.89,1412.89,1412.89,1412.89,0.0
2019-07-24,1422.800048828125,1422.800048828125,1422.800048828125,1422.800048828125,20.0
2019-07-25,1413.9000244140625,1413.9000244140625,1413.9000244140625,1413.9000244140625,4.0
2019-07-26,1418.5,1423.0,1418.5,1422.800048828125,5.0
2019-07-29,1412.89,1412.89,1412.89,1412.89,0.0
2019-07-30,1429.699951171875,1433.9000244140625,1422.0999755859375,1426.300048828125,73874.0
2019-07-31,1426.0999755859375,1435.800048828125,1411.199951171875,1431.300048828125,3294.0
2019-08-01,1420.9000244140625,1445.199951171875,1400.9000244140625,1411.300048828125,2431.0
2019-08-02,1445.5999755859375,1448.0,1432.300048828125,1448.0,1873.0
2019-08-05,1464.5999755859375,1469.699951171875,1440.4000244140625,1440.4000244140625,1008.0
2019-08-06,1500.41,1500.41,1500.41,1500.41,0.0
2019-08-07,1500.41,1500.41,1500.41,1500.41,0.0
2019-08-08,1497.699951171875,1508.5,1492.0,1498.4000244140625,367.0
2019-08-09,1496.5999755859375,1507.5,1495.5999755859375,1506.199951171875,74.0
2019-08-12,1505.300048828125,1514.9000244140625,1488.0999755859375,1496.0,257.0
2019-08-13,1502.199951171875,1531.4000244140625,1483.699951171875,1510.4000244140625,672.0
2019-08-14,1500.41,1500.41,1500.41,1500.41,0.0
2019-08-15,1519.5999755859375,1522.699951171875,1510.5999755859375,1519.800048828125,87.0
2019-08-16,1512.5,1524.5999755859375,1504.699951171875,1524.5999755859375,1815.0
2019-08-19,1500.4000244140625,1507.5999755859375,1492.9000244140625,1507.199951171875,205.0
2019-08-20,1504.5999755859375,1506.0999755859375,1497.5,1497.5,486.0
2019-08-21,1500.41,1500.41,1500.41,1500.41,0.0
2019-08-22,1497.300048828125,1497.300048828125,1493.800048828125,1495.0999755859375,686.0
2019-08-23,1526.5999755859375,1527.5999755859375,1493.5,1493.5,983.0
2019-08-26,1526.300048828125,1543.300048828125,1524.300048828125,1543.199951171875,334.0
2019-08-27,1541.0,1542.0999755859375,1528.5,1530.5,166.0
2019-08-28,1537.800048828125,1538.0999755859375,1537.800048828125,1538.0999755859375,2756.0
2019-08-29,1526.5,1549.300048828125,1519.5999755859375,1537.5,704.0
2019-08-30,1519.0999755859375,1530.4000244140625,1516.699951171875,1524.5999755859375,276.0
2019-09-02,1510.58,1510.58,1510.58,1510.58,0.0
2019-09-03,1545.9000244140625,1547.300048828125,1521.0,1522.9000244140625,139.0
2019-09-04,1550.300048828125,1553.199951171875,1534.800048828125,1549.0,46.0
2019-09-05,1515.4000244140625,1551.0999755859375,1511.0999755859375,1551.0,125.0
2019-09-06,1506.199951171875,1526.0,1504.5,1517.300048828125,54.0
2019-09-09,1502.199951171875,1513.0,1498.0,1509.0,69.0
2019-09-10,1490.300048828125,1498.5,1486.9000244140625,1498.5,23.0
2019-09-11,1494.4000244140625,1496.5999755859375,1490.199951171875,1491.699951171875,8.0
2019-09-12,1498.699951171875,1515.4000244140625,1498.699951171875,1499.5,27.0
2019-09-13,1490.9000244140625,1490.9000244140625,1486.9000244140625,1490.9000244140625,1.0
2019-09-16,1503.0999755859375,1506.800048828125,1496.9000244140625,1506.5999755859375,21.0
2019-09-17,1505.0999755859375,1505.0999755859375,1497.9000244140625,1497.9000244140625,3.0
2019-09-18,1507.5,1509.4000244140625,1489.300048828125,1508.9000244140625,8.0
2019-09-19,1510.58,1510.58,1510.58,1510.58,0.0
2019-09-20,1507.300048828125,1507.300048828125,1503.0,1503.0,2.0
2019-09-23,1523.699951171875,1523.699951171875,1515.5,1515.5,5.0
2019-09-24,1510.58,1510.58,1510.58,1510.58,0.0
2019-09-25,1510.58,1510.58,1510.58,1510.58,0.0
2019-09-26,1507.5,1507.5,1507.5,1507.5,8178.0
2019-09-27,1510.58,1510.58,1510.58,1510.58,0.0
2019-09-30,1510.58,1510.58,1510.58,1510.58,0.0
2019-10-01,1494.81,1494.81,1494.81,1494.81,0.0
2019-10-02,1494.81,1494.81,1494.81,1494.81,0.0
2019-10-03,1507.0999755859375,1518.199951171875,1496.5999755859375,1497.4000244140625,1213.0
2019-10-04,1506.199951171875,1508.699951171875,1497.0999755859375,1505.5999755859375,233.0
2019-10-07,1497.699951171875,1505.800048828125,1489.0999755859375,1504.800048828125,121.0
2019-10-08,1494.81,1494.81,1494.81,1494.81,0.0
2019-10-09,1506.0999755859375,1507.699951171875,1498.4000244140625,1507.699951171875,120.0
2019-10-10,1494.800048828125,1511.199951171875,1490.5999755859375,1511.199951171875,78.0
2019-10-11,1482.699951171875,1494.9000244140625,1476.9000244140625,1491.9000244140625,57.0
2019-10-14,1494.81,1494.81,1494.81,1494.81,0.0
2019-10-15,1477.5999755859375,1495.4000244140625,1476.5999755859375,1488.9000244140625,367.0
2019-10-16,1494.81,1494.81,1494.81,1494.81,0.0
2019-10-17,1494.81,1494.81,1494.81,1494.81,0.0
2019-10-18,1488.199951171875,1489.0999755859375,1486.5999755859375,1487.300048828125,82.0
2019-10-21,1482.4000244140625,1489.9000244140625,1481.5,1489.9000244140625,72.0
2019-10-22,1481.699951171875,1483.5,1481.699951171875,1483.4000244140625,99.0
2019-10-23,1494.81,1494.81,1494.81,1494.81,0.0
2019-10-24,1498.9000244140625,1501.199951171875,1485.9000244140625,1490.5,115.0
2019-10-25,1499.5,1514.300048828125,1499.0,1501.4000244140625,93.0
2019-10-28,1490.0,1504.0999755859375,1490.0,1504.0999755859375,37.0
2019-10-29,1487.0,1487.0,1485.9000244140625,1485.9000244140625,425.0
2019-10-30,1493.199951171875,1495.4000244140625,1481.0,1487.199951171875,320.0
2019-10-31,1511.4000244140625,1513.0999755859375,1496.0999755859375,1496.0999755859375,210.0
2019-11-01,1508.0,1511.5999755859375,1503.0,1511.0,235.0
2019-11-04,1470.79,1470.79,1470.79,1470.79,0.0
2019-11-05,1480.800048828125,1507.0999755859375,1480.800048828125,1507.0999755859375,31.0
2019-11-06,1490.199951171875,1491.0,1483.199951171875,1483.199951171875,567.0
2019-11-07,1464.199951171875,1489.0999755859375,1464.199951171875,1489.0999755859375,581.0
2019-11-08,1461.300048828125,1469.0999755859375,1461.300048828125,1469.0999755859375,21.0
2019-11-11,1455.5,1461.0,1449.300048828125,1461.0,22.0
2019-11-12,1452.0999755859375,1454.9000244140625,1447.0999755859375,1454.9000244140625,6.0
2019-11-13,1461.699951171875,1463.300048828125,1456.800048828125,1456.800048828125,56.0
2019-11-14,1471.800048828125,1471.800048828125,1463.699951171875,1463.800048828125,83.0
2019-11-15,1467.300048828125,1469.0999755859375,1467.300048828125,1469.0999755859375,13.0
2019-11-18,1470.79,1470.79,1470.79,1470.79,0.0
2019-11-19,1470.79,1470.79,1470.79,1470.79,0.0
2019-11-20,1473.300048828125,1474.5,1467.300048828125,1472.5999755859375,31.0
2019-11-21,1463.0999755859375,1463.0999755859375,1463.0999755859375,1463.0999755859375,16.0
2019-11-22,1463.0999755859375,1468.5999755859375,1463.0999755859375,1468.5999755859375,19.0
2019-11-25,1456.5999755859375,1457.0999755859375,1455.5,1457.0999755859375,14.0
2019-11-26,1459.800048828125,1459.800048828125,1459.800048828125,1459.800048828125,346362.0
2019-11-27,1453.4000244140625,1461.9000244140625,1452.0,1461.0999755859375,88364.0
2019-11-28,1470.79,1470.79,1470.79,1470.79,0.0
2019-11-29,1465.5999755859375,1465.5999755859375,1452.0999755859375,1453.5999755859375,7020.0
2019-12-02,1479.13,1479.13,1479.13,1479.13,0.0
2019-12-03,1479.13,1479.13,1479.13,1479.13,0.0
2019-12-04,1479.13,1479.13,1479.13,1479.13,0.0
2019-12-05,1476.9000244140625,1478.0,1472.300048828125,1474.699951171875,907.0
2019-12-06,1459.0999755859375,1476.0,1458.199951171875,1475.0,899.0
2019-12-09,1479.13,1479.13,1479.13,1479.13,0.0
2019-12-10,1462.5999755859375,1467.199951171875,1460.699951171875,1460.699951171875,367.0
2019-12-11,1469.4000244140625,1475.4000244140625,1463.0999755859375,1463.0999755859375,393.0
2019-12-12,1466.699951171875,1483.9000244140625,1463.699951171875,1475.0999755859375,955.0
2019-12-13,1475.5999755859375,1475.9000244140625,1463.0999755859375,1463.0999755859375,468.0
2019-12-16,1475.0,1475.300048828125,1473.800048828125,1473.800048828125,99.0
2019-12-17,1479.13,1479.13,1479.13,1479.13,0.0
2019-12-18,1479.13,1479.13,1479.13,1479.13,0.0
2019-12-19,1478.199951171875,1478.9000244140625,1473.300048828125,1475.9000244140625,319.0
2019-12-20,1479.13,1479.13,1479.13,1479.13,0.0
2019-12-23,1479.13,1479.13,1479.13,1479.13,0.0
2019-12-24,1499.0999755859375,1499.0999755859375,1488.699951171875,1488.699951171875,52.0
2019-12-25,1479.13,1479.13,1479.13,1479.13,0.0
2019-12-26,1509.300048828125,1512.300048828125,1505.0,1505.199951171875,126.0
2019-12-27,1513.800048828125,1513.800048828125,1513.800048828125,1513.800048828125,839.0
2019-12-30,1514.5,1515.0999755859375,1510.0,1512.5999755859375,446.0
2019-12-31,1519.5,1523.4000244140625,1513.800048828125,1513.800048828125,301.0
2020-01-01,1560.67,1560.67,1560.67,1560.67,0.0
2020-01-02,1560.67,1560.67,1560.67,1560.67,0.0
2020-01-03,1560.67,1560.67,1560.67,1560.67,0.0
2020-01-06,1566.199951171875,1580.0,1560.4000244140625,1580.0,416.0
2020-01-07,1571.800048828125,1576.300048828125,1558.300048828125,1558.300048828125,47.0
2020-01-08,1560.67,1560.67,1560.67,1560.67,0.0
2020-01-09,1551.699951171875,1555.699951171875,1543.300048828125,1555.699951171875,54.0
2020-01-10,1560.67,1560.67,1560.67,1560.67,0.0
2020-01-13,1548.4000244140625,1558.0,1548.4000244140625,1557.4000244140625,48.0
2020-01-14,1542.4000244140625,1546.699951171875,1534.9000244140625,1546.699951171875,32.0
2020-01-15,1552.0999755859375,1553.9000244140625,1545.5999755859375,1548.0,11.0
2020-01-16,1549.0,1556.0999755859375,1548.5,1555.699951171875,98.0
2020-01-17,1560.67,1560.67,1560.67,1560.67,0.0
2020-01-20,1560.67,1560.67,1560.67,1560.67,0.0
2020-01-21,1556.4000244140625,1566.199951171875,1551.0,1559.300048828125,45.0
2020-01-22,1560.67,1560.67,1560.67,1560.67,0.0
2020-01-23,1564.5999755859375,1564.5999755859375,1552.199951171875,1553.0999755859375,15.0
2020-01-24,1571.0999755859375,1571.0999755859375,1556.300048828125,1556.300048828125,43.0
2020-01-27,1560.67,1560.67,1560.67,1560.67,0.0
2020-01-28,1569.199951171875,1576.4000244140625,1569.199951171875,1576.4000244140625,3.0
2020-01-29,1560.67,1560.67,1560.67,1560.67,0.0
2020-01-30,1560.67,1560.67,1560.67,1560.67,0.0
2020-01-31,1560.67,1560.67,1560.67,1560.67,0.0
2020-02-03,1577.199951171875,1593.300048828125,1568.199951171875,1592.9000244140625,1062.0
2020-02-04,1550.4000244140625,1577.699951171875,1547.800048828125,1577.699951171875,978.0
2020-02-05,1557.800048828125,1560.699951171875,1547.699951171875,1553.199951171875,1305.0
2020-02-06,1565.0999755859375,1565.5999755859375,1551.5999755859375,1553.5999755859375,110.0
2020-02-07,1568.5999755859375,1571.9000244140625,1560.5,1564.9000244140625,431.0
2020-02-10,1574.699951171875,1574.699951171875,1568.5999755859375,1569.300048828125,128.0
2020-02-11,1565.5999755859375,1571.0999755859375,1561.9000244140625,1570.9000244140625,440.0
2020-02-12,1567.4000244140625,1568.699951171875,1561.0,1565.199951171875,36.0
2020-02-13,1575.0999755859375,1575.0999755859375,1570.199951171875,1570.199951171875,74.0
2020-02-14,1582.699951171875,1582.699951171875,1574.800048828125,1575.800048828125,68.0
2020-02-17,1597.1,1597.1,1597.1,1597.1,0.0
2020-02-18,1600.0,1604.300048828125,1579.800048828125,1579.800048828125,310.0
2020-02-19,1607.5,1610.5,1599.699951171875,1600.5999755859375,542.0
2020-02-20,1616.5999755859375,1621.0,1603.0,1606.5,117.0
2020-02-21,1644.5999755859375,1645.0,1619.300048828125,1619.300048828125,186.0
2020-02-24,1597.1,1597.1,1597.1,1597.1,0.0
2020-02-25,1646.9000244140625,1653.699951171875,1632.300048828125,1645.0999755859375,409.0
2020-02-26,1640.0,1648.0999755859375,1636.4000244140625,1644.0,1990.0
2020-02-27,1597.1,1597.1,1597.1,1597.1,0.0
2020-02-28,1564.0999755859375,1642.5,1564.0999755859375,1640.300048828125,289.0
2020-03-02,1592.300048828125,1608.300048828125,1574.300048828125,1583.9000244140625,537.0
2020-03-03,1591.93,1591.93,1591.93,1591.93,0.0
2020-03-04,1641.0999755859375,1645.9000244140625,1631.300048828125,1645.4000244140625,83.0
2020-03-05,1666.4000244140625,1672.9000244140625,1637.199951171875,1637.300048828125,154.0
2020-03-06,1670.800048828125,1686.199951171875,1647.199951171875,1670.800048828125,175.0
2020-03-09,1591.93,1591.93,1591.93,1591.93,0.0
2020-03-10,1659.0999755859375,1674.5999755859375,1643.0,1671.5999755859375,48.0
2020-03-11,1591.93,1591.93,1591.93,1591.93,0.0
2020-03-12,1589.300048828125,1647.5,1566.4000244140625,1637.0,256.0
2020-03-13,1515.699951171875,1589.800048828125,1513.800048828125,1574.9000244140625,89.0
2020-03-16,1591.93,1591.93,1591.93,1591.93,0.0
2020-03-17,1591.93,1591.93,1591.93,1591.93,0.0
2020-03-18,1477.300048828125,1542.0,1477.300048828125,1537.5,333.0
2020-03-19,1591.93,1591.93,1591.93,1591.93,0.0
2020-03-20,1484.0,1484.0,1483.5,1483.5,14.0
2020-03-23,1567.0,1567.0,1490.199951171875,1505.300048828125,51.0
2020-03-24,1591.93,1591.93,1591.93,1591.93,0.0
2020-03-25,1632.300048828125,1676.5,1631.0999755859375,1676.5,476.0
2020-03-26,1650.0999755859375,1660.5,1650.0999755859375,1660.5,3.0
2020-03-27,1591.93,1591.93,1591.93,1591.93,0.0
2020-03-30,1622.0,1652.800048828125,1607.199951171875,1641.199951171875,16389.0
2020-03-31,1583.4000244140625,1621.0,1576.0,1618.699951171875,2874.0
2020-04-01,1578.199951171875,1600.0,1570.0,1570.0,2158.0
2020-04-02,1683.17,1683.17,1683.17,1683.17,0.0
2020-04-03,1683.17,1683.17,1683.17,1683.17,0.0
2020-04-06,1683.17,1683.17,1683.17,1683.17,0.0
2020-04-07,1683.17,1683.17,1683.17,1683.17,0.0
2020-04-08,1683.17,1683.17,1683.17,1683.17,0.0
2020-04-09,1736.199951171875,1736.199951171875,1662.699951171875,1662.699951171875,825.0
2020-04-10,1683.17,1683.17,1683.17,1683.17,0.0
2020-04-13,1744.800048828125,1756.800048828125,1710.699951171875,1722.0,696.0
2020-04-14,1756.699951171875,1775.0,1739.5,1756.800048828125,675.0
2020-04-15,1727.199951171875,1744.9000244140625,1722.699951171875,1739.4000244140625,642.0
2020-04-16,1720.4000244140625,1750.5999755859375,1715.0,1731.0,162.0
2020-04-17,1689.199951171875,1725.0,1684.9000244140625,1715.699951171875,223.0
2020-04-20,1701.5999755859375,1701.5999755859375,1680.0,1686.0,106.0
2020-04-21,1678.199951171875,1707.0999755859375,1659.9000244140625,1697.0,666.0
2020-04-22,1728.699951171875,1728.699951171875,1684.800048828125,1696.0,453.0
2020-04-23,1683.17,1683.17,1683.17,1683.17,0.0
2020-04-24,1683.17,1683.17,1683.17,1683.17,0.0
2020-04-27,1711.9000244140625,1731.9000244140625,1711.9000244140625,1731.9000244140625,169.0
2020-04-28,1710.5,1716.5999755859375,1707.0999755859375,1716.5999755859375,1255.0
2020-04-29,1703.4000244140625,1713.5,1702.0,1710.0,373.0
2020-04-30,1684.199951171875,1719.300048828125,1680.800048828125,1719.300048828125,327.0
2020-05-01,1694.5,1701.5,1670.5,1686.5999755859375,337.0
2020-05-04,1706.9000244140625,1709.0,1699.5999755859375,1702.5999755859375,320.0
2020-05-05,1704.4000244140625,1704.4000244140625,1697.199951171875,1701.5,82.0
2020-05-06,1684.199951171875,1704.0,1684.199951171875,1704.0,469.0
2020-05-07,1721.800048828125,1721.800048828125,1685.5999755859375,1686.199951171875,853.0
2020-05-08,1715.91,1715.91,1715.91,1715.91,0.0
2020-05-11,1695.300048828125,1704.5,1690.199951171875,1702.300048828125,749.0
2020-05-12,1704.4000244140625,1713.0999755859375,1699.300048828125,1699.300048828125,324.0
2020-05-13,1713.9000244140625,1721.300048828125,1701.9000244140625,1702.0,431.0
2020-05-14,1738.0999755859375,1743.0999755859375,1720.5,1724.300048828125,672.0
2020-05-15,1753.4000244140625,1753.4000244140625,1739.699951171875,1739.699951171875,719.0
2020-05-18,1715.91,1715.91,1715.91,1715.91,0.0
2020-05-19,1715.91,1715.91,1715.91,1715.91,0.0
2020-05-20,1750.5999755859375,1752.0999755859375,1745.5999755859375,1751.5999755859375,16.0
2020-05-21,1720.5,1746.800048828125,1720.5,1746.800048828125,528.0
2020-05-22,1715.91,1715.91,1715.91,1715.91,0.0
2020-05-25,1715.91,1715.91,1715.91,1715.91,0.0
2020-05-26,1704.800048828125,1726.4000244140625,1704.800048828125,1726.4000244140625,39.0
2020-05-27,1715.91,1715.91,1715.91,1715.91,0.0
2020-05-28,1715.91,1715.91,1715.91,1715.91,0.0
2020-05-29,1736.9000244140625,1738.300048828125,1715.0999755859375,1718.800048828125,1526.0
2020-06-01,1737.800048828125,1747.0,1727.0999755859375,1740.4000244140625,871.0
2020-06-02,1732.22,1732.22,1732.22,1732.22,0.0
2020-06-03,1732.22,1732.22,1732.22,1732.22,0.0
2020-06-04,1732.22,1732.22,1732.22,1732.22,0.0
2020-06-05,1676.199951171875,1711.800048828125,1668.5999755859375,1711.800048828125,1502.0
2020-06-08,1732.22,1732.22,1732.22,1732.22,0.0
2020-06-09,1714.699951171875,1720.9000244140625,1692.0,1694.5999755859375,690.0
2020-06-10,1713.300048828125,1740.800048828125,1711.9000244140625,1716.0999755859375,718.0
2020-06-11,1732.22,1732.22,1732.22,1732.22,0.0
2020-06-12,1729.300048828125,1743.0,1724.9000244140625,1724.9000244140625,318.0
2020-06-15,1720.300048828125,1730.0,1703.300048828125,1730.0,188.0
2020-06-16,1729.5999755859375,1729.5999755859375,1722.4000244140625,1726.300048828125,22.0
2020-06-17,1732.22,1732.22,1732.22,1732.22,0.0
2020-06-18,1724.800048828125,1734.0999755859375,1717.300048828125,1730.5,110.0
2020-06-19,1745.9000244140625,1750.699951171875,1723.5,1723.699951171875,1329.0
2020-06-22,1756.699951171875,1767.5999755859375,1750.5,1755.199951171875,1356.0
2020-06-23,1772.0999755859375,1776.300048828125,1754.199951171875,1755.4000244140625,666.0
2020-06-24,1765.800048828125,1783.0999755859375,1764.5,1778.300048828125,961.0
2020-06-25,1732.22,1732.22,1732.22,1732.22,0.0
2020-06-26,1772.5,1772.5,1764.699951171875,1766.0,640.0
2020-06-29,1774.800048828125,1780.199951171875,1774.300048828125,1779.800048828125,584.0
2020-06-30,1793.0,1793.199951171875,1774.4000244140625,1777.300048828125,986.0
2020-07-01,1773.199951171875,1798.0,1765.800048828125,1793.5999755859375,331.0
2020-07-02,1846.51,1846.51,1846.51,1846.51,0.0
2020-07-03,1846.51,1846.51,1846.51,1846.51,0.0
2020-07-06,1788.5,1790.0999755859375,1788.199951171875,1788.199951171875,172.0
2020-07-07,1804.199951171875,1804.199951171875,1783.300048828125,1789.300048828125,751.0
2020-07-08,1846.51,1846.51,1846.51,1846.51,0.0
2020-07-09,1799.199951171875,1819.800048828125,1799.199951171875,1816.0999755859373,396.0
2020-07-10,1798.199951171875,1805.5,1797.699951171875,1805.5,236.0
2020-07-13,1811.0,1811.0,1805.0,1805.0,164.0
2020-07-14,1846.51,1846.51,1846.51,1846.51,0.0
2020-07-15,1811.4000244140625,1813.5,1806.0999755859373,1806.0999755859373,167.0
2020-07-16,1846.51,1846.51,1846.51,1846.51,0.0
2020-07-17,1846.51,1846.51,1846.51,1846.51,0.0
2020-07-20,1815.9000244140625,1817.300048828125,1807.0,1807.0,89.0
2020-07-21,1842.4000244140625,1842.4000244140625,1822.0,1822.0,117.0
2020-07-22,1864.0999755859375,1867.0,1854.699951171875,1858.0999755859375,213.0
2020-07-23,1889.0999755859373,1890.300048828125,1868.5,1868.699951171875,133.0
2020-07-24,1897.300048828125,1897.300048828125,1884.300048828125,1884.300048828125,474.0
2020-07-27,1931.0,1938.0,1901.5,1901.699951171875,364.0
2020-07-28,1944.699951171875,1944.699951171875,1928.5999755859373,1931.5,825.0
2020-07-29,1846.51,1846.51,1846.51,1846.51,0.0
2020-07-30,1942.300048828125,1965.0999755859375,1930.0,1963.4000244140625,28853.0
2020-07-31,1962.800048828125,1981.0999755859375,1948.0,1948.5999755859375,2914.0
2020-08-03,1966.0,1984.300048828125,1955.5,1984.300048828125,683.0
2020-08-04,2001.199951171875,2016.199951171875,1968.800048828125,1971.0,2010.0
2020-08-05,2031.0999755859373,2050.199951171875,2011.0,2024.0,1422.0
2020-08-06,1968.63,1968.63,1968.63,1968.63,0.0
2020-08-07,2010.0999755859375,2055.0,2009.5999755859375,2040.0999755859375,808.0
2020-08-10,1968.63,1968.63,1968.63,1968.63,0.0
2020-08-11,1932.5999755859375,2016.0,1904.0,2012.4000244140625,971.0
2020-08-12,1934.9000244140625,1946.5999755859373,1871.5999755859373,1923.0,404.0
2020-08-13,1956.699951171875,1957.4000244140625,1916.9000244140625,1921.5,71.0
2020-08-14,1937.0,1947.4000244140625,1937.0,1938.699951171875,201.0
2020-08-17,1985.0,1985.0,1949.5999755859375,1949.5999755859375,97.0
2020-08-18,1999.4000244140625,2002.800048828125,1972.0999755859373,2001.0999755859373,92.0
2020-08-19,1958.699951171875,1980.0,1938.699951171875,1980.0,347.0
2020-08-20,1968.63,1968.63,1968.63,1968.63,0.0
2020-08-21,1968.63,1968.63,1968.63,1968.63,0.0
2020-08-24,1927.699951171875,1940.0,1922.199951171875,1930.199951171875,85.0
2020-08-25,1911.800048828125,1928.5,1911.800048828125,1927.5,176.0
2020-08-26,1940.699951171875,1950.800048828125,1909.699951171875,1909.699951171875,287.0
2020-08-27,1968.63,1968.63,1968.63,1968.63,0.0
2020-08-28,1964.5999755859375,1971.300048828125,1922.5,1927.0999755859375,778.0
2020-08-31,1967.5999755859373,1971.300048828125,1953.300048828125,1970.0,158.0
2020-09-01,1968.199951171875,1986.300048828125,1961.699951171875,1961.699951171875,186.0
2020-09-02,1921.92,1921.92,1921.92,1921.92,0.0
2020-09-03,1921.92,1921.92,1921.92,1921.92,0.0
2020-09-04,1921.92,1921.92,1921.92,1921.92,0.0
2020-09-07,1921.92,1921.92,1921.92,1921.92,0.0
2020-09-08,1921.92,1921.92,1921.92,1921.92,0.0
2020-09-09,1944.699951171875,1946.199951171875,1924.5999755859373,1926.9000244140625,219.0
2020-09-10,1954.199951171875,1962.699951171875,1944.0999755859373,1944.0999755859373,722.0
2020-09-11,1937.800048828125,1949.5,1937.800048828125,1944.0,73.0
2020-09-14,1953.0999755859373,1953.0999755859373,1943.0,1946.300048828125,55.0
2020-09-15,1921.92,1921.92,1921.92,1921.92,0.0
2020-09-16,1960.199951171875,1961.4000244140625,1956.699951171875,1961.300048828125,124.0
2020-09-17,1940.0,1946.0,1933.699951171875,1939.0,67.0
2020-09-18,1952.0999755859375,1952.0999755859375,1949.0,1950.5,38.0
2020-09-21,1921.92,1921.92,1921.92,1921.92,0.0
2020-09-22,1921.92,1921.92,1921.92,1921.92,0.0
2020-09-23,1859.9000244140625,1875.5,1859.9000244140625,1875.5,5.0
2020-09-24,1868.300048828125,1868.300048828125,1851.5,1851.5,365.0
2020-09-25,1857.699951171875,1857.699951171875,1856.300048828125,1856.300048828125,4.0
2020-09-28,1921.92,1921.92,1921.92,1921.92,0.0
2020-09-29,1894.300048828125,1895.4000244140625,1872.4000244140625,1876.5,3283.0
2020-09-30,1887.5,1899.699951171875,1879.800048828125,1893.0,600.0
2020-10-01,1908.4000244140625,1909.5999755859375,1882.5,1884.0999755859375,730.0
2020-10-02,1900.199951171875,1913.0,1893.9000244140625,1893.9000244140625,530.0
2020-10-05,1912.5,1915.5999755859373,1884.699951171875,1898.9000244140625,1360.0
2020-10-06,1901.0999755859375,1918.0,1874.4000244140625,1906.5999755859375,968.0
2020-10-07,1883.5999755859375,1889.800048828125,1873.0999755859375,1874.0999755859375,50.0
2020-10-08,1900.27,1900.27,1900.27,1900.27,0.0
2020-10-09,1900.27,1900.27,1900.27,1900.27,0.0
2020-10-12,1900.27,1900.27,1900.27,1900.27,0.0
2020-10-13,1888.5,1922.199951171875,1887.0,1921.9000244140625,191.0
2020-10-14,1901.300048828125,1910.800048828125,1882.5,1889.699951171875,33.0
2020-10-15,1900.27,1900.27,1900.27,1900.27,0.0
2020-10-16,1900.27,1900.27,1900.27,1900.27,0.0
2020-10-19,1906.4000244140625,1907.800048828125,1899.5,1907.300048828125,43.0
2020-10-20,1910.4000244140625,1910.4000244140625,1896.0999755859375,1901.300048828125,329.0
2020-10-21,1924.5999755859375,1927.300048828125,1913.5999755859375,1913.5999755859375,1202.0
2020-10-22,1901.0999755859375,1924.300048828125,1898.199951171875,1924.300048828125,899.0
2020-10-23,1902.0,1913.300048828125,1896.199951171875,1899.9000244140625,287.0
2020-10-26,1902.699951171875,1907.0,1893.5,1895.5,242.0
2020-10-27,1900.27,1900.27,1900.27,1900.27,0.0
2020-10-28,1900.27,1900.27,1900.27,1900.27,0.0
2020-10-29,1865.5999755859373,1879.800048828125,1858.800048828125,1876.0999755859373,240.0
2020-10-30,1877.4000244140625,1886.5999755859375,1862.800048828125,1862.800048828125,725.0
2020-11-02,1866.3,1866.3,1866.3,1866.3,0.0
2020-11-03,1866.3,1866.3,1866.3,1866.3,0.0
2020-11-04,1894.5999755859373,1907.0,1885.300048828125,1893.800048828125,782.0
2020-11-05,1945.300048828125,1948.0,1901.699951171875,1901.699951171875,135.0
2020-11-06,1866.3,1866.3,1866.3,1866.3,0.0
2020-11-09,1853.199951171875,1963.199951171875,1847.0999755859375,1955.5999755859375,745.0
2020-11-10,1866.3,1866.3,1866.3,1866.3,0.0
2020-11-11,1860.699951171875,1878.800048828125,1855.5,1878.800048828125,222.0
2020-11-12,1872.5999755859375,1878.5,1866.5999755859375,1869.0,220.0
2020-11-13,1885.699951171875,1890.0999755859375,1876.800048828125,1877.0,240.0
2020-11-16,1887.300048828125,1887.300048828125,1871.0,1874.5999755859373,6.0
2020-11-17,1884.5,1888.4000244140625,1884.5,1888.4000244140625,59.0
2020-11-18,1866.3,1866.3,1866.3,1866.3,0.0
2020-11-19,1866.3,1866.3,1866.3,1866.3,0.0
2020-11-20,1872.5999755859373,1872.5999755859373,1871.199951171875,1871.199951171875,1900.0
2020-11-23,1837.800048828125,1837.800048828125,1829.199951171875,1834.800048828125,843.0
2020-11-24,1866.3,1866.3,1866.3,1866.3,0.0
2020-11-25,1805.699951171875,1805.699951171875,1801.4000244140625,1801.4000244140625,205754.0
2020-11-26,1866.3,1866.3,1866.3,1866.3,0.0
2020-11-27,1781.9000244140625,1817.0,1770.699951171875,1806.0999755859373,71804.0
2020-11-30,1775.699951171875,1787.199951171875,1762.300048828125,1785.0,3145.0
2020-12-01,1814.0999755859373,1815.9000244140625,1774.9000244140625,1775.0,1859.0
2020-12-02,1858.42,1858.42,1858.42,1858.42,0.0
2020-12-03,1858.42,1858.42,1858.42,1858.42,0.0
2020-12-04,1858.42,1858.42,1858.42,1858.42,0.0
2020-12-07,1861.800048828125,1866.9000244140625,1820.800048828125,1836.5,1427.0
2020-12-08,1858.42,1858.42,1858.42,1858.42,0.0
2020-12-09,1834.5999755859373,1867.0999755859373,1827.0,1867.0999755859373,215.0
2020-12-10,1858.42,1858.42,1858.42,1858.42,0.0
2020-12-11,1839.800048828125,1846.0,1829.0999755859373,1838.5,109.0
2020-12-14,1828.699951171875,1835.699951171875,1822.699951171875,1835.5,258.0
2020-12-15,1852.300048828125,1853.5999755859375,1833.199951171875,1833.5,961.0
2020-12-16,1856.0999755859375,1864.699951171875,1850.5,1856.5,1090.0
2020-12-17,1858.42,1858.42,1858.42,1858.42,0.0
2020-12-18,1885.699951171875,1889.5,1882.300048828125,1882.4000244140625,276.0
2020-12-21,1879.199951171875,1908.0,1869.0999755859373,1884.800048828125,136.0
2020-12-22,1866.5999755859373,1882.199951171875,1861.0,1882.199951171875,233.0
2020-12-23,1874.699951171875,1878.800048828125,1864.5,1867.0,82.0
2020-12-24,1879.9000244140625,1879.9000244140625,1875.699951171875,1877.300048828125,46.0
2020-12-25,1858.42,1858.42,1858.42,1858.42,0.0
2020-12-28,1877.199951171875,1895.800048828125,1873.699951171875,1895.5,75.0
2020-12-29,1879.699951171875,1881.300048828125,1879.699951171875,1881.300048828125,343.0
2020-12-30,1891.0,1895.800048828125,1877.300048828125,1879.9000244140625,444.0
2020-12-31,1893.0999755859375,1901.300048828125,1892.699951171875,1897.0,127.0
2021-01-01,1866.98,1866.98,1866.98,1866.98,0.0
2021-01-04,1944.699951171875,1945.0999755859373,1912.199951171875,1912.199951171875,154.0
2021-01-05,1866.98,1866.98,1866.98,1866.98,0.0
2021-01-06,1866.98,1866.98,1866.98,1866.98,0.0
2021-01-07,1912.300048828125,1926.699951171875,1912.0,1922.5999755859375,122.0
2021-01-08,1834.0999755859375,1908.0,1834.0999755859375,1908.0,60.0
2021-01-11,1866.98,1866.98,1866.98,1866.98,0.0
2021-01-12,1866.98,1866.98,1866.98,1866.98,0.0
2021-01-13,1853.5999755859375,1858.5999755859375,1853.5999755859375,1858.0,189.0
2021-01-14,1850.300048828125,1850.699951171875,1836.699951171875,1836.699951171875,149.0
2021-01-15,1829.300048828125,1829.4000244140625,1825.0,1829.4000244140625,31.0
2021-01-18,1866.98,1866.98,1866.98,1866.98,0.0
2021-01-19,1839.5,1842.9000244140625,1802.0,1802.0,13.0
2021-01-20,1865.9000244140625,1866.5999755859373,1844.4000244140625,1847.800048828125,16.0
2021-01-21,1865.300048828125,1868.0,1865.300048828125,1865.300048828125,6.0
2021-01-22,1855.699951171875,1855.699951171875,1852.699951171875,1854.9000244140625,8.0
2021-01-25,1854.9000244140625,1864.699951171875,1851.800048828125,1864.699951171875,26.0
2021-01-26,1850.699951171875,1855.800048828125,1850.699951171875,1855.800048828125,59.0
2021-01-27,1844.9000244140625,1844.9000244140625,1844.9000244140625,1844.9000244140625,195540.0
2021-01-28,1837.9000244140625,1862.9000244140625,1831.5,1843.4000244140625,27283.0
2021-01-29,1847.300048828125,1876.0,1838.699951171875,1842.0,1634.0
2021-02-01,1860.800048828125,1871.9000244140625,1850.0,1866.5999755859375,1494.0
2021-02-02,1830.5,1861.300048828125,1827.5999755859373,1859.5999755859373,1293.0
2021-02-03,1832.199951171875,1842.4000244140625,1829.800048828125,1834.800048828125,1195.0
2021-02-04,1788.9000244140625,1832.199951171875,1782.800048828125,1832.199951171875,2375.0
2021-02-05,1810.9000244140625,1813.5,1790.9000244140625,1794.300048828125,1278.0
2021-02-08,1831.9000244140625,1836.699951171875,1809.0,1816.300048828125,254.0
2021-02-09,1835.300048828125,1843.300048828125,1830.699951171875,1841.9000244140625,184.0
2021-02-10,1840.5999755859373,1851.0999755859373,1837.0,1842.5999755859373,543.0
2021-02-11,1824.9000244140625,1845.0,1820.9000244140625,1840.5,602.0
2021-02-12,1821.5999755859375,1827.5,1809.199951171875,1825.0,259.0
2021-02-15,1808.17,1808.17,1808.17,1808.17,0.0
2021-02-16,1797.199951171875,1823.4000244140625,1787.300048828125,1820.9000244140625,1141.0
2021-02-17,1771.0999755859375,1789.699951171875,1768.800048828125,1785.800048828125,614.0
2021-02-18,1773.4000244140625,1784.5999755859375,1766.0,1776.0999755859375,587.0
2021-02-19,1775.800048828125,1787.5999755859375,1764.300048828125,1764.300048828125,118.0
2021-02-22,1806.699951171875,1807.800048828125,1784.0,1784.0,165.0
2021-02-23,1808.17,1808.17,1808.17,1808.17,0.0
2021-02-24,1796.4000244140625,1805.800048828125,1796.4000244140625,1805.800048828125,1500.0
2021-02-25,1774.4000244140625,1802.0,1766.699951171875,1801.5,1049.0
2021-02-26,1728.0999755859375,1768.199951171875,1718.800048828125,1768.0999755859375,1593.0
2021-03-01,1722.5,1747.0,1720.300048828125,1737.0999755859375,407.0
2021-03-02,1733.0999755859375,1733.0999755859375,1708.699951171875,1709.4000244140625,867.0
2021-03-03,1715.300048828125,1732.4000244140625,1703.5,1730.0,501.0
2021-03-04,1700.199951171875,1717.4000244140625,1700.199951171875,1706.5,521.0
2021-03-05,1698.0,1701.0,1685.0,1690.5999755859375,302.0
2021-03-08,1718.23,1718.23,1718.23,1718.23,0.0
2021-03-09,1716.5999755859375,1717.5,1685.199951171875,1686.199951171875,335.0
2021-03-10,1721.5,1722.9000244140625,1711.0,1713.5999755859375,412.0
2021-03-11,1722.300048828125,1737.5,1720.199951171875,1725.5999755859375,18.0
2021-03-12,1718.23,1718.23,1718.23,1718.23,0.0
2021-03-15,1718.23,1718.23,1718.23,1718.23,0.0
2021-03-16,1730.5999755859375,1733.9000244140625,1726.0,1732.300048828125,729.0
2021-03-17,1726.800048828125,1750.0999755859375,1725.5999755859375,1735.300048828125,488.0
2021-03-18,1718.23,1718.23,1718.23,1718.23,0.0
2021-03-19,1741.4000244140625,1742.199951171875,1733.5999755859375,1742.199951171875,13.0
2021-03-22,1718.23,1718.23,1718.23,1718.23,0.0
2021-03-23,1724.699951171875,1724.699951171875,1724.699951171875,1724.699951171875,6.0
2021-03-24,1732.9000244140625,1732.9000244140625,1727.5,1727.5,26.0
2021-03-25,1724.9000244140625,1733.199951171875,1724.5,1732.699951171875,15.0
2021-03-26,1732.199951171875,1732.199951171875,1721.300048828125,1721.300048828125,33.0
2021-03-29,1718.23,1718.23,1718.23,1718.23,0.0
2021-03-30,1718.23,1718.23,1718.23,1718.23,0.0
2021-03-31,1718.23,1718.23,1718.23,1718.23,0.0
2021-04-01,1760.04,1760.04,1760.04,1760.04,0.0
2021-04-02,1760.04,1760.04,1760.04,1760.04,0.0
2021-04-05,1727.0,1729.699951171875,1721.9000244140625,1727.9000244140625,275.0
2021-04-06,1760.04,1760.04,1760.04,1760.04,0.0
2021-04-07,1740.0999755859375,1742.699951171875,1733.699951171875,1742.699951171875,557.0
2021-04-08,1760.04,1760.04,1760.04,1760.04,0.0
2021-04-09,1743.300048828125,1750.800048828125,1733.300048828125,1750.800048828125,484.0
2021-04-12,1731.199951171875,1740.800048828125,1726.699951171875,1740.800048828125,40.0
2021-04-13,1746.199951171875,1746.9000244140625,1722.0999755859375,1733.800048828125,367.0
2021-04-14,1734.9000244140625,1745.9000244140625,1732.699951171875,1741.300048828125,1037.0
2021-04-15,1765.4000244140625,1767.9000244140625,1740.0999755859375,1740.0999755859375,368.0
2021-04-16,1779.0,1779.5,1770.0999755859375,1770.4000244140625,625.0
2021-04-19,1769.4000244140625,1788.5,1769.4000244140625,1782.0999755859375,144.0
2021-04-20,1777.300048828125,1777.300048828125,1765.5,1769.300048828125,1464.0
2021-04-21,1760.04,1760.04,1760.04,1760.04,0.0
2021-04-22,1781.199951171875,1794.199951171875,1779.5,1794.199951171875,159.0
2021-04-23,1777.0,1794.5,1772.0,1786.0999755859375,332.0
2021-04-26,1760.04,1760.04,1760.04,1760.04,0.0
2021-04-27,1760.04,1760.04,1760.04,1760.04,0.0
2021-04-28,1760.04,1760.04,1760.04,1760.04,0.0
2021-04-29,1768.0999755859375,1789.0,1758.5999755859375,1781.0,196.0
2021-04-30,1767.300048828125,1771.800048828125,1763.9000244140625,1771.800048828125,18.0
2021-05-03,1850.26,1850.26,1850.26,1850.26,0.0
2021-05-04,1775.800048828125,1788.5,1774.800048828125,1788.199951171875,182.0
2021-05-05,1784.0999755859375,1784.0999755859375,1779.199951171875,1781.5,57.0
2021-05-06,1815.5,1815.5,1787.5999755859375,1788.9000244140625,13.0
2021-05-07,1831.0999755859373,1842.9000244140625,1831.0999755859373,1842.9000244140625,2.0
2021-05-10,1837.5,1845.5999755859373,1835.4000244140625,1835.5999755859373,13.0
2021-05-11,1835.9000244140625,1838.0999755859375,1831.5999755859375,1837.199951171875,420.0
2021-05-12,1822.5999755859375,1825.199951171875,1821.699951171875,1825.199951171875,3.0
2021-05-13,1823.800048828125,1826.800048828125,1814.0999755859375,1814.699951171875,100.0
2021-05-14,1850.26,1850.26,1850.26,1850.26,0.0
2021-05-17,1867.5,1867.5,1847.199951171875,1849.9000244140625,13.0
2021-05-18,1867.800048828125,1870.5,1867.800048828125,1870.5,3.0
2021-05-19,1850.26,1850.26,1850.26,1850.26,0.0
2021-05-20,1881.800048828125,1885.0,1864.800048828125,1865.5,85.0
2021-05-21,1876.699951171875,1876.699951171875,1872.0999755859373,1872.0999755859373,5.0
2021-05-24,1850.26,1850.26,1850.26,1850.26,0.0
2021-05-25,1898.0999755859373,1898.0999755859373,1882.5,1882.5,56.0
2021-05-26,1850.26,1850.26,1850.26,1850.26,0.0
2021-05-27,1850.26,1850.26,1850.26,1850.26,0.0
2021-05-28,1850.26,1850.26,1850.26,1850.26,0.0
2021-05-31,1850.26,1850.26,1850.26,1850.26,0.0
2021-06-01,1902.9000244140625,1916.199951171875,1892.800048828125,1905.0999755859373,640.0
2021-06-02,1907.5,1908.800048828125,1896.0,1899.199951171875,1267.0
2021-06-03,1871.199951171875,1908.800048828125,1865.0,1908.800048828125,1021.0
2021-06-04,1834.57,1834.57,1834.57,1834.57,0.0
2021-06-07,1896.800048828125,1899.699951171875,1883.199951171875,1890.5,87.0
2021-06-08,1892.199951171875,1902.9000244140625,1890.0,1896.5,930.0
2021-06-09,1893.199951171875,1897.699951171875,1889.199951171875,1894.9000244140625,148.0
2021-06-10,1894.199951171875,1899.800048828125,1871.5,1887.699951171875,186.0
2021-06-11,1834.57,1834.57,1834.57,1834.57,0.0
2021-06-14,1864.0,1866.5999755859373,1846.5,1866.199951171875,41.0
2021-06-15,1854.5,1867.199951171875,1854.4000244140625,1866.4000244140625,78.0
2021-06-16,1834.57,1834.57,1834.57,1834.57,0.0
2021-06-17,1834.57,1834.57,1834.57,1834.57,0.0
2021-06-18,1767.9000244140625,1792.4000244140625,1767.9000244140625,1775.699951171875,354.0
2021-06-21,1781.800048828125,1785.199951171875,1766.800048828125,1768.800048828125,38.0
2021-06-22,1834.57,1834.57,1834.57,1834.57,0.0
2021-06-23,1782.300048828125,1793.199951171875,1780.5999755859375,1780.699951171875,136.0
2021-06-24,1775.5999755859375,1786.4000244140625,1775.5999755859375,1778.9000244140625,78.0
2021-06-25,1776.5999755859375,1788.0,1775.199951171875,1777.699951171875,35.0
2021-06-28,1779.5999755859375,1779.5999755859375,1779.5999755859375,1779.5999755859375,888.0
2021-06-29,1834.57,1834.57,1834.57,1834.57,0.0
2021-06-30,1770.800048828125,1770.800048828125,1759.199951171875,1761.0999755859375,51.0
2021-07-01,1775.9000244140625,1781.199951171875,1768.800048828125,1775.699951171875,44.0
2021-07-02,1782.5999755859375,1787.9000244140625,1778.300048828125,1778.699951171875,23.0
2021-07-05,1807.84,1807.84,1807.84,1807.84,0.0
2021-07-06,1793.5,1809.800048828125,1786.699951171875,1786.699951171875,332.0
2021-07-07,1801.5,1808.4000244140625,1797.199951171875,1798.699951171875,244.0
2021-07-08,1799.5999755859375,1818.5,1797.0,1797.0,148.0
2021-07-09,1810.0,1810.0999755859373,1798.800048828125,1803.5999755859373,218.0
2021-07-12,1807.84,1807.84,1807.84,1807.84,0.0
2021-07-13,1809.4000244140625,1812.0,1800.5999755859375,1808.0999755859373,78.0
2021-07-14,1824.300048828125,1829.0,1813.0999755859373,1813.0999755859373,707.0
2021-07-15,1828.4000244140625,1833.0,1823.4000244140625,1831.5999755859373,99.0
2021-07-16,1807.84,1807.84,1807.84,1807.84,0.0
2021-07-19,1808.699951171875,1813.4000244140625,1803.300048828125,1803.300048828125,33.0
2021-07-20,1810.9000244140625,1824.0,1810.9000244140625,1812.9000244140625,128.0
2021-07-21,1802.9000244140625,1807.0,1800.0,1807.0,135.0
2021-07-22,1805.0,1805.0,1793.5999755859375,1793.5999755859375,2.0
2021-07-23,1801.4000244140625,1801.4000244140625,1800.0,1800.0,1.0
2021-07-26,1798.699951171875,1802.5,1797.199951171875,1802.5,17.0
2021-07-27,1807.84,1807.84,1807.84,1807.84,0.0
2021-07-28,1799.5,1799.5,1799.5,1799.5,209783.0
2021-07-29,1831.199951171875,1832.5999755859375,1806.0999755859375,1806.5999755859375,30496.0
2021-07-30,1812.5999755859375,1830.5,1808.9000244140625,1828.0,3100.0
2021-08-02,1785.28,1785.28,1785.28,1785.28,0.0
2021-08-03,1810.0999755859373,1813.5,1806.0,1812.300048828125,3341.0
2021-08-04,1810.5,1831.300048828125,1806.300048828125,1809.300048828125,2860.0
2021-08-05,1785.28,1785.28,1785.28,1785.28,0.0
2021-08-06,1760.0,1800.0999755859375,1758.4000244140625,1799.800048828125,859.0
2021-08-09,1723.4000244140625,1753.800048828125,1692.5999755859375,1753.5,1621.0
2021-08-10,1785.28,1785.28,1785.28,1785.28,0.0
2021-08-11,1750.4000244140625,1752.199951171875,1727.300048828125,1727.300048828125,542.0
2021-08-12,1749.0,1752.4000244140625,1745.5,1749.699951171875,739.0
2021-08-13,1785.28,1785.28,1785.28,1785.28,0.0
2021-08-16,1785.28,1785.28,1785.28,1785.28,0.0
2021-08-17,1785.28,1785.28,1785.28,1785.28,0.0
2021-08-18,1781.5999755859375,1791.5,1779.0,1787.800048828125,263.0
2021-08-19,1785.28,1785.28,1785.28,1785.28,0.0
2021-08-20,1781.0,1787.5,1778.199951171875,1784.0999755859375,235.0
2021-08-23,1803.199951171875,1804.800048828125,1776.800048828125,1776.800048828125,32.0
2021-08-24,1805.5999755859375,1805.5999755859375,1801.0,1801.0,22.0
2021-08-25,1788.199951171875,1792.9000244140625,1784.0,1792.0,812.0
2021-08-26,1785.28,1785.28,1785.28,1785.28,0.0
2021-08-27,1816.5999755859375,1816.5999755859375,1803.0999755859375,1803.4000244140625,1219.0
2021-08-30,1809.0,1820.300048828125,1807.800048828125,1818.199951171875,684.0
2021-08-31,1815.0,1815.9000244140625,1801.0999755859375,1815.9000244140625,82.0
2021-09-01,1813.0999755859375,1815.9000244140625,1809.5,1813.5,114.0
2021-09-02,1775.14,1775.14,1775.14,1775.14,0.0
2021-09-03,1830.9000244140625,1833.9000244140625,1818.9000244140625,1820.9000244140625,53.0
2021-09-06,1775.14,1775.14,1775.14,1775.14,0.0
2021-09-07,1775.14,1775.14,1775.14,1775.14,0.0
2021-09-08,1775.14,1775.14,1775.14,1775.14,0.0
2021-09-09,1797.4000244140625,1798.699951171875,1787.9000244140625,1798.699951171875,49.0
2021-09-10,1789.5999755859375,1789.5999755859375,1789.5999755859375,1789.5999755859375,0.0
2021-09-13,1792.0,1796.0,1784.0,1789.800048828125,533.0
2021-09-14,1775.14,1775.14,1775.14,1775.14,0.0
2021-09-15,1775.14,1775.14,1775.14,1775.14,0.0
2021-09-16,1754.5999755859375,1792.9000244140625,1743.9000244140625,1792.9000244140625,1645.0
2021-09-17,1749.4000244140625,1763.0,1749.4000244140625,1758.800048828125,581.0
2021-09-20,1761.800048828125,1761.800048828125,1750.9000244140625,1751.800048828125,185.0
2021-09-21,1775.14,1775.14,1775.14,1775.14,0.0
2021-09-22,1776.699951171875,1784.300048828125,1767.0,1776.699951171875,17.0
2021-09-23,1747.699951171875,1766.800048828125,1738.199951171875,1766.800048828125,31.0
2021-09-24,1749.699951171875,1749.699951171875,1745.0,1749.699951171875,76.0
2021-09-27,1750.0,1754.4000244140625,1747.5,1751.699951171875,808.0
2021-09-28,1735.800048828125,1741.699951171875,1726.800048828125,1739.5999755859375,15748.0
2021-09-29,1721.5,1744.0999755859375,1721.4000244140625,1732.4000244140625,6634.0
2021-09-30,1775.14,1775.14,1775.14,1775.14,0.0
2021-10-01,1757.0,1762.5999755859375,1748.5,1754.300048828125,2220.0
2021-10-04,1766.199951171875,1768.9000244140625,1749.5,1764.5,417.0
2021-10-05,1759.5999755859375,1764.300048828125,1749.0,1764.300048828125,98.0
2021-10-06,1776.85,1776.85,1776.85,1776.85,0.0
2021-10-07,1776.85,1776.85,1776.85,1776.85,0.0
2021-10-08,1756.300048828125,1780.0,1754.199951171875,1757.0,254.0
2021-10-11,1776.85,1776.85,1776.85,1776.85,0.0
2021-10-12,1758.300048828125,1768.0,1749.800048828125,1751.9000244140625,139.0
2021-10-13,1793.699951171875,1794.5,1760.800048828125,1760.800048828125,150.0
2021-10-14,1796.699951171875,1799.9000244140625,1792.0,1792.199951171875,337.0
2021-10-15,1767.199951171875,1795.4000244140625,1766.5999755859375,1794.5,874.0
2021-10-18,1764.800048828125,1770.0999755859375,1759.5,1761.5999755859375,266.0
2021-10-19,1769.699951171875,1785.0,1767.5,1777.5999755859375,51.0
2021-10-20,1776.85,1776.85,1776.85,1776.85,0.0
2021-10-21,1781.199951171875,1785.699951171875,1781.0,1782.0,146.0
2021-10-22,1795.5,1806.9000244140625,1784.0,1787.0999755859375,532.0
2021-10-25,1806.0,1809.0,1794.0,1794.300048828125,140.0
2021-10-26,1776.85,1776.85,1776.85,1776.85,0.0
2021-10-27,1797.9000244140625,1798.0999755859375,1791.5,1791.5,543.0
2021-10-28,1801.5999755859375,1807.300048828125,1795.5,1795.5,452.0
2021-10-29,1783.0,1797.0,1774.5999755859375,1793.0999755859375,583.0
2021-11-01,1821.76,1821.76,1821.76,1821.76,0.0
2021-11-02,1788.699951171875,1795.5,1787.699951171875,1790.5,213.0
2021-11-03,1763.5999755859375,1768.0,1761.800048828125,1768.0,108.0
2021-11-04,1793.0,1798.199951171875,1776.199951171875,1776.5999755859375,103.0
2021-11-05,1821.76,1821.76,1821.76,1821.76,0.0
2021-11-08,1821.76,1821.76,1821.76,1821.76,0.0
2021-11-09,1830.199951171875,1832.699951171875,1820.699951171875,1826.0999755859373,170.0
2021-11-10,1847.5999755859375,1865.0,1824.9000244140625,1825.800048828125,795.0
2021-11-11,1863.199951171875,1866.5,1853.9000244140625,1853.9000244140625,292.0
2021-11-12,1867.9000244140625,1867.9000244140625,1847.5999755859375,1860.800048828125,210.0
2021-11-15,1866.0999755859375,1866.9000244140625,1864.5,1864.5,87.0
2021-11-16,1853.5999755859373,1853.5999755859373,1853.5999755859373,1853.5999755859373,1.0
2021-11-17,1869.699951171875,1869.699951171875,1862.5999755859373,1862.5999755859373,2.0
2021-11-18,1861.0,1861.0,1861.0,1861.0,9.0
2021-11-19,1851.199951171875,1851.199951171875,1851.199951171875,1851.199951171875,21.0
2021-11-22,1806.0,1841.5999755859375,1805.699951171875,1841.5999755859375,14.0
2021-11-23,1821.76,1821.76,1821.76,1821.76,0.0
2021-11-24,1784.0999755859375,1793.0,1781.4000244140625,1793.0,188.0
2021-11-25,1821.76,1821.76,1821.76,1821.76,0.0
2021-11-26,1785.300048828125,1791.4000244140625,1785.300048828125,1791.0999755859375,186800.0
2021-11-29,1782.300048828125,1798.9000244140625,1779.0999755859375,1791.699951171875,26926.0
2021-11-30,1773.5999755859375,1808.0999755859373,1768.699951171875,1783.9000244140625,4903.0
2021-12-01,1781.5999755859375,1790.5,1772.300048828125,1774.800048828125,1128.0
2021-12-02,1790.43,1790.43,1790.43,1790.43,0.0
2021-12-03,1782.0,1785.0999755859375,1766.5,1767.5,694.0
2021-12-06,1790.43,1790.43,1790.43,1790.43,0.0
2021-12-07,1782.5999755859375,1786.0999755859375,1772.300048828125,1779.5,308.0
2021-12-08,1790.43,1790.43,1790.43,1790.43,0.0
2021-12-09,1790.43,1790.43,1790.43,1790.43,0.0
2021-12-10,1782.9000244140625,1785.4000244140625,1769.0999755859375,1773.800048828125,545.0
2021-12-13,1786.300048828125,1787.0999755859375,1783.800048828125,1784.4000244140625,206.0
2021-12-14,1770.4000244140625,1787.0,1769.0,1787.0,322.0
2021-12-15,1762.5999755859375,1778.699951171875,1753.9000244140625,1767.4000244140625,283.0
2021-12-16,1796.5999755859375,1798.0999755859375,1781.0,1781.0,21.0
2021-12-17,1803.800048828125,1812.9000244140625,1803.800048828125,1804.0,654.0
2021-12-20,1793.699951171875,1799.800048828125,1792.0,1796.800048828125,226.0
2021-12-21,1790.43,1790.43,1790.43,1790.43,0.0
2021-12-22,1790.43,1790.43,1790.43,1790.43,0.0
2021-12-23,1811.199951171875,1811.199951171875,1800.800048828125,1806.0,193.0
2021-12-24,1790.43,1790.43,1790.43,1790.43,0.0
2021-12-27,1808.0999755859373,1812.0999755859373,1807.0,1810.0,150.0
2021-12-28,1810.199951171875,1818.0,1805.5,1812.0,146.0
2021-12-29,1790.43,1790.43,1790.43,1790.43,0.0
2021-12-30,1812.699951171875,1816.0,1796.0,1801.699951171875,306.0
2021-12-31,1827.5,1827.800048828125,1821.4000244140625,1825.0999755859375,80.0
2022-01-03,1799.4000244140625,1830.0999755859375,1798.800048828125,1830.0999755859375,116.0
2022-01-04,1816.02,1816.02,1816.02,1816.02,0.0
2022-01-05,1824.5999755859375,1824.5999755859375,1813.0999755859375,1813.0999755859375,8.0
2022-01-06,1816.02,1816.02,1816.02,1816.02,0.0
2022-01-07,1797.0,1797.0,1784.4000244140625,1791.800048828125,17.0
2022-01-10,1798.4000244140625,1798.699951171875,1790.4000244140625,1794.9000244140625,534.0
2022-01-11,1818.5999755859373,1822.5,1803.0,1803.9000244140625,743.0
2022-01-12,1827.199951171875,1827.199951171875,1816.9000244140625,1819.0,1547.0
2022-01-13,1821.199951171875,1823.0,1815.4000244140625,1819.800048828125,40.0
2022-01-14,1816.5,1822.0,1816.5,1821.5,816.0
2022-01-17,1816.02,1816.02,1816.02,1816.02,0.0
2022-01-18,1816.02,1816.02,1816.02,1816.02,0.0
2022-01-19,1843.0999755859373,1843.0999755859373,1817.4000244140625,1817.4000244140625,4.0
2022-01-20,1842.5,1843.0,1838.199951171875,1840.5999755859375,20.0
2022-01-21,1816.02,1816.02,1816.02,1816.02,0.0
2022-01-24,1816.02,1816.02,1816.02,1816.02,0.0
2022-01-25,1816.02,1816.02,1816.02,1816.02,0.0
2022-01-26,1829.9000244140625,1829.9000244140625,1829.9000244140625,1829.9000244140625,55.0
2022-01-27,1793.300048828125,1793.300048828125,1793.300048828125,1793.300048828125,196036.0
2022-01-28,1784.9000244140625,1798.4000244140625,1778.800048828125,1797.5,28521.0
2022-01-31,1795.0,1798.5,1785.0999755859375,1788.5,1735.0
2022-02-01,1856.3,1856.3,1856.3,1856.3,0.0
2022-02-02,1856.3,1856.3,1856.3,1856.3,0.0
2022-02-03,1803.0,1808.0999755859375,1787.9000244140625,1805.800048828125,466.0
2022-02-04,1806.5999755859375,1813.699951171875,1792.5,1806.0,571.0
2022-02-07,1820.5999755859373,1821.300048828125,1809.0999755859373,1812.199951171875,601.0
2022-02-08,1856.3,1856.3,1856.3,1856.3,0.0
2022-02-09,1856.3,1856.3,1856.3,1856.3,0.0
2022-02-10,1856.3,1856.3,1856.3,1856.3,0.0
2022-02-11,1840.800048828125,1864.800048828125,1822.0,1822.0,181.0
2022-02-14,1856.3,1856.3,1856.3,1856.3,0.0
2022-02-15,1854.800048828125,1879.699951171875,1847.4000244140625,1872.5999755859373,86.0
2022-02-16,1870.199951171875,1870.199951171875,1856.300048828125,1858.699951171875,34.0
2022-02-17,1900.699951171875,1900.699951171875,1876.199951171875,1876.300048828125,393.0
2022-02-18,1856.3,1856.3,1856.3,1856.3,0.0
2022-02-21,1856.3,1856.3,1856.3,1856.3,0.0
2022-02-22,1906.0999755859373,1912.0,1890.800048828125,1908.0999755859373,173.0
2022-02-23,1909.199951171875,1910.5999755859373,1895.699951171875,1896.5999755859373,73.0
2022-02-24,1856.3,1856.3,1856.3,1856.3,0.0
2022-02-25,1886.5,1920.0,1883.5999755859375,1906.9000244140625,586.0
2022-02-28,1856.3,1856.3,1856.3,1856.3,0.0
2022-03-01,1947.83,1947.83,1947.83,1947.83,0.0
2022-03-02,1920.9000244140625,1948.199951171875,1919.800048828125,1945.5999755859375,109.0
2022-03-03,1934.4000244140625,1940.300048828125,1924.800048828125,1930.5,122.0
2022-03-04,1965.0999755859375,1970.9000244140625,1935.5999755859375,1937.0,47.0
2022-03-07,1993.9000244140625,2001.0999755859375,1963.0,1989.0,2516.0
2022-03-08,2040.0999755859375,2072.0,1998.0,1999.4000244140625,1813.0
2022-03-09,1985.9000244140625,2063.0,1980.800048828125,2053.60009765625,1022.0
2022-03-10,1998.0999755859375,2010.5,1978.0999755859375,1978.0999755859375,670.0
2022-03-11,1982.699951171875,1996.0,1959.9000244140625,1985.0,865.0
2022-03-14,1959.5999755859373,1977.699951171875,1959.5999755859373,1976.5,145.0
2022-03-15,1928.5,1939.9000244140625,1910.699951171875,1939.800048828125,71.0
2022-03-16,1947.83,1947.83,1947.83,1947.83,0.0
2022-03-17,1947.83,1947.83,1947.83,1947.83,0.0
2022-03-18,1947.83,1947.83,1947.83,1947.83,0.0
2022-03-21,1947.83,1947.83,1947.83,1947.83,0.0
2022-03-22,1920.699951171875,1920.699951171875,1920.699951171875,1920.699951171875,26.0
2022-03-23,1947.83,1947.83,1947.83,1947.83,0.0
2022-03-24,1961.5999755859375,1964.0,1961.5999755859375,1963.5999755859375,8.0
2022-03-25,1953.800048828125,1953.800048828125,1953.800048828125,1953.800048828125,83.0
2022-03-28,1939.5999755859373,1939.5999755859373,1932.5999755859373,1932.5999755859373,7.0
2022-03-29,1912.0,1912.0,1893.5,1893.5,128051.0
2022-03-30,1933.5,1937.0,1914.5,1918.4000244140625,17765.0
2022-03-31,1949.199951171875,1949.9000244140625,1919.0999755859373,1933.5,3617.0
2022-04-01,1936.86,1936.86,1936.86,1936.86,0.0
2022-04-04,1929.199951171875,1936.0999755859375,1915.5999755859375,1921.199951171875,371.0
2022-04-05,1922.9000244140625,1943.5,1918.4000244140625,1927.0999755859373,412.0
2022-04-06,1918.4000244140625,1931.800048828125,1916.699951171875,1916.699951171875,138.0
2022-04-07,1933.800048828125,1934.800048828125,1919.5,1919.5,311.0
2022-04-08,1936.86,1936.86,1936.86,1936.86,0.0
2022-04-11,1944.300048828125,1968.4000244140625,1941.800048828125,1946.5999755859375,163.0
2022-04-12,1972.0999755859375,1977.0999755859375,1950.5999755859375,1952.5,246.0
2022-04-13,1936.86,1936.86,1936.86,1936.86,0.0
2022-04-14,1970.9000244140625,1978.699951171875,1963.0,1977.199951171875,101.0
2022-04-15,1936.86,1936.86,1936.86,1936.86,0.0
2022-04-18,1936.86,1936.86,1936.86,1936.86,0.0
2022-04-19,1936.86,1936.86,1936.86,1936.86,0.0
2022-04-20,1952.300048828125,1953.5999755859375,1945.5,1945.5,621.0
2022-04-21,1944.9000244140625,1944.9000244140625,1942.5,1942.5,4.0
2022-04-22,1931.0,1950.4000244140625,1930.199951171875,1949.5999755859375,178.0
2022-04-25,1893.199951171875,1925.0,1889.300048828125,1925.0,748.0
2022-04-26,1936.86,1936.86,1936.86,1936.86,0.0
2022-04-27,1885.9000244140625,1900.5999755859373,1882.199951171875,1897.800048828125,1786.0
2022-04-28,1936.86,1936.86,1936.86,1936.86,0.0
2022-04-29,1936.86,1936.86,1936.86,1936.86,0.0
2022-05-02,1861.800048828125,1896.800048828125,1853.0,1896.699951171875,385.0
2022-05-03,1848.5,1848.5,1848.5,1848.5,0.0
2022-05-04,1867.0,1867.0,1867.0,1867.0,1.0
2022-05-05,1874.0,1904.300048828125,1874.0,1897.0,80.0
2022-05-06,1881.199951171875,1890.300048828125,1871.5,1874.699951171875,214.0
2022-05-09,1848.5,1848.5,1848.5,1848.5,0.0
2022-05-10,1839.9000244140625,1839.9000244140625,1839.9000244140625,1839.9000244140625,1540.0
2022-05-11,1852.5999755859375,1852.5999755859375,1841.0,1841.5,892.0
2022-05-12,1823.800048828125,1851.9000244140625,1822.199951171875,1849.800048828125,153.0
2022-05-13,1807.4000244140625,1825.0,1807.4000244140625,1825.0,335.0
2022-05-16,1813.5,1813.5,1787.0,1790.5,34.0
2022-05-17,1848.5,1848.5,1848.5,1848.5,0.0
2022-05-18,1815.9000244140625,1819.699951171875,1805.0,1815.0,311.0
2022-05-19,1841.199951171875,1841.199951171875,1810.699951171875,1810.9000244140625,138.0
2022-05-20,1841.800048828125,1841.800048828125,1836.300048828125,1839.0999755859375,110.0
2022-05-23,1847.800048828125,1863.0,1845.800048828125,1846.300048828125,216.0
2022-05-24,1865.0999755859375,1867.0,1852.5,1852.5,33.0
2022-05-25,1846.199951171875,1846.199951171875,1846.199951171875,1846.199951171875,0.0
2022-05-26,1847.4000244140625,1847.4000244140625,1840.4000244140625,1840.4000244140625,123355.0
2022-05-27,1851.300048828125,1860.699951171875,1845.9000244140625,1848.300048828125,30091.0
2022-05-30,1848.5,1848.5,1848.5,1848.5,0.0
2022-05-31,1848.5,1848.5,1848.5,1848.5,0.0
2022-06-01,1836.57,1836.57,1836.57,1836.57,0.0
2022-06-02,1866.5,1868.699951171875,1842.0999755859373,1845.4000244140625,551.0
2022-06-03,1845.4000244140625,1871.800048828125,1845.4000244140625,1867.5999755859373,53.0
2022-06-06,1836.57,1836.57,1836.57,1836.57,0.0
2022-06-07,1836.57,1836.57,1836.57,1836.57,0.0
2022-06-08,1851.9000244140625,1855.0,1844.4000244140625,1844.800048828125,218.0
2022-06-09,1848.800048828125,1850.0999755859375,1837.9000244140625,1846.0999755859375,159.0
2022-06-10,1871.5,1875.5999755859375,1823.9000244140625,1842.699951171875,1490.0
2022-06-13,1828.0,1873.800048828125,1818.699951171875,1873.800048828125,127.0
2022-06-14,1809.5,1825.5,1805.300048828125,1825.0,536.0
2022-06-15,1836.57,1836.57,1836.57,1836.57,0.0
2022-06-16,1836.57,1836.57,1836.57,1836.57,0.0
2022-06-17,1836.57,1836.57,1836.57,1836.57,0.0
2022-06-20,1836.57,1836.57,1836.57,1836.57,0.0
2022-06-21,1836.57,1836.57,1836.57,1836.57,0.0
2022-06-22,1834.300048828125,1842.699951171875,1821.5999755859375,1829.5,115.0
2022-06-23,1825.699951171875,1841.199951171875,1825.699951171875,1835.5,9.0
2022-06-24,1826.5,1826.5,1815.800048828125,1820.5,61.0
2022-06-27,1820.9000244140625,1830.699951171875,1819.9000244140625,1830.5,77.0
2022-06-28,1817.5,1826.0,1817.5,1824.199951171875,391.0
2022-06-29,1813.699951171875,1830.300048828125,1812.800048828125,1818.300048828125,173.0
2022-06-30,1804.0999755859375,1817.300048828125,1801.0,1809.5999755859375,328.0
2022-07-01,1732.74,1732.74,1732.74,1732.74,0.0
2022-07-04,1732.74,1732.74,1732.74,1732.74,0.0
2022-07-05,1761.800048828125,1805.4000244140625,1761.800048828125,1805.4000244140625,64.0
2022-07-06,1734.9000244140625,1768.0,1734.0,1762.5,1729.0
2022-07-07,1737.9000244140625,1745.199951171875,1737.0,1745.199951171875,1869.0
2022-07-08,1740.5999755859375,1749.300048828125,1732.0999755859375,1738.0999755859375,370.0
2022-07-11,1730.0,1736.699951171875,1730.0,1732.5,75.0
2022-07-12,1723.300048828125,1735.5,1723.300048828125,1734.199951171875,451.0
2022-07-13,1732.74,1732.74,1732.74,1732.74,0.0
2022-07-14,1704.5,1710.5,1704.5,1710.300048828125,1289.0
2022-07-15,1702.4000244140625,1709.699951171875,1701.0999755859375,1705.4000244140625,721.0
2022-07-18,1709.199951171875,1712.4000244140625,1709.199951171875,1712.199951171875,264.0
2022-07-19,1710.0,1714.4000244140625,1706.0999755859375,1712.300048828125,1684.0
2022-07-20,1732.74,1732.74,1732.74,1732.74,0.0
2022-07-21,1732.74,1732.74,1732.74,1732.74,0.0
2022-07-22,1727.0999755859375,1735.0,1713.0,1713.300048828125,61.0
2022-07-25,1719.0,1732.0,1719.0,1727.0,67.0
2022-07-26,1717.699951171875,1718.0,1717.699951171875,1718.0,1.0
2022-07-27,1719.0999755859375,1719.0999755859375,1719.0999755859375,1719.0999755859375,144865.0
2022-07-28,1732.74,1732.74,1732.74,1732.74,0.0
2022-07-29,1732.74,1732.74,1732.74,1732.74,0.0
2022-08-01,1764.56,1764.56,1764.56,1764.56,0.0
2022-08-02,1764.56,1764.56,1764.56,1764.56,0.0
2022-08-03,1764.56,1764.56,1764.56,1764.56,0.0
2022-08-04,1788.5,1792.0999755859375,1767.699951171875,1769.4000244140625,285.0
2022-08-05,1764.56,1764.56,1764.56,1764.56,0.0
2022-08-08,1786.800048828125,1786.800048828125,1771.800048828125,1771.800048828125,127.0
2022-08-09,1794.0,1796.0999755859375,1789.0,1790.0,249.0
2022-08-10,1795.5999755859375,1804.9000244140625,1787.800048828125,1804.4000244140625,601.0
2022-08-11,1789.699951171875,1794.300048828125,1785.699951171875,1794.300048828125,1235.0
2022-08-12,1798.5999755859375,1800.4000244140625,1784.300048828125,1786.300048828125,187.0
2022-08-15,1764.56,1764.56,1764.56,1764.56,0.0
2022-08-16,1773.199951171875,1777.4000244140625,1771.4000244140625,1777.4000244140625,308.0
2022-08-17,1760.300048828125,1769.699951171875,1760.0,1769.699951171875,23.0
2022-08-18,1764.56,1764.56,1764.56,1764.56,0.0
2022-08-19,1747.5999755859375,1754.300048828125,1747.5,1753.699951171875,49.0
2022-08-22,1764.56,1764.56,1764.56,1764.56,0.0
2022-08-23,1764.56,1764.56,1764.56,1764.56,0.0
2022-08-24,1747.800048828125,1751.800048828125,1743.5999755859375,1745.0,187.0
2022-08-25,1757.699951171875,1761.800048828125,1755.0,1761.5999755859375,172.0
2022-08-26,1764.56,1764.56,1764.56,1764.56,0.0
2022-08-29,1736.5999755859375,1741.199951171875,1732.0999755859375,1732.4000244140625,950.0
2022-08-30,1723.199951171875,1739.0,1720.699951171875,1736.4000244140625,385.0
2022-08-31,1712.800048828125,1720.9000244140625,1708.5,1718.300048828125,2133.0
2022-09-01,1696.5999755859375,1707.9000244140625,1693.9000244140625,1707.9000244140625,683.0
2022-09-02,1680.78,1680.78,1680.78,1680.78,0.0
2022-09-05,1680.78,1680.78,1680.78,1680.78,0.0
2022-09-06,1700.4000244140625,1717.4000244140625,1699.699951171875,1709.699951171875,697.0
2022-09-07,1715.300048828125,1715.300048828125,1694.699951171875,1694.800048828125,651.0
2022-09-08,1708.0,1718.199951171875,1705.300048828125,1718.199951171875,1193.0
2022-09-09,1716.199951171875,1720.0,1712.800048828125,1719.199951171875,635.0
2022-09-12,1728.0999755859375,1728.0999755859375,1727.4000244140625,1727.4000244140625,68.0
2022-09-13,1705.0,1720.5,1697.300048828125,1720.5,432.0
2022-09-14,1680.78,1680.78,1680.78,1680.78,0.0
2022-09-15,1680.78,1680.78,1680.78,1680.78,0.0
2022-09-16,1671.699951171875,1674.9000244140625,1651.699951171875,1660.4000244140625,464.0
2022-09-19,1680.78,1680.78,1680.78,1680.78,0.0
2022-09-20,1680.78,1680.78,1680.78,1680.78,0.0
2022-09-21,1664.5999755859375,1680.0999755859375,1664.5999755859375,1665.5,2337.0
2022-09-22,1680.78,1680.78,1680.78,1680.78,0.0
2022-09-23,1680.78,1680.78,1680.78,1680.78,0.0
2022-09-26,1623.300048828125,1623.300048828125,1623.300048828125,1623.300048828125,1205.0
2022-09-27,1680.78,1680.78,1680.78,1680.78,0.0
2022-09-28,1680.78,1680.78,1680.78,1680.78,0.0
2022-09-29,1680.78,1680.78,1680.78,1680.78,0.0
2022-09-30,1662.4000244140625,1672.699951171875,1658.0,1661.699951171875,548.0
2022-10-03,1692.9000244140625,1700.0,1661.9000244140625,1667.199951171875,410.0
2022-10-04,1721.0999755859375,1728.0,1696.0,1701.199951171875,291.0
2022-10-05,1711.4000244140625,1726.5999755859375,1703.0,1724.0999755859375,418.0
2022-10-06,1664.45,1664.45,1664.45,1664.45,0.0
2022-10-07,1700.5,1710.0999755859375,1693.699951171875,1710.0999755859375,179.0
2022-10-10,1667.300048828125,1693.4000244140625,1667.0,1693.4000244140625,195.0
2022-10-11,1678.699951171875,1678.699951171875,1661.0,1661.800048828125,167.0
2022-10-12,1670.300048828125,1672.699951171875,1668.0,1668.0,149.0
2022-10-13,1670.0,1675.300048828125,1641.5,1675.199951171875,729.0
2022-10-14,1664.45,1664.45,1664.45,1664.45,0.0
2022-10-17,1657.0,1657.0,1646.800048828125,1650.199951171875,238.0
2022-10-18,1649.0,1655.199951171875,1649.0,1651.4000244140625,597.0
2022-10-19,1627.5,1637.5,1627.5,1637.5,84.0
2022-10-20,1630.800048828125,1641.4000244140625,1622.800048828125,1622.800048828125,477.0
2022-10-21,1651.0,1653.9000244140625,1634.0999755859375,1634.0999755859375,224.0
2022-10-24,1648.699951171875,1662.699951171875,1648.699951171875,1662.699951171875,29.0
2022-10-25,1652.800048828125,1652.800048828125,1637.300048828125,1648.199951171875,880.0
2022-10-26,1664.0,1667.0,1649.800048828125,1649.800048828125,89.0
2022-10-27,1664.45,1664.45,1664.45,1664.45,0.0
2022-10-28,1639.5999755859375,1661.0,1638.699951171875,1661.0,626.0
2022-10-31,1664.45,1664.45,1664.45,1664.45,0.0
2022-11-01,1645.0,1653.699951171875,1630.800048828125,1630.800048828125,985.0
2022-11-02,1645.699951171875,1664.699951171875,1634.0,1650.800048828125,612.0
2022-11-03,1627.300048828125,1629.199951171875,1615.0999755859375,1629.199951171875,1427.0
2022-11-04,1672.5,1674.5,1629.0,1630.199951171875,159.0
2022-11-07,1676.5,1677.9000244140625,1672.9000244140625,1676.9000244140625,42.0
2022-11-08,1725.07,1725.07,1725.07,1725.07,0.0
2022-11-09,1710.0999755859375,1720.199951171875,1706.0,1707.4000244140625,497.0
2022-11-10,1750.300048828125,1750.300048828125,1708.199951171875,1708.199951171875,325.0
2022-11-11,1766.0,1766.0,1757.5999755859375,1763.800048828125,257.0
2022-11-14,1773.5999755859375,1773.5999755859375,1761.5999755859375,1762.0,358.0
2022-11-15,1773.800048828125,1773.800048828125,1769.9000244140625,1770.800048828125,57.0
2022-11-16,1773.0,1778.9000244140625,1773.0,1776.5999755859375,303.0
2022-11-17,1725.07,1725.07,1725.07,1725.07,0.0
2022-11-18,1751.9000244140625,1763.300048828125,1747.5999755859375,1763.300048828125,414.0
2022-11-21,1737.4000244140625,1744.9000244140625,1736.0999755859375,1739.0,544.0
2022-11-22,1738.300048828125,1741.699951171875,1738.300048828125,1741.699951171875,15.0
2022-11-23,1744.9000244140625,1750.9000244140625,1736.5,1736.5,39.0
2022-11-24,1725.07,1725.07,1725.07,1725.07,0.0
2022-11-25,1753.300048828125,1757.9000244140625,1749.199951171875,1753.0,216.0
2022-11-28,1740.0999755859375,1741.300048828125,1740.0999755859375,1741.300048828125,132767.0
2022-11-29,1725.07,1725.07,1725.07,1725.07,0.0
2022-11-30,1746.0,1769.4000244140625,1745.0999755859375,1748.0999755859375,3339.0
2022-12-01,1801.0999755859375,1803.699951171875,1768.699951171875,1768.699951171875,1053.0
2022-12-02,1795.9000244140625,1802.300048828125,1779.4000244140625,1802.0,1725.0
2022-12-05,1797.55,1797.55,1797.55,1797.55,0.0
2022-12-06,1769.300048828125,1779.4000244140625,1767.9000244140625,1768.5999755859375,105.0
2022-12-07,1785.5,1790.300048828125,1769.300048828125,1769.300048828125,422.0
2022-12-08,1788.699951171875,1790.9000244140625,1782.0,1782.0,713.0
2022-12-09,1797.55,1797.55,1797.55,1797.55,0.0
2022-12-12,1797.55,1797.55,1797.55,1797.55,0.0
2022-12-13,1797.55,1797.55,1797.55,1797.55,0.0
2022-12-14,1797.55,1797.55,1797.55,1797.55,0.0
2022-12-15,1797.55,1797.55,1797.55,1797.55,0.0
2022-12-16,1797.55,1797.55,1797.55,1797.55,0.0
2022-12-19,1787.699951171875,1796.300048828125,1785.5999755859375,1791.5999755859375,79.0
2022-12-20,1797.55,1797.55,1797.55,1797.55,0.0
2022-12-21,1815.9000244140625,1821.4000244140625,1814.4000244140625,1817.4000244140625,35.0
2022-12-22,1787.0,1818.0999755859375,1785.0,1818.0999755859375,411.0
2022-12-23,1797.55,1797.55,1797.55,1797.55,0.0
2022-12-26,1797.55,1797.55,1797.55,1797.55,0.0
2022-12-27,1814.800048828125,1826.300048828125,1803.4000244140625,1803.4000244140625,69.0
2022-12-28,1797.55,1797.55,1797.55,1797.55,0.0
2022-12-29,1819.5,1819.5,1805.800048828125,1805.800048828125,277.0
2022-12-30,1819.699951171875,1822.300048828125,1816.800048828125,1817.0,95.0
2023-01-02,1897.71,1897.71,1897.71,1897.71,0.0
2023-01-03,1839.699951171875,1839.699951171875,1836.199951171875,1836.199951171875,29.0
2023-01-04,1852.800048828125,1859.0999755859375,1845.5999755859375,1845.5999755859375,25.0
2023-01-05,1834.800048828125,1855.199951171875,1834.800048828125,1855.199951171875,24.0
2023-01-06,1864.199951171875,1868.199951171875,1835.300048828125,1838.4000244140625,26.0
2023-01-09,1897.71,1897.71,1897.71,1897.71,0.0
2023-01-10,1897.71,1897.71,1897.71,1897.71,0.0
2023-01-11,1874.5999755859375,1877.800048828125,1873.0999755859375,1873.0999755859375,1236.0
2023-01-12,1897.71,1897.71,1897.71,1897.71,0.0
2023-01-13,1897.71,1897.71,1897.71,1897.71,0.0
2023-01-16,1897.71,1897.71,1897.71,1897.71,0.0
2023-01-17,1897.71,1897.71,1897.71,1897.71,0.0
2023-01-18,1904.4000244140625,1911.0999755859373,1903.0999755859373,1911.0999755859373,1027.0
2023-01-19,1897.71,1897.71,1897.71,1897.71,0.0
2023-01-20,1897.71,1897.71,1897.71,1897.71,0.0
2023-01-23,1897.71,1897.71,1897.71,1897.71,0.0
2023-01-24,1933.9000244140625,1936.800048828125,1931.800048828125,1931.800048828125,201.0
2023-01-25,1897.71,1897.71,1897.71,1897.71,0.0
2023-01-26,1897.71,1897.71,1897.71,1897.71,0.0
2023-01-27,1897.71,1897.71,1897.71,1897.71,0.0
2023-01-30,1922.9000244140625,1933.5999755859375,1920.300048828125,1928.300048828125,27220.0
2023-01-31,1929.5,1930.4000244140625,1900.5999755859375,1923.0,1910.0
2023-02-01,1854.54,1854.54,1854.54,1854.54,0.0
2023-02-02,1916.300048828125,1959.0999755859373,1911.300048828125,1952.300048828125,748.0
2023-02-03,1854.54,1854.54,1854.54,1854.54,0.0
2023-02-06,1866.199951171875,1880.0,1863.4000244140625,1865.5999755859375,424.0
2023-02-07,1854.54,1854.54,1854.54,1854.54,0.0
2023-02-08,1854.54,1854.54,1854.54,1854.54,0.0
2023-02-09,1854.54,1854.54,1854.54,1854.54,0.0
2023-02-10,1862.800048828125,1863.5,1852.4000244140625,1861.5999755859375,27.0
2023-02-13,1851.9000244140625,1861.0,1850.0,1859.0,569.0
2023-02-14,1854.0,1862.0,1846.199951171875,1854.0999755859375,656.0
2023-02-15,1834.199951171875,1842.0,1828.199951171875,1842.0,368.0
2023-02-16,1854.54,1854.54,1854.54,1854.54,0.0
2023-02-17,1840.4000244140625,1842.199951171875,1818.4000244140625,1827.4000244140625,35.0
2023-02-20,1854.54,1854.54,1854.54,1854.54,0.0
2023-02-21,1833.0,1843.0,1833.0,1842.5999755859373,862.0
2023-02-22,1832.0,1836.199951171875,1825.0999755859373,1835.699951171875,278.0
2023-02-23,1854.54,1854.54,1854.54,1854.54,0.0
2023-02-24,1808.800048828125,1808.800048828125,1808.800048828125,1808.800048828125,404.0
2023-02-27,1854.54,1854.54,1854.54,1854.54,0.0
2023-02-28,1854.54,1854.54,1854.54,1854.54,0.0
2023-03-01,1912.73,1912.73,1912.73,1912.73,0.0
2023-03-02,1912.73,1912.73,1912.73,1912.73,0.0
2023-03-03,1847.699951171875,1855.4000244140625,1837.300048828125,1837.300048828125,61.0
2023-03-06,1847.9000244140625,1853.800048828125,1844.199951171875,1853.300048828125,5.0
2023-03-07,1813.9000244140625,1840.9000244140625,1813.9000244140625,1840.9000244140625,450.0
2023-03-08,1812.699951171875,1812.9000244140625,1811.5,1811.5999755859373,75.0
2023-03-09,1829.300048828125,1829.300048828125,1815.5999755859373,1816.4000244140625,332.0
2023-03-10,1912.73,1912.73,1912.73,1912.73,0.0
2023-03-13,1911.699951171875,1913.0999755859373,1875.0999755859373,1890.800048828125,503.0
2023-03-14,1906.199951171875,1912.199951171875,1901.0999755859373,1912.199951171875,107.0
2023-03-15,1926.5999755859375,1926.5999755859375,1898.5,1903.9000244140625,564.0
2023-03-16,1919.0,1931.699951171875,1909.9000244140625,1909.9000244140625,394.0
2023-03-17,1969.800048828125,1985.0999755859375,1946.0,1946.0,82.0
2023-03-20,1979.199951171875,2003.9000244140625,1968.9000244140625,1988.300048828125,389.0
2023-03-21,1938.0,1973.800048828125,1938.0,1973.800048828125,47.0
2023-03-22,1946.800048828125,1974.0,1946.800048828125,1946.800048828125,50.0
2023-03-23,1993.800048828125,1994.5999755859373,1990.5,1990.5,33.0
2023-03-24,1912.73,1912.73,1912.73,1912.73,0.0
2023-03-27,1912.73,1912.73,1912.73,1912.73,0.0
2023-03-28,1972.4000244140625,1972.4000244140625,1972.4000244140625,1972.4000244140625,21.0
2023-03-29,1912.73,1912.73,1912.73,1912.73,0.0
2023-03-30,1980.300048828125,1984.4000244140625,1954.9000244140625,1965.9000244140625,10119.0
2023-03-31,1969.0,1986.800048828125,1968.0,1981.300048828125,957.0
2023-04-03,1983.9000244140625,1991.699951171875,1950.0,1968.0999755859375,737.0
2023-04-04,2022.199951171875,2027.0999755859375,1979.0,1984.5999755859375,811.0
2023-04-05,1999.77,1999.77,1999.77,1999.77,0.0
2023-04-06,1999.77,1999.77,1999.77,1999.77,0.0
2023-04-07,1999.77,1999.77,1999.77,1999.77,0.0
2023-04-10,1989.0999755859375,2006.5999755859375,1984.0,2000.0,652.0
2023-04-11,2004.800048828125,2006.5,1991.4000244140625,1991.4000244140625,68.0
2023-04-12,2010.9000244140625,2025.699951171875,2005.199951171875,2005.199951171875,172.0
2023-04-13,1999.77,1999.77,1999.77,1999.77,0.0
2023-04-14,1999.77,1999.77,1999.77,1999.77,0.0
2023-04-17,1999.77,1999.77,1999.77,1999.77,0.0
2023-04-18,1999.77,1999.77,1999.77,1999.77,0.0
2023-04-19,1995.199951171875,2006.4000244140625,1969.800048828125,2005.699951171875,61.0
2023-04-20,2007.5999755859373,2007.5999755859373,1998.0,1998.0,164.0
2023-04-21,1979.5,1996.199951171875,1974.0999755859373,1996.199951171875,132.0
2023-04-24,1989.0999755859373,1989.800048828125,1977.4000244140625,1981.300048828125,145.0
2023-04-25,1994.0,1999.0999755859375,1982.300048828125,1995.699951171875,306.0
2023-04-26,1985.699951171875,1998.800048828125,1985.5999755859373,1997.800048828125,615.0
2023-04-27,1999.77,1999.77,1999.77,1999.77,0.0
2023-04-28,1990.0999755859375,1990.0999755859375,1977.699951171875,1986.9000244140625,152.0
2023-05-01,1983.4000244140625,2005.0,1976.9000244140625,1980.0999755859373,210.0
2023-05-02,2014.300048828125,2018.0,1994.699951171875,1994.699951171875,1896.0
2023-05-03,2028.5999755859375,2035.0999755859375,2015.199951171875,2017.0999755859375,1349.0
2023-05-04,2048.0,2072.0,2040.0,2045.0,930.0
2023-05-05,2017.4000244140625,2046.4000244140625,2004.300048828125,2046.4000244140625,59.0
2023-05-08,2026.300048828125,2026.300048828125,2022.5,2022.5,3.0
2023-05-09,2036.199951171875,2037.300048828125,2025.9000244140625,2026.5999755859373,241.0
2023-05-10,1992.13,1992.13,1992.13,1992.13,0.0
2023-05-11,1992.13,1992.13,1992.13,1992.13,0.0
2023-05-12,2014.5,2014.5,2014.5,2014.5,115.0
2023-05-15,2018.0,2018.0,2013.800048828125,2013.800048828125,3.0
2023-05-16,1988.4000244140625,1988.4000244140625,1988.4000244140625,1988.4000244140625,49.0
2023-05-17,1980.699951171875,1983.5999755859373,1980.699951171875,1983.5999755859373,13.0
2023-05-18,1992.13,1992.13,1992.13,1992.13,0.0
2023-05-19,1992.13,1992.13,1992.13,1992.13,0.0
2023-05-22,1992.13,1992.13,1992.13,1992.13,0.0
2023-05-23,1972.4000244140625,1972.4000244140625,1972.4000244140625,1972.4000244140625,1.0
2023-05-24,1962.800048828125,1975.4000244140625,1962.800048828125,1975.4000244140625,189.0
2023-05-25,1992.13,1992.13,1992.13,1992.13,0.0
2023-05-26,1944.0999755859373,1948.4000244140625,1944.0999755859373,1948.199951171875,166036.0
2023-05-29,1992.13,1992.13,1992.13,1992.13,0.0
2023-05-30,1958.0,1962.5999755859373,1931.0,1942.699951171875,37838.0
2023-05-31,1992.13,1992.13,1992.13,1992.13,0.0
2023-06-01,1942.9,1942.9,1942.9,1942.9,0.0
2023-06-02,1952.4000244140625,1982.5,1947.4000244140625,1977.0999755859373,356.0
2023-06-05,1958.0,1961.9000244140625,1937.800048828125,1947.5,713.0
2023-06-06,1965.5,1965.5,1958.800048828125,1960.800048828125,164.0
2023-06-07,1942.9,1942.9,1942.9,1942.9,0.0
2023-06-08,1963.5999755859373,1969.0,1943.0999755859373,1943.199951171875,433.0
2023-06-09,1942.9,1942.9,1942.9,1942.9,0.0
2023-06-12,1955.300048828125,1963.5,1951.4000244140625,1959.699951171875,212.0
2023-06-13,1942.9,1942.9,1942.9,1942.9,0.0
2023-06-14,1942.9,1942.9,1942.9,1942.9,0.0
2023-06-15,1957.800048828125,1958.800048828125,1926.0,1941.699951171875,329.0
2023-06-16,1958.4000244140625,1962.9000244140625,1953.5,1961.4000244140625,119.0
2023-06-19,1942.9,1942.9,1942.9,1942.9,0.0
2023-06-20,1942.9,1942.9,1942.9,1942.9,0.0
2023-06-21,1942.9,1942.9,1942.9,1942.9,0.0
2023-06-22,1912.699951171875,1921.0,1912.0999755859373,1920.0,237.0
2023-06-23,1919.0999755859373,1932.5,1918.699951171875,1918.699951171875,105.0
2023-06-26,1923.699951171875,1928.5,1922.5,1922.9000244140625,71.0
2023-06-27,1914.0,1929.4000244140625,1914.0,1927.0,49.0
2023-06-28,1912.300048828125,1912.300048828125,1912.300048828125,1912.300048828125,628.0
2023-06-29,1942.9,1942.9,1942.9,1942.9,0.0
2023-06-30,1942.9,1942.9,1942.9,1942.9,0.0
2023-07-03,1951.02,1951.02,1951.02,1951.02,0.0
2023-07-04,1951.02,1951.02,1951.02,1951.02,0.0
2023-07-05,1951.02,1951.02,1951.02,1951.02,0.0
2023-07-06,1908.699951171875,1910.199951171875,1903.199951171875,1909.300048828125,81.0
2023-07-07,1951.02,1951.02,1951.02,1951.02,0.0
2023-07-10,1951.02,1951.02,1951.02,1951.02,0.0
2023-07-11,1931.300048828125,1937.0,1924.199951171875,1925.0,142.0
2023-07-12,1951.02,1951.02,1951.02,1951.02,0.0
2023-07-13,1959.199951171875,1961.0999755859375,1953.0,1961.0999755859375,121.0
2023-07-14,1960.0999755859373,1960.5999755859373,1952.699951171875,1958.4000244140625,94.0
2023-07-17,1952.4000244140625,1956.5,1946.5999755859375,1954.0,29.0
2023-07-18,1977.199951171875,1978.4000244140625,1963.4000244140625,1968.800048828125,83.0
2023-07-19,1951.02,1951.02,1951.02,1951.02,0.0
2023-07-20,1968.300048828125,1973.699951171875,1965.5999755859375,1973.699951171875,638.0
2023-07-21,1964.300048828125,1964.300048828125,1961.800048828125,1961.800048828125,50.0
2023-07-24,1951.02,1951.02,1951.02,1951.02,0.0
2023-07-25,1951.02,1951.02,1951.02,1951.02,0.0
2023-07-26,1968.9000244140625,1972.0,1966.199951171875,1966.199951171875,51.0
2023-07-27,1945.4000244140625,1945.4000244140625,1945.4000244140625,1945.4000244140625,194253.0
2023-07-28,1960.4000244140625,1962.199951171875,1944.199951171875,1945.5,23155.0
2023-07-31,1951.02,1951.02,1951.02,1951.02,0.0
2023-08-01,1918.7,1918.7,1918.7,1918.7,0.0
2023-08-02,1937.4000244140625,1953.5999755859373,1933.199951171875,1948.4000244140625,652.0
2023-08-03,1918.7,1918.7,1918.7,1918.7,0.0
2023-08-04,1939.5999755859375,1945.0,1920.0,1934.9000244140625,290.0
2023-08-07,1918.7,1918.7,1918.7,1918.7,0.0
2023-08-08,1918.7,1918.7,1918.7,1918.7,0.0
2023-08-09,1918.7,1918.7,1918.7,1918.7,0.0
2023-08-10,1918.7,1918.7,1918.7,1918.7,0.0
2023-08-11,1912.9000244140625,1916.5999755859375,1911.800048828125,1913.0,57.0
2023-08-14,1910.5999755859375,1912.5999755859375,1903.300048828125,1909.300048828125,46.0
2023-08-15,1902.5,1907.699951171875,1895.0,1906.0,73.0
2023-08-16,1918.7,1918.7,1918.7,1918.7,0.0
2023-08-17,1884.0999755859375,1902.4000244140625,1884.0,1893.699951171875,245.0
2023-08-18,1886.0999755859375,1891.800048828125,1886.0999755859375,1891.800048828125,19.0
2023-08-21,1893.300048828125,1893.5999755859375,1893.300048828125,1893.5999755859375,876.0
2023-08-22,1896.4000244140625,1896.800048828125,1892.800048828125,1894.5999755859373,46.0
2023-08-23,1918.7,1918.7,1918.7,1918.7,0.0
2023-08-24,1918.199951171875,1920.800048828125,1918.199951171875,1920.0,337.0
2023-08-25,1911.0999755859375,1919.800048828125,1911.0999755859375,1919.800048828125,195.0
2023-08-28,1917.9000244140625,1921.5,1915.5,1915.5,99.0
2023-08-29,1918.7,1918.7,1918.7,1918.7,0.0
2023-08-30,1944.300048828125,1946.4000244140625,1934.5999755859373,1936.0,396.0
2023-08-31,1938.199951171875,1944.4000244140625,1938.199951171875,1944.4000244140625,491.0
2023-09-01,1939.800048828125,1950.0,1936.5999755859373,1950.0,167.0
2023-09-04,1915.95,1915.95,1915.95,1915.95,0.0
2023-09-05,1926.199951171875,1934.4000244140625,1924.699951171875,1934.4000244140625,113.0
2023-09-06,1915.95,1915.95,1915.95,1915.95,0.0
2023-09-07,1917.5,1921.5,1917.5,1917.5999755859373,41.0
2023-09-08,1918.4000244140625,1924.699951171875,1918.4000244140625,1924.0,105.0
2023-09-11,1923.300048828125,1928.300048828125,1921.800048828125,1923.0,50.0
2023-09-12,1911.300048828125,1920.800048828125,1911.300048828125,1920.800048828125,365.0
2023-09-13,1915.95,1915.95,1915.95,1915.95,0.0
2023-09-14,1915.95,1915.95,1915.95,1915.95,0.0
2023-09-15,1923.699951171875,1927.300048828125,1923.5,1923.5,8.0
2023-09-18,1931.5,1931.5,1926.4000244140625,1928.199951171875,19.0
2023-09-19,1932.0,1934.0,1932.0,1934.0,6.0
2023-09-20,1915.95,1915.95,1915.95,1915.95,0.0
2023-09-21,1919.199951171875,1924.0,1919.199951171875,1924.0,9.0
2023-09-22,1915.95,1915.95,1915.95,1915.95,0.0
2023-09-25,1916.5999755859373,1916.5999755859373,1916.5999755859373,1916.5999755859373,114.0
2023-09-26,1915.95,1915.95,1915.95,1915.95,0.0
2023-09-27,1915.95,1915.95,1915.95,1915.95,0.0
2023-09-28,1860.4000244140625,1878.199951171875,1856.699951171875,1875.5,4654.0
2023-09-29,1848.0999755859373,1872.300048828125,1846.0,1864.300048828125,1605.0
2023-10-02,1830.0,1845.9000244140625,1826.699951171875,1844.0999755859375,2309.0
2023-10-03,1824.5999755859375,1830.9000244140625,1816.800048828125,1825.0,310.0
2023-10-04,1818.5,1828.199951171875,1816.4000244140625,1821.800048828125,357.0
2023-10-05,1816.5999755859373,1826.300048828125,1815.5999755859373,1826.300048828125,393.0
2023-10-06,1830.199951171875,1831.800048828125,1809.4000244140625,1819.0,390.0
2023-10-09,1916.25,1916.25,1916.25,1916.25,0.0
2023-10-10,1861.0,1861.4000244140625,1852.800048828125,1857.0,236.0
2023-10-11,1872.800048828125,1874.5999755859373,1869.0999755859373,1869.5,65.0
2023-10-12,1869.300048828125,1881.199951171875,1867.0,1874.699951171875,46.0
2023-10-13,1927.4000244140625,1930.0999755859373,1877.5,1877.5,43.0
2023-10-16,1921.0999755859373,1921.0999755859373,1910.300048828125,1910.4000244140625,53.0
2023-10-17,1922.699951171875,1925.800048828125,1914.300048828125,1914.300048828125,103.0
2023-10-18,1916.25,1916.25,1916.25,1916.25,0.0
2023-10-19,1916.25,1916.25,1916.25,1916.25,0.0
2023-10-20,1982.5,1988.5999755859373,1980.4000244140625,1981.0999755859373,557.0
2023-10-23,1916.25,1916.25,1916.25,1916.25,0.0
2023-10-24,1975.0,1975.0,1970.300048828125,1970.300048828125,10.0
2023-10-25,1916.25,1916.25,1916.25,1916.25,0.0
2023-10-26,1987.199951171875,1988.199951171875,1980.4000244140625,1988.199951171875,521.0
2023-10-27,1916.25,1916.25,1916.25,1916.25,0.0
2023-10-30,1996.199951171875,2004.0999755859373,1992.5,2004.0999755859373,157.0
2023-10-31,1985.199951171875,2001.0,1983.699951171875,1996.5,84.0
2023-11-01,1978.800048828125,1990.5,1977.800048828125,1990.5,41.0
2023-11-02,1984.11,1984.11,1984.11,1984.11,0.0
2023-11-03,1991.5,1991.5,1989.0,1989.0,12.0
2023-11-06,1981.5999755859373,1981.5999755859373,1977.4000244140625,1981.5999755859373,130.0
2023-11-07,1966.800048828125,1966.800048828125,1960.699951171875,1966.5,20.0
2023-11-08,1951.5,1967.800048828125,1947.699951171875,1967.800048828125,43.0
2023-11-09,1964.199951171875,1964.199951171875,1945.300048828125,1951.699951171875,10.0
2023-11-10,1932.5999755859373,1959.5999755859373,1932.5999755859373,1959.5999755859373,375.0
2023-11-13,1945.5,1947.199951171875,1934.0,1939.9000244140625,191.0
2023-11-14,1961.800048828125,1965.800048828125,1961.800048828125,1965.800048828125,2.0
2023-11-15,1960.0999755859375,1962.800048828125,1960.0,1962.800048828125,6.0
2023-11-16,1983.9000244140625,1983.9000244140625,1964.5999755859373,1965.300048828125,39.0
2023-11-17,1984.11,1984.11,1984.11,1984.11,0.0
2023-11-20,1977.699951171875,1979.4000244140625,1969.699951171875,1978.699951171875,182.0
2023-11-21,1999.300048828125,2005.5,1988.5,1990.699951171875,16.0
2023-11-22,1991.4000244140625,1999.4000244140625,1991.0,1999.0999755859375,6075.0
2023-11-23,1984.11,1984.11,1984.11,1984.11,0.0
2023-11-24,1984.11,1984.11,1984.11,1984.11,0.0
2023-11-27,1984.11,1984.11,1984.11,1984.11,0.0
2023-11-28,1984.11,1984.11,1984.11,1984.11,0.0
2023-11-29,2047.0999755859375,2052.10009765625,2036.0,2041.699951171875,15290.0
2023-11-30,2038.0999755859373,2047.0999755859373,2033.0999755859373,2046.0999755859373,2506.0
2023-12-01,2071.0,2073.199951171875,2036.0,2038.300048828125,614.0
2023-12-04,2024.0999755859373,2130.199951171875,2021.0,2075.300048828125,1071.0
2023-12-05,2018.5,2037.0,2010.199951171875,2035.0999755859375,289.0
2023-12-06,2026.18,2026.18,2026.18,2026.18,0.0
2023-12-07,2029.9000244140625,2034.9000244140625,2024.0,2029.199951171875,67.0
2023-12-08,1998.300048828125,2033.0999755859375,1995.0,2031.699951171875,449.0
2023-12-11,1978.0,2004.199951171875,1977.199951171875,2004.0999755859373,651.0
2023-12-12,2026.18,2026.18,2026.18,2026.18,0.0
2023-12-13,1982.300048828125,2024.800048828125,1975.0,1978.5,2252.0
2023-12-14,2030.199951171875,2040.0999755859375,2024.300048828125,2024.699951171875,236.0
2023-12-15,2026.18,2026.18,2026.18,2026.18,0.0
2023-12-18,2026.300048828125,2032.800048828125,2024.0,2024.300048828125,100.0
2023-12-19,2038.4000244140625,2042.699951171875,2025.199951171875,2025.199951171875,498.0
2023-12-20,2034.5,2037.0999755859375,2030.300048828125,2037.0999755859375,258.0
2023-12-21,2039.0999755859373,2044.5,2033.0,2035.800048828125,228.0
2023-12-22,2026.18,2026.18,2026.18,2026.18,0.0
2023-12-25,2026.18,2026.18,2026.18,2026.18,0.0
2023-12-26,2058.199951171875,2060.800048828125,2054.199951171875,2060.0,64.0
2023-12-27,2081.89990234375,2081.89990234375,2064.800048828125,2067.300048828125,586.0
2023-12-28,2026.18,2026.18,2026.18,2026.18,0.0
2023-12-29,2062.39990234375,2068.89990234375,2062.10009765625,2068.0,47.0
2024-01-01,2034.04,2034.04,2034.04,2034.04,0.0
2024-01-02,2064.39990234375,2073.699951171875,2057.10009765625,2063.5,61.0
2024-01-03,2034.199951171875,2044.0,2034.199951171875,2034.199951171875,54.0
2024-01-04,2042.300048828125,2044.5,2038.0,2041.5999755859373,88.0
2024-01-05,2034.04,2034.04,2034.04,2034.04,0.0
2024-01-08,2034.04,2034.04,2034.04,2034.04,0.0
2024-01-09,2026.4000244140625,2035.800048828125,2026.4000244140625,2035.800048828125,27.0
2024-01-10,2021.699951171875,2035.5999755859373,2021.699951171875,2029.0,538.0
2024-01-11,2014.300048828125,2025.0999755859373,2014.300048828125,2025.0999755859373,97.0
2024-01-12,2046.699951171875,2057.0,2031.0999755859375,2031.0999755859375,390.0
2024-01-15,2034.04,2034.04,2034.04,2034.04,0.0
2024-01-16,2026.0,2054.800048828125,2026.0,2051.699951171875,46.0
2024-01-17,2002.5999755859375,2026.5,2002.5999755859375,2026.5,764.0
2024-01-18,2018.5999755859373,2018.5999755859373,2009.5,2012.800048828125,1474.0
2024-01-19,2034.04,2034.04,2034.04,2034.04,0.0
2024-01-22,2034.04,2034.04,2034.04,2034.04,0.0
2024-01-23,2023.699951171875,2030.300048828125,2022.5,2030.300048828125,15.0
2024-01-24,2034.04,2034.04,2034.04,2034.04,0.0
2024-01-25,2016.9000244140625,2022.4000244140625,2012.0999755859375,2012.0999755859375,548.0
2024-01-26,2016.800048828125,2022.4000244140625,2016.800048828125,2021.699951171875,49.0
2024-01-29,2025.199951171875,2025.199951171875,2025.199951171875,2025.199951171875,150708.0
2024-01-30,2031.5,2048.5,2028.0999755859375,2032.5,26907.0
2024-01-31,2048.39990234375,2055.0,2030.0,2035.4000244140625,2007.0
2024-02-01,2023.24,2023.24,2023.24,2023.24,0.0
2024-02-02,2036.0999755859373,2055.89990234375,2027.699951171875,2054.800048828125,888.0
2024-02-05,2025.699951171875,2040.800048828125,2013.800048828125,2038.9000244140625,412.0
2024-02-06,2034.5,2037.300048828125,2025.9000244140625,2025.9000244140625,249.0
2024-02-07,2035.199951171875,2039.5,2032.699951171875,2032.800048828125,71.0
2024-02-08,2032.199951171875,2036.699951171875,2020.300048828125,2028.0,341.0
2024-02-09,2023.24,2023.24,2023.24,2023.24,0.0
2024-02-12,2018.199951171875,2025.5,2011.5999755859373,2025.5,317.0
2024-02-13,1992.9000244140625,2025.800048828125,1990.0,2025.0999755859375,198.0
2024-02-14,2023.24,2023.24,2023.24,2023.24,0.0
2024-02-15,2002.0999755859375,2007.199951171875,1993.5999755859375,1993.5999755859375,286.0
2024-02-16,2011.5,2011.5,1996.5,2005.0,32.0
2024-02-19,2023.24,2023.24,2023.24,2023.24,0.0
2024-02-20,2027.5,2029.0,2015.5999755859375,2015.5999755859375,1326.0
2024-02-21,2022.300048828125,2028.199951171875,2022.300048828125,2028.199951171875,15.0
2024-02-22,2019.699951171875,2033.199951171875,2019.699951171875,2033.199951171875,964.0
2024-02-23,2038.5999755859375,2038.5999755859375,2014.9000244140625,2026.0,22.0
2024-02-26,2028.5,2035.4000244140625,2024.800048828125,2034.0999755859375,143.0
2024-02-27,2034.0,2035.9000244140625,2034.0,2035.9000244140625,964.0
2024-02-28,2023.24,2023.24,2023.24,2023.24,0.0
2024-02-29,2045.699951171875,2049.800048828125,2034.300048828125,2034.300048828125,706.0
2024-03-01,2086.89990234375,2086.89990234375,2041.800048828125,2043.0999755859373,1210.0
2024-03-04,2117.699951171875,2119.800048828125,2080.699951171875,2083.60009765625,805.0
2024-03-05,2133.5,2133.5,2111.39990234375,2114.89990234375,1287.0
2024-03-06,2150.300048828125,2150.300048828125,2125.5,2125.5,443.0
2024-03-07,2158.01,2158.01,2158.01,2158.01,0.0
2024-03-08,2158.01,2158.01,2158.01,2158.01,0.0
2024-03-11,2158.01,2158.01,2158.01,2158.01,0.0
2024-03-12,2160.39990234375,2182.699951171875,2160.39990234375,2182.5,550.0
2024-03-13,2175.39990234375,2175.39990234375,2162.5,2162.5,20.0
2024-03-14,2163.0,2163.0,2162.300048828125,2163.0,515.0
2024-03-15,2157.300048828125,2161.699951171875,2157.300048828125,2161.699951171875,100.0
2024-03-18,2158.01,2158.01,2158.01,2158.01,0.0
2024-03-19,2156.300048828125,2156.300048828125,2156.10009765625,2156.10009765625,12.0
2024-03-20,2157.89990234375,2185.89990234375,2150.89990234375,2157.300048828125,17.0
2024-03-21,2182.39990234375,2211.60009765625,2182.39990234375,2207.0,63.0
2024-03-22,2158.10009765625,2179.60009765625,2157.5,2179.199951171875,19.0
2024-03-25,2174.800048828125,2179.39990234375,2166.199951171875,2166.199951171875,79.0
2024-03-26,2175.60009765625,2182.699951171875,2175.60009765625,2182.699951171875,202373.0
2024-03-27,2190.60009765625,2196.199951171875,2172.10009765625,2179.39990234375,31200.0
2024-03-28,2217.39990234375,2234.10009765625,2187.10009765625,2193.60009765625,2040.0
2024-03-29,2158.01,2158.01,2158.01,2158.01,0.0
2024-04-01,2236.5,2264.199951171875,2230.0,2235.699951171875,400.0
2024-04-02,2331.45,2331.45,2331.45,2331.45,0.0
2024-04-03,2331.45,2331.45,2331.45,2331.45,0.0
2024-04-04,2288.800048828125,2302.89990234375,2280.0,2301.699951171875,251.0
2024-04-05,2325.699951171875,2328.39990234375,2267.39990234375,2289.199951171875,344.0
2024-04-08,2331.45,2331.45,2331.45,2331.45,0.0
2024-04-09,2343.5,2364.699951171875,2337.800048828125,2337.800048828125,211.0
2024-04-10,2331.45,2331.45,2331.45,2331.45,0.0
2024-04-11,2354.800048828125,2376.300048828125,2330.60009765625,2341.5,283.0
2024-04-12,2356.199951171875,2429.0,2334.300048828125,2377.300048828125,584.0
2024-04-15,2365.800048828125,2384.699951171875,2326.0,2362.10009765625,1801.0
2024-04-16,2331.45,2331.45,2331.45,2331.45,0.0
2024-04-17,2371.699951171875,2391.39990234375,2369.300048828125,2384.199951171875,37.0
2024-04-18,2331.45,2331.45,2331.45,2331.45,0.0
2024-04-19,2398.39990234375,2399.800048828125,2377.300048828125,2379.300048828125,160.0
2024-04-22,2332.199951171875,2383.300048828125,2326.89990234375,2383.300048828125,53.0
2024-04-23,2327.699951171875,2330.800048828125,2294.199951171875,2327.699951171875,171.0
2024-04-24,2324.5,2328.699951171875,2314.60009765625,2321.300048828125,95.0
2024-04-25,2329.800048828125,2329.800048828125,2305.0,2315.0,1024.0
2024-04-26,2334.800048828125,2347.89990234375,2332.800048828125,2347.89990234375,717.0
2024-04-29,2331.45,2331.45,2331.45,2331.45,0.0
2024-04-30,2291.39990234375,2322.5,2291.39990234375,2322.5,113.0
2024-05-01,2299.89990234375,2327.300048828125,2283.800048828125,2287.699951171875,42.0
2024-05-02,2351.13,2351.13,2351.13,2351.13,0.0
2024-05-03,2351.13,2351.13,2351.13,2351.13,0.0
2024-05-06,2321.60009765625,2325.5,2314.199951171875,2322.800048828125,9.0
2024-05-07,2315.199951171875,2324.300048828125,2315.199951171875,2324.300048828125,25.0
2024-05-08,2313.60009765625,2313.60009765625,2313.60009765625,2313.60009765625,4.0
2024-05-09,2332.10009765625,2339.5,2310.699951171875,2310.699951171875,5.0
2024-05-10,2367.300048828125,2367.300048828125,2367.300048828125,2367.300048828125,126.0
2024-05-13,2336.10009765625,2358.300048828125,2336.10009765625,2358.300048828125,14.0
2024-05-14,2351.13,2351.13,2351.13,2351.13,0.0
2024-05-15,2351.13,2351.13,2351.13,2351.13,0.0
2024-05-16,2351.13,2351.13,2351.13,2351.13,0.0
2024-05-17,2412.199951171875,2415.800048828125,2380.699951171875,2380.699951171875,213.0
2024-05-20,2433.89990234375,2435.800048828125,2409.699951171875,2415.800048828125,40.0
2024-05-21,2421.699951171875,2429.5,2421.0,2429.5,6.0
2024-05-22,2351.13,2351.13,2351.13,2351.13,0.0
2024-05-23,2335.0,2371.199951171875,2335.0,2371.199951171875,365.0
2024-05-24,2332.5,2345.39990234375,2332.5,2342.60009765625,25.0
2024-05-27,2351.13,2351.13,2351.13,2351.13,0.0
2024-05-28,2355.199951171875,2359.699951171875,2336.89990234375,2336.89990234375,26.0
2024-05-29,2351.13,2351.13,2351.13,2351.13,0.0
2024-05-30,2351.13,2351.13,2351.13,2351.13,0.0
2024-05-31,2322.89990234375,2354.0,2319.0,2344.10009765625,941.0
2024-06-03,2346.60009765625,2347.5,2312.0,2322.60009765625,781.0
2024-06-04,2325.5,2347.699951171875,2313.89990234375,2347.5,890.0
2024-06-05,2354.10009765625,2354.300048828125,2326.199951171875,2326.39990234375,295.0
2024-06-06,2326.44,2326.44,2326.44,2326.44,0.0
2024-06-07,2326.44,2326.44,2326.44,2326.44,0.0
2024-06-10,2326.44,2326.44,2326.44,2326.44,0.0
2024-06-11,2307.5,2314.10009765625,2300.0,2300.0,871.0
2024-06-12,2326.44,2326.44,2326.44,2326.44,0.0
2024-06-13,2326.44,2326.44,2326.44,2326.44,0.0
2024-06-14,2331.39990234375,2331.39990234375,2305.800048828125,2307.0,948.0
2024-06-17,2326.44,2326.44,2326.44,2326.44,0.0
2024-06-18,2330.39990234375,2330.39990234375,2311.800048828125,2311.800048828125,43.0
2024-06-19,2326.44,2326.44,2326.44,2326.44,0.0
2024-06-20,2353.800048828125,2354.0,2328.300048828125,2328.89990234375,183.0
2024-06-21,2316.39990234375,2331.199951171875,2316.39990234375,2331.199951171875,76.0
2024-06-24,2330.0,2332.89990234375,2322.699951171875,2323.300048828125,99.0
2024-06-25,2326.44,2326.44,2326.44,2326.44,0.0
2024-06-26,2326.44,2326.44,2326.44,2326.44,0.0
2024-06-27,2324.5,2329.0,2295.0,2296.800048828125,1532.0
2024-06-28,2327.699951171875,2338.300048828125,2319.0,2325.39990234375,92.0
2024-07-01,2327.60009765625,2329.699951171875,2321.699951171875,2323.800048828125,237.0
2024-07-02,2323.0,2334.60009765625,2323.0,2330.699951171875,30.0
2024-07-03,2359.800048828125,2361.60009765625,2330.89990234375,2330.89990234375,59.0
2024-07-04,2398.2,2398.2,2398.2,2398.2,0.0
2024-07-05,2398.2,2398.2,2398.2,2398.2,0.0
2024-07-08,2398.2,2398.2,2398.2,2398.2,0.0
2024-07-09,2398.2,2398.2,2398.2,2398.2,0.0
2024-07-10,2372.199951171875,2377.0,2365.800048828125,2366.300048828125,19.0
2024-07-11,2398.2,2398.2,2398.2,2398.2,0.0
2024-07-12,2398.2,2398.2,2398.2,2398.2,0.0
2024-07-15,2398.2,2398.2,2398.2,2398.2,0.0
2024-07-16,2462.39990234375,2462.39990234375,2427.39990234375,2427.39990234375,93.0
2024-07-17,2454.800048828125,2473.10009765625,2454.800048828125,2472.89990234375,10.0
2024-07-18,2451.800048828125,2466.0,2451.800048828125,2466.0,2.0
2024-07-19,2395.5,2419.199951171875,2395.5,2418.800048828125,15.0
2024-07-22,2398.2,2398.2,2398.2,2398.2,0.0
2024-07-23,2398.2,2398.2,2398.2,2398.2,0.0
2024-07-24,2413.300048828125,2421.0,2411.60009765625,2421.0,6.0
2024-07-25,2351.89990234375,2365.5,2351.89990234375,2365.5,31.0
2024-07-26,2398.2,2398.2,2398.2,2398.2,0.0
2024-07-29,2377.300048828125,2377.300048828125,2377.300048828125,2377.300048828125,126409.0
2024-07-30,2405.0,2409.300048828125,2373.800048828125,2380.89990234375,25944.0
2024-07-31,2426.5,2447.60009765625,2402.800048828125,2407.10009765625,1313.0
2024-08-01,2435.0,2455.10009765625,2430.39990234375,2446.699951171875,690.0
2024-08-02,2425.699951171875,2477.0,2416.0,2444.0,550.0
2024-08-05,2470.15,2470.15,2470.15,2470.15,0.0
2024-08-06,2389.10009765625,2421.800048828125,2380.0,2414.5,163.0
2024-08-07,2390.5,2401.0,2384.5,2392.199951171875,130.0
2024-08-08,2470.15,2470.15,2470.15,2470.15,0.0
2024-08-09,2432.10009765625,2432.10009765625,2418.5,2422.300048828125,611.0
2024-08-12,2462.39990234375,2469.800048828125,2432.0,2432.699951171875,566.0
2024-08-13,2466.699951171875,2470.0,2456.5,2461.0,510.0
2024-08-14,2439.39990234375,2472.10009765625,2439.39990234375,2468.0,274.0
2024-08-15,2470.15,2470.15,2470.15,2470.15,0.0
2024-08-16,2498.60009765625,2508.0,2451.39990234375,2453.5,197.0
2024-08-19,2470.15,2470.15,2470.15,2470.15,0.0
2024-08-20,2470.15,2470.15,2470.15,2470.15,0.0
2024-08-21,2470.15,2470.15,2470.15,2470.15,0.0
2024-08-22,2470.15,2470.15,2470.15,2470.15,0.0
2024-08-23,2508.39990234375,2508.39990234375,2486.5,2486.5,94.0
2024-08-26,2517.699951171875,2523.10009765625,2509.10009765625,2509.89990234375,290.0
2024-08-27,2516.0,2523.10009765625,2506.89990234375,2515.199951171875,100.0
2024-08-28,2501.0,2501.0,2501.0,2501.0,2353.0
2024-08-29,2470.15,2470.15,2470.15,2470.15,0.0
2024-08-30,2470.15,2470.15,2470.15,2470.15,0.0
2024-09-02,2570.55,2570.55,2570.55,2570.55,0.0
2024-09-03,2489.89990234375,2501.800048828125,2476.300048828125,2501.60009765625,206.0
2024-09-04,2493.39990234375,2493.39990234375,2483.5,2490.89990234375,470.0
2024-09-05,2570.55,2570.55,2570.55,2570.55,0.0
2024-09-06,2570.55,2570.55,2570.55,2570.55,0.0
2024-09-09,2501.800048828125,2504.699951171875,2491.300048828125,2491.300048828125,96.0
2024-09-10,2512.300048828125,2512.300048828125,2512.300048828125,2512.300048828125,5.0
2024-09-11,2512.10009765625,2525.800048828125,2502.300048828125,2525.800048828125,90.0
2024-09-12,2551.199951171875,2557.0,2523.39990234375,2529.10009765625,132.0
2024-09-13,2570.55,2570.55,2570.55,2570.55,0.0
2024-09-16,2570.55,2570.55,2570.55,2570.55,0.0
2024-09-17,2570.55,2570.55,2570.55,2570.55,0.0
2024-09-18,2570.699951171875,2570.699951171875,2549.199951171875,2570.699951171875,25.0
2024-09-19,2588.0,2588.0,2566.0,2566.0,99.0
2024-09-20,2619.89990234375,2621.800048828125,2590.39990234375,2590.39990234375,17.0
2024-09-23,2570.55,2570.55,2570.55,2570.55,0.0
2024-09-24,2651.199951171875,2662.300048828125,2625.5,2636.800048828125,35.0
2024-09-25,2570.55,2570.55,2570.55,2570.55,0.0
2024-09-26,2570.55,2570.55,2570.55,2570.55,0.0
2024-09-27,2644.300048828125,2672.10009765625,2641.699951171875,2670.0,4228.0
2024-09-30,2570.55,2570.55,2570.55,2570.55,0.0
2024-10-01,2667.300048828125,2670.89990234375,2631.39990234375,2631.39990234375,153.0
2024-10-02,2647.10009765625,2657.199951171875,2640.0,2650.60009765625,72.0
2024-10-03,2690.08,2690.08,2690.08,2690.08,0.0
2024-10-04,2645.800048828125,2667.0,2639.0,2656.0,114.0
2024-10-07,2644.800048828125,2657.39990234375,2639.0,2648.699951171875,284.0
2024-10-08,2615.0,2639.0,2609.300048828125,2639.0,687.0
2024-10-09,2690.08,2690.08,2690.08,2690.08,0.0
2024-10-10,2620.60009765625,2628.300048828125,2602.5,2602.5,320.0
2024-10-11,2657.60009765625,2658.10009765625,2638.199951171875,2638.300048828125,12.0
2024-10-14,2690.08,2690.08,2690.08,2690.08,0.0
2024-10-15,2661.39990234375,2661.39990234375,2661.39990234375,2661.39990234375,39.0
2024-10-16,2674.0,2674.0,2674.0,2674.0,6.0
2024-10-17,2691.0,2691.699951171875,2677.199951171875,2677.39990234375,30.0
2024-10-18,2713.699951171875,2719.60009765625,2713.699951171875,2713.699951171875,29.0
2024-10-21,2690.08,2690.08,2690.08,2690.08,0.0
2024-10-22,2744.199951171875,2746.0,2728.60009765625,2731.699951171875,93.0
2024-10-23,2714.39990234375,2742.5,2714.199951171875,2742.5,18.0
2024-10-24,2734.89990234375,2736.10009765625,2729.0,2729.0,27.0
2024-10-25,2740.89990234375,2742.39990234375,2725.5,2725.5,29.0
2024-10-28,2742.89990234375,2742.89990234375,2729.5,2736.10009765625,56.0
2024-10-29,2768.39990234375,2768.39990234375,2768.39990234375,2768.39990234375,848.0
2024-10-30,2788.5,2789.0,2774.60009765625,2774.60009765625,231.0
2024-10-31,2690.08,2690.08,2690.08,2690.08,0.0
2024-11-01,2651.13,2651.13,2651.13,2651.13,0.0
2024-11-04,2651.13,2651.13,2651.13,2651.13,0.0
2024-11-05,2651.13,2651.13,2651.13,2651.13,0.0
2024-11-06,2667.60009765625,2734.5,2659.39990234375,2734.5,427.0
2024-11-07,2651.13,2651.13,2651.13,2651.13,0.0
2024-11-08,2651.13,2651.13,2651.13,2651.13,0.0
2024-11-11,2611.199951171875,2671.699951171875,2611.199951171875,2671.699951171875,20.0
2024-11-12,2651.13,2651.13,2651.13,2651.13,0.0
2024-11-13,2651.13,2651.13,2651.13,2651.13,0.0
2024-11-14,2568.199951171875,2576.199951171875,2554.199951171875,2555.10009765625,27.0
2024-11-15,2565.699951171875,2565.699951171875,2565.699951171875,2565.699951171875,20.0
2024-11-18,2610.60009765625,2610.699951171875,2589.39990234375,2591.699951171875,136.0
2024-11-19,2627.10009765625,2627.699951171875,2619.300048828125,2621.89990234375,87.0
2024-11-20,2648.199951171875,2648.199951171875,2638.5,2638.5,27.0
2024-11-21,2672.10009765625,2672.10009765625,2655.699951171875,2659.300048828125,33.0
2024-11-22,2651.13,2651.13,2651.13,2651.13,0.0
2024-11-25,2651.13,2651.13,2651.13,2651.13,0.0
2024-11-26,2651.13,2651.13,2651.13,2651.13,0.0
2024-11-27,2639.89990234375,2657.89990234375,2627.199951171875,2633.5,61653.0
2024-11-28,2651.13,2651.13,2651.13,2651.13,0.0
2024-11-29,2657.0,2664.300048828125,2620.699951171875,2636.39990234375,3861.0
2024-12-02,2648.01,2648.01,2648.01,2648.01,0.0
2024-12-03,2648.01,2648.01,2648.01,2648.01,0.0
2024-12-04,2653.800048828125,2658.300048828125,2637.0,2639.199951171875,249.0
2024-12-05,2648.01,2648.01,2648.01,2648.01,0.0
2024-12-06,2638.60009765625,2643.10009765625,2617.5,2620.199951171875,571.0
2024-12-09,2664.89990234375,2677.10009765625,2630.800048828125,2632.10009765625,935.0
2024-12-10,2697.60009765625,2698.199951171875,2661.0,2662.300048828125,437.0
2024-12-11,2733.800048828125,2733.800048828125,2693.10009765625,2701.800048828125,3387.0
2024-12-12,2687.5,2725.10009765625,2677.39990234375,2725.10009765625,2365.0
2024-12-13,2656.0,2689.300048828125,2647.89990234375,2688.199951171875,1125.0
2024-12-16,2651.39990234375,2663.300048828125,2651.0,2658.300048828125,877.0
2024-12-17,2644.39990234375,2652.300048828125,2632.5,2651.800048828125,705.0
2024-12-18,2636.5,2647.10009765625,2590.199951171875,2644.300048828125,566.0
2024-12-19,2592.199951171875,2610.300048828125,2582.10009765625,2582.10009765625,238.0
2024-12-20,2628.699951171875,2631.60009765625,2604.89990234375,2605.300048828125,592.0
2024-12-23,2648.01,2648.01,2648.01,2648.01,0.0
2024-12-24,2648.01,2648.01,2648.01,2648.01,0.0
2024-12-25,2648.01,2648.01,2648.01,2648.01,0.0
2024-12-26,2648.01,2648.01,2648.01,2648.01,0.0
2024-12-27,2648.01,2648.01,2648.01,2648.01,0.0
2024-12-30,2648.01,2648.01,2648.01,2648.01,0.0
2024-12-31,2629.199951171875,2629.199951171875,2604.89990234375,2608.39990234375,401.0
2025-01-01,2709.69,2709.69,2709.69,2709.69,0.0
2025-01-02,2709.69,2709.69,2709.69,2709.69,0.0
2025-01-03,2645.0,2658.699951171875,2641.800048828125,2658.699951171875,591.0
2025-01-06,2709.69,2709.69,2709.69,2709.69,0.0
2025-01-07,2656.699951171875,2657.5,2653.0,2653.39990234375,643.0
2025-01-08,2709.69,2709.69,2709.69,2709.69,0.0
2025-01-09,2683.800048828125,2686.300048828125,2667.89990234375,2669.699951171875,1139.0
2025-01-10,2708.5,2720.10009765625,2683.699951171875,2686.10009765625,403.0
2025-01-13,2673.5,2711.199951171875,2673.5,2711.10009765625,765.0
2025-01-14,2677.5,2688.300048828125,2670.800048828125,2673.60009765625,794.0
2025-01-15,2712.5,2712.5,2690.800048828125,2690.800048828125,930.0
2025-01-16,2746.39990234375,2749.800048828125,2731.699951171875,2731.699951171875,1721.0
2025-01-17,2709.69,2709.69,2709.69,2709.69,0.0
2025-01-20,2709.69,2709.69,2709.69,2709.69,0.0
2025-01-21,2709.69,2709.69,2709.69,2709.69,0.0
2025-01-22,2767.60009765625,2768.800048828125,2753.5,2754.5,2079.0
2025-01-23,2763.10009765625,2765.0,2745.39990234375,2760.0,2201.0
2025-01-24,2709.69,2709.69,2709.69,2709.69,0.0
2025-01-27,2737.5,2762.199951171875,2737.5,2761.10009765625,984.0
2025-01-28,2766.800048828125,2766.800048828125,2738.0,2738.0,2307.0
2025-01-29,2769.10009765625,2769.10009765625,2769.10009765625,2769.10009765625,125692.0
2025-01-30,2823.0,2829.5,2770.0,2772.5,40141.0
2025-01-31,2812.5,2838.0,2804.0,2829.0,3443.0
2025-02-03,2894.73,2894.73,2894.73,2894.73,0.0
2025-02-04,2853.300048828125,2853.300048828125,2816.10009765625,2827.60009765625,2187.0
2025-02-05,2894.73,2894.73,2894.73,2894.73,0.0
2025-02-06,2856.0,2871.699951171875,2836.300048828125,2865.199951171875,3116.0
2025-02-07,2867.300048828125,2889.5,2857.800048828125,2859.89990234375,1822.0
2025-02-10,2894.73,2894.73,2894.73,2894.73,0.0
2025-02-11,2912.5,2945.39990234375,2890.0,2925.5,2554.0
2025-02-12,2894.73,2894.73,2894.73,2894.73,0.0
2025-02-13,2925.89990234375,2937.699951171875,2910.60009765625,2911.300048828125,4670.0
2025-02-14,2894.73,2894.73,2894.73,2894.73,0.0
2025-02-17,2894.73,2894.73,2894.73,2894.73,0.0
2025-02-18,2931.60009765625,2936.39990234375,2873.800048828125,2879.199951171875,4010.0
2025-02-19,2919.39990234375,2946.0,2917.10009765625,2938.699951171875,2630.0
2025-02-20,2894.73,2894.73,2894.73,2894.73,0.0
2025-02-21,2937.60009765625,2940.0,2917.300048828125,2938.800048828125,570.0
2025-02-24,2947.89990234375,2957.89990234375,2933.10009765625,2933.10009765625,415.0
2025-02-25,2904.5,2943.199951171875,2890.0,2938.699951171875,1854.0
2025-02-26,2894.73,2894.73,2894.73,2894.73,0.0
2025-02-27,2894.73,2894.73,2894.73,2894.73,0.0
2025-02-28,2894.73,2894.73,2894.73,2894.73,0.0
2025-03-03,2983.25,2983.25,2983.25,2983.25,0.0
2025-03-04,2909.60009765625,2927.89990234375,2886.10009765625,2886.10009765625,885.0
2025-03-05,2915.300048828125,2922.0,2893.0,2916.699951171875,551.0
2025-03-06,2916.60009765625,2918.60009765625,2903.800048828125,2904.0,870.0
2025-03-07,2983.25,2983.25,2983.25,2983.25,0.0
2025-03-10,2891.0,2915.10009765625,2880.199951171875,2910.10009765625,55.0
2025-03-11,2912.89990234375,2916.699951171875,2880.39990234375,2884.39990234375,197.0
2025-03-12,2983.25,2983.25,2983.25,2983.25,0.0
2025-03-13,2984.300048828125,2988.0,2935.199951171875,2937.10009765625,2366.0
2025-03-14,2994.5,3004.800048828125,2986.0,2994.39990234375,1800.0
2025-03-17,3000.0,3001.5,2989.0,2991.0,214.0
2025-03-18,3035.10009765625,3039.199951171875,3004.39990234375,3006.39990234375,428.0
2025-03-19,3035.89990234375,3050.89990234375,3030.89990234375,3035.199951171875,175.0
2025-03-20,3040.0,3047.300048828125,3034.39990234375,3047.300048828125,185.0
2025-03-21,3018.199951171875,3037.5,3000.89990234375,3034.5,151.0
2025-03-24,3013.10009765625,3024.300048828125,3006.0,3024.300048828125,137.0
2025-03-25,3023.699951171875,3028.800048828125,3023.699951171875,3026.39990234375,74.0
2025-03-26,3020.89990234375,3033.199951171875,3019.5,3033.199951171875,83.0
2025-03-27,3060.199951171875,3065.0,3025.5,3025.5,124359.0
2025-03-28,3086.5,3094.89990234375,3066.800048828125,3069.699951171875,31206.0
2025-03-31,3122.800048828125,3132.5,3086.0,3091.0,3438.0
2025-04-01,3217.64,3217.64,3217.64,3217.64,0.0
2025-04-02,3139.89990234375,3168.60009765625,3117.39990234375,3120.699951171875,5946.0
2025-04-03,3097.0,3166.89990234375,3052.0,3150.0,5516.0
2025-04-04,3217.64,3217.64,3217.64,3217.64,0.0
2025-04-07,2951.300048828125,3050.800048828125,2949.699951171875,3016.39990234375,4424.0
2025-04-08,2968.39990234375,3014.5,2968.39990234375,2994.0,3213.0
2025-04-09,3056.5,3090.39990234375,2965.800048828125,2965.800048828125,2175.0
2025-04-10,3155.199951171875,3167.0,3072.10009765625,3073.89990234375,3456.0
2025-04-11,3222.199951171875,3235.0,3182.10009765625,3182.10009765625,862.0
2025-04-14,3217.64,3217.64,3217.64,3217.64,0.0
2025-04-15,3217.64,3217.64,3217.64,3217.64,0.0
2025-04-16,3326.60009765625,3334.89990234375,3238.300048828125,3238.300048828125,1874.0
2025-04-17,3308.699951171875,3345.0,3287.800048828125,3345.0,824.0
2025-04-18,3217.64,3217.64,3217.64,3217.64,0.0
2025-04-21,3406.199951171875,3418.5,3342.199951171875,3342.199951171875,78.0
2025-04-22,3400.800048828125,3485.60009765625,3361.699951171875,3422.199951171875,785.0
2025-04-23,3217.64,3217.64,3217.64,3217.64,0.0
2025-04-24,3332.0,3353.89990234375,3304.89990234375,3305.39990234375,560.0
2025-04-25,3217.64,3217.64,3217.64,3217.64,0.0
2025-04-28,3217.64,3217.64,3217.64,3217.64,0.0
2025-04-29,3217.64,3217.64,3217.64,3217.64,0.0
2025-04-30,3217.64,3217.64,3217.64,3217.64,0.0
2025-05-01,3210.0,3275.0,3198.60009765625,3272.89990234375,2131.0
2025-05-02,3231.89990234375,3257.0,3225.0,3239.89990234375,1349.0
2025-05-05,3311.300048828125,3315.699951171875,3239.699951171875,3242.699951171875,244.0
2025-05-06,3309.49,3309.49,3309.49,3309.49,0.0
2025-05-07,3381.39990234375,3418.699951171875,3364.699951171875,3418.699951171875,1080.0
2025-05-08,3296.60009765625,3390.0,3288.699951171875,3390.0,200.0
2025-05-09,3309.49,3309.49,3309.49,3309.49,0.0
2025-05-12,3309.49,3309.49,3309.49,3309.49,0.0
2025-05-13,3240.300048828125,3251.39990234375,3223.5,3232.0,2424.0
2025-05-14,3181.39990234375,3233.0,3171.699951171875,3233.0,3518.0
2025-05-15,3220.699951171875,3228.10009765625,3125.0,3151.0,652.0
2025-05-16,3309.49,3309.49,3309.49,3309.49,0.0
2025-05-19,3228.89990234375,3241.0,3228.300048828125,3234.39990234375,266.0
2025-05-20,3280.300048828125,3293.199951171875,3207.5,3219.0,356.0
2025-05-21,3309.49,3309.49,3309.49,3309.49,0.0
2025-05-22,3309.49,3309.49,3309.49,3309.49,0.0
2025-05-23,3363.60009765625,3363.60009765625,3323.5,3328.0,47.0
2025-05-26,3309.49,3309.49,3309.49,3309.49,0.0
2025-05-27,3309.49,3309.49,3309.49,3309.49,0.0
2025-05-28,3293.60009765625,3293.60009765625,3293.60009765625,3293.60009765625,127758.0
2025-05-29,3317.10009765625,3328.800048828125,3242.39990234375,3283.699951171875,24370.0
2025-05-30,3288.89990234375,3318.0,3270.89990234375,3315.10009765625,2213.0
2025-06-02,3370.60009765625,3380.800048828125,3296.89990234375,3296.89990234375,976.0
2025-06-03,3352.66,3352.66,3352.66,3352.66,0.0
2025-06-04,3373.5,3380.0,3344.0,3355.0,207.0
2025-06-05,3352.66,3352.66,3352.66,3352.66,0.0
2025-06-06,3322.699951171875,3364.300048828125,3306.0,3364.300048828125,81.0
2025-06-09,3352.66,3352.66,3352.66,3352.66,0.0
2025-06-10,3320.89990234375,3344.300048828125,3302.0,3302.0,65.0
2025-06-11,3352.66,3352.66,3352.66,3352.66,0.0
2025-06-12,3380.89990234375,3395.89990234375,3353.39990234375,3363.0,1818.0
2025-06-13,3431.199951171875,3444.0,3407.300048828125,3407.300048828125,499.0
2025-06-16,3396.39990234375,3442.0,3385.39990234375,3442.0,480.0
2025-06-17,3352.66,3352.66,3352.66,3352.66,0.0
2025-06-18,3352.66,3352.66,3352.66,3352.66,0.0
2025-06-19,3352.66,3352.66,3352.66,3352.66,0.0
2025-06-20,3368.10009765625,3372.89990234375,3341.0,3350.0,709.0
2025-06-23,3377.699951171875,3387.89990234375,3350.0,3365.89990234375,30.0
2025-06-24,3317.39990234375,3358.0,3301.0,3358.0,538.0
2025-06-25,3327.10009765625,3331.199951171875,3310.60009765625,3321.60009765625,373.0
2025-06-26,3352.66,3352.66,3352.66,3352.66,0.0
2025-06-27,3273.699951171875,3318.699951171875,3253.800048828125,3318.699951171875,284.0
2025-06-30,3352.66,3352.66,3352.66,3352.66,0.0
2025-07-01,3336.699951171875,3354.10009765625,3310.10009765625,3310.10009765625,371.0
2025-07-02,3348.0,3357.5,3329.0,3329.0,39.0
2025-07-03,3331.60009765625,3362.0,3322.300048828125,3362.0,0.0
2025-07-04,3332.5,3342.0,3332.5,3342.0,0.0
2025-07-07,3332.199951171875,3333.300048828125,3299.199951171875,3305.5,254.0
2025-07-08,3307.0,3334.5,3287.60009765625,3330.39990234375,909.0
2025-07-09,3311.60009765625,3314.0,3282.0,3289.39990234375,114.0
2025-07-10,3340.15,3340.15,3340.15,3340.15,0.0
2025-07-11,3356.0,3370.0,3330.5,3330.5,776.0
2025-07-14,3351.5,3375.5,3350.0,3367.0,583.0
2025-07-15,3340.15,3340.15,3340.15,3340.15,0.0
2025-07-16,3352.5,3352.89990234375,3329.5,3341.199951171875,10.0
2025-07-17,3340.15,3340.15,3340.15,3340.15,0.0
2025-07-18,3353.0,3353.0,3338.199951171875,3338.199951171875,602.0
2025-07-21,3340.15,3340.15,3340.15,3340.15,0.0
2025-07-22,3439.199951171875,3441.0,3395.60009765625,3411.0,39.0
2025-07-23,3394.10009765625,3433.89990234375,3388.10009765625,3430.300048828125,63.0
2025-07-24,3371.0,3371.0,3367.0,3367.0,1175.0
2025-07-25,3334.0,3345.0,3326.5,3344.0,67.0
2025-07-28,3309.10009765625,3326.800048828125,3309.10009765625,3326.60009765625,533.0
2025-07-29,3323.39990234375,3323.39990234375,3323.39990234375,3323.39990234375,113144.0
2025-07-30,3295.800048828125,3331.800048828125,3263.89990234375,3325.800048828125,19252.0
2025-07-31,3340.15,3340.15,3340.15,3340.15,0.0
2025-08-01,3368.03,3368.03,3368.03,3368.03,0.0
2025-08-04,3368.03,3368.03,3368.03,3368.03,0.0
2025-08-05,3381.89990234375,3387.199951171875,3351.199951171875,3378.5,915.0
2025-08-06,3380.0,3383.300048828125,3361.300048828125,3380.699951171875,1492.0
2025-08-07,3400.300048828125,3422.89990234375,3384.89990234375,3384.89990234375,5464.0
2025-08-08,3439.10009765625,3477.0,3402.5,3438.800048828125,7657.0
2025-08-11,3353.10009765625,3383.89990234375,3349.199951171875,3383.89990234375,1488.0
2025-08-12,3348.89990234375,3356.199951171875,3330.10009765625,3356.199951171875,1611.0
2025-08-13,3368.03,3368.03,3368.03,3368.03,0.0
2025-08-14,3368.03,3368.03,3368.03,3368.03,0.0
2025-08-15,3368.03,3368.03,3368.03,3368.03,0.0
2025-08-18,3331.699951171875,3347.800048828125,3331.699951171875,3333.5,646.0
2025-08-19,3368.03,3368.03,3368.03,3368.03,0.0
2025-08-20,3343.39990234375,3343.5,3310.10009765625,3310.60009765625,1213.0
2025-08-21,3336.89990234375,3349.39990234375,3326.5,3349.39990234375,142.0
2025-08-22,3374.39990234375,3377.699951171875,3349.39990234375,3349.39990234375,1240.0
2025-08-25,3373.800048828125,3378.0,3366.0,3366.0,1044.0
2025-08-26,3368.03,3368.03,3368.03,3368.03,0.0
2025-08-27,3404.60009765625,3404.60009765625,3382.0,3397.0,3222.0
2025-08-28,3368.03,3368.03,3368.03,3368.03,0.0
2025-08-29,3473.699951171875,3475.60009765625,3426.60009765625,3432.5,0.0
2025-09-01,3667.68,3667.68,3667.68,3667.68,0.0
2025-09-02,3667.68,3667.68,3667.68,3667.68,0.0
2025-09-03,3593.199951171875,3593.699951171875,3553.199951171875,3554.800048828125,72.0
2025-09-04,3565.800048828125,3573.60009765625,3549.89990234375,3549.89990234375,237.0
2025-09-05,3613.199951171875,3613.199951171875,3567.800048828125,3567.800048828125,925.0
2025-09-08,3638.10009765625,3641.0,3590.0,3594.5,97.0
2025-09-09,3667.68,3667.68,3667.68,3667.68,0.0
2025-09-10,3643.60009765625,3655.39990234375,3620.800048828125,3625.0,136.0
2025-09-11,3636.89990234375,3636.89990234375,3618.39990234375,3632.89990234375,307.0
2025-09-12,3649.39990234375,3656.800048828125,3643.0,3655.5,1300.0
2025-09-15,3682.199951171875,3686.39990234375,3635.10009765625,3640.0,210.0
2025-09-16,3688.89990234375,3698.60009765625,3681.39990234375,3681.39990234375,373.0
2025-09-17,3667.68,3667.68,3667.68,3667.68,0.0
2025-09-18,3643.699951171875,3667.39990234375,3637.0,3654.60009765625,80.0
2025-09-19,3667.68,3667.68,3667.68,3667.68,0.0
2025-09-22,3667.68,3667.68,3667.68,3667.68,0.0
2025-09-23,3780.60009765625,3786.0,3740.0,3747.0,627.0
2025-09-24,3732.10009765625,3772.5,3732.10009765625,3769.800048828125,588.0
2025-09-25,3736.89990234375,3756.0,3724.699951171875,3742.800048828125,1899.0
2025-09-26,3775.300048828125,3775.300048828125,3775.300048828125,3775.300048828125,19308.0
2025-09-29,3820.89990234375,3827.60009765625,3754.800048828125,3754.800048828125,8860.0
2025-09-30,3840.800048828125,3865.5,3793.39990234375,3827.5,1611.0
2025-10-01,3867.5,3891.89990234375,3853.300048828125,3863.5,1778.0
2025-10-02,3839.699951171875,3888.60009765625,3823.699951171875,3856.199951171875,3418.0
2025-10-03,3880.800048828125,3886.800048828125,3853.699951171875,3855.199951171875,392.0
2025-10-06,4058.33,4058.33,4058.33,4058.33,0.0
2025-10-07,3976.60009765625,3981.5,3940.0,3959.39990234375,2903.0
2025-10-08,4058.33,4058.33,4058.33,4058.33,0.0
2025-10-09,4058.33,4058.33,4058.33,4058.33,0.0
2025-10-10,3975.89990234375,4012.0,3945.5,3957.0,1697.0
2025-10-13,4108.60009765625,4111.0,4016.0,4016.0,1697.0
2025-10-14,4138.7001953125,4160.10009765625,4085.800048828125,4131.7001953125,2424.0
2025-10-15,4176.89990234375,4210.60009765625,4145.0,4145.0,3287.0
2025-10-16,4280.2001953125,4307.0,4196.60009765625,4198.7998046875,4705.0
2025-10-17,4189.89990234375,4358.0,4182.2001953125,4354.7001953125,4060.0
2025-10-20,4336.39990234375,4356.60009765625,4214.60009765625,4244.10009765625,1750.0
2025-10-21,4058.33,4058.33,4058.33,4058.33,0.0
2025-10-22,4044.39990234375,4148.5,4006.0,4109.7001953125,1237.0
2025-10-23,4125.5,4136.7998046875,4070.699951171875,4078.39990234375,354.0
2025-10-24,4118.39990234375,4120.60009765625,4074.89990234375,4117.5,123.0
2025-10-27,4058.33,4058.33,4058.33,4058.33,0.0
2025-10-28,4058.33,4058.33,4058.33,4058.33,0.0
2025-10-29,3983.699951171875,3983.699951171875,3983.699951171875,3983.699951171875,1344.0
2025-10-30,4058.33,4058.33,4058.33,4058.33,0.0
2025-10-31,4058.33,4058.33,4058.33,4058.33,0.0
2025-11-03,4087.19,4087.19,4087.19,4087.19,0.0
2025-11-04,4087.19,4087.19,4087.19,4087.19,0.0
2025-11-05,3980.300048828125,3983.5,3929.89990234375,3929.89990234375,559.0
2025-11-06,3979.89990234375,4007.5,3979.89990234375,4004.0,650.0
2025-11-07,3999.39990234375,3999.39990234375,3980.800048828125,3980.800048828125,245.0
2025-11-10,4111.7998046875,4111.7998046875,4060.0,4060.0,189.0
2025-11-11,4106.7998046875,4140.10009765625,4106.7998046875,4140.10009765625,569.0
2025-11-12,4204.39990234375,4204.39990234375,4102.89990234375,4115.60009765625,396.0
2025-11-13,4186.89990234375,4228.7001953125,4163.7001953125,4228.7001953125,167.0
2025-11-14,4087.19,4087.19,4087.19,4087.19,0.0
2025-11-17,4068.300048828125,4099.5,4019.39990234375,4070.0,1552.0
2025-11-18,4061.300048828125,4063.39990234375,4035.60009765625,4037.39990234375,1375.0
2025-11-19,4077.699951171875,4122.7001953125,4072.0,4086.10009765625,486.0
2025-11-20,4056.5,4090.39990234375,4040.199951171875,4045.0,202.0
2025-11-21,4087.19,4087.19,4087.19,4087.19,0.0
2025-11-24,4091.89990234375,4091.89990234375,4060.5,4060.5,591.0
2025-11-25,4139.2001953125,4139.2001953125,4139.2001953125,4139.2001953125,132704.0
2025-11-26,4165.2001953125,4171.0,4127.5,4128.60009765625,25088.0
2025-11-27,4087.19,4087.19,4087.19,4087.19,0.0
2025-11-28,4218.2998046875,4223.89990234375,4140.0,4163.39990234375,3615.0
2025-12-01,4239.2998046875,4262.10009765625,4214.89990234375,4218.5,913.0
2025-12-02,4186.60009765625,4230.5,4167.0,4230.5,366.0
2025-12-03,4199.2998046875,4234.10009765625,4195.7001953125,4215.7001953125,1897.0
2025-12-04,4211.7998046875,4211.7998046875,4175.0,4211.0,616.0
2025-12-05,4309.23,4309.23,4309.23,4309.23,0.0
2025-12-08,4187.2001953125,4215.7998046875,4175.5,4205.5,318.0
2025-12-09,4309.23,4309.23,4309.23,4309.23,0.0
2025-12-10,4196.39990234375,4234.5,4183.60009765625,4209.0,692.0
2025-12-11,4285.5,4286.89990234375,4214.2998046875,4224.0,528.0
2025-12-12,4300.10009765625,4355.0,4260.0,4276.39990234375,1531.0
2025-12-15,4306.7001953125,4349.2001953125,4292.89990234375,4308.2998046875,854.0
2025-12-16,4304.5,4321.39990234375,4270.5,4270.5,1796.0
2025-12-17,4347.5,4351.39990234375,4308.5,4308.5,2169.0
2025-12-18,4339.5,4348.10009765625,4328.2001953125,4331.0,705.0
2025-12-19,4361.39990234375,4361.39990234375,4350.10009765625,4350.10009765625,1065.0
2025-12-22,4444.60009765625,4447.60009765625,4371.10009765625,4371.10009765625,449.0
2025-12-23,4309.23,4309.23,4309.23,4309.23,0.0
2025-12-24,4309.23,4309.23,4309.23,4309.23,0.0
2025-12-25,4309.23,4309.23,4309.23,4309.23,0.0
2025-12-26,4529.10009765625,4556.2998046875,4502.0,4512.0,263.0
2025-12-29,4325.10009765625,4379.0,4325.10009765625,4371.5,2044.0
2025-12-30,4370.10009765625,4403.60009765625,4338.0,4346.39990234375,1837.0
2025-12-31,4309.23,4309.23,4309.23,4309.23,0.0
2026-01-01,4752.75,4752.75,4752.75,4752.75,0.0
2026-01-02,4314.39990234375,4350.60009765625,4314.39990234375,4350.60009765625,589.0
2026-01-05,4436.89990234375,4443.5,4384.7998046875,4386.7001953125,618.0
2026-01-06,4482.2001953125,4482.2001953125,4449.0,4449.7001953125,459.0
2026-01-07,4752.75,4752.75,4752.75,4752.75,0.0
2026-01-08,4752.75,4752.75,4752.75,4752.75,0.0
2026-01-09,4752.75,4752.75,4752.75,4752.75,0.0
2026-01-12,4604.2998046875,4620.0,4577.7998046875,4579.10009765625,156.0
2026-01-13,4752.75,4752.75,4752.75,4752.75,0.0
2026-01-14,4752.75,4752.75,4752.75,4752.75,0.0
2026-01-15,4616.2998046875,4616.2998046875,4612.89990234375,4612.89990234375,4358.0
2026-01-16,4752.75,4752.75,4752.75,4752.75,0.0
2026-01-19,4752.75,4752.75,4752.75,4752.75,0.0
2026-01-20,4759.60009765625,4764.0,4661.7998046875,4662.2001953125,175.0
2026-01-21,4831.7998046875,4872.2998046875,4771.5,4863.5,1706.0
2026-01-22,4908.7998046875,4908.7998046875,4791.89990234375,4791.89990234375,1175.0
2026-01-23,4976.2001953125,4976.2001953125,4936.0,4949.60009765625,169.0
2026-01-26,4752.75,4752.75,4752.75,4752.75,0.0
2026-01-27,4752.75,4752.75,4752.75,4752.75,0.0
2026-01-28,5301.60009765625,5301.60009765625,5301.60009765625,5301.60009765625,112054.0
2026-01-29,4752.75,4752.75,4752.75,4752.75,0.0
2026-01-30,4713.89990234375,5440.5,4700.0,5376.39990234375,8374.0
2026-02-02,4622.5,4855.7998046875,4400.0,4807.7001953125,3588.0
2026-02-03,4903.7001953125,4984.60009765625,4674.2998046875,4680.0,1213.0
2026-02-04,4920.39990234375,5082.2001953125,4897.89990234375,4923.2998046875,3886.0
2026-02-05,4861.39990234375,5012.2998046875,4786.0,5008.7001953125,793.0
2026-02-06,4951.2001953125,4958.5,4655.0,4762.0,1386.0
2026-02-09,5050.89990234375,5065.7001953125,4979.10009765625,5017.39990234375,170.0
2026-02-10,5003.7998046875,5029.0,5002.7001953125,5013.5,281.0
2026-02-11,5071.60009765625,5111.2998046875,5041.2998046875,5049.89990234375,2681.0
2026-02-12,4923.7001953125,5078.10009765625,4892.0,5060.39990234375,484.0
2026-02-13,5022.0,5043.89990234375,4946.2001953125,4953.0,232.0
2026-02-17,4882.89990234375,5020.0,4847.7998046875,5020.0,540.0
2026-02-18,4986.5,4987.0,4869.5,4872.2001953125,544.0
2026-02-19,4975.89990234375,5014.7001953125,4975.89990234375,5014.7001953125,37.0
2026-02-20,5059.2998046875,5072.7001953125,5039.5,5039.5,134.0
2026-02-23,5204.7001953125,5211.60009765625,5120.2998046875,5120.2998046875,779.0
2026-02-24,5155.7998046875,5159.0,5112.7001953125,5158.7998046875,88.0
2026-02-25,5206.39990234375,5206.39990234375,5166.0,5166.0,1772.0
2026-02-26,5176.5,5199.2001953125,5143.89990234375,5177.2001953125,1520.0
2026-02-27,5230.5,5280.0,5176.7001953125,5186.7001953125,354.0
2026-03-02,5294.39990234375,5405.0,5266.2998046875,5346.60009765625,72.0
2026-03-03,5107.39990234375,5303.7998046875,5023.0,5298.7001953125,1776.0
2026-03-04,5120.2001953125,5180.2001953125,5117.2001953125,5130.7001953125,679.0
2026-03-05,5065.2998046875,5169.5,5054.7001953125,5169.5,1701.0
2026-03-06,5146.10009765625,5146.10009765625,5076.10009765625,5121.0,148.0
2026-03-09,5091.5,5160.60009765625,5077.7001953125,5155.0,639.0
2026-03-10,5229.7001953125,5229.7001953125,5137.60009765625,5138.2001953125,4300.0
2026-03-11,5167.39990234375,5191.2998046875,5167.39990234375,5190.7998046875,633.0
2026-03-12,5115.7998046875,5137.2001953125,5115.7998046875,5137.2001953125,410.0
2026-03-13,5052.5,5117.0,5009.5,5089.60009765625,479.0
2026-03-16,4994.0,5010.60009765625,4994.0,5001.60009765625,130.0
2026-03-17,5001.0,5017.60009765625,4994.2001953125,5017.60009765625,239.0
2026-03-18,4889.89990234375,4949.60009765625,4821.7001953125,4949.60009765625,1461.0
2026-03-19,4600.7001953125,4830.2998046875,4554.0,4830.2998046875,627.0
2026-03-20,4570.39990234375,4686.89990234375,4570.39990234375,4686.89990234375,235.0
2026-03-23,4404.10009765625,4480.39990234375,4100.7998046875,4353.0,544.0
2026-03-24,4399.2998046875,4399.2998046875,4325.2001953125,4338.7001953125,378.0
2026-03-25,4549.7998046875,4551.89990234375,4541.7998046875,4549.0,388.0
2026-03-26,4375.5,4443.10009765625,4375.5,4441.5,1070.0
2026-03-27,4492.0,4492.0,4492.0,4492.0,74348.0
2026-03-30,4526.0,4579.10009765625,4413.39990234375,4482.7998046875,10816.0
2026-03-31,4647.60009765625,4684.10009765625,4508.60009765625,4510.0,4264.0
2026-04-01,4783.2001953125,4789.10009765625,4668.0,4668.39990234375,4264.0
